ano,codigo,sigla,local,populacao_total,populacao_0_14,populacao_15_64,populacao_60_mais,populacao_65_mais,populacao_80_mais,proporcao_0_14,proporcao_15_64,proporcao_60_mais,proporcao_65_mais,proporcao_80_mais,taxa_crescimento,expectativa_vida,expectativa_vida_60,taxa_fecundidade,razao_dependencia_jovens,razao_dependencia_idosos,razao_dependencia_total,indice_envelhecimento,idade_media,idade_mediana
2000,0,BR,Brasil,174695935,52259915,111908697,15229921,10527323,2032255,0.299147859393523,0.640591305115371,0.0871795957931133,0.0602608354911063,0.0116330983889236,,71.1021851042547,20.1090018905812,2.3155517895268,48.7471473054905,14.2062076151097,62.9533549206002,29.1426440322377,28.3145171695037,25.2869410147299
2001,0,BR,Brasil,177003743,51985452,114176772,15648261,10841519,2097640,0.293696907867084,0.645052867610828,0.0884063847169605,0.0612502245220882,0.0118508228382492,1.32104275923763,71.5027966404542,20.2558320641026,2.14924203594853,47.5317159554587,14.3076316244953,61.839347579954,30.1012310136305,28.5729423755745,25.5952232568131
2002,0,BR,Brasil,179228254,51668727,116386875,16075850,11172652,2173094,0.288284496706641,0.649377943502145,0.089694842421441,0.0623375597912146,0.0121247289503808,1.25675929915223,71.8244059159639,20.3610732224064,2.06661403313265,46.3464503417841,14.419913688351,60.7663640301351,31.1133076686794,28.845195858461,25.923453687501
2003,0,BR,Brasil,181377654,51329911,118532883,16518858,11514860,2256815,0.283000192515446,0.65351425815663,0.0910743833967552,0.0634855493279233,0.012442629785034,1.19925288118914,72.1035681076896,20.4403268928589,2.01634532639523,45.2130847581212,14.5503569422002,59.7634417003215,32.1817390254193,29.1282551598115,26.2782052954632
2004,0,BR,Brasil,183469593,50980818,120624088,16991330,11864687,2348541,0.27787066601276,0.657460923238653,0.0926111500121985,0.0646684107485865,0.0128007097067033,1.15336093166141,72.587443501497,20.6296278934181,1.96995957136935,44.1402127986468,14.7114336598528,58.8516464584996,33.3288689090866,29.4202453918345,26.6502726624741
2005,0,BR,Brasil,185518369,50617799,122678705,17505740,12221865,2447828,0.272845213510906,0.661275245471784,0.0943612219876728,0.0658795410173103,0.0131945316962117,1.11668422352689,73.015394536527,20.8183910384132,1.94928267668919,43.1175708504369,14.9118491844999,58.0294200349368,34.5841588252385,29.7200749323103,27.0357185490466
2006,0,BR,Brasil,187535030,50231567,124716555,18066993,12586908,2553428,0.267851648835953,0.665030714528374,0.0963392972502257,0.0671176366356728,0.0136157388835568,1.08704114361851,73.4913550552766,21.0439126005665,1.87984550086694,42.1276871078119,15.1522373985074,57.2799245063192,35.9674087013849,30.0259408495575,27.4410222613295
2007,0,BR,Brasil,189458827,49754471,126742367,18671742,12961989,2662602,0.26261363372634,0.668970504076857,0.0985530328444396,0.0684158621968033,0.0140537236620809,1.02583341362945,73.733527453868,21.1380529152195,1.81702088651371,41.108317300327,15.4270335762557,56.5353508765827,37.5277671025786,30.3452775995494,27.8603880485094
2008,0,BR,Brasil,191335196,49241553,128741904,19316301,13351739,2772225,0.257357527676194,0.672860543650317,0.100955294184349,0.0697819286734888,0.014488839784605,0.9903835201090953,73.9617467555156,21.2546132541115,1.81683311554532,40.1063846128873,15.7327896868789,55.8391742997662,39.2276437747607,30.6677696663817,28.2908683656976
2009,0,BR,Brasil,193174036,48713507,130694593,19999039,13765936,2880622,0.252174194879896,0.676563971568105,0.103528607747265,0.0712618335519997,0.0149120557795873,0.961056846018016,74.1409498399448,21.3306150820269,1.77279964643842,39.1394213583655,16.0684553913022,55.2078767496677,41.0544020162621,30.9909543278373,28.7241541637863
2010,0,BR,Brasil,194749329,48121543,132415855,20718042,14211931,2987938,0.247094782031316,0.679929711080032,0.106383123918234,0.0729755068886527,0.0153424816164578,0.815478639168665,74.3604259197093,21.4051862998347,1.74571102459612,38.2190777863864,16.4546772488077,54.6737550351941,43.0535695831698,31.3266962835081,29.1771712545837
2011,0,BR,Brasil,196158610,47523873,133940245,21475117,14694492,3095583,0.242272684334376,0.682816038510876,0.10947832980668,0.0749112771547474,0.0157810202672215,0.723638436772234,74.5367059052758,21.5150487782921,1.7696171333789,37.3733996688571,16.8883148597015,54.2617145285587,45.1880615874889,31.6646394313255,29.6376275267471
2012,0,BR,Brasil,197670620,46963290,135492473,22273483,15214857,3204689,0.237583561988119,0.685445682317382,0.112679785190131,0.0769707556944983,0.0162122676602117,0.770809907349967,74.7565388954452,21.6503889461581,1.75698467190251,36.5661319792126,17.3423778235032,53.9085098027158,47.4274332143255,31.9943632442697,30.0874528496664
2013,0,BR,Brasil,199226702,46410157,137041821,23115563,15774724,3318206,0.232951489605043,0.687868742614632,0.116026430031452,0.0791797677803249,0.0166554280459855,0.7872095509185989,74.9991901710197,21.8116626327031,1.7505649875546,35.7824253019148,17.8221958257803,53.6046211276951,49.8071208851976,32.3219073364975,30.5341647475806
2014,0,BR,Brasil,200811131,45905974,138534751,23998696,16370406,3437363,0.228602736170038,0.689875856533072,0.119508793563839,0.0815214072968893,0.0171173927604641,0.795289478816952,75.1981752438586,21.8772590201852,1.78994618138214,35.0677679690692,18.3327055186375,53.4004734877066,52.2779366363079,32.6415829210185,30.9726230191104
2015,0,BR,Brasil,202403642,45501725,139904894,24917618,16997023,3561931,0.224806849078338,0.6912172756259,0.123108545645636,0.0839758752957617,0.0175981566576752,0.793039206576651,75.3487176945349,21.9153369679256,1.82366084069548,34.4751044970887,18.8792289604084,53.3543334574971,54.7619194656906,32.9491130451101,31.4026984445338
2016,0,BR,Brasil,203871925,45102859,141113877,25871388,17655189,3694903,0.221231339234179,0.692169247923666,0.126900199720977,0.0865994128421557,0.0181236479716371,0.725423211505261,75.5531758399377,21.9914464652121,1.71855053311857,33.938033891006,19.4671482522065,53.4051821432125,57.3608604279387,33.2655005636504,31.840508474527
2017,0,BR,Brasil,205211557,44705195,142157814,26861890,18348548,3838238,0.217849304656852,0.692737855889861,0.130898524394511,0.0894128394532867,0.0187038101367751,0.657094889352705,75.7228398564015,22.1022493514845,1.75866754164944,33.4508373829334,20.0995144789827,53.5503518619161,60.0867304124275,33.591842383419,32.2879434803493
2018,0,BR,Brasil,206529038,44400860,143049781,27889518,19078397,3988955,0.214986039880745,0.692637618347886,0.135039209353215,0.0923763417713687,0.0193142573975481,0.642011112463803,75.9902268405237,22.2067809728665,1.77923455058482,33.076060205011,20.776070023345,53.852130228356,62.8130130812782,33.9111158354401,32.7288229005876
2019,0,BR,Brasil,207900099,44121683,143936438,28950761,19841978,4140204,0.21222540639579,0.692334629431802,0.139253233352236,0.0954399641724076,0.0199143916713575,0.663858706396536,76.2211006556923,22.254799621507,1.72939750347996,32.7245052211284,21.4724204763481,54.1969256974765,65.6157223195679,34.2274693048607,33.1588570117555
2020,0,BR,Brasil,209164889,43788711,144790679,29979443,20585499,4269699,0.209350198349973,0.692232236931505,0.143329232469796,0.0984175647185221,0.0204130770724144,0.608364308667309,74.8090053456845,21.1696147339719,1.66349379144432,32.3410390952189,22.1419246187879,54.4829637140068,68.4638627522057,34.5380401583556,33.5717801005236
2021,0,BR,Brasil,210103642,43395390,145458036,30903117,21250216,4356906,0.206542778539746,0.692315633443422,0.147085108596071,0.101141588016832,0.0207369370589016,0.448810029488267,72.7843019207654,20.0840385466633,1.63670199704343,31.9541599071346,22.7554849085788,54.7096448157133,71.2129030295614,34.8290491128183,33.9595256497703
2022,0,BR,Brasil,210862983,42984314,145928636,31864499,21950033,4440286,0.203849501645341,0.69205430902967,0.151114712248949,0.104096189324989,0.0210576836997511,0.361412583224041,75.448044104081,21.6193857538322,1.57625383660638,31.6028205002464,23.4273377545884,55.0301582548348,74.1305281736031,35.1394318745837,34.3645155433075
2023,0,BR,Brasil,211695158,42526495,146375852,32981491,22792811,4572930,0.200885534661119,0.691446386317442,0.155797096691272,0.107668079021439,0.0216014860387123,0.3946520096417269,76.3884546784577,22.4707736848205,1.57053296169407,31.2265056799917,24.2177662665614,55.4442719465531,77.5551594364878,35.4898990179076,34.8087947097212
2024,0,BR,Brasil,212583750,42054707,146815459,34169617,23713584,4751208,0.197826536600281,0.690624090505507,0.160734849206489,0.111549372894212,0.0223498174248972,0.419750743661318,76.6057109845871,22.5909397271293,1.54680260681053,30.8410707155661,25.0584928393582,55.8995635549243,81.2503984393471,35.8504918367467,35.2511418612686
2025,0,BR,Brasil,213421037,41584042,147170695,35370902,24666300,4956211,0.194845093925769,0.689579139286068,0.16573296848895,0.115575766788163,0.0232226919598371,0.3938621837275889,76.8177485210878,22.7076513090262,1.52847110399664,30.4720689849309,25.919187119983,56.3912561049139,85.0588357909027,36.2133286982389,35.6912944319663
2026,0,BR,Brasil,214211951,41060882,147504526,36570129,25646543,5184146,0.191683432265644,0.68859148759632,0.170719368500593,0.119725080138036,0.0242010120154314,0.370588584479603,77.0272472172583,22.8221434534438,1.51291796111521,30.0634056259973,26.7754263515832,56.8388319775805,89.063184273538,36.5767573584165,36.128295846246
2027,0,BR,Brasil,214959713,40484197,147827324,37756883,26648192,5429437,0.188333880963081,0.68769781061254,0.175646322155259,0.123968308424379,0.0252579282146697,0.349075761884077,77.23414186838,22.9350107435848,1.49970775122188,29.6113237176677,27.6164866276859,57.2278103453536,93.2632626997641,36.9397556183004,36.5630245486499
2028,0,BR,Brasil,215667282,39885987,148119414,38928026,27661881,5688584,0.184942225033466,0.686795941537391,0.180500378355953,0.128261833429143,0.0263766666285524,0.329163539588473,77.4386461242596,23.046586232741,1.48851452129397,29.1450743496672,28.4450830326896,57.5901573823567,97.5982517368819,37.3016013064049,36.9948896613702
2029,0,BR,Brasil,216337693,39228421,148417733,40088628,28691539,5964318,0.181329570709622,0.686046573492859,0.185305794122525,0.132623855797519,0.0275694813848274,0.310854290823781,77.640714331391,23.1566948521825,1.47909330042681,28.62956986248,29.2573635838407,57.8869334463207,102.192815764876,37.661535888709,37.4259725973097
2030,0,BR,Brasil,216973093,38485050,148758847,41243737,29729196,6259435,0.177372454196429,0.685609652990475,0.190086874043871,0.137017892813096,0.0288488997112651,0.293707486286277,77.8402061439966,23.2651601398667,1.4711477422993,28.0412726193537,30.0513283225025,58.0926009418562,107.168204276726,38.0186720203136,37.8535443875922
2031,0,BR,Brasil,217562970,37780666,149021283,42397965,30761021,6571278,0.173653935685838,0.684957017271827,0.194876752234077,0.141389047042334,0.0302040278269781,0.271866429078371,78.0372520305259,23.3721354943434,1.46443451655583,27.4999801833308,30.860842879624,58.3608230629548,112.221327702376,38.3731121155406,38.2801536278335
2032,0,BR,Brasil,218096284,37115134,149203771,43555940,31777379,6898087,0.170177745898688,0.684118813321918,0.199709684187008,0.145703440779394,0.031628631508458,0.245130869467358,78.2319729941954,23.477705085614,1.4588086296593,27.0075148511689,31.6942866596311,58.7018015107999,117.35358412016,38.7251820026425,38.7058432132377
2033,0,BR,Brasil,218574144,36385497,149413458,44713297,32775189,7238414,0.166467526003442,0.683582491806533,0.204568098411494,0.149949982190025,0.0331165153733829,0.219105062789615,78.4242408388393,23.5818691966023,1.45418582667768,26.4669244340895,32.5245922268974,58.9915166609869,122.887690664223,39.0744551377495,39.1302362730447
2034,0,BR,Brasil,218997707,35667255,149571434,45872706,33759018,7594670,0.162865883340048,0.682981735511961,0.209466604141202,0.154152381147991,0.0346792215500229,0.193784585975543,78.613898232294,23.6844672173361,1.4504602919238,25.9477956229546,33.3722233449107,59.3200189678652,128.612942038853,39.4203899221648,39.553381171479
2035,0,BR,Brasil,219367247,35038916,149594746,47051618,34733585,7968781,0.15972719938451,0.681937472643763,0.214487890254647,0.158335327971728,0.0363262114512473,0.168741492804769,78.8009254366711,23.785458674198,1.44749034183201,25.5242970451951,34.2750179340323,59.7993149792274,134.283885951266,39.7624118608737,39.9739565614313
2036,0,BR,Brasil,219681891,34483378,149495429,48270206,35703084,8357822,0.156969597462178,0.680508658767873,0.219727742602143,0.16252174376995,0.0380451113287258,0.143432533481169,78.9854717882768,23.885090415936,1.44518318973101,25.1835276105473,35.2521747019044,60.4357023124517,139.981083059786,40.1001219531563,40.3926496225391
2037,0,BR,Brasil,219940741,33997686,149271248,49540659,36671807,8758972,0.154576572968807,0.678688483640236,0.225245485555584,0.166734943390956,0.0398242361109441,0.117829466426067,79.1677481011686,23.9835114730292,1.4434392198299,24.9245519118301,36.3194932440923,61.2440451559223,145.717737966049,40.4333310625702,40.808199621757
2038,0,BR,Brasil,220144140,33559616,148948749,50866243,37635775,9170052,0.152443830664764,0.676596474473497,0.231058809923353,0.170959694861739,0.0416547631020294,0.0924790009687149,79.3477760541043,24.0807368046454,1.4421463467947,24.727410156337,37.4792862282127,62.2066963845497,151.569800441102,40.7618126968994,41.2208293659586
2039,0,BR,Brasil,220292836,33144508,148550344,52236970,38597984,9592604,0.150456585887341,0.674331252424387,0.237125141917915,0.175212161688272,0.0435447841799086,0.067544836760125,79.5253534422628,24.1766315001086,1.44130045598367,24.5676186878202,38.7194753461751,63.2870940339953,157.603697119293,41.0852751108075,41.6304451940208
2040,0,BR,Brasil,220386440,32761971,148048781,53633215,39575688,10027368,0.148656927349977,0.671769011741376,0.243359868238717,0.179574060908648,0.045499024350137,0.0424907144960462,79.7003977103764,24.2711084555258,1.44087517787648,24.4508279622489,40.0273998480528,64.4782278103017,163.705703176405,41.4035367647846,42.0366116320482
2041,0,BR,Brasil,220425299,32404644,147431686,55026158,40588969,10471907,0.147009640667426,0.668851019682636,0.249636308761455,0.184139339649937,0.0475077363964469,0.0176322100397863,79.8729656758566,24.3642484086358,1.44079010146056,24.3654021263752,41.3747630475267,65.7401651739019,169.809481628621,41.7164857514835,42.4393396254195
2042,0,BR,Brasil,220410205,32067857,146692237,56392977,41650111,10922339,0.145491707155755,0.665541947116287,0.255854655187132,0.188966345727958,0.0495545975287306,-0.0068476713283249,80.0432231983799,24.4561286150824,1.44103879114995,24.3031526084349,42.7383446943449,67.0414973027799,175.855146790757,42.0240548798546,42.8369796618414
2043,0,BR,Brasil,220341694,31748291,145830811,57728377,42762592,11372247,0.144086624840054,0.661839383879839,0.261994795229268,0.194073991280107,0.0516118706067495,-0.0310834065056054,80.2112264384714,24.5467769077484,1.44157052095147,24.2603329326508,44.1129144772416,68.3732474098924,181.83144724231,42.3261483366829,43.2276581956444
2044,0,BR,Brasil,220220282,31442626,144860448,59031923,43917208,11824827,0.142778066191015,0.657797940700121,0.268058520604383,0.199423993108864,0.0536954493592012,-0.0551016912849866,80.3768583685697,24.6361276320332,1.44231119216208,24.23403473315,45.4981613923288,69.7321961254788,187.744888101903,42.6226656952514,43.6078605276155
2045,0,BR,Brasil,220045691,31147307,143802877,60290459,45095507,12275056,0.141549270328588,0.653513715022031,0.273990636790066,0.20493701464938,0.055784123489153,-0.0792801636681273,80.5400817769388,24.7241440858602,1.44325952815709,24.2188084443474,46.8792720199786,71.098080464326,193.565559295383,42.9135648105011,43.9798178963667
2046,0,BR,Brasil,219817347,30859621,142687553,61488537,46270173,12713966,0.140387560040928,0.649118711272591,0.279725589627829,0.210493728686481,0.0578387746623109,-0.103771175414658,80.7009733890919,24.8108681722686,1.44437528141621,24.209474651949,48.2379604690197,72.4474351209687,199.252404946905,43.1988966412191,44.3379760922735
2047,0,BR,Brasil,219535230,30577486,141538223,62615945,47419521,13135618,0.139282820347331,0.644717583596947,0.285220486024043,0.215999596055722,0.0598337588003529,-0.128341554408806,80.8595717158026,24.8963618158883,1.44566301147302,24.2021929733643,49.5607514659499,73.7629444393142,204.777936943541,43.4787030992702,44.6880207422071
2048,0,BR,Brasil,219199916,30299046,140361911,63664610,48538959,13539040,0.138225627787193,0.64033743060376,0.290440850351421,0.221436941609047,0.0617657171000011,-0.15273812772556,81.0159461802833,24.980704553545,1.44710309507604,24.1935091322593,50.8356046403813,75.0291137726406,210.120840108299,43.7530534409511,45.0296522858445
2049,0,BR,Brasil,218811421,30021715,139161280,64637653,49628426,13928785,0.137203601451864,0.635987277830438,0.295403469821623,0.226809120717698,0.0636565721128423,-0.177233188355785,81.1701393108949,25.0639036379694,1.44863264834375,24.1814084218164,52.0632977370096,76.2447061588261,215.302999845279,44.0220811188827,45.3616419899709
2050,0,BR,Brasil,218369418,29743299,137950440,65549776,50675679,14309681,0.136206339112925,0.631729668299981,0.300178370214826,0.232063992587094,0.0655296933566036,-0.202001795875184,81.3221364984106,25.1459507583841,1.45025586288853,24.1665443374443,53.2594440184171,77.4259883558614,220.385021849795,44.2859115052457,45.6876527426626
2051,0,BR,Brasil,217873978,29462867,136744894,66422062,51666217,14686218,0.135228939547797,0.627632979648446,0.304864594706211,0.237138080803757,0.0674069392536634,-0.226881586504935,81.4719744682651,25.2268578319486,1.45195792655807,24.1520589278469,54.4492005999653,78.6012595278122,225.443308012082,44.5446222081648,46.0077763356943
2052,0,BR,Brasil,217325473,29180494,135554533,67269889,52590446,15062771,0.134270932887835,0.623739735286346,0.309535224156627,0.241989331825819,0.0693097352651339,-0.251753332378224,81.6196235112954,25.3066049040283,1.4537387824893,24.1410318701728,55.6524003415427,79.7934322117154,230.53032960991,44.7982444837472,46.3222904721875
2053,0,BR,Brasil,216724289,28895041,134388530,68095122,53440718,15437488,0.133326269673447,0.620089841429818,0.314201616783248,0.246583888896736,0.0712310007855188,-0.276628409776891,81.7649590159583,25.3850842724254,1.45560852155693,24.1326695782621,56.8719414212787,81.0046109995408,235.663697448984,45.0469313386466,46.6253399010973
2054,0,BR,Brasil,216070026,28604397,133245397,68892807,54220232,15813467,0.132384845457463,0.616676914733189,0.318844812838593,0.250938239809348,0.0731867686265748,-0.301887251779154,81.9081091937246,25.4623615819576,1.45754421869391,24.1239067414622,58.1016845496011,82.2255912910633,240.846912451956,45.2909551878334,46.9177409401551
2055,0,BR,Brasil,215362623,28307817,132111528,69662989,54943278,16204079,0.131442571629526,0.613437588007089,0.323468334614405,0.255119840363386,0.075240906589441,-0.327395249167972,82.0490399392228,25.5383709440267,1.45954316690038,24.1139610267724,59.3422870352198,83.4562480619923,246.09099670243,45.5304367183529,47.2039335984906
2056,0,BR,Brasil,214603069,28006285,130966514,70403991,55630270,16624302,0.130502723612028,0.610273257555324,0.328066095830158,0.259224018832648,0.0774653506935635,-0.352686083322828,82.1877855958931,25.6130754155578,1.46160437080089,24.1032892633883,60.5923906141063,84.6956798774946,251.386397731795,45.7652662273902,47.4860320634508
2057,0,BR,Brasil,213793298,27701373,129795745,71113256,56296180,17083001,0.12957082031636,0.607108577369904,0.332626217310142,0.263320602313736,0.079904286803228,-0.377334305503341,82.3243181059357,25.6864689350061,1.46371982210663,24.0926193014115,61.84908611179,85.9417054132015,256.713831476873,45.9952121464537,47.7615054689543
2058,0,BR,Brasil,212934075,27392997,128598484,71792720,56942594,17582138,0.128645436386825,0.603935673517731,0.337159376675621,0.267418890095444,0.0825708050719454,-0.401894263308478,82.4586484774281,25.7585746325302,1.46589560458155,24.0821032335254,63.1153902019403,87.1974934354657,262.084210792999,46.2202499388602,48.0275197298535
2059,0,BR,Brasil,212025649,27080473,127380577,72439658,57564599,18114185,0.12772262755814,0.600779092533281,0.341655164559831,0.271498279908578,0.0854339325710542,-0.426623122673064,82.5908342800889,25.8294133038444,1.46813536677373,24.0703509315872,64.387648968471,88.4579999000582,267.497757517012,46.4404601115028,48.2957761158887
2060,0,BR,Brasil,211069036,26764647,126142315,73032189,58162074,18664777,0.12680517951482,0.597635339557812,0.346010908961559,0.275559480927368,0.0884297259025715,-0.451177961021121,82.7208909909906,25.8990192283876,1.47043043190104,24.0533098114354,65.6338141961784,89.6871240076138,272.868119650523,46.6556284361862,48.5651987186685
2061,0,BR,Brasil,210066029,26447788,124885198,73541875,58733043,19212830,0.125902260950532,0.594504492680252,0.350089328341614,0.279593246369217,0.09146090917918,-0.475203288463399,82.8489030977695,25.9674013519934,1.47278365277046,24.0267633835223,66.8098681600735,90.8366315435958,278.064369693224,46.865267410753,48.8339166358721
2062,0,BR,Brasil,209018787,26132079,123612099,73971580,59274609,19741512,0.125022632534941,0.591392289536155,0.353899192803181,0.283585077928904,0.0944485052436937,-0.498529916991008,82.9748504025069,26.0345897778374,1.47518119821577,23.993066417734,67.9167176849849,91.9097841027189,283.068101852899,47.0688072216207,49.0985162661959
2063,0,BR,Brasil,207928784,25818785,122321645,74330256,59788354,20246769,0.124171288377274,0.58828625189286,0.357479395445317,0.287542459729866,0.0973735747908765,-0.52148565956418,83.0987470096488,26.1006351791635,1.47761513389302,23.9551369128798,68.9649593987249,92.9200963116047,287.892152942131,47.265828712777,49.3677066199214
2064,0,BR,Brasil,206797115,25509014,121016520,74629781,60271581,20728302,0.123352852383845,0.585194430783041,0.360884052952093,0.291452716833114,0.100234967011024,-0.544257980174601,83.2206351436617,26.1655472534195,1.48009264319161,23.9165720967666,69.9708949100267,93.8874670067933,292.562389906564,47.4560787997453,49.6429073805136
2065,0,BR,Brasil,205625259,25204406,119717570,74878965,60703283,21176878,0.122574464453319,0.582212373043139,0.364152562599325,0.295213162503542,0.102987726814243,-0.56666941412602,83.3405063072604,26.2293158751846,1.48260776281623,23.8809504715322,70.9471532288678,94.8281037004,297.086806965417,47.6392070781538,49.9214668872512
2066,0,BR,Brasil,204415091,24906613,118452256,75087501,61056222,21581742,0.121843318309606,0.579469233022527,0.367328559905589,0.298687448667868,0.105578027015628,-0.588530808853593,83.4583725750924,26.2920726479501,1.48515623485603,23.8521164190984,71.908445177639,95.7605615967374,301.476162174279,47.814760109859,50.1840823942686
2067,0,BR,Brasil,203168549,24616757,117217993,75204572,61333799,21936242,0.121164211297291,0.576949501175007,0.370158532755973,0.301886287527702,0.107970658391619,-0.609809184782739,83.5742329623147,26.3537058893028,1.4877331169927,23.8194670354945,72.7688388715246,96.5883059070191,305.501541084392,47.9823373843163,50.4322263429841
2068,0,BR,Brasil,201887385,24336140,116005914,75277542,61545331,22235218,0.120543143396503,0.574607046398664,0.372868973462606,0.304849810204833,0.110136737865023,-0.630591696552407,83.688137429185,26.4142428775652,1.49033500269275,23.7951098729651,73.6040055184078,97.3991153913729,309.324083441335,48.1415969303877,50.6786256346592
2069,0,BR,Brasil,200573375,24066316,114803980,75315921,61703079,22482172,0.119987590576267,0.572378961065994,0.375503084594354,0.307633448357739,0.112089513376339,-0.650862856042245,83.8001774751942,26.4737423485413,1.49295999556136,23.7830273239935,74.4293645556195,98.212391879613,312.951600070406,48.2923266360752,50.9281893136008
2070,0,BR,Brasil,199228708,23808343,113603532,75292150,61816833,22689672,0.119502571888385,0.570216677809305,0.377918176330291,0.310280750302311,0.113887562830554,-0.670411513990832,83.9104277970562,26.5322793289245,1.49560525013469,23.7778562216454,75.1957377847992,98.9735940064446,316.242713741145,48.4345007045872,51.1686854683298
2000,1,NO,Norte,13340960,5027955,7791525,766846,521480,111595,0.376881049039949,0.584030309662873,0.0574805711133232,0.039088641297178,0.0083648403113419,,70.0164799236414,19.8470007073443,3.15033327745023,66.6293275824164,10.1620705315115,76.7913981139279,15.2516480358317,24.0776673492762,20.4425967336112
2001,1,NO,Norte,13637976,5063835,8037139,790473,537002,113880,0.371303997015393,0.589320512075985,0.0579611666716527,0.0393754909086216,0.0083502126708538,2.22634652978497,70.259598312072,19.9632128713553,2.98137870562611,65.057181267238,10.1555333552253,75.2127146224633,15.6101650231495,24.2821912870356,20.7492594898176
2002,1,NO,Norte,13930752,5095145,8281917,815367,553690,116137,0.365748022791591,0.59450609701472,0.0585300061331937,0.0397458801936895,0.008336735877575,2.1467701658956,70.6111583516867,20.0648405696875,2.81669394430525,63.5285851794959,10.1663665925209,73.6949517720168,16.0028222945569,24.5030534604306,21.0713077191805
2003,1,NO,Norte,14220524,5123417,8525520,841722,571587,118475,0.36028327788765,0.599522211699091,0.059190645858057,0.040194510413259,0.0083312682429986,2.08008871308598,71.0199317534333,20.2515922141626,2.759922367794,62.0615149989976,10.1960356785298,72.2575506775275,16.4289184347087,24.7383114715041,21.4085403000246
2004,1,NO,Norte,14508485,5149109,8768781,869766,590595,121012,0.354903285904765,0.604389844976922,0.0599487816956767,0.0407068691183125,0.0083407743813361,2.0249675750345,71.4709424538198,20.4148989596484,2.61760668324829,60.6518909584775,10.2450642609024,70.8969552193799,16.8915826019608,24.9860413406362,21.7544086484339
2005,1,NO,Norte,14795552,5171470,9013325,899904,610757,123810,0.349528696191937,0.609191532698476,0.0608226039826023,0.0412797711095875,0.0083680554804579,1.97861458312154,72.1029547250192,20.6936883575067,2.60898862604702,59.277447113069,10.315057762462,69.592504875531,17.4013191607029,25.2448047899801,22.109447542923
2006,1,NO,Norte,15083626,5189945,9261264,932479,632417,127008,0.344078075125968,0.613994539509267,0.0618206126298809,0.0419273853647657,0.008420256508614,1.94703110772751,72.6615650012693,21.0049527144836,2.55118150608019,57.9157238058019,10.4057357483963,68.3214595541982,17.9670304791284,25.5120750143235,22.4733620324169
2007,1,NO,Norte,15367681,5198689,9513362,967494,655630,130596,0.338287149505511,0.619049939935635,0.0629564083221144,0.042662910558854,0.0084980941496638,1.88320102871815,73.0560398426072,21.1371359069671,2.45067615361372,56.4982897349975,10.5145270911323,67.0128168261298,18.6103458006432,25.7935976807431,22.8473333999594
2008,1,NO,Norte,15647620,5199806,9767725,1004936,680089,134471,0.332306510510864,0.624230713680419,0.0642229297490609,0.0434627758087172,0.0085937030679426,1.82160860835152,73.266514329121,21.2188160252204,2.42730692451258,55.0659025775828,10.6422639369057,65.7081665144885,19.3264133315743,26.0831252292681,23.2283540253465
2009,1,NO,Norte,15919181,5192738,10020702,1045161,705741,138615,0.326193790999675,0.629473463490364,0.0656541941447867,0.0443327455099606,0.0087074203126404,1.73547798323324,73.3747602191161,21.3074847998581,2.32593505216926,53.6368840407706,10.7956880090881,64.4325720498587,20.1273586304566,26.3812025882487,23.6139058471957
2010,1,NO,Norte,16158154,5168774,10256116,1089024,733264,143300,0.319886417718262,0.634733150828987,0.0673977980405435,0.0453804314527513,0.0088685873398656,1.50116391037955,73.8865802072444,21.6563627823736,2.21626151190666,52.2079610066547,10.9998468741932,63.2078078808479,21.0692903191356,26.7034662499194,24.0134484524296
2011,1,NO,Norte,16374290,5136191,10475432,1136668,762667,148575,0.313674119610682,0.639748776893532,0.0694178495678286,0.0465771034957852,0.0090736758662513,1.33762804835256,74.0806122618806,21.7241323916194,2.23212014806944,50.846172190851,11.2525443177308,62.0987165085818,22.130563290968,27.0353167068618,24.4135100683301
2012,1,NO,Norte,16591669,5100122,10697924,1187647,793623,154244,0.30739053436999,0.644776845536154,0.0715809241372884,0.0478326200938555,0.0092964728262117,1.32756290501757,74.3651626161663,21.8480600285709,2.16040745546324,49.497005988024,11.5261891128602,61.0231951008841,23.2866390254978,27.3680098126355,24.8113714650362
2013,1,NO,Norte,16808083,5059221,10922189,1242063,826673,160379,0.300999287069204,0.649817650234117,0.0738967674064913,0.0491830626966799,0.0095417782027849,1.30435340772528,74.6020085128677,21.9769924750137,2.15529633102921,48.1518776556019,11.8215167150338,59.9733943706356,24.5504792140924,27.7047096328594,25.2104267839425
2014,1,NO,Norte,17025334,5021102,11141900,1299803,862332,167023,0.294919441815356,0.654430626735429,0.0763452276472227,0.0506499314492156,0.0098102627531418,1.29253883384559,74.8488357665238,22.0870772957023,2.1841948746027,46.906771019734,12.1426654331586,59.0494364528925,25.8868073183935,28.0335128227147,25.5985133779539
2015,1,NO,Norte,17236948,4985658,11350475,1360593,900815,174148,0.289242503951396,0.658496794212061,0.0789346814760943,0.0522607018365432,0.0101031806790854,1.24293596824592,74.9584923585801,22.1217865025941,2.1620464102994,45.7790534435032,12.4931673335508,58.272220777054,27.2901390348074,28.3577883393278,25.9785114235154
2016,1,NO,Norte,17429371,4943699,11543475,1424371,942197,181861,0.283641848004727,0.662300148410405,0.081722455732912,0.0540580035848683,0.010434168852106,1.11634031732299,75.1063319390269,22.2064516860339,2.03601035784081,44.6936486042645,12.877065726717,57.5707143309815,28.8118471614069,28.6982436715588,26.3744850170197
2017,1,NO,Norte,17606346,4897488,11722179,1491444,986679,190318,0.278166065803773,0.665792834015644,0.084710592419347,0.0560411001805826,0.0108096251203969,1.01538374505885,75.2199149814243,22.3239526645152,2.05310753960302,43.6596884094676,13.2957917038633,56.9554801133309,30.4532446021307,29.0522007235346,26.7848278998942
2018,1,NO,Norte,17783329,4858733,11890429,1561723,1034167,199343,0.273218417091648,0.66862784802553,0.0878194965633262,0.058153734882822,0.0112095434999825,1.0052227759241,75.3313064455197,22.3373906839611,2.08596029458007,42.7597228271406,13.7440856726991,56.5038084998398,32.1425976689808,29.3995003410216,27.1937001618752
2019,1,NO,Norte,17970930,4823890,12062680,1634716,1084360,208662,0.268427399138498,0.671232930070954,0.0909644631635647,0.060339670790549,0.0116110852359895,1.05492621769523,75.6262732415057,22.3593467567448,2.04141045998279,41.9019652330841,14.1997045948325,56.1016698279166,33.8879203298583,29.7422767769948,27.6031764277011
2020,1,NO,Norte,18137222,4780568,12226390,1701969,1130264,215709,0.263577740846972,0.674104887727569,0.0938384610388515,0.0623173714254587,0.0118931664397117,0.925338866714198,73.0405825745482,20.0189462881133,1.95809616377995,41.0184230633432,14.6033033067818,55.621726370125,35.6018155164826,30.0738596572287,28.0038074292753
2021,1,NO,Norte,18272491,4732288,12369833,1761235,1170370,220008,0.25898428408037,0.676964788216341,0.0963872413454739,0.0640509277032891,0.0120403944924641,0.745808812396964,71.6958149376848,19.512873669362,1.99748228540953,40.1757437493675,14.9523710396361,55.1281147890036,37.2174094222499,30.3799915950157,28.3890413506846
2022,1,NO,Norte,18403491,4682071,12504063,1828263,1217357,225991,0.254412111267368,0.679439732385557,0.0993432713391171,0.0661481563470757,0.0122797897420658,0.716924692971532,74.9683684278973,21.6581355738024,1.86781194919686,39.3677725771214,15.3723943945245,54.740166971646,39.0481690687732,30.7136186824554,28.8028174707113
2023,1,NO,Norte,18535113,4621937,12638166,1908027,1275010,235158,0.249361144979262,0.681849956889931,0.102941212173889,0.0687888981308072,0.0126871630078543,0.715201262630005,75.6741466483248,22.3824075485569,1.83330159361485,38.4996221204751,15.893405404631,54.3930275251061,41.2819776643429,31.0950938901748,29.2654655700462
2024,1,NO,Norte,18669345,4562408,12769650,1992741,1337287,246031,0.244379650169837,0.683990252470025,0.106738667050183,0.0716300973601377,0.0131783412862101,0.724203839491033,75.911917930031,22.5004925639185,1.81874282224888,37.6616657019583,16.4496347921067,54.111300494065,43.677395796255,31.4835380673505,29.7334591835748
2025,1,NO,Norte,18801282,4510219,12888989,2080168,1402074,257853,0.239888907575558,0.685537773434811,0.110639689357353,0.0745733189896306,0.0137146498839813,0.706703957744637,76.1335194211984,22.6133726850584,1.78413216438278,36.9360231170606,17.0353442560926,53.9713673731532,46.1212193908988,31.8738125942688,30.2051921712451
2026,1,NO,Norte,18929341,4455569,13004609,2169970,1469163,270412,0.23537898123342,0.687008015757125,0.114635263847801,0.077613003009455,0.0142853361878789,0.681118447135676,76.3533925572372,22.7250338192984,1.75204059336561,36.2129445841212,17.6365809527819,53.8495255369031,48.7024216211218,32.2679792709107,30.6831814913261
2027,1,NO,Norte,19053881,4397028,13118440,2261893,1538413,283581,0.230768104408755,0.688491756613784,0.118710356173632,0.0807401389774608,0.0148831096404979,0.657920421001457,76.5708525170606,22.835599865927,1.72243363364544,35.4743218211273,18.2484897087203,53.7228115298476,51.441405422026,32.6649801161244,31.1649006963981
2028,1,NO,Norte,19175267,4336740,13228452,2355908,1610075,297513,0.226163213268425,0.689870550433535,0.122861809433996,0.0839662362980396,0.015515455404089,0.637067062610508,76.785584126495,22.9450173599378,1.69520780328979,34.7422283737091,18.8735072343392,53.6157356080483,54.3244003560278,33.0640780125773,31.651201909253
2029,1,NO,Norte,19293882,4267926,13341902,2452363,1684054,312791,0.221206183390154,0.69150946398449,0.127105732273059,0.0872843526253555,0.0162119266615189,0.618583303168618,76.9978257106111,23.0533186043422,1.67022016735704,33.9435672842281,19.5040749290994,53.4476422133276,57.4602980464047,33.4643659580794,32.1389569814948
2030,1,NO,Norte,19409992,4192728,13456976,2551693,1760288,329786,0.216008744362182,0.693301470706428,0.131462856862589,0.09068978493139,0.0169905273531282,0.601796984142444,77.2077424297496,23.1604391354085,1.64733335350379,33.103347650098,20.1466874253044,53.2500350754024,60.8599699288864,33.864897213765,32.6296297472576
2031,1,NO,Norte,19521320,4123132,13559753,2654206,1838435,348396,0.211211741828934,0.694612505711704,0.135964473713868,0.0941757524593624,0.0178469488743589,0.573560257005767,77.4152194011826,23.2663740529874,1.6263679577825,32.3535610769067,20.8271323672617,53.1806934441684,64.3735393385417,34.2659608571552,33.1217060754343
2032,1,NO,Norte,19625458,4056911,13650326,2760134,1918221,368435,0.206716755349098,0.695541780477174,0.140640488492039,0.0977414641737278,0.018773319837937,0.533457778469892,77.6207445476808,23.37139945485,1.60718452828475,31.6737990881462,21.5493832061786,53.2231822943248,68.035359908068,34.6679843599064,33.6186561999298
2033,1,NO,Norte,19722458,3982650,13740252,2869226,1999556,389748,0.201934768982649,0.696680505036441,0.145480142485283,0.10138472598091,0.0197616341735903,0.494255981185265,77.8240741373435,23.4754362478584,1.58969008687744,30.9438221208645,22.2929001967432,53.2367223176077,72.0431371072025,35.0704991740887,34.1175454827733
2034,1,NO,Norte,19812493,3904855,13824906,2981560,2082732,412465,0.197090542820633,0.697787300164598,0.150488885977146,0.105122157014768,0.0208184300683412,0.4565100354124271,78.0253375854734,23.5785238973295,1.57386101212865,30.2091245310449,23.0662386533642,53.2753631844091,76.3552039704419,35.4727541859573,34.6181138487143
2035,1,NO,Norte,19895607,3833432,13894021,3097963,2168154,436655,0.192677308111283,0.698346172599811,0.155710906432762,0.108976519288906,0.0219473072623519,0.419502987332288,78.2245598186318,23.68057962941,1.55959610016977,29.5693405815949,23.8962692063351,53.46560978793,80.8143459959639,35.8741633768701,35.1188665295917
2036,1,NO,Norte,19971690,3761861,13953687,3219318,2256142,462271,0.188359673117298,0.698673322087415,0.161194070206377,0.112967004795288,0.0231463136069106,0.382411051846776,78.4216632992124,23.7816557282556,1.54678619048012,28.9585298068721,24.7820736228159,53.740603429688,85.5778031139375,36.2743728247334,35.6167111725869
2037,1,NO,Norte,20040651,3694057,13999620,3346049,2346974,489195,0.184328193729834,0.698561139555796,0.166963089173101,0.11711066671437,0.0244101351797404,0.345293763321974,78.6166400474504,23.8816850132117,1.53527414403362,28.4146318481264,25.737759455469,54.1523913035954,90.5792466115168,36.6731890096784,36.113148251043
2038,1,NO,Norte,20102400,3635468,14026543,3478127,2440389,517192,0.180847460999682,0.697754646211398,0.173020485116205,0.121397892788921,0.0257278732887615,0.308118733268703,78.809569766722,23.980586652003,1.52495682072283,27.989241504511,26.7778829538206,54.7671244583316,95.6720565275227,37.0703897544572,36.6064648886873
2039,1,NO,Norte,20157022,3577394,14043152,3614805,2536476,546154,0.177476315697825,0.696687834145342,0.179332294224812,0.125835850156834,0.027094974644568,0.271718799745302,79.0003228603985,24.0783076841169,1.51580880381221,27.5930801369213,27.8816378750408,55.4747180119621,101.045761244079,37.4655572137591,37.0979537962379
2040,1,NO,Norte,20204507,3520380,14048118,3754702,2636009,576037,0.17423736199057,0.695296252464858,0.185834873377509,0.130466385544572,0.0285103219791505,0.235575473400784,79.1886220395917,24.1747622484615,1.50772451181437,27.2276609361979,29.0399766424261,56.267637578624,106.656156437657,37.8582619709553,37.5864386861935
2041,1,NO,Norte,20245833,3466066,14039843,3895957,2739924,606718,0.1711989820325,0.693468280608657,0.192432536611361,0.135332737358843,0.0299675493717645,0.2045385220238229,79.3742444093719,24.2699353622093,1.50061299151205,26.9024923528056,30.2391683826446,57.1416607354502,112.402850955521,38.2479916237578,38.0724316637492
2042,1,NO,Norte,20281965,3414238,14019041,4037089,2848686,638117,0.168338620049882,0.691207237563027,0.199048218454178,0.140454142387091,0.0314622868149117,0.178466354039375,79.5574485038647,24.3639057803231,1.49444749752233,26.6100407477789,31.4644447142847,58.0744854620635,118.242752848513,38.6343405089201,38.5554960306994
2043,1,NO,Norte,20312875,3364565,13986004,4177683,2962306,670370,0.165637065161874,0.688529024079555,0.205666750767678,0.145833910758571,0.0330022214974493,0.152401406865654,79.7382538360267,24.4566517457241,1.48916278176341,26.3461222381642,32.7132176047425,59.0593398429067,124.167106297545,39.0171703414706,39.0357092068406
2044,1,NO,Norte,20338549,3316681,13941779,4317523,3080089,703411,0.163073629293811,0.68548542966364,0.212282744457336,0.151440941042549,0.0345851122417828,0.126392743518577,79.9166533064299,24.5481954853547,1.48463578910811,26.1066666561716,33.9846170739223,60.0912837300939,130.176010294629,39.3963119001262,39.5134408334907
2045,1,NO,Norte,20359031,3270370,13887885,4455268,3200776,737227,0.160634855362222,0.682148624853511,0.218834973039729,0.157216519784267,0.036211301019189,0.100705315802019,80.0925636398832,24.6385209538205,1.48077945622349,25.8867115113098,35.2658070559508,61.1525185672606,136.231313276479,39.771498555113,39.9880651562758
2046,1,NO,Norte,20374328,3225593,13826207,4589339,3322528,771639,0.15831653441527,0.678609228240558,0.22525106104113,0.163074237344172,0.0378731018760472,0.0751361889473001,80.266027823305,24.7276385656538,1.47754175852172,25.6827079900976,36.5410804787109,62.2237884688085,142.278923596374,40.1424421458219,40.4618133198856
2047,1,NO,Norte,20384446,3182278,13758313,4718673,3443855,806508,0.156113048154461,0.674941717817595,0.231483995199085,0.168945234027945,0.0395648721579188,0.0496605335891243,80.4370355402467,24.8155699760016,1.47490592385648,25.4918834829509,37.7992941880459,63.2911776709968,148.279722890332,40.50897345947,40.9313814297409
2048,1,NO,Norte,20389379,3140220,13684750,4842526,3564409,841822,0.154012537605976,0.671170514805772,0.23750237807635,0.174816947588252,0.0412872800098522,0.0241998237283436,80.605517993346,24.9022454196734,1.47282876459023,25.3108155935619,39.0317501936263,64.3425657871882,154.209768742317,40.8710397702647,41.3934979842102
2049,1,NO,Norte,20388991,3099041,13606000,4961219,3683950,877816,0.151995800086429,0.667320908621716,0.243328323603655,0.180683291291855,0.0430534301574806,-0.0019029515317736,80.7715481793193,24.98772081583,1.47121857011031,25.1367395395357,40.2411164620268,65.3778560015625,160.088846840039,41.228642113776,41.8514942474267
2050,1,NO,Norte,20383307,3058592,13523480,5076233,3801235,914841,0.150053767035938,0.663458584026625,0.249038735471138,0.186487648937437,0.0448818731916269,-0.0278777895384773,80.9351655717032,25.0719948457868,1.47001630076105,24.9711923485702,41.4437723793038,66.414964727874,165.96633352863,41.5816500237179,42.3044814675262
2051,1,NO,Norte,20372387,3018891,13438741,5189530,3914755,953174,0.14818543354787,0.659654708110542,0.254733527298495,0.192159858341588,0.0467875462998028,-0.0535732499147511,81.0963503868005,25.1550712138774,1.46919572699256,24.8183117249752,42.663141281388,67.4814530063632,171.901867275102,41.929753150674,42.7515602603406
2052,1,NO,Norte,20356208,2979997,13352733,5302606,4023478,993047,0.146392540300237,0.655953849557835,0.260490853699274,0.197653610141928,0.0487834964154424,-0.0794163197469167,81.2551637513801,25.236947824727,1.46872212006225,24.6819156333175,43.9189951965465,68.600910829864,177.939977791924,42.272719162626,43.1920232426206
2053,1,NO,Norte,20334783,2941849,13266237,5415589,4126697,1034301,0.144670784045249,0.652391372949492,0.266321455212972,0.202937843005259,0.0508636359679865,-0.105250447431071,81.4115408481392,25.3175718038829,1.46855687344221,24.5617789251291,45.2152709970365,69.7770499221656,184.087932453365,42.6104793446775,43.6166067817452
2054,1,NO,Norte,20307949,2904186,13179000,5527890,4224763,1077005,0.143007351456319,0.648957706167176,0.272203263854957,0.208034942376505,0.0530336667676288,-0.131961083627008,81.5655536276112,25.3969846422379,1.4686870484068,24.4545053656266,46.5472306751681,71.0017360407946,190.342147507081,42.9431607298206,44.0308729064461
2055,1,NO,Norte,20275622,2866863,13089715,5639434,4319044,1121750,0.141394577192256,0.645588825832322,0.278138643539518,0.213016596975422,0.0553250598181402,-0.159183972738952,81.7171985009721,25.4751387373971,1.46909461883995,24.3587716372859,47.9163758329386,72.2751474702245,196.710969446395,43.2706698221145,44.4378222158397
2056,1,NO,Norte,20237870,2829917,12996478,5749973,4411475,1169167,0.13983274919742,0.642186060094269,0.284119475023804,0.217981190708311,0.0577712476658858,-0.186194041297472,81.8664606982349,25.5520081774823,1.46975075513461,24.2745055318331,49.3222067630927,73.5967122949259,203.185217092939,43.5927036293839,44.840134599276
2057,1,NO,Norte,20194797,2793392,12897884,5859143,4503521,1219512,0.138322360952675,0.638673614792959,0.290131314516308,0.223004024254366,0.0603874354369593,-0.212833662831113,82.0133833019797,25.6276068677303,1.4706179301058,24.2014260289708,50.7625195130729,74.9639455420437,209.750117419968,43.908885194538,45.2380343975031
2058,1,NO,Norte,20146369,2757338,12793766,5966842,4595265,1272712,0.136865258449302,0.635040785761444,0.296174561281986,0.228093955789254,0.0631732695852042,-0.239804341682659,82.1580228006374,25.7019367018234,1.47167057152647,24.1401888902381,52.2390410454599,76.379229935698,216.398642458777,44.2189747442827,45.628956868499
2059,1,NO,Norte,20092594,2721687,12684737,6072608,4686170,1328226,0.135457223691476,0.631314055318094,0.302231160396711,0.233228720990431,0.0661052525124431,-0.266921547997057,82.3004211484436,25.7750176006334,1.47290761395288,24.0893518573017,53.7479845417439,77.8373363990456,223.119263897722,44.5229187928647,46.0135716782708
2060,1,NO,Norte,20033445,2686336,12570899,6174762,4776210,1385076,0.134092563710335,0.627495620448705,0.308222674632346,0.23841181584096,0.0691381836723539,-0.294382099195356,82.4405769916469,25.8468441807758,1.47432052127154,24.0445091796737,55.2682618969855,79.3127710766592,229.858141349407,44.8206028468893,46.4038636689616
2061,1,NO,Norte,19968940,2651308,12452509,6270326,4865123,1441883,0.132771594285926,0.623593891313209,0.314003948131448,0.243634514400865,0.0722062863627213,-0.321986557978415,82.5785384785136,25.9173829900372,1.47589193126531,23.9995886779999,56.758869537967,80.7584582159669,236.499342965812,45.1116846462556,46.7918636679871
2062,1,NO,Norte,19899225,2616644,12329989,6359492,4952592,1497529,0.131494769268652,0.61962156817665,0.31958490845749,0.248883662554697,0.0752556443781102,-0.349117178978953,82.7142307428162,25.9866547481694,1.47760241357308,23.9551650636555,58.2206370377464,82.1758021014019,243.040016142815,45.3957790315955,47.1796416028239
2063,1,NO,Norte,19824422,2582501,12203368,6442910,5038553,1551729,0.130268665588333,0.615572448972283,0.324998630477095,0.254158885439384,0.0782736061611279,-0.375909112038286,82.8476856582424,26.0546984551385,1.47943866028889,23.9142362203354,59.6620375699219,83.5762737902573,249.483349667628,45.6723942317209,47.5502047004197
2064,1,NO,Norte,19744655,2548972,12073072,6521515,5122611,1604394,0.129096811263605,0.611460266082137,0.330292679208626,0.259442922654258,0.0812571300941951,-0.402367342664522,82.9789488518994,26.12156217934,1.48138902202809,23.8798190172761,61.0962371961918,84.9760562134679,255.848828468889,45.9413082173378,47.9084034243111
2065,1,NO,Norte,19659999,2516050,11940749,6595859,5203200,1654622,0.127978134688613,0.607362645338894,0.335496405671231,0.264659219972493,0.0841618557559438,-0.42875400962944,83.1080805974091,26.1872723651413,1.4834436508957,23.8531336004907,62.5313113558948,86.3844449563855,262.151348343634,46.2023461445751,48.2494019790082
2066,1,NO,Norte,19570594,2483732,11809358,6667086,5277504,1701361,0.126911426398197,0.603423585405737,0.340668556100035,0.269664988196066,0.086934561107343,-0.4547558725715109,83.2351346984708,26.251960587803,1.48559327965153,23.8367120368039,63.9849263554226,87.8216383922265,268.430168794379,46.4552132142744,48.5922699069286
2067,1,NO,Norte,19476591,2452012,11678793,6731632,5345786,1744019,0.125895337638912,0.599632297048287,0.345626809126916,0.2744723653128,0.0895443663626761,-0.480327781568612,83.3600747647102,26.3155131740683,1.48782915488036,23.8222542096059,65.4004339087727,89.2226881183785,274.53503490195,46.6997193708078,48.9344406302716
2068,1,NO,Norte,19378202,2421012,11548422,6791077,5408768,1782166,0.124934810773466,0.595949097857479,0.350449283168789,0.279116091369055,0.0919675623156369,-0.505165405999441,83.4829069844139,26.3779479548066,1.49014320519256,23.8145297027487,66.8011166116292,90.615646314378,280.505714139376,46.9355739505657,49.2738782500849
2069,1,NO,Norte,19275671,2390904,11417326,6844361,5467441,1816301,0.12403739408086,0.592317953548803,0.355077703909763,0.283644652370338,0.0942276406357008,-0.529104815813153,83.6037164682219,26.4393266097024,1.49252622019951,23.8128219117832,68.1681696935363,91.9809916053195,286.266658970833,47.1625942360191,49.5963229948885
2070,1,NO,Norte,19169147,2361757,11284932,6885471,5522458,1847651,0.123206160399312,0.588702877598049,0.359195482198556,0.288090962002639,0.096386709330363,-0.552634458224566,83.7225558005307,26.499653060253,1.49497129427471,23.8034295583344,69.3965653216883,93.1999948800227,291.540196557055,47.3808161103882,49.9047952484912
2000,2,ND,Nordeste,48974858,16170921,29832071,4223867,2971866,675989,0.330188216165936,0.6091303215213,0.0862456201506495,0.0606814623127646,0.0138027761101421,,69.9947440518285,20.4708635467104,2.61625933404933,56.5811105431162,14.7790645719202,71.3601751150365,26.1201387354499,27.0433625555382,22.9688243849062
2001,2,ND,Nordeste,49533198,16029451,30464461,4318153,3039286,696030,0.323610258316049,0.615031175657182,0.0871769474686452,0.0613585660267685,0.0140517880553563,1.14005435196973,70.249125282497,20.4883335330017,2.41487504384529,54.9224764793206,14.7954946539721,69.7179711332927,26.9388702083434,27.2872788266164,23.3231909240794
2002,2,ND,Nordeste,50065252,15879190,31073034,4411871,3113028,714093,0.317169880618997,0.620650706002638,0.0881224167212821,0.0621794133783647,0.014263245893579,1.0741361783263,70.6209160612124,20.5417640839542,2.32245096604347,53.3320619861678,14.8177695239478,68.1498315101156,27.7839801652351,27.5445161646245,23.6959409074773
2003,2,ND,Nordeste,50575534,15726144,31657608,4508514,3191782,731623,0.310943706496505,0.625947083425753,0.0891441699854321,0.0631092100777423,0.014465947111898,1.01923385904459,71.0573098346857,20.6867853291343,2.26944596881583,51.8315423720792,14.8595380041104,66.6910803761895,28.6689095559598,27.8144454984894,24.087313397218
2004,2,ND,Nordeste,51070449,15573510,32222578,4613593,3274361,750193,0.304941709049787,0.630943698967675,0.0903378194305674,0.0641145919825377,0.0146893754546783,0.978566039460893,71.8653075905386,20.9737630471136,2.16361426798491,50.426887034844,14.9387731497746,65.3656601846186,29.6246189844165,28.0968171632875,24.5020400081476
2005,2,ND,Nordeste,51553879,15420156,32773747,4731130,3359976,770767,0.29910758024629,0.635718352056496,0.0917705920828964,0.0651740676972144,0.0149507081707664,0.946594379853605,72.448141497025,21.2898341916103,2.15557963254887,49.1047220208853,15.0660488450747,64.17077086596,30.6814665169406,28.3914269380195,24.927415003795
2006,2,ND,Nordeste,52032456,15267180,33316956,4862753,3448320,793651,0.293416478361121,0.640311039709523,0.0934561497539151,0.0662724819293558,0.01525299901277,0.9283045413517772,73.1680763106949,21.6325825645312,2.06230151318107,47.8557134807175,15.2425342660203,63.0982477467378,31.8510229132034,28.6945776882029,25.3684003394375
2007,2,ND,Nordeste,52482875,15089746,33853605,5006544,3539524,818019,0.287517518809707,0.645040977652234,0.0953938594255745,0.0674415035380588,0.0155863984204371,0.865650085784919,73.4902152458578,21.8005015758693,1.99159701827282,46.5925814654432,15.4586968647667,62.0512783302099,33.1784511150817,29.0158986717096,25.8253698911822
2008,2,ND,Nordeste,52917626,14903325,34380149,5159311,3634152,842410,0.281632532041403,0.649691824799548,0.0974970230146001,0.0686756431590487,0.0159192704525331,0.8283673483969739,73.7941208539503,21.9241579858956,1.96723508019514,45.3609177783953,15.7032797757662,61.0641975541615,34.6185230477092,29.3442003048285,26.292563819795
2009,2,ND,Nordeste,53339516,14711774,34892606,5318918,3735136,866052,0.275813788786535,0.654160528940683,0.0997181526731514,0.0700256822727825,0.0162365927729828,0.79725798734811,74.0480781040118,22.0564360493944,1.90376831318883,44.1677976982916,15.9684953152354,60.136293013527,36.1541578874172,29.6777350398155,26.7657121565125
2010,2,ND,Nordeste,53692489,14497378,35352507,5481802,3842604,887157,0.270007561020313,0.658425557436907,0.102096254096173,0.0715668815427797,0.0165229255808946,0.661747661902301,74.1709267328501,21.9665437151396,1.83798130257565,43.0019432384997,16.2600532626447,59.2619965011444,37.8123685538171,30.0253907022265,27.2559227400736
2011,2,ND,Nordeste,53988268,14272900,35757633,5648113,3957735,906039,0.264370399880211,0.662322284537818,0.104617414287119,0.0733073155819705,0.0167821460766254,0.55087593350347,74.3550501772717,22.0978419858956,1.84612827605985,41.8962431813188,16.579301737108,58.4755449184268,39.5722873417455,30.3788153011317,27.7545909544058
2012,2,ND,Nordeste,54290315,14048226,36160276,5820794,4081813,924995,0.258761180516267,0.666053899300455,0.10721606606998,0.0751849201832776,0.0170379376137346,0.559467845866068,74.478433588676,22.1674486433617,1.79892112176527,40.8126016176904,16.9104445373133,57.7230461550038,41.4343704322524,30.7315926422604,28.2533679953191
2013,2,ND,Nordeste,54593052,13813190,36566208,6000720,4213654,945610,0.25302102545943,0.669796002612201,0.109917283979654,0.0771829719283692,0.017321068622432,0.557626162235381,74.6449945841921,22.3058834616344,1.76330677163816,39.7168797321107,17.2537896420792,56.9706693741899,43.4419565647037,31.0895564329322,28.7557035119084
2014,2,ND,Nordeste,54895712,13582685,36962542,6187754,4350485,969295,0.247427066798951,0.673322936407128,0.112718348566096,0.0792499967939208,0.0176570257436501,0.55439289234096,74.7570772999095,22.278444929993,1.77809089870609,38.6692652894114,17.6162445769461,56.2855098663575,45.556191577733,31.4449131290983,29.2554924360009
2015,2,ND,Nordeste,55204481,13381583,37333355,6380848,4489543,996435,0.242400304424563,0.676273996670669,0.115585689502271,0.0813256989047683,0.0180498934497727,0.562464696696163,74.8571487405625,22.2507744622583,1.82926512616266,37.7562330621395,18.0036087077356,55.7598417698751,47.6838054212271,31.7861038490698,29.7416255532953
2016,2,ND,Nordeste,55483846,13185535,37667407,6579657,4630904,1027875,0.237646377289707,0.67888961770963,0.118586894643172,0.0834640050006627,0.0185256624063155,0.506054934199995,74.9233430298107,22.2279063159446,1.70856332510611,36.9149828546171,18.4207865167596,55.3357693713767,49.9005690705762,32.1330083895049,30.2317185311139
2017,2,ND,Nordeste,55729786,12989385,37963147,6786474,4777254,1063867,0.233077963012454,0.681200301038299,0.121774628741621,0.0857217359492462,0.0190897377571125,0.443264152957235,75.1405349215688,22.3791298561901,1.75178022507466,36.1278616380347,18.8754736026471,55.0033352406818,52.2463072732081,32.4900870604456,30.7288148250883
2018,2,ND,Nordeste,55987936,12832333,38225458,7004192,4930145,1102826,0.229198179407792,0.682744546968118,0.125101807646562,0.0880572736240893,0.019697564846827,0.463217282047346,75.4522008450428,22.4476182402259,1.80512077932592,35.4960778709301,19.3746020037779,54.8706798747081,54.582374070249,32.8328034632318,31.209705339097
2019,2,ND,Nordeste,56272587,12691267,38492152,7233983,5089168,1141427,0.225531962836541,0.684030254375901,0.128552522385367,0.0904377827875587,0.0202838906268873,0.508414884235053,75.8406959000603,22.4913978580505,1.74838547028189,34.9166350206069,19.9023741409171,54.819009161524,56.9996912049837,33.1680125351266,31.6725551687902
2020,2,ND,Nordeste,56524887,12532961,38752272,7459032,5239654,1171861,0.221724653779494,0.685578937999469,0.131960139964543,0.0926964082210372,0.0207317707685112,0.448353298560811,74.0664678652788,21.2373908138681,1.67805573124722,34.3059627304642,20.4173039234176,54.7232666538818,59.5153212397294,33.4987745840164,32.1228896536095
2021,2,ND,Nordeste,56713897,12359662,38978029,7673443,5376206,1191873,0.217930042790041,0.687274743260898,0.135300929858514,0.0947952139490608,0.0210155369855822,0.334383684836026,73.2278103585152,20.875749976654,1.67849199193643,33.6951884790274,20.9195128611182,54.6147013401455,62.0845699502139,33.8163267461589,32.5529425259059
2022,2,ND,Nordeste,56848401,12176832,39148515,7905831,5523054,1211532,0.214198320195497,0.6886476015394,0.139068660875791,0.0971540782651037,0.0213116284484413,0.237162330777596,74.9193910754588,21.7957989821371,1.56612675297142,33.1200532408733,21.5032566461742,54.6233098870476,64.9251874379149,34.1590337430951,33.0102455234563
2023,2,ND,Nordeste,56970423,11971200,39298855,8173561,5700368,1241559,0.210130088028309,0.689811536066706,0.143470252976707,0.100058375904985,0.0217930451385274,0.214644559659649,75.9159515277552,22.7191099747263,1.56261597499825,32.5077659160615,22.1952859937725,54.703051909834,68.2768728281208,34.5414172894591,33.5033885503508
2024,2,ND,Nordeste,57112096,11769414,39440157,8467135,5902525,1283916,0.206075679659874,0.690574497563528,0.148254670954468,0.103349822776597,0.0224806317736964,0.248678160595728,76.1510992616663,22.8450912041617,1.54418474547815,31.9165814679305,22.9613814271013,54.8779628950318,71.9418570882119,34.9342946194796,33.9994293495733
2025,2,ND,Nordeste,57244485,11578750,39547519,8769374,6118216,1333232,0.202268393191065,0.690852909236584,0.15319159566201,0.106878697572351,0.0232901387793077,0.231805535555907,76.3785534556983,22.9635757063233,1.52290951123554,31.3818210961238,23.7675851014142,55.149406197538,75.7367936953471,35.3295744734187,34.4948558685668
2026,2,ND,Nordeste,57366981,11383296,39636720,9074519,6346965,1388477,0.19842940663027,0.690932646429485,0.158183659690929,0.110637946940244,0.0242034176419359,0.213987426037643,76.6005293287057,23.0770991052371,1.50489914349083,30.8413796182769,24.5860852017084,55.4274648199854,79.7178514904646,35.7265678840586,34.9899298291794
2027,2,ND,Nordeste,57480567,11181772,39711931,9378607,6586864,1447716,0.194531344828244,0.690875770240749,0.163161351557301,0.114592884931006,0.0251861816185634,0.197998915090203,76.8184965676535,23.1874904316011,1.48968475687429,30.286335486699,25.4023814829979,55.6887169696969,83.8740675449294,36.1240600845152,35.4853984260513
2028,2,ND,Nordeste,57586115,10987039,39764596,9680589,6834480,1509136,0.190793197283755,0.690524026494929,0.168106304792397,0.118682776221317,0.0262065951141174,0.183623797587096,77.0334806772353,23.29592489053,1.47689626392398,29.7602634690853,26.2215214832612,55.9817849523465,88.1091711788772,36.521240632399,35.978780642258
2029,2,ND,Nordeste,57684426,10786158,39806050,9982126,7092218,1572425,0.186985617227083,0.690065807363672,0.173047158343918,0.122948575409245,0.027259090694601,0.170719973035172,77.2453416850531,23.4020881377074,1.46620677887749,29.2179989989203,27.0400032592788,56.2580022581991,92.5457053382678,36.9173381217315,36.4710128055879
2030,2,ND,Nordeste,57776130,10560994,39858286,10284680,7356850,1637824,0.182791647692568,0.689874624693623,0.178009153607208,0.127333727613809,0.0283477623025287,0.158975318572119,77.4538728713198,23.505839576297,1.45728346047607,28.5969769774844,27.8487760887653,56.4457530662497,97.383636426647,37.3114676770493,36.959625481968
2031,2,ND,Nordeste,57858209,10344809,39890195,10589781,7623205,1705012,0.178795873200983,0.689447455934905,0.183029879130894,0.131756670864112,0.029468800183566,0.14206385924429,77.6593122207325,23.6076777524642,1.44988138954234,28.0167797203194,28.680235813288,56.6970155336074,102.368066921294,37.703661929805,37.4462172907803
2032,2,ND,Nordeste,57927552,10141482,39898421,10898917,7887649,1774253,0.175071820746024,0.688764148017165,0.188147377607119,0.136164031236811,0.0306288275396136,0.119849890272272,77.8620456988286,23.7079399592657,1.44384084508523,27.4932630338807,29.5466473110571,57.0399103449377,107.468681599001,38.0942163929178,37.9314532977676
2033,2,ND,Nordeste,57984557,9911844,39923556,11210947,8149157,1845675,0.170939376151481,0.688520496931623,0.193343669073819,0.140540126916896,0.031830457892435,0.0984074037860161,78.0624151159668,23.8069112664978,1.43898997445756,26.8892271737605,30.4134831738664,57.3027103476269,113.106572298757,38.4826462845961,38.4159039123223
2034,2,ND,Nordeste,58029645,9679819,39940529,11526539,8409297,1920314,0.166808171926608,0.688278017209997,0.19863190615762,0.144913810863396,0.0330919480896359,0.0777586349413717,78.2602949086396,23.9044637743389,1.43516249076596,26.2872214530984,31.3023087808538,57.5895302339522,119.078042678277,38.8684263706938,38.8983166400332
2035,2,ND,Nordeste,58063028,9475238,39918386,11850501,8669404,1998999,0.163188836793011,0.687500934329501,0.204097192450935,0.149310228877488,0.0344280873536254,0.0575274930598058,78.455595117549,24.0005619059882,1.43219126178864,25.7918813769846,32.2574183413479,58.0492997183325,125.068109107127,39.2509614724192,39.3794703528316
2036,2,ND,Nordeste,58084585,9285705,39867974,12188396,8930906,2080902,0.159865220694957,0.686377874611655,0.209838737764934,0.153756904693388,0.0358253743226365,0.0371268959655335,78.6485467504761,24.0955723767782,1.42993699609508,25.3635133586325,33.2920919592322,58.6556053178647,131.25978049055,39.6298208380072,39.8579898909072
2037,2,ND,Nordeste,58094114,9120788,39778157,12543597,9195169,2165722,0.157000208317146,0.684719229903394,0.215918552437171,0.15828056177946,0.0372795426400685,0.0164053853531021,78.8392860680465,24.1896137903201,1.42834292684158,25.0366616781585,34.4323093921451,59.4689710703036,137.527557925916,40.0047933771741,40.33486600677
2038,2,ND,Nordeste,58091703,8979874,39650718,12916630,9461111,2254341,0.154581007893675,0.682553892420747,0.222348964360711,0.162865099685578,0.0388065917089743,-0.0041501622694561,79.0277209619771,24.2825444894226,1.4273357673449,24.8095721203246,35.6860311777813,60.4956032981059,143.839768798538,40.3756321104926,40.8089966181834
2039,2,ND,Nordeste,58077616,8842812,39505429,13304750,9729375,2348866,0.152258522457258,0.680217814036995,0.229085677345985,0.167523663505747,0.0404435677938296,-0.024249590341674,79.2135451055394,24.3740111322039,1.42684333465415,24.6111848315062,37.0295853159586,61.6407701474648,150.458360982909,40.7419481887824,41.2808075338434
2040,2,ND,Nordeste,58051791,8714046,39333137,13703277,10004608,2450565,0.150108133614689,0.677552515132565,0.236052613777239,0.172339351252746,0.0422134262834371,-0.0444663568835213,79.396564524489,24.46387635153,1.42679232756208,24.4539809041067,38.4551187911659,62.9090996952726,157.255045474857,41.1034306245608,41.749071648935
2041,2,ND,Nordeste,58013546,8593312,39127993,14105335,10292241,2559250,0.148125956651572,0.674463046958033,0.243138645584602,0.177410996390395,0.0441146969364707,-0.0658808270015299,79.5769296354607,24.5523521646584,1.42712719619908,24.3333897118041,39.9415980207107,64.2749877325148,164.143173202602,41.4600790822199,42.2139739382171
2042,2,ND,Nordeste,57962156,8479009,38887604,14505111,10595543,2673566,0.146285258954136,0.670913690650155,0.25025140541701,0.18280105039571,0.0461260619774047,-0.0885827596196265,79.7548830162136,24.63967105146,1.42779198745379,24.2409522364263,41.469197984701,65.7101502211273,171.070829149963,41.8119605661322,42.6735584092399
2043,2,ND,Nordeste,57897526,8369984,38612512,14901327,10915030,2790992,0.144565486269655,0.666911259731547,0.257374157921705,0.188523253998798,0.0482057212600069,-0.1115037887824629,79.930453367401,24.7259366456469,1.42873527690792,24.1723907738689,43.0348133632278,67.2072041370967,178.032920970936,42.1589881750733,43.1281624045045
2044,2,ND,Nordeste,57819583,8265332,38306172,15292872,11248079,2913165,0.142950391046577,0.662512076574471,0.264492948695254,0.194537532378952,0.0503837082325551,-0.134622332567369,80.1036675562362,24.8111956372229,1.42991881018972,24.1243412881892,44.6358916259617,68.7602329141509,185.02429182518,42.5009394135547,43.5723102156427
2045,2,ND,Nordeste,57728113,8164087,37973861,15674180,11590165,3037672,0.141423070593006,0.657805340008256,0.27151727616664,0.200771589398739,0.0526203238273179,-0.158198996350423,80.2745550380627,24.8954007388922,1.43132257715611,24.0900681578783,46.250372456694,70.3404406145723,191.989379829,42.8375694178675,44.0100699882686
2046,2,ND,Nordeste,57622789,8065508,37622545,16038408,11934736,3160860,0.139970802176896,0.652910864831621,0.278334462429439,0.207118332991484,0.0548543389664808,-0.18244836792084,80.4431444468654,24.9785509313082,1.43291532965442,24.0625870684853,47.8488879981138,71.9114750665991,198.851802019166,43.1687774953066,44.4353012348359
2047,2,ND,Nordeste,57503504,7969036,37258229,16380810,12276239,3280180,0.138583485277697,0.647929715726541,0.284866292669748,0.213486798995762,0.0570431325367581,-0.207010111919437,80.6094439117749,25.0606182859654,1.43465935709885,24.0366719111357,49.4087560413394,73.4454279524751,205.555728446954,43.4944371911666,44.8540310052309
2048,2,ND,Nordeste,57370187,7874108,36882535,16698610,12613544,3395105,0.137250868643674,0.642886783687841,0.291067728261022,0.219862347668485,0.0591789076790006,-0.231841523953047,80.7734579676316,25.1416719203753,1.43653084014952,24.0082794193662,50.9143251267346,74.9226045461008,212.069862389492,43.8145275175763,45.2629922967748
2049,2,ND,Nordeste,57222719,7780060,36496999,16992841,12945660,3506912,0.135961033239263,0.63780609586203,0.296959691831491,0.226232870898707,0.0612853087250188,-0.257046399378125,80.9351822720261,25.2217335119434,1.43850512606342,23.9756660576648,52.366521747518,76.3421878051828,218.415294997725,44.1289725502208,45.6645746199917
2050,2,ND,Nordeste,57060905,7686453,36107144,17267134,13267308,3616764,0.134706117962903,0.632782532979454,0.302608835243675,0.232511349057643,0.0633842733479253,-0.282779292609292,81.0946786767529,25.3007628367666,1.44058562423847,23.939878752875,53.7794343333193,77.7193130861942,224.643720582172,44.4375954079242,46.0592543994472
2051,2,ND,Nordeste,56884656,7593114,35719561,17527127,13571981,3725930,0.133482638973856,0.627929630092164,0.308116955124067,0.23858773093398,0.0654997368710466,-0.308878732294904,81.2519473574605,25.378733024283,1.44275682757584,23.904466680718,55.178497699391,79.082964380109,230.829235541571,44.7402418501045,46.4461368088184
2052,2,ND,Nordeste,56694045,7500206,35338659,17777014,13855180,3835640,0.132292659661169,0.623322237811749,0.313560515923674,0.244385102527082,0.0676550773542442,-0.335083330731578,81.4069643414978,25.455565056145,1.44499921370529,23.8732144320758,56.584374773708,80.4575892057838,237.020343174574,45.0367260617936,46.8280785128732
2053,2,ND,Nordeste,56489160,7407601,34967221,18016923,14114338,3945341,0.131133141296489,0.619007629074321,0.318944785158781,0.249859229629189,0.0698424441078607,-0.361387161561677,81.5594971882065,25.5310109104267,1.44730138312463,23.8457679014813,57.9981783787842,81.8439462802654,243.222103890315,45.3270230076,47.205911324988
2054,2,ND,Nordeste,56269870,7314758,34604513,18245596,14350599,4055724,0.129994222485319,0.614974106035788,0.324251611030912,0.255031671478893,0.072076299447644,-0.388198372926774,81.7096764672497,25.6052260681171,1.44965467248452,23.8191901168354,59.4134925473915,83.2326826642269,249.435401690664,45.6112708453032,47.5701169283848
2055,2,ND,Nordeste,56036176,7221499,34247016,18464229,14567661,4170448,0.12887208791692,0.611159048397592,0.329505514437673,0.259968863685488,0.0744242076761269,-0.41530929429906,81.8575288240421,25.6781440919939,1.45205910400874,23.7937146759745,60.8367593124161,84.6304739883905,255.684159202958,45.8894665653131,47.9248598299394
2056,2,ND,Nordeste,55788262,7128027,33889111,18674138,14771124,4293586,0.127769296702593,0.607459522578423,0.334732385102802,0.264771180718983,0.0769621753049055,-0.442417769549441,82.0030690617155,25.7497321690875,1.45450418304203,23.7711063230403,62.2759874351103,86.0470937581507,261.981863985644,46.1614651841995,48.2713626940251
2057,2,ND,Nordeste,55526615,7034757,33526627,18876031,14965231,4427635,0.126691623467413,0.603793820314817,0.339945645885311,0.269514556217771,0.0797389684208195,-0.469000091811433,82.1462861241873,25.8199687847234,1.45699155723646,23.7533701152428,63.7362954612073,87.4896655764501,268.325274064193,46.4270318837192,48.6102772966163
2058,2,ND,Nordeste,55251549,6941857,33159552,19070238,15150140,4572898,0.1256409480936,0.60015606078302,0.345153001954751,0.27420299112338,0.0827650641975667,-0.495376856665941,82.2871671190824,25.8888643696184,1.45952148706292,23.7414043367568,65.2209100758174,88.9623144125742,274.713783357969,46.6860624305755,48.9410696779097
2059,2,ND,Nordeste,54963075,6849091,32789277,19255436,15324707,4727357,0.124612587632697,0.596569187586393,0.350334037897261,0.27881822478091,0.0860096892322709,-0.522110248890939,82.4257299190844,25.9564405497891,1.46209033788093,23.7333181142724,66.7235094433719,90.4568275576443,281.138562766942,46.9386904389902,49.2525777818246
2060,2,ND,Nordeste,54661440,6756498,32414798,19426255,15490144,4887646,0.123606293577337,0.593010319523232,0.355392302142058,0.28338338689943,0.0894167076461945,-0.54879571421359,82.5620308330977,26.0227608272368,1.4646942638737,23.7247524789328,68.2133098341226,91.9380623130554,287.519584850021,47.1847562376696,49.5570463547249
2061,2,ND,Nordeste,54347032,6664518,32034849,19574486,15647665,5048768,0.122628922955719,0.589449834169417,0.360175805000722,0.287921242874864,0.0928986885613183,-0.575191579292456,82.6961506349212,26.0878170956998,1.46733222748218,23.7103719976371,69.6401967437915,93.3505687414286,293.711953362569,47.4238071915316,49.8549840463041
2062,2,ND,Nordeste,54020344,6573612,31648901,19700726,15797831,5206488,0.121687710837236,0.58587003814711,0.364690865352505,0.292442251015654,0.0963801341213229,-0.601114703007144,82.8280745802035,26.1516465545315,1.47000055136186,23.692101847019,71.0038266408506,94.6959284878696,299.694079906146,47.655253213493,50.1466128533424
2063,2,ND,Nordeste,53681870,6484200,31256766,19807205,15940904,5359860,0.120789383827352,0.582259261832719,0.368973826731446,0.296951354339929,0.0998448824528654,-0.626567650143062,82.9578377808241,26.2143352192816,1.47269551275319,23.6732016050111,72.3142341687153,95.9874357737264,305.468754819407,47.8785546405146,50.4230484395936
2064,2,ND,Nordeste,53331923,6396502,30859870,19896886,16075551,5508127,0.11993758409949,0.578637863855012,0.373076478041116,0.301424552045498,0.103280112363471,-0.651890479970241,83.0854558259153,26.2758970595876,1.47541813564321,23.6569843743383,73.587145161526,97.2441295358643,311.058856856451,48.093415345252,50.6915542443994
2065,2,ND,Nordeste,52970842,6310692,30463524,19972041,16196626,5647441,0.119135202721527,0.575099863430527,0.377038390290266,0.305764933847946,0.10661414443818,-0.677044778602864,83.2108985172165,26.3362786852679,1.47816431176629,23.6460814814568,74.8349798781173,98.481061359574,316.47941303426,48.2995277854938,50.9558324956625
2066,2,ND,Nordeste,52599125,6227042,30075787,20038185,16296296,5773060,0.118386798259477,0.57179253457163,0.380960424721894,0.309820667168893,0.109755818181386,-0.701738892502413,83.3341330784033,26.3955963827099,1.48093239126322,23.6464878841712,76.0927417581704,99.7392296423416,321.792995775522,48.4964294177897,51.2317961675257
2067,2,ND,Nordeste,52217337,6145731,29696247,20078814,16375359,5881872,0.117695220650567,0.568704738811173,0.384523898643089,0.31360004053826,0.112642128801015,-0.72584477403379,83.4551834775042,26.4537230646576,1.48371968048693,23.6439817623286,77.2476231102838,100.891604872612,326.711566126145,48.6836882164251,51.4943543829
2068,2,ND,Nordeste,51826019,6067023,29322791,20105466,16436205,5972277,0.117065194608137,0.565792850112605,0.387941547275703,0.317141955279258,0.11523703952642,-0.749402444632519,83.5741424095983,26.5107113137017,1.48652363912621,23.6498563745418,78.3730971916925,102.022953566234,331.389315649537,48.8608922672606,51.742220854339
2069,2,ND,Nordeste,51425753,5991271,28952531,20117849,16481951,6045575,0.116503320816712,0.562996734340477,0.391201836169516,0.320499944842811,0.117559289797857,-0.772326348276919,83.691154272091,26.566690740713,1.4893431289605,23.6653547096883,79.4649470172436,103.130301726932,335.785995993171,49.027767138383,51.9745817204622
2070,2,ND,Nordeste,51017220,5918642,28583384,20105130,16515194,6105206,0.116012632597386,0.5602693365103,0.394085173594328,0.323718030892314,0.119669515508685,-0.794413258275484,83.8063257114486,26.6218025308319,1.49217652918475,23.6807742573174,80.4416021350876,104.122376392405,339.691604932348,49.1843132573668,52.2237703317086
2000,3,SD,Sudeste,74758366,20311743,49571040,7051647,4875583,866087,0.271698594910435,0.663083513623077,0.0943258577909528,0.0652178914664882,0.011585151553473,,71.5902511425148,20.0272778801821,2.06232349005594,42.8563208893702,14.8784693972627,57.7347902866329,34.7170944413781,29.6594417272309,27.2966168472065
2001,3,SD,Sudeste,75676496,20194660,50451933,7247076,5029903,895725,0.266855114433417,0.666679030699307,0.0957638947765235,0.0664658548672761,0.0118362377666112,1.22813010653551,72.1500515980059,20.2574368221872,1.91133265959159,41.86744165411,15.0245922235334,56.8920338776434,35.8861005830254,29.9288434549084,27.5961562493574
2002,3,SD,Sudeste,76559025,20060322,51308313,7447632,5190390,934872,0.262024261672611,0.670179812242907,0.0972796087724471,0.0677959260844819,0.0122111272968798,1.16618639425377,72.4589458161455,20.3810454578811,1.83131789593254,40.8968073296504,15.1834238237122,56.0802311533626,37.1261837172903,30.2130264589968,27.9119514769244
2003,3,SD,Sudeste,77407786,19917576,52136800,7654940,5353410,980820,0.257307139620296,0.673534313460406,0.0988910857106803,0.0691585469192983,0.0126708184109542,1.10863611442282,72.6956816965826,20.4320430005517,1.78958973815781,39.9668267072698,15.3604866593479,55.3273133666177,38.4330904523723,30.5073643625462,28.245803783379
2004,3,SD,Sudeste,78230351,19772057,52941029,7875136,5517265,1031988,0.252741509494186,0.676732602158464,0.100665993432651,0.07052588834735,0.0131916575447808,1.0626385826356,73.0770793891329,20.5825555984046,1.76908496994962,39.0882218148578,15.568691855894,54.6569136707518,39.8296242014678,30.8090235335899,28.5949685939887
2005,3,SD,Sudeste,79032587,19622240,53728728,8113523,5681619,1086869,0.248280370728596,0.67983005541752,0.102660475988215,0.0718895738538838,0.0137521627629373,1.02547922864362,73.4115255229982,20.6923418951601,1.73341755838183,38.2523487224082,15.8168135321594,54.0691622545677,41.3486074984304,31.1160778148386,28.954625424838
2006,3,SD,Sudeste,79807799,19452509,54508429,8372287,5846861,1144076,0.243741955595092,0.682996269575108,0.10490562457436,0.0732617748298008,0.0143353909559641,0.9808764073482752,73.7769293399591,20.8690210052179,1.67649718115124,37.4209027516167,16.105816356935,53.5267191085517,43.0396253768601,31.4310653774577,29.3372388620426
2007,3,SD,Sudeste,80548781,19251670,55282175,8650680,6014936,1202265,0.239006348215251,0.686319200783436,0.107396783571436,0.0746744510013131,0.0149259242048616,0.928458132268495,73.9823033410438,20.928608155002,1.63734772711408,36.5678539538606,16.4316551676599,52.9995091215205,44.9346991715524,31.7552478168478,29.7349405983321
2008,3,SD,Sudeste,81271966,19039734,56042938,8948397,6189294,1260205,0.234271852116879,0.689572810383349,0.110104350127324,0.0761553374997721,0.0155060233192833,0.8978224015581351,74.2321654123269,21.0619784966343,1.64061619585676,35.732664512605,16.7938306242409,52.5264951368459,46.9985400006114,32.0799040963276,30.1421876028116
2009,3,SD,Sudeste,81977704,18823576,56779429,9264982,6374699,1317032,0.229618238637179,0.692620386147921,0.113018315321444,0.0777613752148999,0.016065734165963,0.8683658520085571,74.3940950009063,21.1016618082593,1.61672817485479,34.930180559922,17.1926680745692,52.1228486344913,49.2200950552647,32.403171659943,30.5594949900972
2010,3,SD,Sudeste,82575202,18591035,57408437,9600603,6575730,1374028,0.225140654212387,0.69522611643142,0.116264965358486,0.0796332293561934,0.0166397170908525,0.728854274815993,74.6287687858536,21.2237205014633,1.61795549223019,34.1850250932432,17.6535009731984,51.8385260664417,51.6410355851624,32.7359812937545,30.9973117303509
2011,3,SD,Sudeste,83107250,18362437,57949698,9956436,6795115,1432002,0.22094867776277,0.697288118665941,0.119802255519224,0.0817632035712889,0.0172307710819453,0.644319344202149,74.8027832847282,21.3240552531445,1.64672101404497,33.5152052414329,18.1725331998792,51.6877384413121,54.221757166546,33.0691208649065,31.4518140183906
2012,3,SD,Sudeste,83689735,18156179,58500531,10333056,7033025,1490051,0.216946307692335,0.699016802956778,0.12346861894114,0.0840368893508863,0.0178044655058353,0.700883496927163,75.0675266734873,21.4988307822882,1.66159116248358,32.8913306944683,18.7191347904457,51.6104654849141,56.91206282996,33.3899308439679,31.8912677996521
2013,3,SD,Sudeste,84289393,17956553,59042042,10731315,7290798,1549122,0.213034551097076,0.700468230919637,0.127315129674739,0.0864972179832876,0.0183786114108094,0.716525150904102,75.3376855196337,21.6669699492942,1.65381704728897,32.2950728419769,19.3003968865962,51.5954697285731,59.7626671444124,33.7064221829193,32.3276948853107
2014,3,SD,Sudeste,84893919,17775692,59551392,11149136,7566835,1608949,0.209387105806719,0.701480067141205,0.131330207526407,0.0891328270520766,0.0189524646635762,0.717202934419037,75.5471412980932,21.7529915002996,1.70629482491634,31.7598368713903,19.9201662932135,51.6800031646038,62.721248770512,34.0148721252932,32.7564935064935
2015,3,SD,Sudeste,85494023,17636584,59998300,11583471,7859139,1669113,0.206290257273307,0.701783562109365,0.13548866451167,0.0919261806173281,0.0195231542677551,0.706886909061177,75.7081236532186,21.79673348297,1.73679818745313,31.3405729626175,20.5840665083365,51.924639470954,65.6786540976416,34.3113384429225,33.1763840817344
2016,3,SD,Sudeste,86032875,17498941,60366211,12034039,8167723,1731083,0.203398305589578,0.701664462567362,0.139877215541152,0.09493723184306,0.0201211804208566,0.630280317958598,75.9484420968059,21.8900862488581,1.63734984514884,30.9716345490554,21.2992236534245,52.2708582024798,68.7700987162595,34.6181450172391,33.6057691642942
2017,3,SD,Sudeste,86509018,17362783,60652684,12500599,8493551,1796155,0.200704890673941,0.701114004091458,0.144500530568963,0.0981811052346011,0.0207626330933499,0.55344308788936,76.091068442503,21.9891943484238,1.67965241604918,30.6515809973428,22.0680706983323,52.7196516956752,71.9965169178236,34.935447030505,34.0459242306025
2018,3,SD,Sudeste,86949467,17255668,60857194,12980463,8836605,1863214,0.198456282658984,0.699914514714622,0.149287436115048,0.101629202626394,0.0214286994996761,0.509136515686714,76.3247300287696,22.1032530694965,1.68391431994527,30.4261205865231,22.8878495174398,53.3139701039629,75.2243436765241,35.2500193934484,34.4862233889829
2019,3,SD,Sudeste,87386818,17148274,61043455,13468867,9195089,1929335,0.196234104782257,0.698543057146216,0.154129276111186,0.105222838071527,0.0220781010701179,0.502994457688866,76.421147470411,22.1280892444519,1.63119592956232,30.2067492827201,23.7254599845618,53.9322092672819,78.5435723735228,35.565360132463,34.9210691463681
2020,3,SD,Sudeste,87778972,17018506,61214934,13935387,9545532,1985761,0.193879076186948,0.697375836208244,0.158755413540273,0.108745087604808,0.0226222858932547,0.448756470340861,75.1435225998838,21.1113762753649,1.56839389263398,29.9489350467951,24.5233042262906,54.4722392730857,81.8837270439603,35.8740363010859,35.3378891377104
2021,3,SD,Sudeste,88016928,16866396,61292960,14341669,9857572,2022377,0.191626728894696,0.696376951488241,0.162942167215834,0.111996319617063,0.0229771368525836,0.271085425789686,72.8953134060065,19.8719054202815,1.5128077724713,29.6897264076558,25.2454779811383,54.9352043887941,85.0310226322209,36.1634216658868,35.7277719385565
2022,3,SD,Sudeste,88178052,16699736,61292813,14757419,10185503,2056202,0.189386538046905,0.695102824453414,0.167359322022673,0.115510637499681,0.023318750566184,0.183060240411925,75.8312981870783,21.5900335172996,1.48160890438172,29.4419462372043,26.0176051165058,55.4595513537101,88.3691754169048,36.4732081516158,36.1402121587113
2023,3,SD,Sudeste,88387852,16518235,61291202,15241645,10578415,2112720,0.186883543679736,0.693434681498992,0.172440495555883,0.119681774821273,0.0239028322579895,0.237927687493023,76.6489595547433,22.317529690665,1.4751188537971,29.1697449451306,26.9153996897505,56.0851446348811,92.2716319267767,36.8225471527467,36.5900762959563
2024,3,SD,Sudeste,88617693,16327292,61291190,15747890,10999211,2189768,0.184244155396824,0.691636037060906,0.177705935089057,0.12411980754227,0.0247102799211891,0.260036865699598,76.8585460993648,22.4379620263248,1.45199619741334,28.8761353382413,27.8514160787801,56.7275514170214,96.4513282423074,37.1813433238439,37.0400869496816
2025,3,SD,Sudeste,88825643,16126346,61271605,16253888,11427692,2279891,0.181550568679812,0.6897963575676,0.182986437824041,0.128653073752587,0.0256670362633907,0.234659685848504,77.0646975616198,22.5561606770912,1.43895943248716,28.569809813939,28.7957661888853,57.3655760028242,100.790892121501,37.5418046453095,37.4817431115772
2026,3,SD,Sudeste,89015421,15898777,61255488,16754577,11861156,2381283,0.17860699664612,0.688144675516392,0.188221061157482,0.133248327837488,0.0267513535660299,0.2136522670598719,77.2681776047441,22.6726208449721,1.42897619730695,28.2082929996162,29.7266901158895,57.9349831155057,105.382803972909,37.9015993419837,37.9192623547911
2027,3,SD,Sudeste,89188478,15644648,61246523,17246626,12297307,2491445,0.175411088414358,0.686708915472243,0.193372803155134,0.137879996113399,0.0279346060821892,0.194412381647902,77.46916295733,22.7876946397558,1.42143201669139,27.7893871958543,30.6349601305244,58.4243473263788,110.239782959642,38.2596600202102,38.3462032595372
2028,3,SD,Sudeste,89346200,15379408,61232868,17728810,12733924,2609130,0.172132759983077,0.685343842267494,0.198428248767155,0.142523397749429,0.029202473076639,0.17684122830306,77.6678342955636,22.9015625839724,1.41584632017313,27.3470125581675,31.5246197845435,58.871632342711,115.276283716512,38.6152021798353,38.7669281746792
2029,3,SD,Sudeste,89489886,15092288,61226814,18203193,13170784,2735919,0.168647974364388,0.684175796134102,0.203410617821102,0.14717622950151,0.0305723822242885,0.160819374522925,77.8641093599752,23.0141082591742,1.41183609530983,26.8572787628946,32.3932480466694,59.2505268095641,120.612547282427,38.9674487461075,39.1795318849358
2030,3,SD,Sudeste,89620404,14772666,61242188,18672315,13605550,2873208,0.164835967487939,0.683350947625721,0.208348926880535,0.151813084886339,0.0320597528214669,0.145846649083903,78.0578655871467,23.1251564136789,1.40908279373428,26.2973827540204,33.2392957681867,59.5366785222071,126.397733489676,39.3154954423102,39.5856477588173
2031,3,SD,Sudeste,89734008,14474464,61225886,19138424,14033658,3019427,0.161304106688291,0.682304149392279,0.213279495996657,0.156391743919429,0.0336486363118875,0.126761312078005,78.2492553985875,23.2347804501158,1.40730664840037,25.791473869374,34.101999389891,59.893473259265,132.221987632841,39.6594213533848,39.9870397943392
2032,3,SD,Sudeste,89826776,14195100,61179595,19603698,14452081,3173337,0.158027490600353,0.681084168043613,0.218238913528412,0.160888341356034,0.0353272948368981,0.103381094935595,78.4382729896756,23.3429536511455,1.406312928799,25.3357349429958,34.9891227557775,60.3248576987733,138.101866136906,39.9995488984265,40.3870650418441
2033,3,SD,Sudeste,89899108,13898685,61140795,20066249,14859628,3334026,0.15460314689663,0.680104579013176,0.223208543960191,0.165292274090195,0.0370863079086391,0.0805238740840375,78.6247718844049,23.4495871753392,1.40598192929553,24.8482886329921,35.874756995607,60.7230456285991,144.37516211066,40.3354804254565,40.7845151212043
2034,3,SD,Sudeste,89951281,13617326,61075873,20527088,15258082,3502442,0.151385570595709,0.678988362600417,0.228202286524413,0.169626066803874,0.0389370997395801,0.0580350585903444,78.8086153026001,23.5544937654299,1.40617649544331,24.4008071623157,36.7823694528489,61.1831766151646,150.742429167077,40.6667160971282,41.1796604649112
2035,3,SD,Sudeste,89983233,13376843,60956615,20993494,15649775,3679192,0.148659284113519,0.677421925927022,0.233304509074485,0.173918789959458,0.0408875284576628,0.0355214507729018,78.9897621740261,23.6576732619024,1.4067960188625,24.053491118319,37.7493270625576,61.8028181808766,156.939077478894,40.9926822255875,41.5714908807755
2036,3,SD,Sudeste,89994489,13178477,60779283,21473806,16036729,3863004,0.146436489016566,0.675366721622254,0.238612455480468,0.17819678936118,0.0429248951010767,0.0125089970928194,79.1683626592343,23.7593667715664,1.40776386393133,23.8127063456777,38.8018612774489,62.6145676231265,162.946036935831,41.3129705864545,41.959392327231
2037,3,SD,Sudeste,89984615,13012095,60551562,21972975,16420958,4052052,0.144603552507281,0.672910163587409,0.244185908891203,0.18248628390531,0.0450304977134147,-0.0109717829499534,79.3446672715969,23.8597954416848,1.40899275047444,23.6585502661886,39.951194141697,63.6097444078856,168.865774496728,41.6274385682486,42.343972850468
2038,3,SD,Sudeste,89953691,12859237,60293671,22492532,16800783,4243746,0.142953967280787,0.670274563830849,0.25004568183867,0.186771468888364,0.0471770080007056,-0.034365874655351,79.5188019268679,23.9591063320282,1.41043012581395,23.5508870914837,41.1936634758022,64.7445505672859,174.913426045418,41.9358939479204,42.7244166956095
2039,3,SD,Sudeste,89901937,12718937,60005502,23028060,17177498,4436931,0.141475672543073,0.667455051608065,0.256146427634813,0.191069275848862,0.0493530078222897,-0.0575340482693475,79.6907726859666,24.0572920503688,1.41204195047424,23.4861990429682,42.5225473428648,66.0087463858329,181.053338026598,42.2381570377065,43.1007356954806
2040,3,SD,Sudeste,89829115,12592612,59678052,23570104,17558451,4630710,0.140184081742317,0.664350884454333,0.262388246839569,0.19546503380335,0.0515502128680662,-0.0810015917677043,79.8605500683328,24.1542860640121,1.41380084772775,23.4646114415092,43.9196674999565,67.3842789414658,187.17406682585,42.5341597098001,43.4725930555653
2041,3,SD,Sudeste,89734783,12475401,59307351,24104897,17952031,4823618,0.139025254008805,0.66091819712764,0.268623784380244,0.200056548863555,0.0537541613044297,-0.1050127233247269,80.0281422981448,24.250063295837,1.41569753700068,23.470081593303,45.348754672348,68.818836265651,193.219416353831,42.8239213550001,43.8402194077008
2042,3,SD,Sudeste,89618705,12365057,58890366,24621737,18363282,5014392,0.137974064677681,0.657121367687694,0.274738817080653,0.204904567634625,0.0559525157164456,-0.129356751216525,80.1935604757069,24.3445847010404,1.41771465743747,23.4934600797604,46.7810051586385,70.2744652383988,199.123522034714,43.1075010177842,44.2040638303368
2043,3,SD,Sudeste,89481210,12260013,58427295,25118082,18793902,5201758,0.137012150372128,0.652956022834291,0.280707893869562,0.21003182679358,0.0581324056748897,-0.153422212472276,80.3568299221071,24.4378480178334,1.41982505190001,23.5302879683873,48.2084075011638,71.7386954695511,204.878102494671,43.3848593687993,44.5637215386015
2044,3,SD,Sudeste,89322678,12158869,57923948,25594341,19239861,5385871,0.136122978757981,0.648479751133301,0.286537994304201,0.215397270108718,0.060296792713716,-0.177167921622878,80.5178283954467,24.5297536783282,1.42202193114522,23.5776506362253,49.6308028618794,73.2084534981047,210.499356477975,43.6559691033894,44.9184732439403
2045,3,SD,Sudeste,89143066,12060053,57390663,26045978,19692350,5565606,0.135288739115166,0.643804006023306,0.292181760945938,0.220907254861528,0.0624345364113906,-0.201082193258917,80.6765032247141,24.620247775831,1.42429411673664,23.6300031927795,51.0334857814526,74.6634889742321,215.96901771493,43.9209257061003,45.2640174491299
2046,3,SD,Sudeste,88942311,11962369,56841520,26467955,20138422,5738315,0.134495819430642,0.639083011908697,0.297585645149247,0.226421168660661,0.0645172689520064,-0.225205401842477,80.8328878178443,24.7093761835363,1.426632312017,23.6822380398538,52.3993542364508,76.0815922763046,221.260145043177,44.1798769316889,45.5977774256975
2047,3,SD,Sudeste,88720514,11864885,56287609,26857104,20568020,5902413,0.133733276162038,0.634437363606798,0.302715829621997,0.231829360231164,0.0665281650645081,-0.249371752888228,80.9870170523138,24.7971981635435,1.42904125718871,23.7304700488664,53.7157926158822,77.4462626647486,226.357895588537,44.4329700344162,45.9210030619612
2048,3,SD,Sudeste,88478052,11766892,55732232,27210419,20978928,6057691,0.132992213707418,0.629898949402729,0.307538631162449,0.237108836889854,0.0684654653111034,-0.273287415805545,81.1389695396852,24.8837637749859,1.43151076898784,23.7711431430895,54.9697205542842,78.7408636973737,231.245591444198,44.6803651599382,46.2292747245434
2049,3,SD,Sudeste,88215192,11667566,55175873,27529404,21371753,6206177,0.132262547249231,0.625469057529229,0.312071009265615,0.24226839522154,0.070352700700351,-0.297090627628194,81.2887570417725,24.9690519738608,1.43402558071618,23.8025075654519,56.1615719150319,79.9640794804838,235.948131769728,44.9222920696018,46.5269439886755
2050,3,SD,Sudeste,87931994,11566040,54623597,27820956,21742357,6350353,0.13153392154396,0.621202755847889,0.316391733366128,0.247263322608151,0.0722189127202097,-0.321030871870687,81.4363767651271,25.0530492288172,1.43657750555205,23.8254000958039,57.3096243612988,81.1350244571027,240.540029258069,45.1590512436236,46.815960681554
2051,3,SD,Sudeste,87628651,11461941,54080612,28094629,22086098,6492477,0.130801294658753,0.617156733361101,0.320610082197888,0.252041971980146,0.0740908016488808,-0.344974549309096,81.5818466960279,25.1357908043224,1.4391638636583,23.8432386565499,58.4427143896683,82.2859530462182,245.112315619143,45.3908795765896,47.096397770466
2052,3,SD,Sudeste,87305465,11355346,53550085,28357460,22400034,6634618,0.13006454979651,0.613364638742832,0.324807387487141,0.256570811460657,0.0759931580457191,-0.368813163630699,81.7251606264253,25.2173041608212,1.44178248250495,23.8594485758823,59.583684954438,83.4431335303203,249.727837443262,45.6179276406122,47.3695034328181
2053,3,SD,Sudeste,86962657,11245830,53035548,28610605,22681279,6776017,0.129317920909431,0.60986577261548,0.328998744829059,0.260816306475089,0.0779186979073098,-0.3926535412187569,81.866290943397,25.2975535435296,1.44442813716046,23.8733431010451,60.7363608994158,84.6097040004609,254.410790488563,45.8404408342767,47.634477323226
2054,3,SD,Sudeste,86600266,11132812,52536229,28852334,22931225,6917962,0.128554016219765,0.606652051161136,0.333166805746301,0.264793932619098,0.0798838423891215,-0.416720248094538,82.0052839333478,25.3765817255148,1.447096976725,23.8824055370875,61.8947972245915,85.777202761679,259.164836341438,46.0587053277642,47.8901026991655
2055,3,SD,Sudeste,86218421,11016229,52045761,29083002,23156431,7066072,0.127771175489284,0.603650129477551,0.337317729351596,0.268578695033165,0.0819554790965147,-0.44092820684869,82.1421464271273,25.4543520537355,1.44978471941342,23.8864320904162,63.0605220950325,86.9469541854486,264.00142916419,46.2728676392717,48.1313831656328
2056,3,SD,Sudeste,85817674,10896693,51555020,29302064,23365961,7226571,0.126974928264777,0.600750609950114,0.341445562833595,0.27227446178511,0.0842084230807747,-0.4648043832767509,82.2769310438763,25.530861148473,1.45248621136455,23.8863474115354,64.2322657506315,88.1186131621669,268.907860393975,46.4828080285653,48.368535230665
2057,3,SD,Sudeste,85398961,10775084,51057372,29508564,23566505,7402989,0.126173478855322,0.597868772665747,0.345537740207401,0.275957748478931,0.0866871085234866,-0.487909984602941,82.4096417015438,25.6061252730772,1.4552000210194,23.8834295574986,65.4069805522573,89.2904101097559,273.859247872221,46.6882221904316,48.6027079055091
2058,3,SD,Sudeste,84962686,10651450,50552212,29704053,23759024,7596225,0.125366210762216,0.594993100853709,0.349612923018936,0.279640688384075,0.0894066013873431,-0.510866871085236,82.5403082015311,25.6801752856437,1.45792797613327,23.87832919196,66.5902910748702,90.4686202668301,278.873327105699,46.8890763881923,48.8336830645635
2059,3,SD,Sudeste,84509059,10525678,50041674,29887705,23941707,7802892,0.124550883947246,0.592145677542096,0.353662735731089,0.283303438510657,0.0923320185117669,-0.533913205145142,82.6689573073625,25.7530236300021,1.46067047512737,23.8700910266122,67.7792194409266,91.6493104675388,283.95040205486,47.0853933422688,49.059871082982
2060,3,SD,Sudeste,84038674,10398456,49525473,30048441,24114745,8016024,0.123734175053738,0.58931763963815,0.357554915728442,0.286948185308112,0.0953849414615942,-0.556608966619776,82.795617157567,25.8246899049383,1.46342840850745,23.8541686428612,68.9314431939767,92.7856118368379,288.970218270866,47.2768536543068,49.2937011618845
2061,3,SD,Sudeste,83552536,10270953,49004118,30174043,24277465,8225603,0.122928082039305,0.586506650139261,0.361138565560715,0.290565267821434,0.0984482745083883,-0.578469384226599,82.920357085698,25.8951894032992,1.46620132758178,23.8263491723258,69.9971350719619,93.8234842442877,293.780362932242,47.4628632337384,49.5330277247727
2062,3,SD,Sudeste,83051673,10144324,48478582,30266242,24428767,8423789,0.122144727897294,0.583715899377488,0.364426638341169,0.294139372725219,0.101428287904568,-0.599458764483218,83.0431824098831,25.964544572577,1.46898718862447,23.7900108925409,70.9790250051435,94.7690358976844,298.356420792554,47.6427511821466,49.7746157976397
2063,3,SD,Sudeste,82536735,10019164,47947534,30329655,24570037,8608629,0.121390360304415,0.580923560884738,0.367468558091134,0.297686078810847,0.104300575979895,-0.620021224617595,83.164126691768,26.0327862073691,1.47178550395023,23.7488952997821,71.8918066490888,95.6407019488709,302.716424244578,47.816093549133,50.0147457570683
2064,3,SD,Sudeste,82008239,9895950,47411813,30370004,24700476,8780408,0.120670192661984,0.578134753021584,0.370328693437741,0.301195054316433,0.107067388680301,-0.640316096826465,83.2831781961676,26.0999112898728,1.47459806729946,23.7072551251087,72.7559691569352,96.463224282044,306.893264416251,47.9826284649278,50.2617887677182
2065,3,SD,Sudeste,81466896,9775550,46881886,30391486,24809460,8935906,0.119994138478039,0.575471612420338,0.373053196969724,0.304534249101623,0.109687571746934,-0.660108065483522,83.4003308261561,26.1659168886106,1.47742453853677,23.6696928270459,73.5873826206675,97.2570754477134,310.892850018669,48.1419689784179,50.5175786562698
2066,3,SD,Sudeste,80913543,9658763,46369482,30387571,24885298,9071627,0.119371401150979,0.573074423400295,0.375556054936316,0.307554175448726,0.112115063358429,-0.679236631281499,83.5156100380266,26.2309187183294,1.480263287454,23.6345060902006,74.3568541712746,97.9913602614752,314.611415561185,48.2936385939743,50.7714560333741
2067,3,SD,Sudeste,80349043,9546139,45872980,30353056,24929924,9185518,0.118808372117139,0.570921298963075,0.377764997151242,0.310270328919786,0.114320191716534,-0.697658239980914,83.6290086544605,26.2948192548723,1.48311326460466,23.5999378786294,75.0387393297498,98.6386772083791,317.961596829881,48.4372224943613,51.01062623135
2068,3,SD,Sudeste,79774090,9438237,45387781,30305625,24948072,9275640,0.118312060971175,0.568953917243055,0.379893083079982,0.31273402178577,0.116273842797831,-0.715569194769372,83.7405588003415,26.357656538735,1.4859733822475,23.5777747756021,75.7068508328256,99.2846256084277,321.094130185542,48.5724243673604,51.2313025560552
2069,3,SD,Sudeste,79189361,9335550,44908256,30248289,24945555,9343444,0.117888942177473,0.56709961329275,0.381974151805569,0.315011444529777,0.117988627285425,-0.732981096995278,83.8503089661335,26.4194515018572,1.48884277791835,23.5713343205021,76.3739182632159,99.945252583718,324.011857898035,48.6990865730057,51.4554525061256
2070,3,SD,Sudeste,78595747,9238460,44430343,30177943,24926944,9394589,0.11754401927117,0.56530212760749,0.383964071236577,0.31715385312134,0.119530500804325,-0.749613322425979,83.9583217825954,26.4802565412762,1.49172061858421,23.5799251768993,77.0251360002352,100.605061177135,326.6555573115,48.8172352379322,51.6745756865037
2000,4,SU,Sul,25503013,7024956,16860955,2362614,1617102,280098,0.27545592358048,0.661135803836198,0.0926405832910802,0.0634082725833218,0.0109829375846689,,72.7100378512466,19.7267434967722,2.11061606772202,43.591454482511,14.6605588192642,58.2520133017752,33.6317266613485,29.6541035367076,27.5153583576169
2001,4,SU,Sul,25778584,6963823,17145401,2433125,1669360,289255,0.27013985717757,0.665102513000714,0.094385517839149,0.0647576298217156,0.011220748199358,1.08054291467443,73.0394260399306,19.8704635220422,1.91251285241995,42.5099361260377,14.852759516815,57.3626956428528,34.9395009034549,29.9551863671022,27.8406453404529
2002,4,SU,Sul,26044118,6895527,17425180,2506337,1723411,301090,0.264763314311508,0.669063932209184,0.0962342821515399,0.0661727534793077,0.0115607677710568,1.03005657719601,73.2205058578791,20.023376630376,1.85077592554686,41.4338526500076,15.0600814048386,56.4939340548462,36.3472871616629,30.2679035243198,28.1750088495575
2003,4,SU,Sul,26300167,6822719,17698695,2582930,1778753,314845,0.259417326133328,0.672949909405518,0.0982096425471367,0.0676327644611534,0.0119712167607149,0.983135616264685,73.3514702182688,20.0700717896069,1.7545415695642,40.3842181232989,15.2885687534856,55.6727868767845,37.8577807469427,30.5888801390501,28.5198189460853
2004,4,SU,Sul,26548546,6747401,17965918,2664416,1835227,329936,0.254153315966908,0.676719470813957,0.100360147783611,0.0691272132191345,0.0124276485800767,0.944400847340621,73.5488438557146,20.2207206872316,1.78391616549052,39.3739143567013,15.547984682491,54.9218990391924,39.4880339852337,30.9154693443475,28.872030437131
2005,4,SU,Sul,26791818,6669720,18228468,2752707,1893630,346134,0.248946152142419,0.68037443371704,0.10274431544735,0.070679414140541,0.0129193920322988,0.91632890177864,73.8569351247359,20.401725654921,1.75556854498557,38.399273756921,15.8480340502439,54.2473078071649,41.2717025602274,31.2469030657046,29.2374536385575
2006,4,SU,Sul,27034698,6592394,18488324,2848180,1953980,363059,0.243849367209502,0.683873886810202,0.105352758148066,0.0722767459802954,0.0134293713952344,0.906545423681204,74.1060174416964,20.5295987539471,1.69335959935147,37.4692937255643,16.1882455756251,53.6575393011894,43.2040317978567,31.5770981055531,29.6103731042039
2007,4,SU,Sul,27263317,6501222,18745799,2950269,2016296,380248,0.238460419177901,0.687583209335827,0.108213868473891,0.0739563714862722,0.0139472390685257,0.845650282462929,74.230499383989,20.6109191958997,1.60549959089016,36.4994695097516,16.5635404253331,53.0630099350847,45.3802223643494,31.9199370348076,29.9999362313393
2008,4,SU,Sul,27487139,6406027,18999708,3058800,2081404,397464,0.233055430032205,0.691221738282766,0.111281134060551,0.0757228316850291,0.0144599989107633,0.8209639347992679,74.2705926800733,20.6902803755068,1.63468478924165,35.5449789128054,16.9722952304899,52.5172741432953,47.7487840747471,32.2628704646198,30.4065247632766
2009,4,SU,Sul,27713226,6313541,19248659,3174141,2151026,414767,0.227816891472685,0.694565800459319,0.114535240321715,0.0776173080679961,0.0149663918592516,0.8225192152591759,74.4837608024823,20.8173421174282,1.60081727442606,34.6411662664226,17.4158916737959,52.0570579402184,50.2751308655476,32.5998093112653,30.8109159880964
2010,4,SU,Sul,27910392,6218319,19465375,3296678,2226698,432598,0.222795831746111,0.697423920093992,0.118116506568593,0.0797802481598969,0.0154995315006683,0.711450915169531,74.6469311809235,20.9216291746727,1.60499891088577,33.8036720603173,17.9212134341231,51.7248854944403,53.0155818638446,32.9456891182324,31.2433616229791
2011,4,SU,Sul,28098358,6130713,19658656,3426502,2308989,451144,0.218187589466972,0.699637181645988,0.121946698807098,0.0821752288870403,0.0160558848314197,0.67346241500299,74.8170556624852,21.0478752469705,1.6396443712994,33.0654534081313,18.4805327265962,51.5459861347275,55.890758546355,33.2873131590109,31.6832910425012
2012,4,SU,Sul,28315488,6056833,19860926,3563485,2397729,470164,0.213905301579122,0.701415635146391,0.125849323169002,0.0846790632744878,0.0166044816179753,0.772749781321735,75.0361307368753,21.1544270004961,1.64957296501377,32.3978492840664,19.0609927590923,51.4588420431587,58.8341299817908,33.6117955657342,32.1046147560372
2013,4,SU,Sul,28551836,5995412,20062993,3707969,2493431,489723,0.209983414026334,0.702686615319589,0.129867970662202,0.0873299706540763,0.0171520668583274,0.8346951322188099,75.3716489288561,21.3655638110641,1.68189950090768,31.8085063205446,19.6725354942885,51.4810418148331,61.8467755009998,33.9234065718226,32.5147966117195
2014,4,SU,Sul,28802860,5948596,20258044,3859955,2596220,509801,0.206527962848134,0.703334460536211,0.134012907051591,0.0901375766156555,0.0176996659359522,0.879186893620432,75.6308598684587,21.5075116544775,1.71824648524264,31.3177804994117,20.3216394973884,51.6394199968001,64.8885047833136,34.2215654278776,32.9115595996206
2015,4,SU,Sul,29062489,5919397,20437427,4018702,2705665,530253,0.20367825343521,0.703223560789993,0.138277970617038,0.0930981857747972,0.0182452714218662,0.9014000692986628,75.7935220342189,21.6360850906136,1.76264540511499,30.9520826546624,21.0134911492602,51.9655738039226,67.8903949169147,34.5064808798723,33.2977343708644
2016,4,SU,Sul,29316913,5898113,20596807,4183898,2821993,551504,0.201184654059587,0.702557155318502,0.142712774704485,0.0962581906219117,0.0188118032754676,0.875437750703312,76.096094477854,21.7939236262561,1.69030136896341,30.6635978701633,21.7515950952077,52.415192965371,70.9362129887983,34.7941146463818,33.6860233686086
2017,4,SU,Sul,29561726,5881304,20735712,4354776,2944710,573716,0.198949953057545,0.701437798320707,0.147311290281224,0.0996122486217483,0.0194073918417348,0.8350572244765428,76.2216721067805,21.8619462533931,1.71569272707657,30.4326385777738,22.5336632990173,52.9663018767911,74.0443955966228,35.0876267170598,34.0801357474658
2018,4,SU,Sul,29807638,5875050,20858690,4531798,3073898,597135,0.19709881071422,0.699776681399579,0.152034790545967,0.1031245078862,0.0200329526277795,0.8318594117271869,76.5668482362223,22.0370386438504,1.71038670249501,30.2825297320367,23.3588322949736,53.6413620270102,77.1363307546319,35.3777858883015,34.4724280319914
2019,4,SU,Sul,30066296,5872677,20984012,4715523,3209607,621910,0.195324259429895,0.697924746034563,0.156837510014536,0.106750994535542,0.0206846230742889,0.867757451965834,76.8210684338287,22.1453630958063,1.67011007466854,30.1501594406353,24.2093631738954,54.3595226145307,80.2959706450738,35.6662649100508,34.8546016852424
2020,4,SU,Sul,30323248,5868688,21106975,4900765,3347585,646689,0.19353757882401,0.696065771054605,0.161617416445626,0.110396650121385,0.0213265082948898,0.8546180746707102,76.3241389241367,21.7604822815444,1.62327919659081,30.0130383897346,25.0629864944375,55.0760248841721,83.5069950898736,35.951119385364,35.223653954891
2021,4,SU,Sul,30529735,5855230,21203508,5067640,3470997,665224,0.191787776736352,0.69451988364786,0.165990304206702,0.113692339615788,0.0217893800912455,0.680952779200972,73.0543182434974,19.9026840368429,1.57325420386668,29.8631627238725,25.8462533403479,55.7094160642204,86.5489485468547,36.2108436578306,35.5608696926985
2022,4,SU,Sul,30704015,5846723,21265468,5231620,3591824,680672,0.190422099520209,0.692595675191013,0.170388791172751,0.116982225288777,0.0221688271061618,0.570853300888463,75.7619102551418,21.341982793922,1.5644861393893,29.7911989969057,26.6570235149145,56.4482225118202,89.4795255393491,36.4734395159721,35.9062094631185
2023,4,SU,Sul,30903366,5839615,21326155,5420769,3737596,705496,0.188963720003834,0.69009165538796,0.175410309673063,0.120944624608206,0.0228290989402255,0.64926687926643,77.1173073065727,22.5222087113585,1.5616652550541,29.7287601240993,27.5964667686403,57.3252268927396,92.8275066078843,36.7731285970596,36.2892251310876
2024,4,SU,Sul,31113021,5826099,21388351,5622774,3898571,739214,0.187255972346755,0.687440509232453,0.180720927099943,0.125303518420792,0.0237589914524854,0.678421243821781,77.3144113474637,22.6348503528256,1.52937820593695,29.6280265994743,28.5940382466609,58.2220648461352,96.5101004977773,37.0885223585328,36.6776034462067
2025,4,SU,Sul,31310809,5807177,21439188,5824279,4064444,777258,0.185468762560559,0.684721624407725,0.186014963714288,0.129809613031717,0.0248239513709148,0.635708117189915,77.509013898114,22.7459536027011,1.51335387798889,29.5089833491985,29.5958866127357,59.1048699619342,100.294497653507,37.4072179355059,37.0659423505191
2026,4,SU,Sul,31498532,5775933,21488106,6022094,4234493,819097,0.183371498074894,0.682193887638954,0.191186497199298,0.134434614286151,0.0260042912476048,0.599546948786922,77.7012239412174,22.8558277309374,1.49958360095852,29.3187052819204,30.5682214745257,59.8869267564461,104.261839602364,37.7263616602831,37.450527147238
2027,4,SU,Sul,31676393,5732830,21536268,6213946,4407295,863952,0.180981148958469,0.679883849149112,0.196169620701448,0.139135001892419,0.0272743175019959,0.564664410392202,77.8913348263078,22.9646609621749,1.48778110091103,29.0569756118428,31.4955226956509,60.5524983074937,108.39229490496,38.0452887423136,37.833177969147
2028,4,SU,Sul,31844583,5678730,21586512,6399200,4579341,911220,0.178326404839404,0.677870770045882,0.200950974927196,0.143802825114714,0.0286145998520376,0.530963231830084,78.0794055229703,23.0725414716277,1.47770921818812,28.7288394246613,32.3737154691793,61.1025548938407,112.687167729404,38.3634940360186,38.2133408651765
2029,4,SU,Sul,32003403,5611258,21639932,6578571,4752213,961353,0.175333166913531,0.676175967911912,0.205558483889979,0.148490865174557,0.0300390867808651,0.4987347455609689,78.2652804416942,23.1792905386374,1.46914637604973,28.3202717490545,33.2023440092131,61.5226157582675,117.238790303351,38.6803283700799,38.5926620342134
2030,4,SU,Sul,32153051,5529664,21699423,6752421,4923964,1014808,0.171979449166426,0.674879127333826,0.210008717368688,0.153141423499748,0.0315617948666831,0.4676002736333949,78.4488527930485,23.2847488379236,1.46189556794114,27.8278569849095,33.9813424269359,61.8091994118454,122.11268171086,38.9949543512994,38.9701052970052
2031,4,SU,Sul,32292890,5446980,21754307,6921100,5091603,1071042,0.168674280933047,0.673656244455049,0.214322719335433,0.157669474611904,0.0331664957828178,0.434916736206459,78.6302276205972,23.3889988813696,1.45577848565516,27.3376759928953,34.7360903316017,62.073766324497,127.063069811161,39.3071861329228,39.3492087336609
2032,4,SU,Sul,32422276,5366269,21803004,7085183,5253003,1129631,0.165511791954396,0.672469878425561,0.218528242742736,0.162018329620043,0.0348411999206965,0.400664047101396,78.809419280584,23.4920673942581,1.45067794631284,26.8705437492214,35.4776698247403,62.3482135739617,132.031826954631,39.617053472742,39.7287355226749
2033,4,SU,Sul,32541415,5279690,21854129,7243987,5407596,1190175,0.162245249630356,0.671578940251984,0.222608236304414,0.166175810117661,0.0365741624941632,0.367460322649782,78.9863765121316,23.5939485388557,1.446463233687,26.3750579610943,36.1878400046998,62.5628979657941,137.204779068468,39.9241542508216,40.1089665810833
2034,4,SU,Sul,32650480,5195323,21899079,7398340,5556078,1252901,0.159119345259243,0.670712314183436,0.226592074603497,0.170168340557321,0.0383731265206515,0.335157521576734,79.1609440682713,23.6944694668713,1.44302982704224,25.9030283818215,36.8869098222315,62.789938204053,142.403850540188,40.2279457759886,40.4894086568776
2035,4,SU,Sul,32749560,5119217,21931496,7551764,5698847,1318061,0.156314069563072,0.669672997133397,0.230591311761135,0.174012933303531,0.0402466781233091,0.303456488235399,79.3331388508702,23.7935708886976,1.44028758520705,25.4959128332737,37.6110480726749,63.1069609059486,147.51795049907,40.5278649239868,40.8681256310652
2036,4,SU,Sul,32838620,5053074,21949324,7708481,5836222,1385033,0.153875954592489,0.668399707417669,0.23473827462908,0.177724337989842,0.04217695506084,0.271942584877483,79.5031283424787,23.8914190893879,1.43814308155614,25.1683899016116,38.3944615410669,63.5628514426785,152.55032877017,40.8234487320113,41.2450627110766
2037,4,SU,Sul,32917657,4993260,21955676,7871293,5968721,1453339,0.151689410944406,0.66698781143506,0.239120694404222,0.181322777620534,0.044150742563482,0.240683073771075,79.6710133530146,23.9881289154523,1.43652645616773,24.9001850287118,39.2522424458578,64.1524274745695,157.638356504568,41.1143339576082,41.6182445243139
2038,4,SU,Sul,32986896,4934016,21957129,8041268,6095751,1522842,0.149575031248772,0.665631861815674,0.243771587360023,0.184793106935554,0.046165058997973,0.210340000808684,79.8367598121966,24.0837364086115,1.43538976353884,24.6557648629206,40.1830097445423,64.8387746074629,162.976123304018,41.4002617584874,41.9877275185838
2039,4,SU,Sul,33046478,4879298,21948982,8217144,6218198,1594092,0.147649561929111,0.664185212112468,0.248654153099159,0.188165225958421,0.0482378787839358,0.180623238997701,80.0003021826967,24.1781675309664,1.43468099237267,24.4575899512161,41.1886174039987,65.6462073552148,168.408324312227,41.6809638231342,42.3505558538259
2040,4,SU,Sul,33096401,4830228,21926621,8396403,6339552,1667362,0.145944207045352,0.662507714962724,0.253695348929329,0.191548077991924,0.0503789520800162,0.1510690488711,80.161632323267,24.271302784225,1.43433935107553,24.3094308590386,42.2571725792498,66.5666034382884,173.830365771554,41.9562844310474,42.7083540993725
2041,4,SU,Sul,33137198,4784824,21888362,8575138,6464012,1742208,0.144394344989579,0.660537502295758,0.258776798207259,0.195068152714662,0.0525755979730091,0.123267179413244,80.3208215892141,24.3631342069324,1.43432273890575,24.1935930784261,43.3586270599188,67.5522201383449,179.21532746032,42.2259185281749,43.0604424029271
2042,4,SU,Sul,33169562,4742822,21832322,8750347,6594418,1817700,0.142987176013961,0.658203505973338,0.263806528406977,0.198809318012701,0.054800241257331,0.0976666765850176,80.4778812461943,24.4536601474326,1.43461592438864,24.1041231489938,44.4712961364413,68.5754192854351,184.49663512567,42.4895412848683,43.4048124929142
2043,4,SU,Sul,33193781,4704098,21757829,8921514,6731854,1891430,0.141716244979745,0.65547907904797,0.268770647128147,0.202804675972285,0.0569814568578373,0.0730157365357975,80.632841966785,24.5429041317726,1.43516233856289,24.0395409504078,45.5919713285387,69.6315122789465,189.654084587523,42.7469747119197,43.7415238925261
2044,4,SU,Sul,33210066,4668269,21666573,9089155,6875224,1964671,0.140567892879225,0.652409814542374,0.273686749071803,0.207022292578401,0.0591589007983302,0.0490603947769674,80.7856434241063,24.6308271782323,1.43593129988671,23.9981232369361,46.724527187618,70.7226504245542,194.700755247823,42.9982091875397,44.0691622490011
2045,4,SU,Sul,33218442,4634867,21561407,9252278,7022168,2036208,0.139526923026673,0.649079417993174,0.278528354821698,0.211393658980153,0.0612975166023741,0.0252212687562814,80.936280333916,24.7174428344328,1.43691282088803,23.9759753316086,47.8616514970516,71.8376268286603,199.623376463661,43.2432924157009,44.3802744745605
2046,4,SU,Sul,33218875,4603399,21446481,9409726,7168995,2104105,0.138577811560446,0.645611297793799,0.283264439268338,0.215810890645755,0.0633406459430068,0.001303492800786,81.0847838574357,24.8028365849042,1.4380839004672,23.9688582846283,48.9943168061648,72.9631750907931,204.408220968897,43.4824522504149,44.6797400318591
2047,4,SU,Sul,33211397,4573517,21325044,9560760,7312836,2167051,0.137709262877439,0.642100180248365,0.287875875862735,0.220190556874196,0.0652502211816022,-0.0225112981700915,81.2312140585246,24.8870967457108,1.43942544347821,23.9738335765566,50.1163697665056,74.0902033430623,209.046123584978,43.7158597995742,44.9672048105779
2048,4,SU,Sul,33196245,4544969,21197969,9704498,7453307,2224915,0.136912141719643,0.638565265438907,0.292337220670591,0.224522592841449,0.0670230925214584,-0.0456228926473679,81.3756111094793,24.9702535330123,1.44091626084516,23.9880838842361,51.2197799541431,75.2078638383793,213.521764394873,43.9436585674072,45.2388721054153
2049,4,SU,Sul,33173504,4517321,21065227,9841094,7590956,2278488,0.136172561089718,0.63500156631027,0.296655246307415,0.228825872600012,0.0686839714007902,-0.0685047360025171,81.5179521546716,25.052254962416,1.44253479301529,24.009033388043,52.30426494395,76.313298331993,217.852439532192,44.1661635442551,45.5001684207632
2050,4,SU,Sul,33143079,4490093,20928090,9972260,7724896,2328340,0.135476037093597,0.631446764496443,0.300885141057655,0.233077198409961,0.0702511676721405,-0.0917147612745417,81.658210876419,25.1330677641239,1.44427622413167,24.0359662681204,53.382614787027,77.4185810551474,222.094731668141,44.3837255735956,45.7524004135527
2051,4,SU,Sul,33104932,4462927,20787968,10100433,7854037,2374984,0.134811544092584,0.627941721795411,0.305103571878655,0.237246734112005,0.0717410928377681,-0.115097936434938,81.7963791490851,25.2127009609348,1.44612813781681,24.0698415431011,54.474523519365,78.5443650624661,226.318579712373,44.5966580447892,45.9965275686494
2052,4,SU,Sul,33059090,4435548,20645826,10227208,7977716,2419098,0.134170299303459,0.624512834442811,0.309361449453085,0.241316866253729,0.0731749724508448,-0.138474835109159,81.9325284303724,25.2911800892975,1.44806350693387,24.1110429936747,55.5937286200609,79.7047716137356,230.573719414151,44.8052592494228,46.2394826958612
2053,4,SU,Sul,33005644,4407582,20502968,10352891,8095094,2460505,0.133540251479414,0.621195817297187,0.31367032256665,0.245263931223399,0.0745480076074262,-0.161668091892431,82.0667085279082,25.368549708021,1.45008797897834,24.1575263942443,56.743184265031,80.9007106592753,234.888222158998,45.0099393303763,46.4634117694998
2054,4,SU,Sul,32944570,4378613,20359632,10476542,8206325,2500122,0.132908488409471,0.617996592458181,0.318005121936635,0.249094919132349,0.0758887428186193,-0.185041079640802,82.1989018847,25.4447749186425,1.45219584022769,24.2053875152955,57.9153167750311,82.1207042903267,239.266224258686,45.2111987499002,46.6748785893352
2055,4,SU,Sul,32875828,4348365,20214374,10596985,8313089,2540670,0.132266326493739,0.614870414822708,0.322333630654109,0.252863258683553,0.0772807912244826,-0.208659575766201,82.3291205036169,25.5198429957341,1.4543744627404,24.251249743593,59.1004043506258,83.3516540942188,243.70044832943,45.4094214448378,46.8813508169173
2056,4,SU,Sul,32799531,4316798,20064997,10712483,8417736,2585340,0.131611577007,0.611746460642989,0.326604761513206,0.25664196235001,0.0788224685285896,-0.232076284131921,82.4574345957803,25.5937571574249,1.45661671619677,24.2922750101996,60.2832430607335,84.5755180709332,248.15807920593,45.6047459946912,47.0897214711504
2057,4,SU,Sul,32715915,4283968,19910156,10821525,8521791,2636214,0.130944465407738,0.608577079381702,0.330772500173081,0.26047845521056,0.0805789475856017,-0.254930474463189,82.5838830031691,25.6665397823171,1.45891614706285,24.3263222198764,61.4495495905777,85.7758718104541,252.60517818994,45.7972407313077,47.29309006589
2058,4,SU,Sul,32625064,4249633,19749975,10924104,8625456,2694023,0.13025669466886,0.60536203086069,0.334837779935083,0.26438127447045,0.0825752556378127,-0.277696650086057,82.7084805711345,25.7382117356743,1.46127437620211,24.3513458890547,62.5975549022719,86.9489007913267,257.059939058267,45.9871083471285,47.5036735906324
2059,4,SU,Sul,32527038,4213637,19585667,11020115,8727734,2757768,0.129542597761284,0.602134968453014,0.338798601950783,0.268322433785702,0.0847838650417539,-0.300462245836519,82.8311961649787,25.8087606575432,1.46368926138073,24.3657393973592,63.7248178281444,88.0905572255036,261.534512821109,46.1745221928907,47.7230781943526
2060,4,SU,Sul,32421949,4176092,19418492,11106924,8827365,2825554,0.128804471316638,0.598930434441187,0.342574223406495,0.272265094242175,0.087149418438725,-0.323081984901297,82.9520180480386,25.8781789558345,1.46615011753745,24.3661142732748,64.8052244559215,89.1713387291963,265.964542926736,46.359343696457,47.9505713579141
2061,4,SU,Sul,32309958,4137345,19250096,11180845,8922517,2894410,0.128051698488745,0.595794522543174,0.346049505852035,0.276153778968082,0.0895825986527126,-0.345417235712753,83.0708972129202,25.9464329376259,1.4686535534517,24.3491142299024,65.8015398986144,90.1506541285168,270.242027193768,46.5411926874062,48.1867214879255
2062,4,SU,Sul,32191344,4097713,19082065,11242235,9011566,2961998,0.127292386425369,0.592770062660323,0.349231613318164,0.279937550914308,0.0920122502496323,-0.367112826330507,83.1878581418025,26.0135347638697,1.47119981548445,24.3167569025142,66.7139683857646,91.0307252882788,274.353889596465,46.719588812446,48.4333564746397
2063,4,SU,Sul,32066201,4057253,18914589,11292189,9094359,3027795,0.126527398739876,0.589860613672321,0.352152380009094,0.283611987587803,0.09442325269526,-0.388747360159925,83.3029830642279,26.0795279302513,1.47378384014319,24.2705718255554,67.5501094440615,91.8206812696169,278.321046284272,46.8942139107779,48.6899187013738
2064,4,SU,Sul,31934584,4016181,18747718,11332405,9170685,3092020,0.125762746745034,0.587066297779235,0.35486308511174,0.287170955475731,0.0968235565554886,-0.410453985490833,83.4163092771916,26.1444340580029,1.47640198342038,24.2142860501973,68.3251318371074,92.5394178873047,282.168682138579,47.064769686682,48.9549801093815
2065,4,SU,Sul,31796676,3974892,18583847,11364322,9237937,3153853,0.125009670822195,0.584458796888077,0.357405975391893,0.290531532289727,0.0991881352629438,-0.431845299754019,83.5278263297521,26.20826119608,1.47905074721007,24.1525212089203,69.0527008356453,93.2052220445656,285.902661003117,47.230758208814,49.2140089432254
2066,4,SU,Sul,31652673,3933789,18426399,11393208,9292485,3212309,0.124279835702975,0.58214353650322,0.35994457719258,0.293576627793804,0.101486184121006,-0.452886962146615,83.6375558794302,26.2711246999026,1.4817273749151,24.0957189154066,69.7870520032371,93.8827709186437,289.62427827217,47.3916075902973,49.4644311693077
2067,4,SU,Sul,31502709,3893175,18274872,11404999,9334662,3266745,0.123582229071157,0.580104777655788,0.362032325537464,0.296312993273055,0.103697272510755,-0.473779892143711,83.7455276544744,26.3329553005424,1.48442995687561,24.0252188662001,70.3815259123449,94.406744778545,292.948531725391,47.5467402819231,49.7120940851264
2068,4,SU,Sul,31346942,3853299,18128082,11409190,9365561,3316331,0.122924239308574,0.578304639731684,0.363965008133808,0.298771120959741,0.105794402528961,-0.4944558894919179,83.8517870688438,26.3937704213293,1.48715572611435,23.9566679699956,70.9330307968819,94.8896987668775,296.088883836941,47.6956309486265,49.9603406702901
2069,4,SU,Sul,31185462,3814481,17984088,11411298,9386893,3361086,0.122316000962243,0.576681788456429,0.365917234126594,0.301002210581328,0.107777335477666,-0.515137967843882,83.9563703092189,26.4535839571292,1.48990261585469,23.9007316122758,71.5007810618795,95.4015126741552,299.157290336484,47.8378921562874,50.1976647842992
2070,4,SU,Sul,31018486,3777008,17841293,11407333,9400185,3402293,0.12176635571446,0.575182586280968,0.367759180767237,0.303051058004572,0.109685978870793,-0.535428976489105,84.0593160071356,26.5124529737856,1.49266891280677,23.8535645593747,72.042620551978,95.8961851113527,302.020355794851,47.973214102068,50.4171792435532
2000,5,CO,Centro-Oeste,12118738,3724340,7853106,824947,541292,98486,0.307320778780761,0.648013514278467,0.0680720220207748,0.0446657069407722,0.0081267537923503,,71.7160407161123,20.219205530114,2.14072314615691,49.2022472964023,10.8983729467302,60.1006202431326,22.1501527787474,27.0000576792732,24.4126796954931
2001,5,CO,Centro-Oeste,12377489,3733683,8077838,859434,565968,102750,0.301651086096703,0.652623322872676,0.0694352465189022,0.0457255910306202,0.0083013606394641,2.13513156237886,71.9867694492269,20.3330021998664,2.05245596227104,47.9638306083008,11.0405052584846,59.0043358667854,23.0183976518628,27.2768840271238,24.7490462086795
2002,5,CO,Centro-Oeste,12629107,3738543,8298431,894643,592133,106902,0.296025918538817,0.657087710160346,0.0708397672139447,0.046886371300837,0.0084647315126873,2.03286789428776,72.2812473582563,20.4068483223542,2.00863137180909,46.7556270253295,11.1887423600108,57.9443693853404,23.9302583921062,27.5652337888973,25.1040783271383
2003,5,CO,Centro-Oeste,12873643,3740055,8514260,930752,619328,111052,0.290520329016425,0.661371454839939,0.0722990376539104,0.0481082161436355,0.0086263072542869,1.9362889236745,72.3540595279717,20.39449306482,1.98544476601516,45.5946577500757,11.3467098452291,56.9413675953048,24.8860511409592,27.8625259376852,25.4796691757048
2004,5,CO,Centro-Oeste,13111762,3738741,8725782,968419,647239,115412,0.285144056153551,0.665492707997598,0.0738587994504476,0.0493632358488508,0.0088021731938087,1.8496629120444,72.6676572426183,20.5810048043078,1.94766134578735,44.4844503047259,11.5224849433679,56.0069352480938,25.9022756591056,28.1680134981096,25.8660962683204
2005,5,CO,Centro-Oeste,13344533,3734213,8934437,1008476,675883,120248,0.279830924019597,0.66952039460654,0.0755722212234778,0.050648681373863,0.0090110309592699,1.7752839015839503,73.1256561643766,20.7762362571461,1.94736269033899,43.4117731035345,11.723951283004,55.1357243865385,27.0063866201526,28.4817273111019,26.2686027687303
2006,5,CO,Centro-Oeste,13576451,3729539,9141582,1051294,705330,125634,0.27470647520475,0.67334106682225,0.0774351117239697,0.0519524579730005,0.0092538175109238,1.73792518629166,73.7177035148458,21.0552300835107,1.86260616705447,42.4022393878406,11.9524745162875,54.3547139041282,28.1883096007308,28.7947350894575,26.6733564314209
2007,5,CO,Centro-Oeste,13796173,3713144,9347426,1096755,735603,131474,0.269143044234079,0.677537604087742,0.0794970460286342,0.0533193516781792,0.0095297442268953,1.61840528132131,73.9224021327356,21.1176874598777,1.77144888389101,41.3201734111379,12.2047803127303,53.5249537238682,29.5370984804252,29.1287497627059,27.098893234303
2008,5,CO,Centro-Oeste,14010845,3692661,9551384,1144857,766800,137675,0.263557337191297,0.681713629691857,0.0817122022262041,0.0547290331168463,0.0098263166853962,1.55602571814661,74.0698945614406,21.2240441130216,1.80336821551721,40.2543264837283,12.4802811455429,52.7346076292713,31.0035770952167,29.466359166774,27.5304028150755
2009,5,CO,Centro-Oeste,14224409,3671878,9753197,1195837,799334,144156,0.258139230951528,0.685666237521714,0.0840693627411866,0.056194531526758,0.0101344105052097,1.52427637305244,74.0814481221317,21.2173337807064,1.75782057740999,39.2433267562239,12.7805504807574,52.0238772369814,32.567449136382,29.8009616427649,27.9589757638381
2010,5,CO,Centro-Oeste,14413092,3646037,9933420,1249935,833635,150855,0.252967024702264,0.689194240902646,0.0867221967361341,0.0578387343950902,0.0104665258502478,1.3264733881035,74.3235905936625,21.3143237186639,1.74956224955953,38.3102976530715,13.1335425002522,51.4438401533237,34.2820163371902,30.1482176759851,28.4064162081298
2011,5,CO,Centro-Oeste,14590444,3621632,10098826,1307398,869986,157823,0.24821945103247,0.692153439607458,0.0896064574868318,0.0596271093600716,0.0108168743870988,1.23049238844795,74.3523098951822,21.3556561212399,1.78686500162111,37.4855274807601,13.5321599923158,51.0176874730759,36.0996920725242,30.4929296188656,28.8543227485608
2012,5,CO,Centro-Oeste,14783413,3601930,10272816,1368501,908667,165235,0.243646714057167,0.694887980197807,0.0925700310205769,0.0614653057450265,0.0111770536343671,1.32257112943239,74.5602409320806,21.5504515092005,1.77657773897955,36.7057638544532,13.9458219733818,50.651585827835,37.9935479034851,30.8256257198524,29.2864855623938
2013,5,CO,Centro-Oeste,14984338,3585781,10448389,1433496,950168,173372,0.23930192978829,0.697287327608333,0.0956662883605535,0.0634107426033769,0.0115702141796321,1.35912458104228,74.7264963302279,21.6819668211116,1.80909485117227,35.9835328654787,14.3852205219818,50.3687533874605,39.9772322961162,31.1512436518717,29.708752745661
2014,5,CO,Centro-Oeste,15193306,3577899,10620873,1502048,994534,182295,0.235491801455193,0.699049502458517,0.0988624858868768,0.0654586960862896,0.0119983761269601,1.39457612341634,74.9709896768491,21.7828037338574,1.87748510271277,35.3779491067211,14.8521178769586,50.2300669836797,41.9812856651348,31.4604084851579,30.1145883715136
2015,5,CO,Centro-Oeste,15405701,3578503,10785337,1574004,1041861,191982,0.232284334221468,0.700087389726699,0.102170229060008,0.067628276051833,0.0124617503611163,1.39795117665635,75.2326112875466,21.8514210571971,1.90272164003403,34.9013487894601,15.3513529540161,50.2527017434762,43.984984782743,31.7560890607964,30.5070360855911
2016,5,CO,Centro-Oeste,15608920,3576571,10939977,1649423,1092372,202580,0.229136352803397,0.700879817437722,0.105671820984411,0.0699838297588815,0.0129784764096427,1.31911556637376,75.6243397467796,22.0084307670149,1.78874035612831,34.4466579074145,15.8859169370946,50.3325748445091,46.1174404198882,32.0644756972295,30.9092807381946
2017,5,CO,Centro-Oeste,15804681,3574235,11084092,1728597,1146354,214182,0.22615040442765,0.701317033858513,0.109372470092879,0.0725325617138366,0.013551807847308,1.25416108225296,75.9649443231693,22.1658050442275,1.85356952181641,34.0343400481191,16.4599300561263,50.4942701042455,48.3627125804543,32.381770818405,31.3177749595648
2018,5,CO,Centro-Oeste,16000668,3579076,11218010,1811342,1203582,226437,0.223682911238456,0.701096354227211,0.113204148726791,0.0752207345343332,0.0141517216656205,1.24005666422498,76.2506709498709,22.2500472528302,1.86498949172706,33.7322494757428,17.0716241370373,50.8038736127801,50.6092075161299,32.6904859222127,31.7182568580121
2019,5,CO,Centro-Oeste,16203468,3585575,11354139,1897672,1263754,238870,0.221284418866381,0.700722771199351,0.117115175590806,0.0779928099342684,0.0147419058685462,1.26744708408424,76.5051956416633,22.366008373013,1.83007323539079,33.4468384560356,17.7017992446238,51.1486377006593,52.9251793645371,32.9961389129784,32.1069083684759
2020,5,CO,Centro-Oeste,16400560,3587988,11490108,1982290,1322464,249679,0.218772285824386,0.700592418795456,0.120867214290244,0.0806352953801577,0.0152238094308975,1.2163568934749,74.673727087017,20.9201697339672,1.75163204708425,33.1292204579715,18.3032168506785,51.4324373086499,55.2479551213661,33.2936120473935,32.4746583841701
2021,5,CO,Centro-Oeste,16570591,3581814,11613706,2059130,1375071,257424,0.21615487341399,0.700862509973241,0.124264125522137,0.082982616612769,0.0155349920832637,1.03673898940035,72.0074660992829,19.6235473652588,1.73106607205302,32.7715433078488,18.839858231469,51.6114015393178,57.4884681337445,33.5676337072106,32.8109989720587
2022,5,CO,Centro-Oeste,16729024,3578952,11717777,2141366,1432295,265889,0.213936688715373,0.700445943529043,0.128003044289972,0.0856173677555845,0.0158938740239718,0.956109531639515,75.6964367663596,21.8276894256178,1.69775120009502,32.5101969295937,19.4515686039758,51.9617655335695,59.8322078642016,33.8611322453719,33.1655875917587
2023,5,CO,Centro-Oeste,16898404,3575508,11821474,2237489,1501422,277997,0.211588502677531,0.699561568062877,0.132408303174667,0.0888499292595916,0.0164510802321923,1.01249182259526,76.5546999381113,22.5738960255306,1.71488256432841,32.2541878705942,20.1840942781803,52.4382821487745,62.5782126623685,34.1908174878527,33.5560982004082
2024,5,CO,Centro-Oeste,17071595,3569494,11926111,2339077,1575990,292279,0.209089660339295,0.698593833792332,0.13701572700149,0.0923165058683738,0.017120778697011,1.02489560552583,76.7681383431616,22.694223716037,1.67332826374237,31.9760487839138,20.9537935240487,52.9298423079624,65.5296521019506,34.5265529670778,33.9446665621407
2025,5,CO,Centro-Oeste,17238818,3561550,12023394,2443193,1653874,307977,0.206600591757509,0.697460463936681,0.14172624828454,0.0959389443058103,0.017865320000478,0.979539404490315,76.9774520087423,22.8114712239954,1.65506664676596,31.7030997211608,21.7480566935863,53.4511564147471,68.5991492468167,34.8671896182209,34.3361828988802
2026,5,CO,Centro-Oeste,17401676,3547307,12119603,2548969,1734766,324877,0.203848583320365,0.696461823562282,0.146478362199135,0.0996895931173526,0.0186692936933201,0.9447167433405352,77.1836763690198,22.9262846666624,1.63888612126603,31.3771029773383,22.5464733667097,53.923576344048,71.8564533602533,35.2086660503276,34.7277301162743
2027,5,CO,Centro-Oeste,17560394,3527919,12214162,2655811,1818313,342743,0.200902041263994,0.695551705730521,0.151238690885865,0.103546253005485,0.0195179561460865,0.9120845601308772,77.3872599216109,23.0393322615209,1.62449018221297,31.0101361875502,23.3443740625547,54.354510250105,75.2798179323278,35.5501591820776,35.1190282742931
2028,5,CO,Centro-Oeste,17715117,3504070,12306986,2763519,1904061,361585,0.197801120929656,0.694716608419803,0.155997784265269,0.107482270650541,0.0204110986114289,0.881090709012566,77.5884838040178,23.1509149771758,1.61161739918308,30.6098399584609,24.1407489896509,54.7505889481118,78.8659758509391,35.8910999007232,35.5107502848789
2029,5,CO,Centro-Oeste,17866096,3470791,12403035,2872375,1992270,381830,0.194266895241132,0.694221893803772,0.160772392580897,0.111511210955096,0.0213717647100967,0.8522608120510761,77.7874283899448,23.2612716437113,1.60016692294335,30.1207331815779,24.9274707040657,55.0482038856437,82.7585123967418,36.2307534337664,35.9004137137363
2030,5,CO,Centro-Oeste,18013516,3428998,12501974,2982628,2082544,403809,0.190356951968733,0.694032969465817,0.165577225456707,0.115610078565451,0.0224170006566181,0.8251382954619799,77.9840914011826,23.3703216344002,1.58987900972385,29.5555120760497,25.7081216939654,55.2636337700151,86.9824945946309,36.56820400859,36.2883632317973
2031,5,CO,Centro-Oeste,18156543,3391281,12591142,3094454,2174120,427401,0.186780104560653,0.693476836422,0.170431893340048,0.119743059017347,0.0235397784699433,0.793998239988247,78.1785029529684,23.4779943814198,1.58053932060458,29.0578081654672,26.5144795458892,55.5722877113564,91.2473487157213,36.9037007760784,36.6747468864959
2032,5,CO,Centro-Oeste,18294222,3355372,12672425,3208008,2266425,452431,0.183411571150716,0.692700952246015,0.175356350218118,0.123887476603269,0.0247308139149071,0.758288623555714,78.3702696871606,23.5842073389061,1.57223495152114,28.6029937151996,27.3467838029018,55.9497775181014,95.6081173711887,37.2376020691123,37.0608972043632
2033,5,CO,Centro-Oeste,18426606,3312628,12754726,3322888,2359252,478790,0.179774180877368,0.692190737675728,0.180330984447163,0.128035081446903,0.0259836238968804,0.723638315966646,78.55932718438,23.6889040063999,1.5648308866583,28.094332245789,28.1813471019219,56.2756793477109,100.309723880858,37.5694665094592,37.4463935305703
2034,5,CO,Centro-Oeste,18553808,3269932,12831047,3439179,2452829,506548,0.176240478504467,0.691558681646377,0.185362433415286,0.132200839849157,0.0273015652635836,0.690317033967069,78.7455608220173,23.7918931243819,1.55823842277335,27.6067171663403,29.0356013328159,56.6423184991562,105.175856867972,37.8987094185733,37.8299636483926
2035,5,CO,Centro-Oeste,18675819,3234186,12894228,3557896,2547405,535874,0.173175055937306,0.690423697081236,0.190508164595084,0.136401246981458,0.0286934672048385,0.657606244497089,78.9289293494822,23.8931182949209,1.55238793474267,27.2152269946735,29.9392017847584,57.1544287794319,110.009009995096,38.2247800216954,38.2111454274479
2036,5,CO,Centro-Oeste,18792507,3204261,12945161,3680205,2643085,566612,0.170507372965193,0.688846943092798,0.195833637310871,0.140645683942009,0.0301509532496117,0.624807940149763,79.1097106700497,23.9927843896442,1.54709666175602,26.9083806480008,30.905209345517,57.8135899935178,114.853471674124,38.5474379229977,38.5900069906254
2037,5,CO,Centro-Oeste,18903704,3177486,12986233,3806745,2739985,598664,0.168088010688276,0.686967644013046,0.201375614006652,0.144944345298678,0.031669137434653,0.591709238155391,79.2880224813785,24.0910777303182,1.54245597621297,26.65794033008,31.9371921896211,58.5951325197012,119.803674980787,38.8665951392383,38.9664805469058
2038,5,CO,Centro-Oeste,19009450,3151021,13020688,3937686,2837741,631931,0.165760766355681,0.684958691598126,0.207143604891251,0.149280542046193,0.0332429923011976,0.55939301631045,79.4638350262657,24.187929895974,1.53837078038161,26.4330922996998,33.0322195520866,59.4653118517864,124.965400103649,39.1819118385855,39.3405144671539
2039,5,CO,Centro-Oeste,19109783,3126067,13047279,4072211,2936437,666561,0.16358464143732,0.682753906729344,0.213095617045992,0.153661451833336,0.0348806158604731,0.527805907062007,79.6371887046986,24.2832347283645,1.53473405206703,26.2440976182271,34.1872080815984,60.4313056998255,130.266273883445,39.4929289359277,39.7103722374403
2040,5,CO,Centro-Oeste,19204626,3104705,13062853,4208729,3037068,702694,0.161664434392005,0.680193043072018,0.219151833521778,0.158142522535976,0.0365898299711747,0.496306002009539,79.8079406442479,24.3768516998153,1.53155608266317,26.1092832409064,35.3936678509606,61.502951091867,135.559706960887,39.7995175745677,40.075863774161
2041,5,CO,Centro-Oeste,19293939,3085041,13068137,4344831,3140761,740113,0.159896898191707,0.677318250047333,0.225191496666388,0.16278485176096,0.0383598704235563,0.4650598246485059,79.9760986477404,24.4687697423089,1.52870436366002,26.0032331240206,36.6217672236679,62.6250003476885,140.835437843452,40.1015197570595,40.4330564034026
2042,5,CO,Centro-Oeste,19377817,3066731,13062904,4478693,3248182,778564,0.158259880357008,0.674116387826348,0.231124744340397,0.167623731816644,0.040178106749589,0.43473756188408,80.1418603160216,24.5590846680582,1.52620911415968,25.9180961957569,37.8511176902255,63.7692138859823,146.041273264593,40.39881979482,40.7840175264153
2043,5,CO,Centro-Oeste,19456302,3049631,13047171,4609771,3359500,817697,0.156742581401132,0.670588429394239,0.236929453500465,0.172668989204629,0.0420273595670955,0.4050249829482769,80.305295627381,24.6478817443711,1.52404620770351,25.8511219049072,39.0761216929871,64.9272435978944,151.158320465656,40.6911744071407,41.1273283443492
2044,5,CO,Centro-Oeste,19529406,3033475,13021976,4738032,3473955,857709,0.155328585006631,0.666788124533844,0.242610143902994,0.177883290459526,0.0439188473013465,0.375734299354513,80.4665128030906,24.7352254512144,1.52211891022268,25.7994646832738,40.2965870007898,66.0960516840636,156.191562481972,40.9783896653078,41.4625556639694
2045,5,CO,Centro-Oeste,19597039,3017930,12989061,4862755,3590048,898343,0.153999285300193,0.662807325127026,0.24813723134398,0.183193389572782,0.0458407517584672,0.346313656441977,80.625516772942,24.8211075059764,1.52045477337567,25.7582691680364,41.5039951848502,67.2622643528866,161.12882008529,41.2604690943361,41.7915956685624
2046,5,CO,Centro-Oeste,19659044,3002752,12950800,4983109,3705492,939047,0.15274150665719,0.658770589251441,0.253476669567452,0.188487904091369,0.0477666665784969,0.316399839792125,80.7823747605816,24.9056041596131,1.51900415251097,25.7235066048395,42.6885194895,68.4120260943395,165.951400581866,41.5375087923909,42.1140873015873
2047,5,CO,Centro-Oeste,19715369,2987770,12909028,5098598,3818571,979466,0.151545223424426,0.654769788990508,0.258610325781881,0.193684987585066,0.0496803280729871,0.286509354167985,80.9371014610307,24.9887210238535,1.51774551274978,25.692404704411,43.8438177105669,69.5362224149779,170.648945534629,41.8095570516585,42.4301381382271
2048,5,CO,Centro-Oeste,19766053,2972857,12864425,5208557,3928771,1019507,0.150402156667292,0.650834286440495,0.263510221286971,0.198763556892213,0.0515786839183321,0.257078627338903,81.0896080234007,25.0704022608153,1.51668353832393,25.6620599053626,44.9608917463893,70.6229516517519,175.203751811809,42.0765214987534,42.7447245951221
2049,5,CO,Centro-Oeste,19811015,2957727,12817181,5313095,4036107,1059392,0.149297095580413,0.646972454465357,0.268188934287314,0.20373044995423,0.0534748976768732,0.227470805628216,81.2398706817937,25.15065300122,1.51576178120249,25.6297879940136,46.0399145837509,71.6697025777645,179.634394925563,42.3385118329374,43.060577599086
2050,5,CO,Centro-Oeste,19850133,2942121,12768129,5413193,4139883,1099383,0.148216689530493,0.643226370322053,0.272703109848181,0.208556940147454,0.0553841629171956,0.1974558093060799,81.3879054509527,25.229475597856,1.51498647004965,25.5951920600055,47.0924596550846,72.6876517150901,183.989475619799,42.5956353541813,43.3518413394036
2051,5,CO,Centro-Oeste,19883352,2925994,12718012,5510343,4239346,1139653,0.147157984227207,0.639631184922945,0.277133503445496,0.213210830849849,0.0573169453520714,0.167349004664108,81.5337022912915,25.3069766316073,1.51438752486135,25.5611965215386,48.137815841073,73.6990123626116,188.323796972926,42.847943193884,43.6351981840272
2052,5,CO,Centro-Oeste,19910665,2909397,12667230,5605601,4334038,1180368,0.146122542868357,0.636203260915695,0.28153760811103,0.217674196215948,0.0592832032481085,0.137366174476017,81.6773959736233,25.3832537963194,1.51391173983072,25.5307302328157,49.1906353528933,74.721365585709,192.672261640471,43.0953838558381,43.9129972980881
2053,5,CO,Centro-Oeste,19932045,2892179,12616556,5699114,4423310,1221324,0.145101970219313,0.632978502707575,0.285927209174974,0.221919527073113,0.061274395075869,0.1073796379980289,81.8189354879243,25.4583231819746,1.51355263116903,25.5025328126389,50.2534047124917,75.7559375251306,197.05260289906,43.3380163952068,44.188886524041
2054,5,CO,Centro-Oeste,19947371,2874028,12566023,5790445,4507320,1262654,0.144080540738927,0.629958855229594,0.290286123419472,0.225960604031479,0.0632992688610444,0.0768912572693958,81.9583317199146,25.5321898095975,1.51332096255139,25.4724273852338,51.3205472565648,76.7929746417986,201.474898643994,43.5761901154794,44.4549536372349
2055,5,CO,Centro-Oeste,19956576,2854861,12514662,5879339,4587053,1305139,0.143053648080713,0.627094647899519,0.294606599849593,0.229851704019768,0.0653989441876202,0.0461464320285598,82.0956479907978,25.6048669600819,1.51320657675399,25.4390068555892,52.3894316141252,77.8284384697144,205.941340051232,43.8100401591936,44.7194613122155
2056,5,CO,Centro-Oeste,19959732,2834850,12460908,5965333,4663974,1349638,0.142028460101568,0.624302370392548,0.298868391619687,0.233669169505883,0.0676180421660972,0.015814336086506,82.2309419290146,25.6763813361751,1.5132220188305,25.4029083074952,53.4549648915023,78.8578731989976,210.428523555038,44.0393917613724,44.9871195658314
2057,5,CO,Centro-Oeste,19957010,2814172,12403706,6047993,4739132,1396651,0.141011704659165,0.621521259948259,0.303051058249708,0.237467035392576,0.0699829784120968,-0.0136374576572451,82.364206985664,25.7467618603031,1.51333833034493,25.3646806241998,54.5117394609839,79.8764200851837,214.911988321965,44.2639878418661,45.2584234522778
2058,5,CO,Centro-Oeste,19948407,2792719,12342979,6127483,4812709,1446280,0.139997093502253,0.618745095786345,0.307166532144647,0.241257810711402,0.07250102727501,-0.0431076599149871,82.4954797950148,25.8160213190383,1.51355894380526,25.3234229867871,55.5619250820963,80.8853480688834,219.409220906221,44.4838974861501,45.52991307344
2059,5,CO,Centro-Oeste,19933883,2770380,12279222,6203794,4884281,1497942,0.138978441882096,0.615997495319903,0.311218541816464,0.245024062798001,0.075145519816686,-0.0728078186894798,82.6247496182847,25.8841520228614,1.51389597672114,25.2778609359062,56.6054627910285,81.8833237269347,223.932962265104,44.6992830749533,45.8059662071578
2060,5,CO,Centro-Oeste,19913528,2747265,12212653,6275807,4953610,1550477,0.137959732700303,0.61328424576499,0.315152945274187,0.248756021534707,0.0778604876042055,-0.102112568835688,82.7520442809244,25.9511505083309,1.51433671573286,25.226354158173,57.6266687088217,82.8530228669947,228.438355964932,44.9099900831234,46.0941854614661
2061,5,CO,Centro-Oeste,19887563,2723664,12143626,6342175,5020273,1602166,0.13695312995363,0.610614080769977,0.318901566773164,0.252432789276394,0.0805612029990804,-0.130388748794286,82.8774473716151,26.017047626137,1.51487687809572,25.1684851692762,58.6059577937859,83.7744429630621,232.854529780472,45.1155509601654,46.3948665305048
2062,5,CO,Centro-Oeste,19856201,2699786,12072562,6402885,5083853,1651708,0.135966895177985,0.607999586627875,0.322462740984542,0.25603351819414,0.0831834850986853,-0.157696546328978,83.0009797333717,26.0818579496589,1.51550391148815,25.1060442477958,59.5421689435934,84.6482131913892,237.162686227723,45.3155390097028,46.6872799255624
2063,5,CO,Centro-Oeste,19819556,2675667,11999388,6458297,5144501,1698756,0.135001359263548,0.605431726119394,0.325854776968768,0.259566914617058,0.0857111027108781,-0.184551919070519,83.1226164175442,26.1456104083597,1.51622837675604,25.0399509919525,60.4392999470689,85.4792509390214,241.37147858833,45.5097780697005,46.9663250474608
2064,5,CO,Centro-Oeste,19777714,2651409,11924047,6508971,5202258,1743353,0.134060437925232,0.602903197002444,0.329106336556389,0.263036365072323,0.0881473460481833,-0.21111471921974,83.2423389232487,26.2082959611469,1.51704153599439,24.9724554205415,61.3051355453262,86.2775909658677,245.491020057637,45.698197273962,47.2317203503043
2065,5,CO,Centro-Oeste,19730846,2627222,11847564,6555257,5256060,1785056,0.13315303358001,0.600458997044526,0.332233954894788,0.266387969375464,0.0904703224585504,-0.236973797881801,83.3601677487141,26.2699019232393,1.51792858153952,24.9064333844281,62.144756624414,87.0511900088421,249.512869487238,45.8805296032415,47.5044605352642
2066,5,CO,Centro-Oeste,19679156,2603287,11771230,6601451,5304639,1823385,0.132286516759154,0.598157258370227,0.335453969672277,0.269556224870619,0.0926556504760672,-0.261975588882501,83.4761355241292,26.3305572214391,1.51888930703133,24.8537627579881,63.0245136293014,87.8782763872895,253.581376160216,46.0564572992866,47.7775975927607
2067,5,CO,Centro-Oeste,19622869,2579700,11695101,6636071,5348068,1858088,0.131463956672187,0.595993429910784,0.338180466882799,0.272542613417029,0.0946899253111255,-0.286023445314421,83.5902364944563,26.3902315096965,1.51991622929538,24.7878899574118,63.7648554861307,88.5527454435425,257.241966120091,46.2257776882677,48.0447126622068
2068,5,CO,Centro-Oeste,19562132,2556569,11618838,6666184,5386725,1888804,0.130689691696181,0.593945383867157,0.340769809752843,0.275364924436662,0.0965540974777187,-0.309521507787669,83.7025423294138,26.4488824396781,1.52100950646423,24.7265237109501,64.4737367689104,89.2002604798605,260.74727496109,46.3883701428863,48.2850874531636
2069,5,CO,Centro-Oeste,19497128,2534110,11541779,6694124,5421239,1915766,0.129973501738307,0.5919732896045,0.343338977925364,0.278053208657193,0.0982588820261117,-0.332295068860589,83.8131097766148,26.5065520663568,1.52216365216016,24.6775358670564,65.1883640049259,89.8658998719823,264.160750717214,46.5441952271124,48.5067261244079
2070,5,CO,Centro-Oeste,19428108,2512476,11463580,6716273,5452052,1939933,0.129321702350018,0.590051280340834,0.345698767991201,0.280627017309148,0.0998518744079454,-0.354000855920933,83.9219617401344,26.5633104877461,1.52337220997232,24.6336657038937,65.8499519430584,90.4836176469521,267.316901733589,46.69331151546,48.7115039447338
2000,11,RO,Rondônia,1376519,478093,849797,75520,48629,7420,0.347320305785826,0.617352176032441,0.0548630276806931,0.0353275181817323,0.0053904087048562,,68.3924093441855,19.0289974757197,2.70958459858727,58.0981302846255,9.17723287957555,67.275363164201,15.7960898820941,25.048023310975,22.0960202497968
2001,11,RO,Rondônia,1397209,476045,870448,78354,50716,7738,0.340711375320371,0.622990547584506,0.0560789402301302,0.0362980770951232,0.0055381836217774,1.50306679384737,68.5272120095114,19.0627446393977,2.59173131802009,56.483074477047,9.29675727625443,65.7798317533015,16.459368337027,25.33734466354,22.453802583159
2002,11,RO,Rondônia,1418120,473847,891386,81264,52887,8066,0.334137449581136,0.628568809409641,0.0573040363297887,0.0372937410092235,0.0056878120328322,1.49662648895048,68.8840574158365,19.1002456096126,2.34108576479322,54.9063798871159,9.41635602873203,64.3227359158479,17.1498395051567,25.6336868530167,22.8222237930303
2003,11,RO,Rondônia,1439286,471499,912660,84280,55127,8417,0.327592292289371,0.634106077596808,0.0585568121971589,0.0383016301138203,0.0058480385413323,1.4925394183849,69.4577917334692,19.204856899435,2.26768022135065,53.3667531779601,9.53925662162269,62.9060097995828,17.8749053550485,25.9387474067003,23.2080232475725
2004,11,RO,Rondônia,1460771,468964,934395,87479,57412,8807,0.321038684365996,0.639658782930384,0.0598854988221973,0.0393025327036202,0.0060290079690793,1.49275404610341,70.1072569780237,19.4193228422078,2.1683181796628,51.8577330349165,9.67337072389664,61.5311037588132,18.6536706442286,26.2543663585873,23.6103396672931
2005,11,RO,Rondônia,1482624,466187,956645,90949,59792,9250,0.314433733704567,0.645237767633601,0.0613432670724337,0.040328498661832,0.0062389385306052,1.49599081580891,71.164295459935,19.7963962850634,2.168252841661,50.3720199505558,9.82713984406065,60.1991597946165,19.5091240210473,26.5821806472848,24.0265455937098
2006,11,RO,Rondônia,1504503,462621,979540,94795,62342,9766,0.307490912281331,0.651072148078136,0.0630075180973385,0.0414369396405325,0.0064911801438747,1.47569444444444,72.3545938788281,20.4478911229465,2.03612937110347,48.8467268582506,10.0091121512596,58.8558390095102,20.4908553654071,26.9333480890367,24.4710847086215
2007,11,RO,Rondônia,1526378,458230,1003033,99025,65115,10342,0.300207419132089,0.657132767898908,0.0648758040275738,0.0426598129690024,0.0067755169427232,1.45396851983679,73.2026733441321,20.8169117149467,1.96366157029666,47.2829558270725,10.2180012237869,57.5009570508594,21.610326691836,27.3058095701065,24.9358218508911
2008,11,RO,Rondônia,1548087,453469,1026592,103569,68026,10966,0.292922167810982,0.663135857351686,0.0669012788040982,0.0439419748373315,0.0070835812199185,1.4222558239178,73.3317898602132,20.8878409971157,1.91032107006029,45.7564661283145,10.4504419054961,56.2069080338106,22.8392679543695,27.686164278881,25.412934738821
2009,11,RO,Rondônia,1569789,449350,1049428,108338,71011,11600,0.286248661444309,0.668515322759938,0.0690143707211606,0.0452360157957534,0.0073895281467764,1.40185919783578,72.9086351304112,20.6445753995949,1.9972567192432,44.3977429130097,10.7042676570817,55.1020105700913,24.1099365750529,28.0510826614277,25.8752933011666
2010,11,RO,Rondônia,1587848,445160,1068544,113403,74144,12250,0.280354290838922,0.672951063325961,0.0714193046185781,0.0466946458351177,0.0077148442420181,1.15040938622961,73.324220258951,20.9972405552973,1.91743953811062,43.2494401453436,11.0176481732465,54.2670883185901,25.4746607961182,28.4166122953834,26.3416937247366
2011,11,RO,Rondônia,1603348,440952,1084898,118859,77498,12943,0.275019521650945,0.676645369564187,0.0741317543041186,0.0483351087848677,0.0080724833286348,0.97616396531659,73.7784583897559,21.0666355035739,2.00811978155967,42.2555213662764,11.3900130038513,53.6455343701277,26.9550880821495,28.7814398371408,26.8046600913484
2012,11,RO,Rondônia,1619871,436817,1102001,124693,81053,13666,0.269661596509846,0.680301703036847,0.0769771173136626,0.0500367004533077,0.0084364742624567,1.03053111364471,74.2132096793663,21.3399862903425,1.88763912011895,41.2729682972067,11.7817077537816,53.0546760509883,28.5458212477994,29.1412093925998,27.2610900505454
2013,11,RO,Rondônia,1635974,432041,1119066,130920,84867,14426,0.264087937827863,0.684036543368049,0.0800257216801734,0.0518755188040886,0.0088179885499402,0.994091504817352,74.5004160135413,21.4953409073702,1.90160041228041,40.2642838437186,12.2011569291332,52.4654407728518,30.3026796067966,29.5100527269993,27.7230359520639
2014,11,RO,Rondônia,1651873,427551,1135334,137570,88988,15245,0.25882800917504,0.687301021325489,0.0832812207718148,0.0538709694994712,0.0092289177194614,0.9718369607340852,74.9214024708695,21.7765419296543,1.91519577286965,39.3420946085215,12.6588218839257,52.0009164924472,32.1762783855025,29.8734600057026,28.1785152984451
2015,11,RO,Rondônia,1666906,423499,1150007,144588,93400,16124,0.254062916565181,0.689905129623386,0.0867403440865892,0.0560319538114327,0.0096730109556267,0.910057855537327,75.0610740807908,21.722345928008,1.93580293127489,38.5412884196578,13.1584910708679,51.6997794905257,34.1412848672606,30.2319578908469,28.6288194911832
2016,11,RO,Rondônia,1680084,418981,1163013,151914,98090,17068,0.249380983331786,0.692235031105588,0.0904204789760512,0.0583839855626266,0.0101590158587309,0.790566474654231,75.3956964948312,21.8141334901697,1.83946494718794,37.7736346105127,13.695952628452,51.4695872389647,36.2579687384392,30.5990557614976,29.0869992543889
2017,11,RO,Rondônia,1691568,414254,1174205,159609,103109,18091,0.244893495265931,0.694151816539447,0.0943556510882211,0.0609546881946218,0.010694810968285,0.683537251708843,75.7984187234093,21.9838712942304,1.89903645145538,37.0629101596575,14.2800649545274,51.3429751141849,38.529259826097,30.9726525921512,29.5514226945492
2018,11,RO,Rondônia,1701892,410331,1183090,167696,108471,19177,0.241102843188639,0.695161620126306,0.0985350421765893,0.0637355366850541,0.0112680475611848,0.610321311351369,76.1447090662916,22.2278245649763,1.95401404782291,36.5107019081473,14.9213651105782,51.4320670187256,40.8684696013706,31.3344759831999,30.0065828222984
2019,11,RO,Rondônia,1712560,406725,1191633,176207,114202,20306,0.237495328630822,0.695819708506563,0.102890993600224,0.066684962862615,0.0118571028168356,0.626831784860604,76.5674681221642,22.4040961045311,1.89358772155613,36.005215876377,15.5986749620229,51.6038908383999,43.3233757452824,31.6915489092353,30.4479876378451
2020,11,RO,Rondônia,1722753,402731,1200175,184580,119847,21288,0.233771759503539,0.696661099995182,0.107142463255034,0.0695671405012791,0.0123569658563938,0.595190825430936,74.1536568014283,20.7628778877746,1.82040532036159,35.4690948546909,16.2562244482765,51.7253193029675,45.8320814638059,32.0423223758716,30.8746231066652
2021,11,RO,Rondônia,1729622,399034,1205954,191859,124634,21891,0.230705899901828,0.697235580953526,0.110925392947129,0.0720585191446455,0.0126565226390506,0.3987222776567599,70.5407421742752,18.5393097619749,1.81040723949166,35.0420512694416,16.8485214655989,51.8905727350406,48.0808652896746,32.3586101471882,31.264151618094
2022,11,RO,Rondônia,1734648,395676,1209218,199567,129754,22492,0.228101609087262,0.697097047931338,0.115047548551637,0.0748013429814003,0.0129663193915999,0.290583722917503,74.9421542642753,21.344461540293,1.78148586639977,34.7265458726265,17.5150188036738,52.2415646763003,50.4369736855407,32.691354672533,31.6781194793958
2023,11,RO,Rondônia,1740255,392058,1211942,208833,136255,23470,0.225287673358215,0.696416329790749,0.120001379108234,0.0782959968510362,0.0134865292730088,0.323235607454664,75.7744757360027,22.06160042925,1.72963575232176,34.4102499289077,18.328909812843,52.7391597417507,53.2658433191007,33.0767875972199,32.146707676628
2024,11,RO,Rondônia,1746227,387476,1215450,218596,143301,24653,0.221893259009281,0.696043526987041,0.125181892159496,0.0820632140036776,0.0141178666920166,0.343168098928026,76.0011374792503,22.1855593430527,1.7153167341959,33.9845021071696,19.1724809346098,53.1569830417794,56.415365080676,33.4708041967052,32.616926625659
2025,11,RO,Rondônia,1751950,382314,1218924,228573,150712,25952,0.218221981220925,0.695752732669311,0.130467764490996,0.0860252861097634,0.0148132081395017,0.327735168451748,76.2252267688685,22.3083597056154,1.68900135330851,33.5050737776968,20.0315845838486,53.5366583615453,59.7867198166952,33.865626872913,33.0853222177137
2026,11,RO,Rondônia,1757338,376413,1222458,238652,158467,27344,0.214194992653661,0.695630550298235,0.135803129506105,0.0901744570481034,0.0155598979820615,0.307543023488122,76.4469897699295,22.4301879604409,1.66474885348715,32.9529805922052,20.8927287960059,53.845709388211,63.4016359690021,34.2618022258666,33.5525954510037
2027,11,RO,Rondônia,1762414,370221,1225676,248757,166517,28793,0.210064718051491,0.695452941249899,0.141145610509222,0.09448234069861,0.0163372510658676,0.288845970439389,76.6662442080636,22.5509661114951,1.64245714700889,32.3779380743653,21.7552184818389,54.1331565562043,67.1914883272424,34.6585393670273,34.0176971326165
2028,11,RO,Rondônia,1767197,364388,1228076,258866,174733,30322,0.206195460947478,0.69492874874731,0.146483951704309,0.0988757903052122,0.0171582455153557,0.271389128774513,76.8829067878122,22.6705745653652,1.62202267790288,31.8536850175227,22.629274360698,54.4829593782208,71.0413076171553,35.0557000719218,34.4801089406461
2029,11,RO,Rondônia,1771714,358029,1230506,269007,183179,31997,0.202080584112334,0.694528575153778,0.151834325404665,0.103390840733888,0.0180599126044045,0.255602516301234,77.0970411876001,22.7889721818595,1.60334167713275,31.2777042976278,23.500670057431,54.7783743550588,75.1355337137495,35.452314538351,34.9392933901437
2030,11,RO,Rondônia,1775998,351193,1233012,279211,191793,33840,0.197744028991024,0.694264295342675,0.157213577943218,0.107991675666301,0.0190540755113463,0.241799748717919,77.3085299419696,22.9059959866859,1.58631123337481,30.6559741060096,24.3725962251897,55.0285703311994,79.5035778047968,35.8470465619894,35.394604221136
2031,11,RO,Rondônia,1779940,344649,1234809,289499,200482,35854,0.193629560546985,0.69373630571817,0.162645370068654,0.112634133734845,0.0201433756194029,0.221959709414077,77.5174430605628,23.0217724909836,1.57083018972566,30.0795432329777,25.2662786963079,55.3458219292856,83.998212674344,36.2401794442509,35.8475399264064
2032,11,RO,Rondônia,1783410,338209,1236022,299887,209179,38019,0.189641753718999,0.693066653209301,0.168153705541631,0.1172915930717,0.0213181489393914,0.194950391586235,77.7238784024544,23.1363100000783,1.5567998790605,29.5298057999815,26.1838238247328,55.7136296247143,88.6691365398319,36.6320072221194,36.3006897077316
2033,11,RO,Rondônia,1786424,330849,1237719,310350,217856,40334,0.18520183338334,0.692847274779112,0.173726953959418,0.121950891837548,0.0225780665732211,0.169002080284408,77.9279679450144,23.2497325177955,1.54412471225876,28.8894322076448,27.0994782684625,55.9889104761073,93.8041221221766,37.0223603131172,36.7537799443958
2034,11,RO,Rondônia,1789002,323367,1239101,320887,226534,42813,0.180752732529086,0.692621360959909,0.179366484777546,0.126625906511004,0.0239312197526889,0.14431064517717,78.1296307087351,23.3619565171498,1.53271263426691,28.2478763885152,28.031234821987,56.2791112105022,99.2330695463668,37.4102684066312,37.2061883270864
2035,11,RO,Rondônia,1791165,316754,1239161,331594,235250,45475,0.176842446117471,0.691818453352985,0.185127556646093,0.131339100529544,0.0253885041299936,0.120905398652438,78.3288649255219,23.4728685769181,1.52247546311987,27.7169485578181,29.0154941692327,56.7324427270508,104.685023709251,37.7952042385822,37.6580976373144
2036,11,RO,Rondônia,1792920,310693,1238210,342559,244017,48292,0.173288824933628,0.690610847109743,0.191062066349865,0.136100327956629,0.0269348325636392,0.0979809230305495,78.5256528638891,23.5823854444135,1.51332912672903,27.2617113053977,30.0577887595335,57.3195000649312,110.256426762109,38.1766665551168,38.1083390817813
2037,11,RO,Rondônia,1794263,304890,1236520,353829,252853,51251,0.169924921820268,0.689152036239949,0.19720018748645,0.140923041939783,0.0285638170101039,0.0749057403565123,78.7199570110659,23.6904346089514,1.5051938115831,26.8496861416202,31.1594266712695,58.0091128128897,116.051362786579,38.5542598827485,38.5572812930902
2038,11,RO,Rondônia,1795207,299588,1233897,365398,261722,54344,0.166882147852587,0.687328536486322,0.203540873002389,0.145789315661091,0.0302717179690142,0.0526121309975203,78.9117412445276,23.7969631801405,1.49799403660563,26.507028271462,32.3297832901707,58.8368115616326,121.966834452648,38.9273604659518,39.0029027297193
2039,11,RO,Rondônia,1795757,294677,1230445,377204,270635,57594,0.164096255785165,0.685195714119449,0.210052919186727,0.150708030095386,0.0320722681298193,0.0306371354389822,79.1009409061131,23.9019422273017,1.49165866435303,26.2197075122167,33.5627773882528,59.7824849004694,128.005918344492,39.2956986941997,39.4434928858645
2040,11,RO,Rondônia,1795921,289989,1226254,389153,279678,61006,0.161470911025596,0.682799521805246,0.21668714826543,0.155729567169157,0.0339692002042406,0.0091326387701595,79.2875026053936,24.0052874494647,1.48612086059393,25.9665520214832,34.8460169827692,60.8125690042524,134.195779839925,39.6590195225737,39.8800550046483
2041,11,RO,Rondônia,1795653,285579,1221149,401100,288925,64572,0.159039079376695,0.680058452273351,0.223372778593637,0.160902468349954,0.0359601771611776,-0.0149227053974021,79.4715002638786,24.1071178741866,1.48131801213809,25.7516407057334,36.1685666210389,61.9202073267723,140.451503787043,40.0170806943212,40.3132387247278
2042,11,RO,Rondônia,1794936,281422,1215089,412905,298425,68262,0.156786648660454,0.676953941533291,0.230038842610544,0.166259409806255,0.0380303253152202,-0.0399297637126983,79.6529913460837,24.2074590454171,1.47719161162504,25.5696618871915,37.5160479334623,63.0857098206538,146.720938661512,40.3697747440577,40.7420009364757
2043,11,RO,Rondônia,1793786,277514,1208089,424532,308183,71983,0.154708532678926,0.673485577432314,0.236668142130667,0.17180588988876,0.0401290900921292,-0.0640691367268853,79.831966406718,24.3063092193396,1.47368711686929,25.4194222067525,38.8858153040101,64.3052375107626,152.976786756704,40.7167622001733,41.1663729291505
2044,11,RO,Rondônia,1792198,273819,1200253,435960,318126,75777,0.152783899993193,0.669710043198352,0.243254372563746,0.177506056808455,0.0422816005820785,-0.0885278399987532,80.0084173653227,24.4036527740394,1.4707537913127,25.2969506263286,40.2764548663688,65.5734054926974,159.214663701204,41.057773750445,41.5847227149107
2045,11,RO,Rondônia,1790158,270277,1191702,447073,328179,79610,0.150979410755922,0.665696547455588,0.249739408476794,0.18332404178849,0.0444709349677515,-0.1138267088792609,80.1823709934486,24.4994998784795,1.46834453116812,25.1934176478923,41.6731605282585,66.8665781761508,165.412891219009,41.3930714495592,41.9980928162746
2046,11,RO,Rondônia,1787673,266863,1182594,457742,338216,83426,0.149279538260073,0.661527024237654,0.256054658765893,0.189193437502272,0.0466673714935561,-0.138814562736922,80.3538746683692,24.5938819252959,1.46641568396011,25.1030978262914,43.058581388961,68.1616792152525,171.52696327329,41.7225862895507,42.40413443904
2047,11,RO,Rondônia,1784738,263563,1173072,467853,348103,87178,0.147676017432251,0.657279667940056,0.262140997726277,0.195044314627693,0.0488463852957689,-0.16417991433556,80.522923666883,24.6867877833839,1.46492686238027,25.0220730223047,44.4169019540084,69.438974976313,177.51087975171,42.0460554994627,42.803998226593
2048,11,RO,Rondônia,1781377,260365,1163204,477363,357808,90857,0.146159403652343,0.65298025067125,0.267974157070626,0.200860345676407,0.0510038021148808,-0.188318957740574,80.6895742915603,24.7782717072548,1.46384075667597,24.9475637882085,45.739803324681,70.6873671128895,183.343767403453,42.3633531812749,43.1959448532385
2049,11,RO,Rondônia,1777583,257241,1153017,486274,367325,94487,0.14471391771861,0.648643129462872,0.273559096818545,0.206642952818518,0.0531547612685315,-0.2129813060345989,80.8537984890163,24.8683187544406,1.46312294817861,24.8766038597075,47.025340693262,71.9019445529694,189.034407423389,42.6747071726046,43.5718007503126
2050,11,RO,Rondônia,1773347,254168,1142634,494648,376545,98099,0.143326714963287,0.64433751544396,0.278934692420604,0.212335769592753,0.0553185586351684,-0.238301108865235,81.015585091606,24.9569638882117,1.46274172604551,24.8082293263942,48.2804327053061,73.0886620317004,194.614585628403,42.9802119946068,43.9359200343938
2051,11,RO,Rondônia,1768669,251120,1132215,502558,385334,101703,0.141982473826363,0.640150870513363,0.28414474387237,0.217866655660273,0.0575025626615268,-0.263794959474939,81.1748783377943,25.0442813015872,1.4626679088324,24.7411060787731,49.5135424846132,74.2546485633863,200.126632685569,43.2798307653948,44.2792316978529
2052,11,RO,Rondônia,1763550,248104,1121850,510072,393596,105324,0.140684414958464,0.636131666241388,0.289230245811006,0.223183918800147,0.0597227183805393,-0.289426681872074,81.3317409090599,25.1303081556526,1.46287467212365,24.6777816016726,50.7345525147855,75.4123341164582,205.587979234515,43.5735618496782,44.6122377315424
2053,11,RO,Rondônia,1758012,245099,1111619,517200,401294,108949,0.139418274733051,0.632315934134693,0.294195944054989,0.228265791132256,0.061972842051135,-0.31402568682487,81.4861939707322,25.2150579921622,1.46333738311914,24.6154263326882,51.9426782617079,76.5581045943962,211.016772814251,43.8613985570064,44.9380796976984
2054,11,RO,Rondônia,1752049,242089,1101528,523928,408432,112588,0.138174788490505,0.628708443656542,0.299037298614365,0.233116767852954,0.0642607598303472,-0.339189948646534,81.6382419525694,25.2984848475287,1.46403344280169,24.5518401025525,53.1349895338082,77.6868296363607,216.419581228391,44.1436152756002,45.2748158994014
2055,11,RO,Rondônia,1745653,239064,1091527,530310,415062,116305,0.136948179277325,0.625282917051671,0.303788897335267,0.237768903671004,0.0666254977363772,-0.365058283187281,81.7879231921708,25.3805880771846,1.46494213608208,24.4872623502093,54.3195131719519,78.8067755221612,221.827627748218,44.420245604367,45.6125847584119
2056,11,RO,Rondônia,1738846,236040,1081532,536408,421274,120166,0.135745201127644,0.621982625258361,0.308485052730374,0.242272173613995,0.0691067524093566,-0.389940039629866,81.9353080289576,25.4613496272284,1.46604449013268,24.4247194220187,55.5059095734884,79.930628995507,227.253007964752,44.6912055466672,45.9506754766214
2057,11,RO,Rondônia,1731629,233016,1071485,542260,427128,124203,0.134564620943632,0.618772843374649,0.313150218666932,0.246662535681719,0.0717261029931931,-0.4150453806720081,82.0803808236333,25.5407481020828,1.46732314097049,24.3650618547754,56.7008207220556,81.0658825768309,232.713633398565,44.956159200383,46.2945037781249
2058,11,RO,Rondônia,1724012,229984,1061401,547913,432627,128420,0.133400463569859,0.615657547627279,0.317812753043482,0.250941988802862,0.0744890406795312,-0.4398748230712289,82.2231818543103,25.6188041456739,1.46876220823086,24.3082500541689,57.9118817479905,82.2201318021594,238.239616668986,45.2154352753925,46.6347244561077
2059,11,RO,Rondônia,1716005,226943,1051297,553334,437765,132771,0.132250780155069,0.612642154306077,0.322454771402181,0.255107065538853,0.0773721521790438,-0.46443992269195,82.363703381599,25.6954907933413,1.47034717797929,24.2530949164715,59.1340645999692,83.3871595164407,243.820695064399,45.4690155331715,46.9707929189683
2060,11,RO,Rondônia,1707630,223899,1041130,558380,442601,137198,0.13111681101878,0.609692966274896,0.326991210039646,0.259190222706324,0.0803441026451866,-0.488052190990118,82.5019970068578,25.7708055755026,1.47206479333698,24.196115852255,60.3425078699866,84.5386237222416,249.389233538336,45.7166775003953,47.2872846237732
2061,11,RO,Rondônia,1698884,220876,1030827,563137,447181,141610,0.130012408145583,0.606767148316189,0.331474662190002,0.263220443538229,0.0833547199220194,-0.512171840504094,82.6380292116358,25.8446442827901,1.47390295264201,24.1428572990072,61.5537053857866,85.6965626847938,254.956174505152,45.9580612920011,47.6038021825741
2062,11,RO,Rondônia,1689794,217873,1020368,567579,451553,145913,0.128934651206005,0.603841651704291,0.335886504508834,0.267223697089704,0.0863495787060435,-0.535057131622874,82.7718176639918,25.9170329554101,1.47585061482986,24.0918811688498,62.761543752253,86.8534249211029,260.509103927517,46.1928146271084,47.9200515242593
2063,11,RO,Rondônia,1680361,214904,1009707,571625,455750,150079,0.12789156615751,0.600886952267995,0.340179878014308,0.271221481574495,0.0893135463153453,-0.558233725531043,82.9033876604566,25.9880253003949,1.47789771169094,24.042996894271,63.95217445784,87.9951713521109,265.990861035625,46.4205144013697,48.2388589881593
2064,11,RO,Rondônia,1670609,211960,998904,575271,459745,154106,0.126875887775057,0.597928060964594,0.344348079053806,0.275196051260349,0.0922454027243957,-0.580351483996588,83.0327692014968,26.0576640550325,1.48003506664703,23.9942584035373,65.1217259202742,89.1159843238115,271.405453859219,46.6412781207332,48.5457003429174
2065,11,RO,Rondônia,1660563,209075,988076,578453,463412,157917,0.125906093294864,0.595024699454342,0.34834751828145,0.279069207250794,0.0950984696154256,-0.6013375960503,83.1600142266693,26.1260601626677,1.48225431968102,23.9480662287308,66.2577101719862,90.205776400717,276.672485950018,46.8547817818415,48.8425237183199
2066,11,RO,Rondônia,1650219,206253,977140,580720,466826,161418,0.124985229233211,0.592127469141974,0.351904807786118,0.282887301624815,0.0978161080438415,-0.622921262246601,83.2851020707915,26.1933263648248,1.48454785805337,23.8927258278637,67.2716699527134,91.164395780577,281.557116744969,47.0606980043255,49.129449332321
2067,11,RO,Rondônia,1639602,203500,966131,582120,469971,164550,0.124115486563203,0.589247268544439,0.355037381022956,0.286637244892358,0.100359721444594,-0.643369152821538,83.408077006023,26.2593492649131,1.4869087524426,23.8295420746573,68.1653711670738,91.9949132417311,286.054054054054,47.2588109797378,49.4302709274053
2068,11,RO,Rondônia,1628725,200819,955129,582951,472777,167283,0.123298285468695,0.586427420221339,0.357918617323366,0.290274294309966,0.102707946399791,-0.66339270139949,83.5289939618128,26.3241596382284,1.48933069815558,23.766827819233,68.9919581516175,92.7587859708505,290.286775653698,47.4489137208553,49.7314403829417
2069,11,RO,Rondônia,1617635,198230,944165,584094,475240,169637,0.122543095321256,0.583669987358088,0.361078982588779,0.293786917320656,0.104867290828895,-0.680900704538823,83.6478767669728,26.3878705117232,1.49180796106392,23.7312809241109,69.9253331992515,93.6566141233624,294.654694042274,47.6307152107861,50.0286929958542
2070,11,RO,Rondônia,1606337,195741,933286,585301,477310,171673,0.12185550105613,0.581002616511977,0.364369992100039,0.297141882431893,0.10687234372364,-0.698427024637815,83.7647952323191,26.4505251102769,1.49433532793635,23.7177009432991,70.9202164074664,94.6379173507655,299.018090231479,47.8043872487529,50.2955558588064
2000,12,AC,Acre,587326,234672,329587,33089,23067,4921,0.399560039909692,0.561165349397098,0.0563383878799849,0.0392746106932096,0.0083786517198285,,70.4926572521022,20.5384158983988,3.98430768477021,73.4348254658677,10.3543879961823,83.78921346205,14.1001056794164,23.2697786237967,19.4516154145582
2001,12,AC,Acre,605327,239806,341784,34192,23737,5040,0.396159431183476,0.564627052816081,0.0564851724770248,0.0392135160004427,0.00832607830148,3.0649077343758,71.1922610851311,20.5278356527735,3.73385581817469,72.3770029185492,10.3196520678842,82.6966549864334,14.2581920385645,23.3963989711346,19.6868744747498
2002,12,AC,Acre,623537,244942,354144,35360,24451,5189,0.392826728806791,0.567959880488247,0.0567087438275515,0.0392133907049622,0.0083218798563677,3.00829138630856,71.5618711551964,20.5730484938464,3.69764795243449,71.3627689483881,10.3019796932131,81.6647486416012,14.436070579974,23.5406687975212,19.9324740718473
2003,12,AC,Acre,641931,250030,366688,36615,25213,5356,0.38949669045427,0.571226502536877,0.0570388406230576,0.039276807008853,0.0083435758671882,2.94994523179859,72.0663565188436,20.6002269329423,3.44538978341012,70.3742900086128,10.3057818208429,80.6800718294557,14.6442426908771,23.7029119952144,20.1915156507414
2004,12,AC,Acre,660422,254968,379448,37918,26006,5529,0.386068301782799,0.574553845874305,0.0574148044735033,0.0393778523428959,0.008371919772509,2.88052765795701,72.0610679172792,20.4803545589647,3.29253559974329,69.3722519698751,10.3168125027208,79.6890644725959,14.8716701703743,23.8815848048672,20.4632190672355
2005,12,AC,Acre,678929,259554,392540,39278,26835,5706,0.38229918003208,0.578175332030301,0.057852882996602,0.0395254879376194,0.0084044134217274,2.80229913600698,72.09504603316,20.4519808499302,3.29708640155184,68.286253245882,10.3336779821993,78.6199312280813,15.1328817895313,24.0791393503592,20.7489125706829
2006,12,AC,Acre,697370,263529,406093,40732,27748,5887,0.377889785909919,0.582320719273843,0.0584080186988256,0.0397894948162382,0.0084417167357356,2.71618976358352,72.9124063786352,20.6949564224156,3.10751991117406,67.0371321948874,10.3615027893027,77.3986349841901,15.4563634362822,24.3005377346315,21.0525443275191
2007,12,AC,Acre,715533,266556,420206,42314,28771,6091,0.372527891795347,0.5872629214865,0.0591363361298501,0.0402091867181528,0.0085125354106659,2.60449976339676,72.9431086981996,20.8911420721792,2.97880943202221,65.547148375928,10.4051757843718,75.9523241602998,15.8743378502078,24.5530967823986,21.381049105552
2008,12,AC,Acre,733604,269036,434677,44013,29891,6301,0.366731915311258,0.59252266890584,0.0599955834482909,0.0407454157829019,0.0085891025675977,2.52552991965429,73.5528264618659,21.1511199985323,2.9406994547766,63.9716565015277,10.4654563612369,74.4371128627647,16.3595206589453,24.8170048145866,21.7127110859888
2009,12,AC,Acre,750670,270505,449079,45830,31086,6503,0.360351419398671,0.598237574433506,0.061052126766755,0.0414110061678234,0.0086629277845125,2.32632319343951,73.5858795026774,21.2217816592204,2.6782556095393,62.2802675354277,10.5517630400497,72.8320305754775,16.9423855381601,25.1034489189657,22.0582987989043
2010,12,AC,Acre,765021,270027,462652,47767,32342,6705,0.352966781304043,0.604757255029601,0.062438808869299,0.0422759636663569,0.0087644652891881,1.91175882877963,74.095839533428,21.535835297254,2.41843226943824,60.378063041811,10.6807057713421,71.0587688131531,17.6897125102305,25.4389905636577,22.437762973352
2011,12,AC,Acre,778363,269143,475568,49841,33652,6912,0.345780824628098,0.610984848971495,0.0640331053762833,0.043234326400407,0.0088801754451329,1.74400441295075,74.294614521286,21.597502128873,2.62140335664707,58.5884422230881,10.8496470234817,69.4380892465698,18.5184084297195,25.7695239881649,22.7975956820412
2012,12,AC,Acre,791681,268103,488586,52020,34992,7123,0.338650289700018,0.617150089493117,0.0657082840184367,0.0441996208068654,0.008997310785531,1.71102686021818,74.3951839742956,21.5735143482543,2.42501486914899,56.8547241272548,11.0315168017508,67.8862409290056,19.4029906416564,26.0878219889071,23.1412967125597
2013,12,AC,Acre,803838,265943,501517,54297,36378,7337,0.330841537722775,0.623903074997699,0.0675471923447262,0.0452553872795265,0.0091274610058245,1.53559325031167,74.5519525882133,21.693600491786,2.3483319431111,54.9925764788109,11.2277139276837,66.2202904064947,20.4167810395461,26.4263470997888,23.5061737007325
2014,12,AC,Acre,815526,263547,514114,56691,37865,7563,0.323161983799413,0.630407859467387,0.0695146445361644,0.0464301567332004,0.0092737693218855,1.45402431833279,74.7046982448201,21.8081713383787,2.40695073391732,53.2108591365024,11.4460677424044,64.6569268789068,21.5107741693133,26.7579623457744,23.8618701084718
2015,12,AC,Acre,826677,261171,526057,59187,39449,7798,0.31592871218142,0.636351319802051,0.071596282465824,0.0477199680165288,0.0094329466042964,1.36733838038272,74.8176947073026,21.8203460722618,2.36886400545701,51.5823028564996,11.6896660010784,63.2719688575779,22.6621638696486,27.0790683664841,24.2094958563536
2016,12,AC,Acre,836294,257993,537149,61798,41152,8046,0.308495576914339,0.642296847759281,0.0738950656108976,0.0492075753263804,0.0096210184456662,1.16333223254064,75.2314838481804,22.0367312316148,2.16691729620641,49.9499518879852,11.9646933318877,61.9146452198729,23.9533630757424,27.4214666134159,24.5835364202545
2017,12,AC,Acre,844496,254287,547266,64502,42943,8313,0.30111095848885,0.648038593433243,0.0763792842121218,0.0508504480779068,0.0098437411189632,0.980755571605196,74.5358402984872,21.7291692752581,2.21620031245065,48.3704801343714,12.2695722141801,60.6400523485516,25.3658268019993,27.775895918986,24.9708189311353
2018,12,AC,Acre,851504,250754,555957,67264,44793,8602,0.294483643059809,0.652911789022717,0.0789943441252184,0.0526045679174731,0.0101021251808565,0.829844072677677,74.6311016409837,21.884650757776,2.23874364475857,47.0029204140315,12.6083908481197,59.6113112621512,26.8246967147084,28.1173594017174,25.3551320043103
2019,12,AC,Acre,857919,247248,563952,70082,46719,8911,0.288195039391831,0.657348770688142,0.0816883645192611,0.0544561899200274,0.0103867614541699,0.753372855559098,74.8275146864509,21.7568891080008,2.20297193538059,45.7367796977001,12.9640077767028,58.7007874744029,28.3448197760953,28.4548144988047,25.736518385531
2020,12,AC,Acre,863657,243327,571803,72710,48527,9179,0.281740320520762,0.662071864177561,0.0841885146533867,0.0561878153016765,0.010628061834733,0.668827709842068,72.8373237733006,19.9695625219108,2.05097587976749,44.4335488112195,13.2774551696432,57.7110039808626,29.8815996580733,28.7933184122864,26.1286166061095
2021,12,AC,Acre,868346,239322,578907,75067,50117,9364,0.2756067281936,0.666677798941896,0.0864482591040898,0.0577154728645033,0.0107837198536067,0.542923869082279,71.2339296746177,19.3641220407995,2.0895560836836,43.2022702123089,13.5510517964391,56.753322008748,31.3665271057404,29.1174589391786,26.520495331435
2022,12,AC,Acre,872566,235340,585253,77725,51973,9618,0.269710256874552,0.670726340471666,0.0890763564016934,0.0595634026537821,0.0110226618960629,0.485981394513257,75.1999969043779,21.5242181480701,1.93310144570889,42.0624806747441,13.8918429100216,55.9543235847657,33.0266847964647,29.4693707983121,26.9412185913293
2023,12,AC,Acre,876582,230741,591561,80939,54280,10018,0.263228083624806,0.674849586233804,0.0923347730161012,0.0619223301413901,0.0114284801650045,0.460251717348603,75.6269130173387,22.2426987650725,1.91196159218546,40.8461998718362,14.3279719314147,55.1741718032508,35.0778578579446,29.869036781499,27.417605587402
2024,12,AC,Acre,880631,226516,597343,84391,56772,10490,0.257220106946042,0.678312482753844,0.0958301490635692,0.0644674103001144,0.0119119131622666,0.461907727970678,75.8554032126081,22.3618706201901,1.86904931825808,39.7589008010897,14.8126110186687,54.5715118197583,37.2560878701725,30.2765176333788,27.9010301930802
2025,12,AC,Acre,884372,223312,601710,87963,59350,10982,0.252509125119294,0.680381106593153,0.0994638003012307,0.0671097682875532,0.0124178513114391,0.424809028980366,76.0814437329173,22.4801334886646,1.8218375909445,38.9658295192611,15.3487106022192,54.3145401214803,39.3901805545604,30.6906245335673,28.4012705481695
2026,12,AC,Acre,887794,219598,606165,91656,62031,11503,0.247352426351158,0.682776635120309,0.103240166074562,0.0698709385285325,0.0129568345809951,0.386941241920824,76.3045489983258,22.5966540142934,1.77868075120906,38.0889443924099,15.8975960037465,53.9865403961564,41.7380850463119,31.1117973313629,28.9098693105002
2027,12,AC,Acre,890930,215269,610868,95448,64793,12050,0.241622798648603,0.685652071430977,0.10713299585826,0.0727251299204202,0.0135251927760879,0.353235097331139,76.5251256437996,22.7118488112422,1.73940158030621,37.1017195409272,16.4505104160024,53.5522299569296,44.3389433685296,31.5379535990482,29.433465513879
2028,12,AC,Acre,893806,211318,614807,99336,67681,12627,0.23642490652334,0.687852845024535,0.111138211200193,0.075722248452125,0.0141272267136269,0.322808750406889,76.7432327190823,22.8257681988394,1.70380168116834,36.2372074519165,17.0343238126595,53.271531264576,47.0078270663171,31.9678968366737,29.9613316261204
2029,12,AC,Acre,896444,206978,618788,103342,70678,13264,0.230887818982558,0.690269553926403,0.11527992824984,0.0788426270910397,0.0147962393635297,0.295142346325705,76.958751154401,22.9382973861255,1.6716681871606,35.3130054391221,17.6314227023633,52.9444281414854,49.9289779590101,32.4006295987256,30.5018085518667
2030,12,AC,Acre,898869,202151,622946,107485,73772,13962,0.224894840071245,0.69303313386044,0.119578047524166,0.0820720260683147,0.0155328529518762,0.270513272440898,77.1718532877995,23.049623403835,1.64277970863308,34.3074810813379,18.2415105739156,52.5489916552535,53.1706496628758,32.835325280992,31.0438167839458
2031,12,AC,Acre,901074,197733,626378,111788,76963,14721,0.219441466516623,0.695146014644746,0.124060842949636,0.0854125188386304,0.0163371709759687,0.245308270726885,77.3822313824864,23.1594336257905,1.61691145414101,33.4260835461911,18.8973769045208,52.3234604507119,56.5348222097475,33.2714738190204,31.5940773309194
2032,12,AC,Acre,903058,193525,629288,116275,80245,15532,0.214299635239376,0.696841177421605,0.128756956917496,0.0888591873390192,0.0171993382484846,0.2201816942892559,77.5902232193753,23.2681398598597,1.5938395149925,32.6207147649084,19.5993985753247,52.2201133402331,60.0826766567627,33.7087617849573,32.1467501140883
2033,12,AC,Acre,904839,188848,632381,120930,83610,16382,0.208708952642404,0.698887868449525,0.133648085460507,0.0924031789080709,0.0181048783264205,0.197218783289665,77.7956804711703,23.3755320032966,1.57334434151771,31.735906066773,20.322286286616,52.058192353389,64.0356265356265,34.1462282240266,32.7032083821424
2034,12,AC,Acre,906441,183981,635384,125755,87076,17281,0.202970739408301,0.700965644757905,0.138734898355216,0.0960636158337939,0.0190646716112797,0.177048071535379,77.998776962407,23.4818230990099,1.55521346764639,30.8328235895459,21.0749030090246,51.9077265985705,68.3521667998326,34.5830208474683,33.2613815271582
2035,12,AC,Acre,907854,179597,637598,130796,90659,18224,0.197825861867657,0.702313367567913,0.144071623851412,0.09986077056443,0.0200737122929458,0.15588438740084,78.1996535741878,23.5870316328511,1.53924355833493,30.060037391562,21.8919728651745,51.9520102567364,72.8274971185488,35.0183311413509,33.8204825596643
2036,12,AC,Acre,909092,175426,639282,136106,94384,19225,0.192968368437958,0.703209356148773,0.149716420340296,0.10382227541327,0.0211474746230305,0.136365538952288,78.39834897238,23.691273086856,1.52524186382255,29.3570520115135,22.7769596358525,52.134011647366,77.5859906741304,35.4522468573038,34.381185175398
2037,12,AC,Acre,910156,171521,640369,141707,98266,20281,0.188452309274454,0.703581583816401,0.155695287401281,0.107966106909145,0.022282993245114,0.117039859552159,78.5947571636772,23.7944010638817,1.51302716746066,28.7339511632894,23.7393789535756,52.473330116865,82.6178718640866,35.8842165518878,34.9411803625777
2038,12,AC,Acre,911045,168066,640687,147604,102292,21387,0.18447606869035,0.703244076856796,0.162016146293542,0.112279854452854,0.0234752399716809,0.0976755633100179,78.78878447024,23.8963771331262,1.50243031171303,28.2285954230527,24.7917698929246,53.0203653159773,87.8250211226542,36.314431230071,35.5025987872326
2039,12,AC,Acre,911771,164642,640669,153745,106460,22528,0.180573850232131,0.702664375155604,0.168622384348702,0.116761774612266,0.0247079584676415,0.0796887091197407,78.9803928237922,23.9971067351798,1.49329438142535,27.746282339935,25.9098661237917,53.6561484637267,93.3813972133478,36.7420075874315,36.0623490743225
2040,12,AC,Acre,912339,161414,640101,160051,110824,23704,0.176923270845596,0.701604337861256,0.17542930862322,0.121472391293149,0.0259815704469501,0.0622963441478275,79.1695756529269,24.0965869026472,1.48547461590593,27.317837643897,27.0871624068752,54.4050000507722,99.1555874955084,37.1665630867474,36.6212243525059
2041,12,AC,Acre,912727,158393,638908,166389,115426,24921,0.173538199264402,0.699999013943928,0.182298759651024,0.126462786791669,0.027303892620685,0.0425280515247151,79.3561265730869,24.1945748529034,1.47883811276261,26.9401049417888,28.3000960974241,55.2402010392129,105.048202887754,37.5879326457966,37.1780808012452
2042,12,AC,Acre,912899,155525,637087,172660,120287,26166,0.170363862815054,0.697872382377459,0.189133737686206,0.131763754807487,0.028662535505023,0.0188446271448095,79.5400411744229,24.291140782256,1.47326337756327,26.5984737837644,29.5289662980534,56.1274400818178,111.017521298827,38.0065450833006,37.733652800435
2043,12,AC,Acre,912861,152789,634657,178847,125415,27475,0.167373784179629,0.695239472384076,0.195919203471284,0.137386743436295,0.0300976819033785,-0.0041625634380149,79.7214386410079,24.3863727634883,1.46863976475951,26.2874102111919,30.7706998150458,57.0581100262377,117.054892695155,38.4226097949195,38.2878477205933
2044,12,AC,Acre,912599,150158,631683,184937,130758,28830,0.164538860989328,0.692180245650061,0.202648698935677,0.143280893360611,0.0315910931307179,-0.0287009741899324,79.9003372148615,24.4803191155322,1.46486684728115,26.0012051864576,32.0235011359229,58.0247063223804,123.161603111389,38.8355882485078,38.8385052296183
2045,12,AC,Acre,912134,147634,628257,190875,136243,30231,0.161855604549332,0.688777087577045,0.209262016326549,0.149367307873624,0.0331431565976052,-0.0509533760172819,80.0766906995751,24.5729629648343,1.46185374497234,25.7370233166267,33.2752233602092,59.0122466768359,129.289323597545,39.2453389523908,39.3845725424673
2046,12,AC,Acre,911457,145203,624511,196592,141743,31665,0.159308667331536,0.685178785175823,0.215689824094828,0.155512547492641,0.0347410793926647,-0.0742215507809174,80.2505462139747,24.6644366782896,1.45951843568941,25.4893252490073,34.5102885570742,59.9996138060815,135.391142056294,39.651094895316,39.9259510384698
2047,12,AC,Acre,910569,142848,620556,202047,147165,33134,0.156877732494737,0.681503543388804,0.221890927540911,0.161618724116459,0.0363882363664917,-0.0974264282352366,80.421927680954,24.7547017943293,1.45778706743033,25.2527073897687,35.7179223368937,60.9706297266624,141.441952284946,40.0531568722414,40.4568304051631
2048,12,AC,Acre,909477,140554,616425,207226,152498,34638,0.154543765262893,0.677779646983926,0.227851831327235,0.167676587753181,0.0380856250350476,-0.119925013919864,80.5908108695218,24.843707277469,1.45659328527833,25.0230996426899,36.892844362708,61.9159440053979,147.435149479915,40.4517684339461,40.9851928868493
2049,12,AC,Acre,908166,138302,612140,212133,157724,36183,0.152287136933116,0.674039768060024,0.23358394830901,0.17367309500686,0.0398418350830135,-0.144148780013131,80.7571976556187,24.9314367504888,1.45587758315078,24.7972588936243,38.0350025370654,62.8322614306897,153.38389900363,40.8462274518095,41.5124252683138
2050,12,AC,Acre,906638,136090,607765,216873,162783,37781,0.150104010641513,0.67035023901491,0.23920572488689,0.179545750343577,0.0416715381442207,-0.168251178749257,80.9212061962134,25.0179267106412,1.45558668726161,24.5794012733102,39.1697295344742,63.7491308077843,159.359982364612,41.2362971770431,42.0360992548651
2051,12,AC,Acre,904908,133923,603358,221563,167627,39452,0.147996260393322,0.666761703952225,0.244845884885535,0.185242035654453,0.0435978022075172,-0.190814856646204,81.082789032862,25.1030968736484,1.45567297574325,24.3752525381219,40.3265613681287,64.7018139062506,165.440588995169,41.6216941390727,42.5444651509504
2052,12,AC,Acre,902958,131804,598958,226289,172196,41201,0.145969136991975,0.663328748402473,0.250608555436687,0.190702114605552,0.0456289218324662,-0.215491519579891,81.2419308708062,25.1869404294063,1.45609393693933,24.1902122544116,41.5312049773797,65.7214172317914,171.685988285636,42.0016025108588,43.0471556886228
2053,12,AC,Acre,900792,129727,594584,231072,176481,43025,0.144014378458068,0.660068029023348,0.256520928249807,0.195917592518584,0.0477635236547394,-0.239878266763238,81.398637230986,25.2695038850726,1.45681166738966,24.0238299385362,42.7916658178902,66.8154957564265,178.121747978447,42.3766019236405,43.5084966257419
2054,12,AC,Acre,898402,127672,590231,235892,180499,44929,0.142110102159167,0.656978724446295,0.262568427051587,0.200911173394538,0.0500099064783916,-0.265322072132079,81.5530297650828,25.3508006780202,1.4577924094055,23.8711535081651,44.1053178719538,67.9764713801188,184.764082962592,42.7467414364616,43.9623716302953
2055,12,AC,Acre,895789,125644,585799,240773,184346,46940,0.140260708716003,0.653947525589173,0.268783162106255,0.205791765694823,0.0524007327618446,-0.290849753228506,81.7050347491473,25.4307095308366,1.45900612730966,23.7345382830977,45.4827607051374,69.2172989882351,191.631116487855,43.1117361342906,44.4203511315133
2056,12,AC,Acre,892957,123654,581178,245733,188125,49094,0.138476992733133,0.650846569319687,0.275190182729963,0.21067643794718,0.054979131133974,-0.316145878102991,81.8547207391751,25.5092820234747,1.46042612083174,23.617472353267,46.9341253318563,70.5515976851233,198.726284632927,43.4707147152662,44.8759644150527
2057,12,AC,Acre,889908,121691,576280,250783,191937,51402,0.136745596173987,0.647572558062182,0.281807782377504,0.215681845763832,0.0577610269825645,-0.341449812253003,82.0021376688323,25.5865199172505,1.46202867375607,23.518168500717,48.4666643475303,71.9848328482473,206.081797339162,43.8240065265174,45.3379435706947
2058,12,AC,Acre,886642,119768,571082,255930,195792,53858,0.135080449606493,0.644095362051425,0.288650887280323,0.220824188342082,0.0607437951281351,-0.367004229650703,82.1472778964067,25.6624559129935,1.46379273567494,23.4405336005511,50.089638003382,73.5301716039331,213.688130385412,44.171113030964,45.7869014316274
2059,12,AC,Acre,883156,117888,565601,261125,199667,56429,0.133484910933063,0.640431588530226,0.295672565209318,0.226083500536712,0.06389471395767,-0.393168832516388,82.2901626523138,25.7370737789528,1.46569963456986,23.3838414894187,51.795819836832,75.1796613262507,221.502612649294,44.5114758887445,46.217394895515
2060,12,AC,Acre,879455,116029,559834,266287,203592,59056,0.131932844773183,0.636569238903639,0.302786384749646,0.231497916323177,0.0671506785452354,-0.419065261403417,82.4307375553793,25.810342900575,1.46773281789935,23.339347747813,53.5638925934195,76.9032403412325,229.500383524808,44.8454667947763,46.6479108862412
2061,12,AC,Acre,875539,114201,553749,271311,207589,61649,0.130435080561803,0.632466400697171,0.309878828927095,0.237098518741027,0.0704126258224933,-0.445275767378661,82.5690523626886,25.8823702228055,1.46987761989167,23.3050423752161,55.3665410273312,78.6715834025472,237.573226153887,45.1722915826708,47.0755404520144
2062,12,AC,Acre,871410,112402,547338,276194,211670,64137,0.128988650577799,0.628106172754501,0.316950689113047,0.242905176667699,0.0736014046200985,-0.471595211635345,82.7050812209169,25.9530560075668,1.47212105280633,23.2806008110784,57.2050520490292,80.4856528601076,245.719827049341,45.4920657325484,47.5095444337504
2063,12,AC,Acre,867081,110648,540593,280905,215840,66505,0.127609761948422,0.623463090530181,0.323966273047155,0.248927147521396,0.0766998700236771,-0.4967810789410219,82.8389071681873,26.02249666578,1.47445162002508,23.2684510691274,59.0722312881681,82.3406823572955,253.87264116839,45.8039687180321,47.9370993256182
2064,12,AC,Acre,862554,108938,533555,285420,220061,68760,0.12629702024453,0.618575764531844,0.330901021849067,0.255127215223627,0.0797167481688103,-0.522096551533247,82.9705176377803,26.0907523299191,1.47685914895123,23.2676058744628,60.9616485403549,84.2292544148177,262.002239806128,46.107915562388,48.3406547519626
2065,12,AC,Acre,857837,107264,526320,289718,224253,70863,0.125040071715256,0.61354313232001,0.337730827651407,0.261416795964735,0.082606602419807,-0.546864312263351,83.0999446284535,26.1577482614715,1.47933464182521,23.274999728765,62.8653264041835,86.1403261329485,270.098075775656,46.4037212197655,48.73198390962
2066,12,AC,Acre,852936,105628,518986,293676,228322,72773,0.123840475721508,0.608470037611263,0.344311882720392,0.267689486667229,0.0853205867732163,-0.571320658819796,83.227170918899,26.2236089702829,1.48187014270073,23.2849534424379,64.7388191309255,88.0237725733634,278.02855303518,46.6908736411642,49.1091658084449
2067,12,AC,Acre,847860,104032,511567,297165,232261,74464,0.122699502276319,0.60336258344538,0.350488288160781,0.273937914278301,0.0878258203005213,-0.595120853147246,83.3522337354255,26.2882730560129,1.48445861896183,23.2909374629195,66.5300237539263,89.8209612168458,285.647685327591,46.9692732290708,49.4946910793412
2068,12,AC,Acre,842617,102488,504077,300507,236052,75931,0.121630586612898,0.598227901881875,0.356635339662029,0.280141511505227,0.0901133017729289,-0.618380392989404,83.4751874204924,26.3517613247396,1.48709385589608,23.3127550486554,68.3557692745131,91.6685243231685,293.21188822106,47.238715810386,49.8786584860294
2069,12,AC,Acre,837209,100992,496551,303325,239666,77200,0.120629376893942,0.593102797509344,0.362304991943469,0.286267825596715,0.0922111444095799,-0.641809980097718,83.5960034190176,26.4140868433145,1.48977036296849,23.3296064607339,70.0694399526903,93.3990464134241,300.345571926489,47.498880207929,50.2617642168274
2070,12,AC,Acre,831656,99548,489011,305019,243097,78350,0.119698529199573,0.587996719797609,0.36676101657416,0.292304751002818,0.0942096251334686,-0.663275239516059,83.7148156240905,26.4752987774459,1.49248329056411,23.3084907361229,71.4181353301068,94.7266260662298,306.403945835175,47.7500396798676,50.6247401247401
2000,13,AM,Amazonas,2850718,1108874,1635810,152950,106034,23478,0.388980600676742,0.57382385770883,0.0536531498380408,0.0371955416144284,0.0082358198881825,,69.4021726951525,19.6794316057306,3.43951426954753,69.7890482310337,9.6261928108483,79.415241041882,13.7932713725816,23.3799776056418,19.8338747391052
2001,13,AM,Amazonas,2921349,1121582,1691214,156918,108553,23968,0.383926056078887,0.578915425715996,0.0537142258593547,0.0371585182051169,0.0082044288443455,2.47765650618545,69.6600337081779,19.596879603259,3.11796319718493,68.2705470801029,9.55157777738551,77.8221248574884,13.990773746369,23.5635454716297,20.1258322237017
2002,13,AM,Amazonas,2990832,1132892,1746701,161146,111239,24450,0.378788243538922,0.584018426979516,0.0538799905845598,0.0371933294815623,0.0081749827472756,2.37845598043918,70.3225219135134,19.8511554875091,2.99236164623236,66.7666198725361,9.49708685910016,76.2637067316362,14.2243038171335,23.7696189555281,20.4356617363542
2003,13,AM,Amazonas,3059850,1143508,1802156,165753,114186,24952,0.373713744137785,0.588968740297727,0.0541703024658071,0.0373175155644885,0.0081546481036652,2.3076521850776,70.9195813567214,20.079145914002,2.80892477742527,65.321328992699,9.46841320264208,74.7897421953411,14.4951325220287,23.9938944719512,20.7568927257805
2004,13,AM,Amazonas,3129049,1153982,1857722,170735,117345,25453,0.368796397883191,0.593701792461543,0.054564501866222,0.0375018096552659,0.0081344203941836,2.26151608738991,71.6574451231768,20.2489748586687,2.71534784424405,63.956189880798,9.46250468317361,73.4186945639716,14.7952914343551,24.2289161978608,21.0841385901306
2005,13,AM,Amazonas,3198932,1164292,1913939,176110,120701,25948,0.363962722558654,0.598305622001343,0.0550527488549303,0.0377316554400031,0.0081114571988401,2.23336227716473,72.0589138741779,20.4131782527448,2.77384262247578,62.645854519432,9.4757684836941,72.1216230031261,15.1259306084728,24.4695132625514,21.4149262210528
2006,13,AM,Amazonas,3270286,1174473,1971463,181948,124350,26466,0.359134644492867,0.60284115823509,0.0556367241274922,0.0380241972720429,0.0080928701648724,2.23055694838152,72.5700168017018,20.6850204849009,2.74531571299863,61.3665540672931,9.50683564410238,70.8733897113955,15.4918844451937,24.7100437087154,21.7395947345067
2007,13,AM,Amazonas,3342171,1183170,2030682,188285,128319,27014,0.354012406905571,0.607593686858033,0.0563361360026163,0.0383939062363954,0.0080827701514973,2.19812579083298,72.9821422532641,20.7704446842974,2.69799103574122,60.0375701014251,9.55414174340696,69.591711844832,15.9136049764615,24.9560647854344,22.0643030088287
2008,13,AM,Amazonas,3414261,1190388,2091287,195189,132586,27592,0.348651728734271,0.612515270508025,0.0571687401753996,0.0388330007577042,0.0080813974092783,2.15698119575569,73.231417648359,20.9631870620435,2.67018354877859,58.6778423845212,9.62145903452682,68.299301419048,16.3970906964788,25.2055560485856,22.3863092704833
2009,13,AM,Amazonas,3485454,1195878,2152421,202790,137155,28229,0.343105374507883,0.617543941191018,0.0581818035756604,0.0393506843010982,0.0080990883827472,2.08516572107404,73.419709141561,21.0933078044079,2.61401905938193,57.3071699733466,9.71781485978917,67.0249848331357,16.9574153885263,25.4606186166852,22.705281489178
2010,13,AM,Amazonas,3551196,1197454,2211574,211288,142168,28999,0.337197383642018,0.622768779870218,0.0594977016193981,0.0400338364877636,0.008165981263777,1.8861818288234504,74.0833479609717,21.520568903342,2.45307507417661,55.8917017588242,9.86196203045666,65.7536637892809,17.644769652947,25.7394114546198,23.0349447392337
2011,13,AM,Amazonas,3611905,1196406,2267914,220668,147585,29899,0.331239609015187,0.62789968174689,0.0610946301190092,0.0408607092379229,0.00827790321174,1.70953673072396,74.0586837658009,21.5096636310126,2.48251777144885,54.5101650195391,10.0539859333133,64.5641509528524,18.4442405002984,26.0319266425889,23.3637991510936
2012,13,AM,Amazonas,3673149,1195665,2324196,230784,153288,30856,0.325514973664286,0.632752986606315,0.0628300131576476,0.0417320397293984,0.0084004215456546,1.69561491788959,74.1762561530508,21.6023168465666,2.47761914189444,53.2187207904927,10.2721324609427,63.4908532514354,19.3017274905596,26.316785406745,23.6786210669506
2013,13,AM,Amazonas,3735289,1194812,2381040,241697,159437,31893,0.319871367382818,0.637444652876926,0.0647063721173917,0.0426839797402557,0.0085382951627036,1.69173643650176,74.4123233154573,21.7221317035855,2.46827841129481,51.9759176606722,10.5141422841681,62.4900599448403,20.2288728268548,26.5987670565785,23.9857489342937
2014,13,AM,Amazonas,3798063,1194743,2437118,253408,166202,33000,0.314566398714292,0.641673926946446,0.066720325597548,0.0437596743392619,0.0086886394459491,1.68056608203542,74.7308077231751,21.8595493716637,2.51285017962748,50.8420315313935,10.7837229649451,61.6257544963386,21.2102519119175,26.8723096483655,24.2834007798192
2015,13,AM,Amazonas,3859110,1194633,2490824,265859,173653,34184,0.309561790153688,0.645440010779687,0.0688912728582497,0.0449981990666242,0.0088580009380401,1.60731930986926,74.7717291497386,21.8944803719875,2.4268827614609,49.805054410498,11.0838407783148,60.8888951888129,22.2544496929182,27.1481473707668,24.5840310483168
2016,13,AM,Amazonas,3914566,1192266,2540472,279051,181828,35476,0.304571694537785,0.64897922272865,0.0712852970163231,0.0464490827335648,0.0090625627464194,1.43701527036026,75.0882152112728,22.039096697456,2.26633897665829,48.7983828091201,11.4213082661653,60.2196910752854,23.4050958427062,27.4527030582701,24.9145053789418
2017,13,AM,Amazonas,3966332,1188764,2586797,293064,190771,36909,0.299713690129823,0.65218872247709,0.0738879145769946,0.0480975873930876,0.0093055750249853,1.32239435993671,75.2770696219096,22.1883475953383,2.26938056644907,47.8471356858351,11.7956743076284,59.6428099934635,24.6528326900882,27.7775340037092,25.2770316705802
2018,13,AM,Amazonas,4018483,1186279,2631750,307894,200454,38456,0.29520567836171,0.654911318524926,0.0766194606273064,0.0498830031133639,0.0095697804370455,1.31484202532719,75.3442156482301,22.1828774883127,2.25556377890373,46.9941885109198,12.1971548660822,59.191343377002,25.954602585058,28.1047178748797,25.6516349841821
2019,13,AM,Amazonas,4073280,1184100,2678381,323404,210799,40073,0.290699387226019,0.657548953177783,0.0793964569094194,0.0517516595961977,0.0098380175190509,1.36362403424377,75.3402656995327,22.1607227542035,2.22278339252138,46.1497808070541,12.6045297796846,58.7543105867387,27.3122202516679,28.4330296468694,26.0348339898706
2020,13,AM,Amazonas,4121226,1179721,2721908,336940,219597,40983,0.286254866876992,0.660460746389545,0.0817572246705228,0.0532843867334623,0.0099443709226332,1.17708578835729,71.8054257057749,18.7644482190585,2.15455746182902,45.2943581749736,12.9365172303244,58.230875405298,28.560990268038,28.7371372014056,26.4102263802582
2021,13,AM,Amazonas,4160013,1173566,2759961,347848,226486,41071,0.28210632995618,0.663450090180007,0.0836170463890377,0.0544435798638129,0.0098728056859437,0.941151977591126,69.7219278980939,18.0391813607177,2.21212727937087,44.4768606370275,13.183056614514,57.6599172515415,29.6402588350378,28.9997824526029,26.7500203252033
2022,13,AM,Amazonas,4199791,1165627,2798474,361392,235690,41838,0.277544049215782,0.666336491506363,0.0860499962974348,0.0561194592778545,0.0099619242957566,0.956198934955244,74.8210547074959,21.5653839298149,2.03455326838247,43.6111647383316,13.5212431138907,57.1324078522223,31.0040862128279,29.3040337007246,27.1310517415378
2023,13,AM,Amazonas,4240571,1153291,2839214,378526,248066,43612,0.271965968733928,0.669535777139447,0.089262978971464,0.0584982541266259,0.0102844640497707,0.97100069979672,75.2446990093347,22.2026862453379,1.95887508425497,42.5764392041507,13.9741741036654,56.5506133078161,32.8213781257289,29.6778521100107,27.5787161025503
2024,13,AM,Amazonas,4281209,1139934,2879855,396582,261420,45704,0.266264506124321,0.672673303265503,0.0926331790856274,0.0610621906101758,0.0106754890966547,0.958314340215027,75.4796013165535,22.320677457803,1.96129835982889,41.5322952330188,14.4490476712696,55.9813429042884,34.789908889462,30.0590010905798,28.0307809838016
2025,13,AM,Amazonas,4321616,1128194,2918079,415209,275343,47976,0.261058363352968,0.675228664462553,0.0960772544344523,0.0637129721844791,0.011101402808579,0.9438221773335528,75.7118875395855,22.4374199570191,1.91621655633526,40.6086214411926,14.9451823888233,55.5538038300159,36.8029789202921,30.4402663263002,28.4889596233834
2026,13,AM,Amazonas,4360926,1116107,2955012,434363,289807,50393,0.25593348752077,0.677611131213875,0.0996033869870757,0.0664553812653551,0.0115555732887923,0.909613440898038,75.9418031550894,22.5530226235822,1.87410982646455,39.7126658449732,15.4552499665535,55.1679158115267,38.9176844155623,30.827254349191,28.9520207363521
2027,13,AM,Amazonas,4399268,1101477,2993001,454029,304790,52933,0.250377335502179,0.680340683950148,0.103205578746282,0.0692819805476729,0.012032228998097,0.879216936953298,76.1693740034202,22.66761954564,1.83491160768899,38.7330936977145,15.9657875729404,54.6988812706549,41.2200163961662,31.2186545579856,29.4248650369407
2028,13,AM,Amazonas,4436790,1085019,3031653,474197,320118,55636,0.244550452015985,0.683298736248504,0.106878396318059,0.0721508117355115,0.0125396964922838,0.852914621250633,76.3945498991471,22.7811237290068,1.79853835698607,37.7060329291271,16.4790549261287,54.1850878552559,43.7040273027477,31.6133377960192,29.9007441237844
2029,13,AM,Amazonas,4473602,1066037,3071643,494958,335922,58643,0.238295002550517,0.686615170504663,0.110639703755497,0.0750898269448199,0.01310867618532,0.829698949014945,76.6174296313986,22.8936278187392,1.76489257288737,36.6007841085323,16.993641778654,53.5944258871863,46.4297205444089,32.0101043856829,30.3827853761178
2030,13,AM,Amazonas,4509800,1046009,3111590,516495,352201,62045,0.231941327775068,0.689961860836401,0.114527251762828,0.0780968113885316,0.0137578163111446,0.8091466339652081,76.8378563619049,23.0050107396212,1.73386568329519,35.4904631228082,17.524368098759,53.0148312215672,49.3776822187954,32.407931837332,30.8651414178517
2031,13,AM,Amazonas,4544701,1028562,3147238,538981,368901,65821,0.226321159521826,0.692507163837621,0.1185954807588,0.0811716766405535,0.0144830209952206,0.773892412080368,77.0558907660627,23.1153461843546,1.70534074541279,34.5484519128646,18.1038762470786,52.6523281599431,52.4014109018222,32.8071272455548,31.3497785837243
2032,13,AM,Amazonas,4577617,1012363,3179271,562518,385983,69941,0.221155024546615,0.694525339275872,0.122884461500383,0.0843196361775133,0.0152789104025086,0.724272069823728,77.271607350303,23.2247227621074,1.67919491935837,33.7146855401207,18.7335150342887,52.4482005744095,55.5648517379636,33.2079411623996,31.83331104484
2033,13,AM,Amazonas,4608601,995052,3210119,587092,403430,74378,0.21591194377643,0.696549560267856,0.127390503104955,0.0875384959557141,0.0161389540990856,0.676858723654683,77.4849344620665,23.333031355218,1.65530169101764,32.8784449936014,19.398656580946,52.2771015745474,59.0011376289882,33.609913290389,32.3125720335576
2034,13,AM,Amazonas,4637694,977198,3239184,612685,421312,79156,0.210707735352958,0.698447116174547,0.132109837345888,0.0908451484724952,0.0170679652430712,0.631276172530448,77.6958249510129,23.44022474378,1.63353283197656,32.0622899517063,20.1024604215944,52.1647503733007,62.6981430580087,34.0121420257568,32.7896233990718
2035,13,AM,Amazonas,4664945,960034,3265109,639432,439802,84293,0.205797496004776,0.699924436408146,0.137071712528229,0.0942780675870777,0.0180694520514175,0.587598060587879,77.904166160427,23.5461361825574,1.61376009471012,31.3175852778636,20.8591218533874,52.1767071312509,66.6051410679205,34.4140634026768,33.2626871170667
2036,13,AM,Amazonas,4690325,941916,3289338,667435,459071,89770,0.200821051846087,0.70130278818632,0.142300373641485,0.0978761599675929,0.0191393986557435,0.544057861346703,78.1100383101984,23.6508368428472,1.59585664951157,30.5720204065338,21.6631169234145,52.2351373299483,70.859291062048,34.815221972891,33.7340303973127
2037,13,AM,Amazonas,4713821,924914,3309659,696723,479248,95564,0.196213220654751,0.702118090610568,0.147804297193296,0.10166868873468,0.0202731499562669,0.500946096485855,78.3134510542254,23.7543113306997,1.57969827598777,29.911350682883,22.5317445533642,52.4430952362473,75.3284089115312,35.2154880297746,34.2035832642916
2038,13,AM,Amazonas,4735419,911258,3323850,727295,500311,101614,0.192434502627962,0.701912544592147,0.153586197968965,0.105652952779891,0.0214582912304064,0.458184559829489,78.5144049123821,23.8565707036142,1.56516432647947,29.4251672497292,23.4848714797476,52.9100387294768,79.8121936926754,35.6148247916393,34.6737402913292
2039,13,AM,Amazonas,4755111,897758,3335106,758960,522247,107886,0.188798536984731,0.701372901705134,0.159609313010779,0.109828561310136,0.0226884293552769,0.415844933679566,78.7128675496138,23.9576121931018,1.55213848170452,28.9749557270495,24.4952786815617,53.4702344086112,84.5394861421452,36.0128979113211,35.1440547512065
2040,13,AM,Amazonas,4772914,884078,3343663,791350,545173,114355,0.18522814364558,0.700549601354644,0.165800179932008,0.114222254999776,0.0239591578645666,0.374397148668026,78.9087796355853,24.0573717879179,1.5405093205177,28.5417916336022,25.5481380706805,54.0899297042828,89.5113327104622,36.4092221230049,35.6170981668713
2041,13,AM,Amazonas,4789170,871107,3348835,823982,569228,121005,0.181891016606218,0.699251644857042,0.172051106976783,0.11885733853674,0.025266382275008,0.340588579639189,79.1021651655889,24.1558925612877,1.53017072618367,28.1539817477306,26.6309123775363,54.7848941252669,94.5902168160743,36.8031377044457,36.0899059960405
2042,13,AM,Amazonas,4804207,858793,3350972,856502,594442,127825,0.178758533926619,0.697507830116396,0.178281660219886,0.123733635956985,0.0266068885041798,0.313979249013929,79.2930282208517,24.2531870599616,1.52102215121454,27.8024430608577,27.7282745510393,55.530717611897,99.7332302429107,37.1940773992461,36.5688790459966
2043,13,AM,Amazonas,4818001,846992,3350187,888807,620822,134682,0.175797389830347,0.695347925415541,0.184476300440784,0.128854684754113,0.0279539169875639,0.287123348348639,79.4813607124095,24.3492374731999,1.51296876184902,27.4800937771113,28.8367537234743,56.3168475005856,104.936882520732,37.5820596550312,37.0473289020187
2044,13,AM,Amazonas,4830534,835573,3346754,920881,648207,141678,0.172977356126673,0.692833131906328,0.190637515438252,0.134189511967,0.0293296765947616,0.26012863011029,79.6671660473397,24.4440568416913,1.50592148184073,27.1812379638786,29.9563121324103,57.137550096289,110.209520891652,37.9670899739035,37.527245990033
2045,13,AM,Amazonas,4841815,824477,3341087,952452,676251,148812,0.17028263161645,0.690048463231247,0.196713835617429,0.139668905152303,0.0307347554584386,0.233535257178596,79.8504325135292,24.5376274872281,1.49979695353762,26.9007395381101,31.0762618903281,57.9770014284381,115.521961194794,38.3488538905348,38.0050206289789
2046,13,AM,Amazonas,4851866,813737,3333647,983203,704482,156072,0.167716297193698,0.687085546055889,0.202644302212798,0.145198156750413,0.0321674176492096,0.207587443964719,80.0311708473522,24.629932489731,1.49451743240455,26.6368808933506,32.1841838394776,58.8210647328282,120.825647598671,38.7270141013787,38.4842945102143
2047,13,AM,Amazonas,4860682,803355,3324794,1012946,732533,163451,0.165276189637586,0.684018004057867,0.208395858852729,0.150705806304547,0.0336271741290625,0.181703286941559,80.2093977990936,24.7209938168694,1.49001062926783,26.388122905773,33.2726422875455,59.6607651933184,126.089462317406,39.1013275503314,38.9607773947504
2048,13,AM,Amazonas,4868238,793251,3314672,1041493,760315,170939,0.162944169944033,0.68087714692667,0.213936335898122,0.156178683129296,0.0351131148477129,0.155451436650256,80.385056199985,24.810730981121,1.48620951271953,26.1497467936314,34.3331155426713,60.4828623363026,131.294256168602,39.4719222848184,39.4365529916275
2049,13,AM,Amazonas,4874493,783310,3303384,1068967,787799,178608,0.160695686710392,0.677687710291101,0.219298089052544,0.161616602998507,0.0366413491618513,0.128485912151377,80.5581795064966,24.8991817577103,1.48305208236512,25.9183989496449,35.3703044388621,61.288703388507,136.467937342814,39.8389215042467,39.9073351786613
2050,13,AM,Amazonas,4879447,773483,3291218,1095882,814746,186590,0.158518578027387,0.674506352871545,0.224591434234248,0.166975069101068,0.0382399890807298,0.1016310824530909,80.7287725432925,24.9863762153198,1.48048112196619,25.6964095994727,36.4070480471961,62.1034576466688,141.681459062449,40.2023647351841,40.3648773715872
2051,13,AM,Amazonas,4883136,763793,3278496,1122898,840847,195016,0.156414443505157,0.67139149923328,0.22995427528539,0.172194057261563,0.0399366308863812,0.0756028295829436,80.896840573001,25.0723236367732,1.47844394004174,25.489972283823,37.474340426739,62.964312710562,147.01601088253,40.561793282022,40.8173568507157
2052,13,AM,Amazonas,4885542,754247,3265376,1150481,865919,203977,0.15438348498488,0.668375381892122,0.235486871262185,0.177241133122998,0.0417511506399904,0.0492716156174966,81.0623916906444,25.1570429861754,1.47689210415721,25.3033902819834,38.5962022454269,63.8995925274103,152.533719060202,40.9169291759236,41.262713313011
2053,13,AM,Amazonas,4886650,744832,3252034,1178727,889784,213454,0.15242180225717,0.665493538518208,0.241213714917172,0.182084659224622,0.0436810493896637,0.0226791623119782,81.2254419384683,25.2405363715674,1.4757811739517,25.1369937676568,39.7803172430411,64.917311010698,158.254076086957,41.2678303132002,41.7105819143429
2054,13,AM,Amazonas,4886424,735506,3238350,1207433,912568,223447,0.150520298688775,0.662723906071188,0.247099514900876,0.186755795240036,0.0457281234702515,-0.0046248452416297,81.3860113371348,25.3227970224876,1.47507043692607,24.987591239636,41.0205249899354,66.0081162295714,164.163582622032,41.6147170200539,42.1605769770444
2055,13,AM,Amazonas,4884829,726215,3223868,1236478,934746,234036,0.148667435441445,0.65997561020048,0.253126158561538,0.191356954358075,0.0479107866416614,-0.0326414572292544,81.5441177513494,25.4037813616944,1.47472265012974,24.8521971598858,42.3141838709766,67.1663810308624,170.263351762219,41.9575610528025,42.6122132844302
2056,13,AM,Amazonas,4881887,716953,3207973,1265629,956961,245310,0.146859810560957,0.65711742201325,0.25924995805925,0.196022767425793,0.0502490123183925,-0.0602272873830412,81.6997701668349,25.4834355814476,1.47470379013087,24.7284435407796,43.6528409394665,68.3812844802461,176.528865908923,42.2960373724341,43.0623572184766
2057,13,AM,Amazonas,4877631,707733,3190225,1294673,979673,257254,0.145097691891822,0.654052141295641,0.265430697812114,0.200850166812537,0.0527415870532232,-0.0871794041935048,81.8530093804701,25.5617699925064,1.47498281302072,24.6148736185864,45.0285803719709,69.6434539905573,182.932405299739,42.6295861659072,43.5197611736609
2058,13,AM,Amazonas,4872060,698593,3170509,1323592,1002958,269855,0.143387601958925,0.650753274795466,0.271669889122876,0.205859123245609,0.0553882751854452,-0.114215281967822,82.003835020836,25.638782074284,1.4755314256758,24.5131102241326,46.443861572876,70.9569717970086,189.465396876293,42.9578685402068,43.9746293021358
2059,13,AM,Amazonas,4865172,689541,3149013,1352298,1026618,282982,0.141730035443762,0.64725625322188,0.277954818452462,0.211013711334358,0.0581648500813538,-0.141377569241763,82.1522765941482,25.7144941382699,1.47632386906762,24.4229426709495,47.8972193503211,72.3201620212706,196.115676950319,43.2807302598963,44.4282986963399
2060,13,AM,Amazonas,4856956,680549,3125852,1380169,1050555,296373,0.140118419849799,0.643582523704147,0.284163373108589,0.216299056446054,0.061020318075766,-0.168873782879619,82.29831346306,25.7888836596863,1.47733671405789,24.3380212986162,49.3580660873645,73.6960873859807,202.802296381304,43.5981345105865,44.872670541973
2061,13,AM,Amazonas,4847420,671597,3101295,1405857,1074528,309673,0.138547309702894,0.639782606004844,0.29002170226636,0.221670084292263,0.0638840867925618,-0.19633696496324,82.4419719824979,25.8618987107738,1.47854866983515,24.2456766617352,50.7535832569786,74.9992599187138,209.330446681566,43.9097233167334,45.2945167326068
2062,13,AM,Amazonas,4836566,662701,3075528,1429536,1098337,322607,0.1370189096975,0.635890836597702,0.295568384676235,0.227090253704798,0.0667016639491739,-0.223912926876568,82.5832694788016,25.9335719259628,1.47994040492627,24.1480157809067,52.0905474525831,76.2385632334899,215.713572184137,44.2151042702612,45.703934021346
2063,13,AM,Amazonas,4824451,653931,3048537,1451677,1121983,335109,0.135545163584416,0.631893038192325,0.300899936593822,0.232561798223259,0.0694605458735097,-0.250487639370578,82.722233020174,26.0039351110379,1.48149438054498,24.0518117449224,53.3931896766382,77.4450014215606,221.992381459206,44.5135910801042,46.100191613236
2064,13,AM,Amazonas,4811129,645356,3020378,1472848,1145395,347178,0.13413816174956,0.627789859718997,0.306133549942228,0.238071978531442,0.0721614406930265,-0.276135046246717,82.8588974385137,26.0730473316099,1.48319469590916,23.964870911741,54.6932424779747,78.6581133897157,228.222562430658,44.8048304254573,46.4942457026261
2065,13,AM,Amazonas,4796579,636960,2991650,1493474,1167969,358632,0.132794643849293,0.62370493637236,0.311362327191942,0.243500419778346,0.0747682879819138,-0.302423817777486,82.9932691089219,26.1409193204736,1.48502694506473,23.8906736130255,56.016233175615,79.9069067886405,234.4690404421,45.0886479718149,46.8834743580311
2066,13,AM,Amazonas,4780850,628732,2963683,1514252,1188435,369274,0.131510505454051,0.619907129485343,0.316732798560925,0.248582365060606,0.0772402397063284,-0.327921212180593,83.1254053873478,26.2076749604412,1.48697808468686,23.8348725826103,57.4044322190741,81.2393048016844,240.842203037224,45.3649043580116,47.2672114944903
2067,13,AM,Amazonas,4763958,620667,2936310,1534467,1206981,379016,0.130283894190503,0.616359338180563,0.322099187272432,0.253356767628934,0.0795590557263519,-0.353326291349865,83.2553166793896,26.2732541972993,1.48903631228691,23.7910644796276,58.818341137616,82.6094056172436,247.228707181145,45.6333955924884,47.639543623354
2068,13,AM,Amazonas,4745963,612820,2909055,1554181,1224088,387749,0.129124479057253,0.612953577598477,0.327474318699914,0.25792194334427,0.0817008055056476,-0.377732129460417,83.3830205778267,26.3376782742591,1.49119095422877,23.7622733487349,60.2638193195557,84.0260926682906,253.611337750073,45.8938988778463,48.0018157161154
2069,13,AM,Amazonas,4726928,605234,2881370,1573163,1240324,395625,0.128039606272827,0.609565028280524,0.332808750207323,0.262395365446649,0.0836960072165263,-0.401077715945108,83.5085511561554,26.4010069515108,1.49343236294885,23.7483475774868,61.7282269668291,85.4765745443159,259.926408628729,46.1462268940843,48.362805975522
2070,13,AM,Amazonas,4706869,597933,2852800,1589557,1256136,403047,0.127034128207095,0.606092925042103,0.337710057365098,0.266872946750802,0.0856295341977863,-0.4243559453412479,83.6319383251056,26.4632068043088,1.49575182277578,23.7333485751846,63.0932066989524,86.826555274137,265.841992330244,46.3904410766478,48.7120222024047
2000,14,RR,Roraima,339804,136007,193686,14981,10111,1926,0.400251321349955,0.569993290249673,0.0440871796682794,0.029755388400372,0.0056679733022566,,69.1911602904965,20.113768562018,3.65649401364561,72.0315015676638,7.9341793068384,79.9656808745022,11.0148742344144,22.7446557427223,19.513165112452
2001,14,RR,Roraima,354478,140731,203193,15650,10554,2030,0.397009123274223,0.573217519846083,0.044149425352208,0.0297733568796935,0.0057267305728423,4.31837176725407,69.7877428062299,19.8559507545863,3.44649195549354,71.041459487019,7.90017011867923,78.9416296056982,11.1205064982129,22.8948905150672,19.7160837307896
2002,14,RR,Roraima,368838,145157,212681,16331,11000,2131,0.393552182801121,0.576624425899718,0.044276891209691,0.0298233912991611,0.0057776042598647,4.0510271441387,70.9500631568595,19.8516420204942,3.05642505846546,70.0057873161321,7.87605497950326,77.8818422956354,11.2505769614969,23.0658581816407,19.9386156414537
2003,14,RR,Roraima,382871,149299,222103,17048,11469,2236,0.389945960911116,0.580098780006843,0.0445267466065594,0.0299552590820407,0.0058400871311747,3.80465136455572,70.7708132848845,19.9694316192746,3.33291871002502,68.9526334263176,7.8734920840184,76.826125510336,11.4186967092881,23.2567366031901,20.1808845766129
2004,14,RR,Roraima,396533,153122,231474,17805,11937,2343,0.38615197221921,0.583744606375762,0.0449016853578391,0.0301034214050281,0.0059087137766591,3.5683036845308296,71.0226932502446,19.9655965791199,3.06964423179193,67.8714218593477,7.89207733836866,75.7634991977164,11.6279829155837,23.4654064100592,20.4423617047259
2005,14,RR,Roraima,409855,156550,240884,18652,12421,2439,0.38196435324688,0.587729806882922,0.0455087774944798,0.030305839870198,0.0059508850691098,3.35961950203387,71.7766954674925,20.2987114576275,2.95330717839379,66.7155331489476,7.94875837939426,74.6642915283418,11.9144043436602,23.6915323712044,20.7197448432097
2006,14,RR,Roraima,422550,159205,250421,19576,12924,2532,0.376771979647379,0.592642290853153,0.0463282451780854,0.0305857294994675,0.0059921902733404,3.09743689841528,72.1225940711557,20.5209211110149,2.83535200000494,65.3097809811748,8.03055351582851,73.3403344970033,12.2960962281335,23.9500840137262,21.028306319004
2007,14,RR,Roraima,434778,161184,260111,20613,13483,2636,0.370727129707575,0.598261641573401,0.047410402550267,0.0310112287190244,0.0060628642663612,2.89385871494499,73.3092243421634,21.3292423464536,2.71219026813796,63.7138757456094,8.14804273838747,71.8619184839968,12.7884901727219,24.2323047624305,21.3576044311101
2008,14,RR,Roraima,446905,162865,269923,21791,14117,2752,0.364428681710878,0.603982949396404,0.0487598035376646,0.0315883688927177,0.0061579082802832,2.78923956593939,73.8267785866796,21.8147505421479,2.78056535569543,62.1031920045453,8.30927858638164,70.4124705909269,13.3797930801584,24.516852574932,21.683014354067
2009,14,RR,Roraima,458716,164118,279784,23085,14814,2874,0.357776925156306,0.609928583262847,0.050325255713775,0.0322944915808474,0.0062653144865232,2.6428435573556,74.1823671752868,21.8406641500503,2.57653759606685,60.4457245141117,8.50235532000309,68.9480798341148,14.0660987825833,24.8099237872671,22.0090161163079
2010,14,RR,Roraima,469991,164843,289533,24512,15615,3003,0.35073650346496,0.616039456074691,0.0521541901866206,0.0332240404603492,0.0063894840539499,2.4579478370059,74.7913925351188,21.9034589246615,2.51864347964106,58.7390783791103,8.7344460439858,67.4735244230961,14.8699065171102,25.1257832596794,22.3463045912654
2011,14,RR,Roraima,481480,165502,299462,26080,16516,3138,0.343735980726095,0.621961452189084,0.0541663205117554,0.0343025670848218,0.0065174046689374,2.44451489496607,74.8664253353285,21.8020897778644,2.49584517886505,57.089735010245,8.99626765276063,66.0860026630056,15.758117726674,25.4462968347595,22.6812465219811
2012,14,RR,Roraima,493876,166387,309987,27778,17502,3276,0.336900355554836,0.627661599267832,0.0562448873806381,0.035438045177332,0.0066332439721711,2.57456176788236,74.6183290297135,21.8396324865681,2.58081049456239,55.5158135670696,9.26826175882767,64.7840753258973,16.6948138977204,25.7515894678016,23.0036512502766
2013,14,RR,Roraima,507022,167481,320950,29592,18591,3413,0.330322944566508,0.633010007455298,0.0583643313307904,0.0366670479781942,0.0067314633290074,2.66180174780715,74.5420045710379,21.8494421575075,2.55761955551371,54.0350186643609,9.54737714914389,63.5823958135048,17.6688699016605,26.0430119403103,23.3200564358585
2014,14,RR,Roraima,520569,168609,332169,31534,19791,3565,0.323893662511598,0.638088322585479,0.0605760235434688,0.0380180149029235,0.0068482756368512,2.67187617105371,74.5908557347266,21.9125504571559,2.5447471467209,52.62026177651,9.84127380424809,62.4615355807581,18.7024417439164,26.3313508872023,23.6381689844079
2015,14,RR,Roraima,534380,169852,343410,33611,21118,3742,0.317848721883304,0.642632583554774,0.0628971892660653,0.0395186945619222,0.0070025075788764,2.65305848023989,75.2239838080772,22.1437539776656,2.50908136432213,51.327674311081,10.15692756794,61.484601879021,19.7884040223253,26.619766832591,23.9600528562716
2016,14,RR,Roraima,548233,171201,354483,35796,22549,3931,0.312277808887827,0.646591868785717,0.0652934062706915,0.0411303223264561,0.0071703089744688,2.5923500130993,74.3517495194437,21.7234340759287,2.45949159322853,50.1708495000528,10.4901006927757,60.6609501928284,20.9087563740866,26.9110487694101,24.2987373737374
2017,14,RR,Roraima,564013,173169,366712,38147,24132,4145,0.307030157106308,0.650183595058979,0.067634965860716,0.042786247834713,0.0073491213854999,2.87833822480588,74.1893849191346,21.6683200934764,2.46243918440437,49.0985179913637,10.8157993972163,59.91431738858,22.0287695834705,27.201651380376,24.6585306677019
2018,14,RR,Roraima,587497,177608,383879,40951,26010,4400,0.302313033087829,0.65341440041396,0.0697041857235016,0.0442725664982119,0.007489399945872,4.16373381464612,73.5564421412653,21.5724091081143,2.67650977765503,48.1403379429606,11.0996969680543,59.2400349110149,23.0569568938336,27.4656568459073,25.0477514848685
2019,14,RR,Roraima,618125,184594,405372,44167,28159,4695,0.298635389282103,0.655809100101112,0.0714531850353893,0.0455555106167846,0.0075955510616784,5.21330321686748,74.1225419339472,21.715799809738,2.80444524794021,47.4091081866839,11.34337021399,58.7524784006739,23.9265631602327,27.6852497472194,25.4369047619048
2020,14,RR,Roraima,640975,189733,421199,46997,30043,4924,0.296006864542299,0.657122352665861,0.0733211123678771,0.0468707827918406,0.0076820468817036,3.6966632962588406,71.4237623839945,19.3695355127866,2.50504401838843,46.9351507130577,11.625870449851,58.5610211629086,24.7700716269705,27.9016295487343,25.7775289444773
2021,14,RR,Roraima,654972,192810,430606,49290,31556,5051,0.294378996354043,0.657441844842222,0.0752551254099412,0.0481791588037351,0.0077117800455592,2.1837045126565,69.0701553987518,18.5626509070888,2.48651214646279,46.6997035400802,11.9383247108063,58.6380282508865,25.5640267620974,28.1164629938379,26.0743544452856
2022,14,RR,Roraima,673404,196704,443299,52060,33401,5255,0.292103997006255,0.658295763018931,0.0773087180949326,0.0496002399748145,0.0078036364500359,2.81416610175702,73.3190046952105,21.0163960194206,2.32657958944547,46.3225320271289,12.2597965335343,58.5823285606632,26.4661623556206,28.3634831393933,26.4210827608767
2023,14,RR,Roraima,695270,200575,458994,55434,35701,5571,0.28848504897378,0.660166554000604,0.0797301767658607,0.051348397025616,0.0080127144850202,3.24708495940029,74.0859147179881,21.9303555560827,2.25849638411979,45.6619185404577,12.6198319450167,58.2817504854745,27.6375420665586,28.6654407640197,26.8293030999762
2024,14,RR,Roraima,716793,204246,474383,59020,38164,5936,0.284944188908095,0.66181310364359,0.0823389737343975,0.0532427074483149,0.0082813308723718,3.09563191278208,74.3479648956395,22.0547126392572,2.26333775000857,45.0350254780862,13.0135581784546,58.0485836565408,28.8965267373657,28.976174432507,27.2399922420481
2025,14,RR,Roraima,738772,208155,489827,62794,40790,6364,0.281758106695977,0.66302864753943,0.0849978071719015,0.0552132457645931,0.0086142950734462,3.06629668537499,74.6071971296908,22.1777129740557,2.20267672686101,44.4943921098364,13.4225978628669,57.9169899727033,30.1669429031251,29.2902221524367,27.6543358698109
2026,14,RR,Roraima,761012,211740,505682,66731,43590,6848,0.278234771593615,0.664486236747909,0.0876871849589757,0.0572789916584758,0.0089985440439835,3.01040104389447,74.8639933793094,22.2997066132317,2.14487192813057,43.88020914285,13.8290839534879,57.7092930963379,31.5155379238689,29.6148628405334,28.0784977908689
2027,14,RR,Roraima,783520,214739,522221,70817,46560,7376,0.274069583418419,0.666506279354707,0.0903831427404533,0.0594241372268736,0.0094139268940167,2.95764061539108,75.1181390992092,22.4205658376789,2.08999934974973,43.1233984786049,14.2213091709441,57.344707649549,32.9781735036486,29.9490517153359,28.5122842203281
2028,14,RR,Roraima,806316,217157,539480,75069,49679,7965,0.269319968845961,0.669067710426185,0.0931012159004658,0.0616123207278536,0.0098782611283913,2.90943434755973,75.3697685649421,22.5404394727406,2.03810481139295,42.2410472874399,14.6023069890486,56.8433542764886,34.5689984665472,30.2917367384499,28.9530404217926
2029,14,RR,Roraima,829419,219181,557268,79505,52970,8620,0.264258474908339,0.6718775431959,0.09585625600571,0.0638639818957608,0.0103928171406732,2.86525382108256,75.6188400364458,22.6592803308773,1.98920569217363,41.2977900375518,14.980225461767,56.2780154993189,36.2736733567234,30.6412380232428,29.3966582035271
2030,14,RR,Roraima,852839,220874,575530,84150,56435,9350,0.258986748964341,0.674840151540912,0.0986704407279686,0.0661730994947464,0.0109633823031076,2.82366331130586,75.8650232284929,22.7770834973394,1.94329310156949,40.3190858227686,15.3610251636045,55.6801109863731,38.0986444760361,30.9966183535228,29.8425220938137
2031,14,RR,Roraima,875745,222193,593535,88989,60017,10146,0.253718833678754,0.677748659712588,0.101615196204375,0.0685325066086589,0.0115855642909751,2.68585278112281,76.1084420685973,22.893767041428,1.90033437787425,39.3566351319516,15.7624569800005,55.1190921119521,40.0503166166351,31.3586626243941,30.2879492459975
2032,14,RR,Roraima,897233,222850,610729,93981,63654,11006,0.248374725405775,0.680680492135265,0.104745367145435,0.0709447824589599,0.0122666018748753,2.45368229336165,76.3491685481516,23.0094031594275,1.86027580658994,38.3958015306632,16.1923976829852,54.5881992136485,42.1723132151672,31.7273907669468,30.7348685079952
2033,14,RR,Roraima,917203,222100,627758,99122,67345,11891,0.242149229777923,0.684426457392747,0.108069860216332,0.07342431282933,0.0129644146388531,2.22573177758731,76.5874196962541,23.1244022450221,1.82304545660343,37.2662886904113,16.6317382601123,53.8980269505236,44.6294461954075,32.1020362994888,31.1825886478763
2034,14,RR,Roraima,935597,219579,644913,104410,71105,12823,0.234693997522438,0.689306400084652,0.111597194091046,0.0759996023929106,0.0137056873846325,2.00544481428866,76.8228058325893,23.2381626076076,1.78855604156118,35.9019175681155,17.0713921335234,52.973309701639,47.5500844798455,32.481364305358,31.6292605336623
2035,14,RR,Roraima,952319,217003,660369,109879,74947,13799,0.227867972811631,0.693432557787884,0.11538045549863,0.0786994694004845,0.0144898925675115,1.7873079969260397,77.0555200588231,23.350717142294,1.75670772629985,34.6962204026944,17.5683562053412,52.2645766080357,50.6347838509145,32.8650788233775,32.0779866546901
2036,14,RR,Roraima,967268,214614,673774,115582,78880,14817,0.22187646029849,0.696574268971991,0.119493253162515,0.0815492707295186,0.0153184019320395,1.56974711204965,77.285733046326,23.4624057634237,1.72739081227677,33.6875580782078,18.1426903081598,51.8302483863676,53.8557596428938,33.2529361045749,32.5270218228498
2037,14,RR,Roraima,980378,212093,685379,121545,82906,15863,0.216337983920488,0.699096674955986,0.123977690237847,0.0845653411235258,0.0161804936463283,1.3553637668154,77.5131264860217,23.5726859447075,1.70048825057263,32.7941676717073,18.7934873364876,51.5876550081949,57.3074075994965,33.6446462486918,32.9802177975385
2038,14,RR,Roraima,991581,209750,694809,127749,87022,16936,0.211530878465804,0.700708262865061,0.12883365050359,0.0877608586691355,0.0170797947923569,1.14272250091292,77.7381292244016,23.6820787776644,1.67587794529808,32.0678447044866,19.5310373928651,51.5988820973517,60.9053635280095,34.0400017749432,33.4334638592887
2039,14,RR,Roraima,1000857,207016,702617,134169,91224,18044,0.206838739200505,0.702015372825489,0.134054115622911,0.0911458879740063,0.0180285495330502,0.93547577051194,77.9604492126213,23.790147337484,1.65343482343762,31.3816563383015,20.33874410313,51.7204004414315,64.8109324883101,34.4386310931532,33.8889072738103
2040,14,RR,Roraima,1008165,203899,708724,140733,95542,19191,0.202247647954452,0.702984134541469,0.139593221347696,0.0947682175040792,0.0190355745339305,0.730174240675741,78.1801968132904,23.8969727081221,1.63303265883625,30.7292930419437,21.2096459407445,51.9389389826881,69.0209368363749,34.8398347492722,34.3359292152704
2041,14,RR,Roraima,1014345,200784,713476,147424,100085,20391,0.197944486343404,0.703385928850638,0.145339110460445,0.0986695848059585,0.0201026278041495,0.612994896668706,78.3972056897927,24.0024603071771,1.61454564791176,30.1415474594565,22.1311832250723,52.2727306845289,73.4241772252769,35.2416741838329,34.7816414979346
2042,14,RR,Roraima,1020244,197796,717508,154256,104940,21646,0.193871270009919,0.703270982235622,0.151195204284465,0.102857747754459,0.0212164933094436,0.581557556847034,78.6112018716105,24.1063334585781,1.59784974266109,29.601671375892,23.0855801925195,52.6872515684115,77.9874213836478,35.6422973327949,35.2201629327902
2043,14,RR,Roraima,1025868,194910,720856,161222,110102,22936,0.189995204061341,0.702679097115808,0.157156671228657,0.107325698822851,0.0223576522515567,0.551240683601173,78.8223102473728,24.2087112949347,1.58282375266107,29.1025120345927,24.0724703465246,53.1749823811173,82.7161253912062,36.0414751215556,35.6602945149959
2044,14,RR,Roraima,1031215,192140,723525,168316,115550,24274,0.1863238994778,0.701623812686976,0.163221054775192,0.112052287835224,0.0235392231493917,0.521217154643683,79.030271138442,24.3093756985873,1.56935023217899,28.6451616750577,25.0933643827366,53.7385260577942,87.6007078172166,36.4384177887249,36.1003927676576
2045,14,RR,Roraima,1036312,189493,725577,175494,121242,25660,0.182853233389172,0.700153042713005,0.169344753317534,0.116993723897822,0.0247608828229336,0.494271320723616,79.2351775346386,24.4083646036994,1.55731617140071,28.2267158231855,26.141436710982,54.3681525341675,92.6123920144807,36.8325832374806,36.5332464146023
2046,14,RR,Roraima,1041160,186999,727064,182701,127097,27073,0.179606400553229,0.698321103384686,0.175478312651274,0.122072496062085,0.0260027277267663,0.467812782250898,79.4369370247033,24.505729308685,1.54661351238612,27.8496112947905,27.2095135972359,55.0591248920263,97.7015919871229,37.2230723423873,36.9608717186726
2047,14,RR,Roraima,1045775,184655,728053,189914,133067,28504,0.176572398460472,0.696185125863594,0.181601204848079,0.127242475675934,0.027256340991131,0.443255599523606,79.6356033280836,24.6014642784889,1.53713951090928,27.5109280906309,28.2944431366823,55.8053712273132,102.848013863692,37.609671296407,37.3695204993616
2048,14,RR,Roraima,1050146,182436,728561,197101,139149,29959,0.173724415462231,0.693771151820794,0.187689140367149,0.132504432716975,0.028528414144319,0.417967536037867,79.831340935981,24.6957181810661,1.52879696506566,27.2045260352903,29.3913442855673,56.5958703208576,108.038435396523,37.9925657956132,37.7751206358217
2049,14,RR,Roraima,1054260,180316,728605,204282,145339,31451,0.171035607914556,0.691105609621915,0.193768140686358,0.137858782463529,0.0298322994327775,0.391755051202414,80.0239355558385,24.7882845601051,1.52149433064112,26.9264195967518,30.5052399568738,57.4316595536256,113.291111160407,38.3716199040085,38.1779058187509
2050,14,RR,Roraima,1058133,178297,728251,211527,151585,32994,0.168501502174112,0.688241459249452,0.199905871946154,0.143257038576436,0.031181335427588,0.367366683740245,80.2134005141158,24.8791960721439,1.51514574192207,26.6788267103989,31.6510775704053,58.3299042808042,118.637442020898,38.7459147385064,38.5856963700968
2051,14,RR,Roraima,1061768,176395,727527,218928,157846,34606,0.166133279586501,0.685203358925867,0.20619193646823,0.148663361487632,0.0325928074682982,0.34352959410584,80.399691637849,24.9685159642888,1.5096709550384,26.4680506268334,32.8501226657864,59.3181732926198,124.112361461493,39.1154969823916,38.9933679748393
2052,14,RR,Roraima,1065147,174612,726449,226548,164086,36302,0.163932302301936,0.682017599448715,0.212691769305082,0.15405009824935,0.0340816807445357,0.318242779966993,80.5830603009098,25.0565394060194,1.50499522919688,26.2975028125551,34.1193426979745,60.4168455105296,129.743660229537,39.4798708535066,39.4082996367624
2053,14,RR,Roraima,1068282,172946,725058,234394,170278,38084,0.161891710241303,0.678714047414447,0.219412102796827,0.15939424234425,0.035649762890323,0.294325571963316,80.7635271550343,25.143332507519,1.50104915938145,26.1665925300556,35.4636261578172,61.6302186878728,135.53016548518,39.8391726154704,39.8199700517288
2054,14,RR,Roraima,1071136,171350,723341,242415,176445,39950,0.159970349236698,0.675302669315568,0.226315799300929,0.164726981447734,0.0372968511934992,0.267157922720784,80.9409306843152,25.2286943658195,1.49776847234229,26.0659505819393,36.8764365936435,62.9423871755827,141.473592063029,40.1942554446868,40.2314252575561
2055,14,RR,Roraima,1073700,169797,721249,250566,182654,41935,0.158141939089131,0.671741641054298,0.233366862252026,0.170116419856571,0.0390565334823507,0.239372031189311,81.1154516762319,25.3127100986283,1.49509379602095,25.98919087699,38.3517235362455,64.3409144132354,147.567978232831,40.5448700754401,40.6409594346674
2056,14,RR,Roraima,1075992,168284,718714,258771,188994,44084,0.156398932334069,0.667954780332939,0.240495282492807,0.175646287332991,0.0409705648369133,0.213467449008098,81.2871709950941,25.3953983969787,1.49297041099875,25.9322553653128,39.8761358960885,65.8083912614013,153.770411922702,40.8905902646116,41.0472719841973
2057,14,RR,Roraima,1078003,166816,715661,266947,195526,46422,0.154745394957157,0.663876631141101,0.247631036277265,0.181377973901742,0.0430629599361041,0.186897300351685,81.4561320633819,25.4768357603835,1.49134799113298,25.8934558549609,41.4359555445176,67.3294113994785,160.024817763284,41.23091865236,41.4481663593526
2058,14,RR,Roraima,1079717,165380,712085,275060,202252,48938,0.153169765781219,0.659510779213442,0.254751939628625,0.187319455005339,0.0453248397496751,0.158997702232733,81.6223908978804,25.556947524399,1.49018033926844,25.8698498459979,43.0267317610363,68.8965816070342,166.319990325311,41.5660927817197,41.8454311105081
2059,14,RR,Roraima,1081112,163949,708042,283064,209121,51622,0.151648487853247,0.654920119284588,0.261826711756044,0.193431392862164,0.0477489843790468,0.129200521988637,81.7859179642791,25.6356849018855,1.48942512278441,25.8554263608679,44.6403479582841,70.4957743191521,172.653691086862,41.8967951516587,42.2424366034401
2060,14,RR,Roraima,1082177,162498,703583,290795,216096,54433,0.150158430644895,0.650155196423506,0.268712973940492,0.1996863729316,0.0502995351037769,0.0985096826230825,81.9466776202667,25.7130146103228,1.48904361275396,25.8391054630107,46.2398470942177,72.0789525572284,178.952971728883,42.2229302600222,42.6555991257393
2061,14,RR,Roraima,1082898,161018,698793,298081,223087,57305,0.148691751208332,0.645299003230221,0.275262305406419,0.206009245561447,0.0529181880472584,0.0666249606118052,82.1048300227263,25.788926931358,1.48900042964711,25.8124812639969,47.784783239473,73.5972645034699,185.122781303954,42.5441094175075,43.0781964573269
2062,14,RR,Roraima,1083307,159514,693761,304915,230032,60208,0.147247271549062,0.640410336128171,0.281466841809386,0.212342392322767,0.0555779663567207,0.0377690234906636,82.2602786668676,25.8633562474205,1.48926329778955,25.7747084239543,49.2689997059194,75.0437081298737,191.15250072094,42.8597710528964,43.5333990559838
2063,14,RR,Roraima,1083393,157991,688513,311290,236889,63126,0.145829814296382,0.635515459302395,0.28732879019894,0.218654726401223,0.0582669446821237,0.0079386545088322,82.4130453130721,25.9364290209278,1.48980281018443,25.7267403991454,50.6894507842218,76.4161911833672,197.030210581615,43.1694260531497,43.9894823991169
2064,14,RR,Roraima,1083145,156453,683088,317253,243604,66052,0.14444326475218,0.630652405725919,0.292899842588019,0.224904329521902,0.0609816783533137,-0.0228910469238786,82.5631129973418,26.0082112937405,1.49059220480233,25.6716422808517,52.0565634952801,77.7282057761318,202.778470211501,43.4724409012644,44.4271364502058
2065,14,RR,Roraima,1082557,154878,677643,322805,250036,68959,0.14306683158485,0.625965191671201,0.298187531926725,0.23096797674395,0.0637001100173016,-0.0542863605519139,82.7104859655155,26.0787325895051,1.49160715303242,25.6050020334814,53.3673128618522,78.9723148953336,208.425341236328,43.769363645517,44.8546623177283
2066,14,RR,Roraima,1081626,153261,672356,327627,256009,71802,0.141695003633419,0.621615974468069,0.302902297097148,0.236689021898512,0.0663833894525464,-0.0860000905264058,82.8551285665895,26.1480553248633,1.49282556065413,25.5121200922865,54.5374189746612,80.0495390669476,213.77062657819,44.0595769702282,45.260092272203
2067,14,RR,Roraima,1080359,151607,667234,331912,261518,74574,0.14033020505221,0.617603963127072,0.307223802458257,0.242065831820719,0.0690270548956412,-0.1171384563610769,82.9971162774568,26.2160565918705,1.494227381422,25.4016151732458,55.6115541853763,81.0131693586221,218.929205115859,44.3428045677409,45.653521403325
2068,14,RR,Roraima,1078769,149935,662273,336031,266561,77246,0.138987123285893,0.613915490712099,0.311494861272432,0.247097386002008,0.071605691301845,-0.147173300726888,83.1366106340046,26.2829293999457,1.49579444314745,25.2925508136767,56.6851044950852,81.9776553087619,224.117784373228,44.618275089477,46.0358431166787
2069,14,RR,Roraima,1076863,148270,657392,339732,271201,79840,0.13768696668007,0.610469484047646,0.315483028017492,0.251843549272284,0.0741412788813433,-0.176682867231071,83.2736227159058,26.3485884494768,1.49751028600047,25.1791169732755,57.6930718794418,82.8721888527174,229.13064004856,44.8855379003643,46.3886574706364
2070,14,RR,Roraima,1074652,146619,652596,342797,275437,82417,0.136433933961878,0.607262630135151,0.318984192091952,0.256303435902971,0.0766918034861518,-0.20531859670172,83.4081911393592,26.413058734419,1.4993600126334,25.0529700838636,58.5741478651347,83.6271179489983,233.801212666844,45.1445351611498,46.733811965812
2000,15,PA,Pará,6493843,2437970,3795496,383368,260377,57680,0.375427924574093,0.58447609527979,0.0590356126564809,0.0400959801461169,0.0088822597035376,,70.7140460520735,19.9757888176591,3.02581027635214,66.3843888571969,10.4388693820703,76.8232582392672,15.7248858681608,24.2092204877759,20.4431000794452
2001,15,PA,Pará,6621374,2445480,3907986,395086,267908,58649,0.369331199234479,0.590207712175751,0.0596682803297322,0.04046108858977,0.0088575271537297,1.96387562803721,70.9029261252622,20.2268113105668,2.92738297183201,64.6814120156326,10.4497768730917,75.1311888887243,16.155764921406,24.4243388154785,20.762938756088
2002,15,PA,Pará,6747419,2451813,4019469,407509,276137,59592,0.36337049766733,0.595704668703692,0.0603947968845569,0.0409248336289772,0.0088318214712914,1.90360792186033,71.0844559446389,20.283896832222,2.75069246703075,63.059460707899,10.4809370753868,73.5403977832858,16.6207210745681,24.6524699296131,21.095629221934
2003,15,PA,Pará,6872273,2457574,4129730,420574,284969,60537,0.357607155594663,0.600926360172246,0.0611986747325084,0.0414664842330914,0.0088088758988474,1.8503964256555,71.2757912098815,20.4557708403612,2.7445419864406,61.5297217788627,10.5298156667606,72.0595374456232,17.1133809195573,24.8916546243143,21.4408364772052
2004,15,PA,Pará,6996232,2462770,4239097,434341,294365,61557,0.352013769697746,0.605911439186122,0.0620821322105956,0.0420747911161322,0.0087985932999363,1.8037554678052,71.4970019824205,20.5545522521711,2.59462916830521,60.0804416361459,10.5959545961195,70.6763962322654,17.6362794739257,25.1410593588091,21.7925852384773
2005,15,PA,Pará,7119568,2467047,4348175,449004,304346,62707,0.34651638975848,0.610735791834561,0.063066186038254,0.0427478184069595,0.008807697320961,1.7628917966127997,72.1230301456959,20.8601488348422,2.55911437530998,58.6900683403921,10.6816268377171,69.3716951781092,18.2000586125842,25.4000895840871,22.1531476170968
2006,15,PA,Pará,7243750,2470832,4457847,464736,315071,64068,0.34109846419327,0.615405970664366,0.0641568248490078,0.0434955651423641,0.0088445901639344,1.7442350434745395,72.5466924212006,21.1188302835401,2.50874172438415,57.3520802974433,10.7872880022246,68.1393682996679,18.8088870469542,25.6646231578947,22.5192338731371
2007,15,PA,Pará,7366330,2471433,4568406,481488,326491,65625,0.335503975521053,0.620173953651275,0.0653633491847365,0.0443220708276713,0.0089087781839803,1.69221742881795,72.9089752038205,21.2290084559711,2.40857509330968,55.9982770688146,10.9096618962802,66.9079389650948,19.4821385002142,25.9406667906542,22.8925932336533
2008,15,PA,Pará,7486557,2468788,4679305,499272,338464,67334,0.329762800176369,0.625027632862476,0.0666891336030701,0.0452095669611545,0.0089939874898434,1.6321153138672897,73.1112546334995,21.2547129500875,2.36664200173637,54.6373716746963,11.0495149161325,65.6868865908288,20.2233646631465,26.2263644022212,23.275521592109
2009,15,PA,Pará,7601341,2460899,4789450,518348,350992,69199,0.32374537598037,0.630079613583972,0.0681916519729874,0.0461750104356587,0.0091035252858673,1.53320144360085,73.253969389919,21.390583458133,2.22464875902729,53.2420803211704,11.2145707118895,64.4566510330599,21.0633593658253,26.5286548781327,23.6708298390639
2010,15,PA,Pará,7700603,2444222,4891969,539180,364412,71381,0.3174065719269,0.635270900213918,0.0700178934039321,0.0473225278591819,0.0092695338274158,1.30584853383107,73.7564965022598,21.747321891604,2.12758715937074,51.8150911949692,11.4300832209609,63.2451744159301,22.0593710391282,26.8603283405209,24.0864924462794
2011,15,PA,Pará,7788583,2422878,4986995,561805,378710,73906,0.311080719047354,0.640295545415642,0.0721318627534688,0.0486237355370033,0.0094890174502858,1.14250793087243,74.0036998627457,21.8720359334916,2.11555683965283,50.4356460375945,11.694768833656,62.1304148712504,23.1875067584913,27.2050844165107,24.5070846652909
2012,15,PA,Pará,7875244,2398264,5083207,586023,393773,76668,0.304532024658538,0.645466603955382,0.0744133134160669,0.0500013713860802,0.0097353174073082,1.11266709233246,74.399186935926,22.0079212360909,2.02776872753458,49.0346572255696,11.9817655317763,61.0164227573459,24.4352998669037,27.5574659020089,24.9327871081798
2013,15,PA,Pará,7961082,2370717,5180560,611874,409805,79700,0.297788290586631,0.650735666332792,0.0768581456641195,0.0514760430805762,0.0100112019949047,1.08997257735761,74.6530503446402,22.149239102698,2.01883046199551,47.6191882239016,12.2903506303416,59.9095388542432,25.809660115484,27.9170827533242,25.3642738171125
2014,15,PA,Pará,8047210,2344140,5276065,639236,427005,82995,0.291298474875143,0.655639035143857,0.0794357298989339,0.0530624899809996,0.0103135123850378,1.08186299299518,74.8436639335275,22.1974105658086,2.04011455191015,46.2918018244674,12.6235575652756,58.915359389743,27.2695316832612,28.2702253327551,25.7876045768989
2015,15,PA,Pará,8131409,2318876,5367089,667949,445444,86521,0.285175176897386,0.660044157168825,0.082144312258798,0.0547806659337884,0.0106403453571208,1.04631294572901,74.9317246213016,22.2290401348646,2.03743904466116,45.0741206674825,12.9835376388062,58.0576583062887,28.8048606307539,28.6169384666298,26.2028270394325
2016,15,PA,Pará,8207830,2290652,5451981,698059,465197,90333,0.279081316255332,0.664241462116053,0.0850479359343456,0.0566772216286156,0.011005710400922,0.9398248200281228,75.0095097873811,22.2929557411414,1.9190818168901,43.8896296482222,13.3750351352403,57.2646647834625,30.4742492530511,28.9767312432153,26.6304379689408
2017,15,PA,Pará,8275842,2259215,5530301,729672,486326,94518,0.272989141165334,0.668246324664004,0.088168913809616,0.058764534170662,0.0114209526958103,0.828623399851125,75.1279168684415,22.441713495891,1.92255812479162,42.7318749639443,13.8013658145379,56.5332407784821,32.2975900921338,29.3515332941349,27.072447735744
2018,15,PA,Pará,8339467,2229239,5601509,762500,508719,98967,0.267311927728715,0.671686691727421,0.0914327018741126,0.0610013805438645,0.0118673051886889,0.768803947682906,75.3059150568253,22.4318944461343,1.95335797227859,41.6857214877047,14.2583916010687,55.9441130887734,34.204497588639,29.722659133971,27.5161575341984
2019,15,PA,Pará,8404430,2199602,5672632,796187,532196,103536,0.261719355149606,0.67495737367079,0.0947342056510674,0.0633232711796041,0.0123192173651277,0.778982637619396,75.6921449145994,22.4482965704405,1.89984224915489,40.6682935694937,14.7206479409523,55.388941510446,36.1968665240348,30.0911890514883,27.9564201572512
2020,15,PA,Pará,8465192,2167343,5744100,827105,553749,106997,0.256029987270224,0.67855519402277,0.0977065848004393,0.0654148187070063,0.0126396424322095,0.722975859159991,73.2953887289138,20.1748202340694,1.82679933919846,39.6169698307945,15.1186931795748,54.7356630103693,38.1621644566642,30.4472342741901,28.393224159183
2021,15,PA,Pará,8520153,2134531,5812007,855379,573615,109483,0.250527308605843,0.682148196165022,0.100394793379884,0.067324495229135,0.0128498866158859,0.649258752784343,73.1568369674544,20.3400748063657,1.87615092009713,38.5974178711496,15.4672950175969,54.0647128887465,40.0733931716147,30.7813362037043,28.8121120072623
2022,15,PA,Pará,8570045,2100571,5872832,886891,596642,112808,0.245106180889365,0.685274348034345,0.103487321245104,0.0696194710762896,0.0131630580702902,0.585576338828653,75.1949020730198,21.7422037250076,1.7531991838469,37.6272238137794,15.8867499148692,53.5139737286485,42.2214245555137,31.141178021819,29.2611908278821
2023,15,PA,Pará,8616120,2063046,5929505,923139,623569,117269,0.239440258492222,0.688187374363403,0.10714091725742,0.0723723671443759,0.0136104186106972,0.537628448858785,76.0404412440051,22.4687522571119,1.73130234898571,36.6442241340264,16.3969743878038,53.0411985218302,44.7464089506487,31.5393312767232,29.7485653098931
2024,15,PA,Pará,8664306,2028699,5983078,961635,652529,122537,0.234144431186987,0.69054324720295,0.110988116070693,0.0753123216100632,0.01414273687933,0.559254049386504,76.2573054820521,22.5801701627463,1.71613585113362,35.7544767580806,16.9481802166102,52.7026569746907,47.4015612961805,31.9432116086389,30.2394829529445
2025,15,PA,Pará,8711196,1999423,6029379,1001328,682394,128237,0.229523362808046,0.692141354642922,0.114947247197744,0.0783352825490323,0.0147209407296082,0.541185872244121,76.4718227739319,22.6905896627277,1.68818434345979,35.0134359056081,17.5350257291682,52.5484616347763,50.0808483247417,32.348567177228,30.7336771683299
2026,15,PA,Pará,8756324,1970267,6073037,1042149,713020,134255,0.225010746518745,0.693560105816094,0.119016724369724,0.0814291476651618,0.015332347226987,0.518045972103032,76.6842340588102,22.7999942339593,1.6625395928248,34.3018551132783,18.143553134904,52.4454082481822,52.8937956124728,32.7566485662248,31.2319498395541
2027,15,PA,Pará,8799820,1941358,6114075,1084050,744387,140561,0.220613376182695,0.694795461725353,0.123190019795859,0.0845911620919519,0.0159731676329743,0.496738128922591,76.8944890442846,22.9083865351505,1.63907917958419,33.6200118730704,18.773340038778,52.3933519118483,55.8397781346872,33.1665597705408,31.7338586307341
2028,15,PA,Pará,8841797,1912870,6151964,1127031,776963,147204,0.216344030517778,0.695782090450618,0.127466283154884,0.0878738790316041,0.0166486518521065,0.477021120886567,77.1025485237856,23.0157011017714,1.61767923790883,32.9697395472101,19.4252189284331,52.3949584756431,58.9183269119177,33.577657686554,32.2382949305521
2029,15,PA,Pará,8882382,1881204,6190718,1171224,810460,154454,0.211790485930463,0.696965971515298,0.131859224248631,0.0912435425542383,0.0173888040392769,0.459013026424371,77.3084600486636,23.1220064665959,1.59821606306581,32.2679046867265,20.0897640015685,52.357668688295,62.2592765058973,33.9892359954796,32.7447918480494
2030,15,PA,Pará,8921654,1846518,6230189,1216757,844947,162499,0.206970366705546,0.698322194516846,0.136382446573248,0.0947074387776078,0.0182139993324108,0.442133652887255,77.5121391218733,23.2272262266395,1.58056746408798,31.5192649707368,20.7695166188463,52.2887815895831,65.8946731090626,34.4005480373931,33.2524267091865
2031,15,PA,Pará,8959078,1814029,6264692,1263710,880357,171281,0.20247942924484,0.699256329725001,0.141053577164972,0.0982642410301596,0.0191181503275225,0.419473788156322,77.7136057293698,23.3314062476034,1.56461387769809,30.8438095474517,21.4867736751784,52.3305832226301,69.663164150077,34.8117040615117,33.7619103822708
2032,15,PA,Pará,8994102,1783907,6293542,1312168,916653,180685,0.198341868926992,0.699741008051721,0.145892052369431,0.101917123021287,0.0200892762835022,0.390933084855383,77.9128342419666,23.434562928958,1.55023926284499,30.2458262737692,22.2475753332428,52.493401607012,73.5558524071042,35.2230054762554,34.274421943163
2033,15,PA,Pará,9026753,1750986,6321944,1361989,953823,190680,0.19397739142746,0.700356373991844,0.15088360122405,0.105666234580696,0.0211238747753483,0.363026792446863,78.1098191466795,23.5366460538675,1.53733179726675,29.6085852394189,23.0307766033828,52.6393618428017,77.7841170631861,35.6340050514288,34.7887930437193
2034,15,PA,Pará,9057150,1717302,6347861,1413268,991987,201327,0.189607326808102,0.700867381019416,0.156038930568667,0.109525292172483,0.0222285155926533,0.33674345581407,78.3045728857246,23.6376736642291,1.52578439837824,28.9762729938683,23.8462654684489,52.8225384623172,82.2958338137381,36.0440853910998,35.3051018350474
2035,15,PA,Pará,9085334,1686799,6367268,1466438,1031267,212676,0.185661748924145,0.700829270558463,0.161407164557737,0.113508980517392,0.0234087156289466,0.311179565315811,78.4970346658954,23.7376105011785,1.51549509073533,28.4351216778822,24.7203981998271,53.1555198777093,86.9361435476307,36.4526647011546,35.8214260956369
2036,15,PA,Pará,9111314,1655814,6383760,1521992,1071740,224715,0.181731636073567,0.700640983287372,0.167044182650274,0.11762738063906,0.0246632922540042,0.285955364987123,78.6872203948478,23.8365085101889,1.50636724158407,27.906156021025,25.6507954484935,53.5569514695185,91.9180535978075,36.8593871312085,36.3382955486146
2037,15,PA,Pará,9135074,1626285,6395312,1580184,1113477,237377,0.17802647247302,0.700083217716682,0.17297987952807,0.121890309810298,0.0259852301141731,0.260774680797971,78.8751560724268,23.9343876086978,1.4983096847613,27.4311579199491,26.6535550943266,54.0847130142757,97.1652570121473,37.2640372699772,36.8533997401472
2038,15,PA,Pará,9156576,1600593,6399638,1641026,1156345,250490,0.174802568121534,0.698911689260265,0.179218301688317,0.126285742618201,0.0273562956284096,0.235378498302263,79.060756282671,24.0311267630235,1.49123675164232,27.0600952804898,27.7436674518513,54.8037627323411,102.526126254457,37.6664511931097,37.3664148351648
2039,15,PA,Pará,9175884,1575064,6400386,1704167,1200434,263945,0.171652562303534,0.697522549326038,0.185722378356134,0.130824888370428,0.0287650759316487,0.210864847296621,79.2440404054854,24.1267274669204,1.48506822607279,26.7111529201396,28.9005813976166,55.6117343177562,108.196682801461,38.0661823972491,37.8770405828728
2040,15,PA,Pará,9193009,1550157,6396692,1769030,1246160,277690,0.168623461589127,0.69582135729444,0.192432097042437,0.135555181116433,0.0302066494224035,0.18663051974066,79.4249526354977,24.2211370707399,1.47972923838219,26.3909427286016,30.1171877527102,56.5081304813118,114.119408550231,38.4628376845927,38.3846362975151
2041,15,PA,Pará,9207840,1526287,6387561,1834763,1293992,291633,0.165759504943613,0.693708948026899,0.199260955881075,0.140531547029488,0.0316722488661836,0.161329114330244,79.6034903432489,24.3143652047146,1.47515011174232,26.104700185914,31.3806892328953,57.4853894188093,120.210877770695,38.8562518462528,38.8895557712885
2042,15,PA,Pará,9220250,1503295,6372782,1900639,1344173,305770,0.163042759144275,0.69117236517448,0.206137469157561,0.145784875681245,0.0331628751931889,0.134776451371876,79.7796874236833,24.4064246543196,1.47126617236341,25.8461713565769,32.6777121463139,58.5238835028908,126.431538719945,39.2463585043789,39.3917128642502
2043,15,PA,Pará,9230207,1481061,6352434,1966476,1396712,320397,0.160458048232288,0.688222268471335,0.213047876391071,0.151319683296377,0.0347117892372295,0.107990564247173,79.9535677200906,24.497334635556,1.46801753335725,25.6120615563399,34.0063673009181,59.618428857258,132.774814811814,39.6330401907563,39.891209558483
2044,15,PA,Pará,9237716,1459460,6326968,2032132,1451288,335331,0.157989269208969,0.684906095835811,0.219982082151043,0.157104634955221,0.0363002066744637,0.0813524550424383,80.1251739008246,24.5871381642832,1.46534886056454,25.3990342011415,35.3652653510436,60.7642995521851,139.238622504214,40.0161824632842,40.3881175100224
2045,15,PA,Pará,9242798,1438431,6297023,2096903,1507344,350629,0.155627224569876,0.681289691714565,0.226868855080464,0.163083083715559,0.0379353741150678,0.0550135985994737,80.29449987515,24.6758136738928,1.46320912725942,25.2026293989765,36.7396623088643,61.9422917078408,145.777100187635,40.3954350187032,40.8819383259912
2046,15,PA,Pará,9245444,1417961,6263400,2159957,1564083,366264,0.15336862134474,0.677457999853766,0.233623934123661,0.169173378801494,0.0396156204071973,0.0286276947738084,80.4615564706422,24.7633932454476,1.46155136341005,25.0190471115616,38.1111087977364,63.130155909298,152.328378566124,40.7705906822863,41.3727001688279
2047,15,PA,Pará,9245672,1398025,6226816,2220718,1620831,382209,0.151208587109731,0.673484415194482,0.240190004577277,0.175306997695787,0.0413392341843838,0.0024660795090003,80.6263431796555,24.8498663849177,1.46033240409022,24.8452575108021,39.4658969395206,64.3111544503227,158.846801738166,41.1414862002459,41.8609704097985
2048,15,PA,Pará,9243457,1378579,6187458,2278814,1677420,398475,0.14914106269981,0.669387870793362,0.246532655477274,0.181471066506827,0.0431088714968869,-0.0239571553046658,80.7887660173646,24.9351299738003,1.45951264069621,24.6788973416703,40.7946274872612,65.4735248289314,165.301662073773,41.5079528146234,42.3482176804379
2049,15,PA,Pará,9238778,1359498,6145585,2334388,1733695,415148,0.147151279097733,0.665194574433978,0.252672810191997,0.187654146468288,0.0449353799820712,-0.0506195896189054,80.9489003290569,25.0192612665475,1.45905577781491,24.5180248776712,42.0997920248041,66.6178169024753,171.70955749843,41.8699173202343,42.8306240129816
2050,15,PA,Pará,9231660,1340734,6101918,2388003,1789008,432341,0.14523216842908,0.660977332354095,0.258675362827487,0.193790499216826,0.0468324223379111,-0.0770448212956354,81.1067356842578,25.1022282809931,1.45892859790435,24.3640334418635,43.3951738012689,67.7592072431324,178.111616472768,42.2271720362318,43.3066208669509
2051,15,PA,Pará,9222125,1322299,6057269,2440474,1842557,450134,0.143383330848367,0.656819225503883,0.264632500643832,0.199797443647749,0.0488102254090028,-0.1032858662472379,81.2622659497046,25.1840390978748,1.45910073537128,24.2208049600026,44.7026313745661,68.9234363345686,184.562946807038,42.579442807379,43.7766228521075
2052,15,PA,Pará,9210195,1304238,6012166,2492415,1893791,468589,0.141608076701959,0.65277293260349,0.270614791543502,0.205618990694551,0.0508772072686843,-0.129362809547695,81.4155150884023,25.264704130248,1.45954446115261,24.0921378276921,46.0403743057688,70.1325121334609,191.101240724469,42.9264486799682,44.2396080191943
2053,15,PA,Pará,9195868,1286562,5966955,2543827,1942351,487614,0.13990653193369,0.648873494051894,0.276627176466648,0.211219974014416,0.053025337031806,-0.155555881281555,81.5664558680692,25.3441924067501,1.46023447851409,23.9785115177974,47.4109953649991,71.3895068827965,197.722845848082,43.2679455598971,44.6910965521406
2054,15,PA,Pará,9179103,1269195,5921531,2594498,1988377,507266,0.138270046648349,0.645109985147786,0.282652673142463,0.216619968203865,0.0552631340992687,-0.182310141902864,81.7151381685371,25.4225291792076,1.46114773046085,23.8776500777927,48.8108725385248,72.6885226163175,204.420754887941,43.6038655411101,45.1324247032388
2055,15,PA,Pará,9159872,1252083,5875387,2644503,2032402,527857,0.136692193952055,0.641426757928495,0.288705235182326,0.22188104811945,0.0576271153134018,-0.2095084890103129,81.8615712757616,25.4996610384063,1.46226321889891,23.7889979757893,50.2443340529092,74.0333320286984,211.208282518012,43.9340916554292,45.5508181171449
2056,15,PA,Pará,9138182,1235242,5827732,2693883,2075208,549717,0.13517371398381,0.637734288942812,0.294794194293788,0.227091997073378,0.0601560572989244,-0.236793701920723,82.0057963271194,25.5755657345737,1.46356183548518,23.7133515720792,51.7153680599003,75.4287196319795,218.085443985875,44.2582945929508,45.9580304111192
2057,15,PA,Pará,9114075,1218704,5777981,2742591,2117390,573010,0.133716696428327,0.633962415275275,0.300918195209058,0.232320888296399,0.0628708892564522,-0.263805207644141,82.1478338786326,25.6502360648642,1.46502620394783,23.6513881826897,53.2254627599082,76.876850942598,225.041601570193,44.5760849016494,46.3534225771978
2058,15,PA,Pará,9087556,1202513,5726089,2790527,2158954,597715,0.132325236840356,0.630102196894302,0.307071230152529,0.237572566265341,0.0657729096800064,-0.290967541961196,82.2876941100664,25.7236743145638,1.46664053354068,23.6040675895414,54.7751150452761,78.3791826348175,232.057948645877,44.8871157437709,46.7401165396683
2059,15,PA,Pará,9058630,1186636,5672283,2837486,2199711,623560,0.130995084245631,0.626174487753667,0.313235665878836,0.242830428000702,0.0688360160421609,-0.318303403027176,82.425394300971,25.7958938901004,1.46839048320928,23.5700489501655,56.3607407119027,79.9307896620683,239.120168274012,45.1912746187889,47.1168710228155
2060,15,PA,Pará,9027271,1171030,5616508,2883085,2239733,650108,0.12972137426693,0.622171196588648,0.319375035932786,0.248107429144422,0.0720160057231028,-0.346178174845424,82.5609507391021,25.866897206084,1.47026303598531,23.547019236879,57.9729451479101,81.5199643847891,246.200780509466,45.488383034031,47.4812322211994
2061,15,PA,Pará,8993496,1155696,5558719,2926343,2279081,676756,0.128503531885709,0.618082111783894,0.32538436665786,0.253414356330397,0.0752494914102369,-0.374144079644889,82.6943938582236,25.9366347516836,1.47224638308683,23.5306142352463,59.5819733329641,83.1125875682104,253.210446345752,45.7781576819515,47.8404928077591
2062,15,PA,Pará,8957343,1140645,5498984,2967217,2317714,702989,0.127341891451516,0.613907941227661,0.331260843756904,0.258750167320823,0.0784818667767886,-0.401990505138383,82.8257233379922,26.0051323699373,1.47432981717872,23.5209705945853,61.1862795214581,84.7072501160433,260.135011331308,46.0602304723622,48.20070029391
2063,15,PA,Pará,8918879,1125917,5437396,3005847,2355566,728686,0.126239743806368,0.609650158949348,0.337020717513939,0.264110097244284,0.0817015232519692,-0.429413052508987,82.9549667087451,26.0724328491441,1.47650363423873,23.519739968645,62.790365387086,86.310105355731,266.968790772322,46.3342023139904,48.5612306120629
2064,15,PA,Pará,8878148,1111540,5374144,3042382,2392464,753754,0.125199534857946,0.605322641613994,0.342682054860991,0.26947782352806,0.0848999138108534,-0.4566829530931019,83.0821465138768,26.1385882935573,1.47875904347529,23.5285102787208,64.3995863026028,87.9280965813236,273.708728430826,46.5997957006349,48.9166437985946
2065,15,PA,Pará,8835186,1097491,5309628,3076850,2428067,777721,0.124218211138962,0.600963918586434,0.348249601083667,0.274817870274604,0.0880254247052637,-0.483907229300529,83.2072752137787,26.203623900245,1.48108808475271,23.5470392171377,66.0148535297784,89.5618927469161,280.353096289628,46.8568505518729,49.252689471272
2066,15,PA,Pará,8790056,1083754,5244851,3110123,2461451,800023,0.123293184935341,0.596680043904157,0.353822888045309,0.280026771160502,0.0910145509880711,-0.510798527614476,83.3303785488508,26.2676841603525,1.4834835529945,23.5794558915134,67.6675777858086,91.247033677322,286.976841607966,47.1050931871196,49.5717075845055
2067,15,PA,Pará,8742830,1070310,5179901,3140427,2492619,820312,0.122421458497992,0.592474175981919,0.35920028183094,0.285104365520089,0.0938268272401499,-0.537266201717035,83.451444468363,26.3306566350831,1.48593892905517,23.6162408847303,69.2930837915286,92.9093246762588,293.4128430081,47.3443163140539,49.879681247938
2068,15,PA,Pará,8693572,1057169,5114669,3167631,2521734,838386,0.121603524995249,0.588327674746353,0.364364728330311,0.290068800258398,0.096437459769126,-0.563410245881479,83.5704959116327,26.3925274060862,1.48844831657352,23.6568122070224,70.8837013837358,94.5405135907583,299.633360418249,47.5742611897618,50.1898390734429
2069,15,PA,Pará,8642386,1044388,5049010,3190032,2548988,854455,0.120844868535148,0.584214822156752,0.369114732898993,0.294940309308101,0.0988679515124643,-0.588779847915222,83.6875728774913,26.453331770774,1.49100638434557,23.6931954556818,72.3697052109749,96.0629006666567,305.445102777895,47.7947777384625,50.4940404889942
2070,15,PA,Pará,8589345,1031978,4982917,3205502,2574450,869020,0.120146297534911,0.580127704731851,0.373195162145658,0.299725997733238,0.101174187321618,-0.613730976607618,83.8027105044846,26.5130814476521,1.49360831378054,23.7134653763387,73.6581212882293,97.371586664568,310.617280600943,48.0058586539486,50.7860753938649
2000,16,AP,Amapá,500966,209039,276147,22811,15780,4157,0.41727183082285,0.55122902552269,0.0455340282574067,0.0314991436544596,0.0082979683251957,,69.4502893996958,19.8395103138373,3.96716314213204,77.6761693842061,8.4762704558629,86.152439840069,10.9123177971575,22.1587353233553,18.6545040946315
2001,16,AP,Amapá,522673,215420,291044,23614,16209,4111,0.412150618072868,0.556837640360225,0.0451792994855292,0.031011741566907,0.0078653383664356,4.3330285887665,69.3403753698691,19.7810847413005,3.70102851694141,75.948653041366,8.32537133468952,84.2740243760555,10.9618419831028,22.306281365213,18.9116902392177
2002,16,AP,Amapá,543703,221161,305860,24500,16682,4071,0.406768033282877,0.562549774417283,0.0450613662238391,0.0306821922998402,0.0074875437509081,4.02354818404624,69.8169342617816,20.0069618390625,3.4325360344177,74.2046422987364,8.2203179417666,82.424960240503,11.077902523501,22.4854929989351,19.1946489726027
2003,16,AP,Amapá,564107,226299,320572,25484,17236,4050,0.401163254488953,0.568282258507694,0.0451758265719092,0.0305544870033522,0.0071794889976547,3.75278414869884,70.8844198820883,20.4153296551237,3.38071468959966,72.4564874937565,8.1594754165546,80.6159629103111,11.2612075174879,22.6953485774862,19.500206509169
2004,16,AP,Amapá,583964,230815,335254,26575,17895,4067,0.395255529450446,0.574100458247426,0.0455079422704139,0.0306440123021282,0.0069644704125596,3.52007686485012,72.06544453792,21.1231275748779,3.01048288804389,70.6777024502869,8.13751247802948,78.8152149283164,11.5135498126205,22.9355097232021,19.8259998397051
2005,16,AP,Amapá,603274,234656,349954,27775,18664,4116,0.388970849066925,0.58009130179653,0.0460404393360231,0.0309378491365449,0.0068227704160961,3.30671068764512,73.3165490512911,21.7524018708119,2.84176617775155,68.8457735673022,8.14891313595996,76.9946867032622,11.8364755216146,23.2029923384731,20.1721932733302
2006,16,AP,Amapá,621428,237130,364742,29074,19556,4206,0.381588856633431,0.586941689141783,0.046785790147853,0.0314694542247855,0.0067682820857766,3.0092462131635,74.0320704232153,22.4806606968583,2.88810253984874,66.7550615949373,8.1846947278337,74.939756322771,12.2607852232952,23.5166728888946,20.5582273603083
2007,16,AP,Amapá,638841,238657,379639,30455,20545,4319,0.373578089070676,0.594262109038086,0.0476722689996415,0.0321598018912374,0.0067606806701511,2.80209453066165,74.0856947838598,22.4331128332653,2.63263296989234,64.5491697973381,8.23711421067863,72.7862840080167,12.7609917161449,23.850363392456,20.9594144791588
2008,16,AP,Amapá,655719,239602,394542,31901,21575,4449,0.365403473134071,0.601693713313172,0.0486504127530238,0.0329028135527566,0.0067849185398013,2.6419719460711,74.0359711080586,22.3247404633901,2.77029991630122,62.3612759489454,8.30288171237012,70.6641576613155,13.3141626530663,24.1860339566186,21.3614498391561
2009,16,AP,Amapá,672357,240437,409304,33444,22616,4595,0.357603178073553,0.608759929620722,0.0497414320071034,0.0336368923057245,0.0068341669678459,2.53736737840446,74.4031320291512,22.3773742077813,2.65677537946565,60.3391421315211,8.39297724329696,68.7321193748181,13.9096728041025,24.5083415506941,21.7460732984293
2010,16,AP,Amapá,686987,240495,422826,35114,23666,4748,0.350072126546791,0.615478895524952,0.0511130487185347,0.0344489779282577,0.0069113389336333,2.17592737191701,74.4819290116231,22.2541590585684,2.58965196506578,58.4608316438896,8.53570195781009,66.9965336016997,14.6007193496746,24.839238588212,22.1223415998234
2011,16,AP,Amapá,699770,239756,435310,36889,24704,4911,0.342621146948283,0.6220758249139,0.0527158923646341,0.0353030281378167,0.0070180202066393,1.86073390035038,74.1041052838824,21.836563958888,2.46068860313751,56.6631610044313,8.71822747415067,65.381388478582,15.3860591601461,25.1785572402361,22.4934056271981
2012,16,AP,Amapá,711828,238150,447939,38766,25739,5088,0.334561158032558,0.629279826025388,0.054459785229016,0.0361590159420534,0.0071477941300426,1.7231376023550502,73.6826439154316,21.5947951605782,2.33543941498064,54.758203958502,8.91352733426532,63.6717312927673,16.2779760655049,25.5333605871081,22.8832535190829
2013,16,AP,Amapá,723831,236544,460467,40760,26820,5280,0.326794514189086,0.636152637839496,0.0563114870736401,0.0370528479714187,0.0072945204060063,1.6862219524941502,73.7194364242569,21.4947941408906,2.48007203717498,52.9741762536196,9.12822740842099,62.1024036620406,17.2314664502165,25.8742731383431,23.2642285298399
2014,16,AP,Amapá,735883,235377,472531,42862,27975,5483,0.319856553283606,0.642127892613364,0.0582456722060436,0.03801555410303,0.0074509127130263,1.66502954418919,73.9605576907323,21.5917615231529,2.47547310489161,51.4323360516034,9.36579524696052,60.798131298564,18.2099355502024,26.1893385225641,23.6227110157368
2015,16,AP,Amapá,747050,234144,483651,45092,29255,5681,0.313424804229971,0.647414497021618,0.0603600829931062,0.0391606987484104,0.0076045780068268,1.51749666726912,74.1778299310337,21.6225038165983,2.41546791936019,50.0506611602047,9.63887356941006,59.6895347296148,19.2582342490092,26.5060705441403,23.9819061645277
2016,16,AP,Amapá,756948,232604,493677,47477,30667,5902,0.307291914371925,0.65219407409756,0.0627216136379249,0.0405140115305146,0.0077971009897641,1.3249447828124,74.2856865431962,21.8996598258693,2.32376676623657,48.7775417464408,9.95602547460822,58.7335672210491,20.411084934051,26.8388673990816,24.3656362736083
2017,16,AP,Amapá,765558,230801,502520,50018,32237,6150,0.301480749988897,0.656410095642655,0.0653353501628877,0.0421091543684476,0.0080333560618529,1.13746254696492,74.4291995475553,22.0554624173008,2.30880639844261,47.6134579639765,10.3185425558909,57.9320005198674,21.6714832258092,27.1873169635743,24.7649930264993
2018,16,AP,Amapá,772784,229107,509767,52635,33910,6417,0.296469647404708,0.659650044514379,0.0681108822128823,0.0438803080809127,0.0083037433487235,0.943886681348771,74.0136149388053,21.7101856727514,2.37002329958964,46.6573124091218,10.7190423629751,57.3763547720969,22.9739815893884,27.5315301559038,25.1662422184494
2019,16,AP,Amapá,779468,227466,516372,55266,35630,6672,0.291822114570451,0.662467221232944,0.0709022050937306,0.0457106641966059,0.0085596842974952,0.864924739642636,73.9463344627087,21.3465000892344,2.28108422812584,45.7921310313728,11.1258294144173,56.9179604457901,24.2963783598428,27.8715072331385,25.5730116425866
2020,16,AP,Amapá,785533,225464,522892,57666,37177,6850,0.287020405253503,0.665652493275267,0.0734100286047817,0.0473271014712304,0.008720193804716,0.77809480312212,70.6886321568378,18.9737732694094,2.18498172894965,44.8771205585954,11.4780365563104,56.3551571149058,25.5765887236987,28.2047603347027,25.9792708333333
2021,16,AP,Amapá,790871,224010,528193,59923,38668,6987,0.2832446758068,0.667862394752115,0.0757683617176505,0.0488929294410846,0.0088345634117321,0.679538606271146,70.4491515504337,19.3934325255423,2.2286423782571,44.1888357156102,11.8205776643298,56.00941337994,26.7501450828088,28.5249882724237,26.3823921899143
2022,16,AP,Amapá,795457,222180,532807,62529,40470,7206,0.279311138125631,0.669812447435877,0.0786076431535583,0.0508764144384926,0.0090589434752601,0.579867007388057,73.6364631817299,21.0948499793981,2.03548887576603,43.5009045556713,12.2426323744782,55.7435369301495,28.1433972454766,28.8858693807459,26.8233059118795
2023,16,AP,Amapá,799124,219163,537384,65591,42577,7505,0.274254058193722,0.672466350653966,0.0820786260955747,0.0532795911523118,0.0093915337294337,0.460992863222032,73.7616261535823,21.6971938577482,1.93854834693645,42.608044792659,12.7517156910395,55.3597604836985,29.9279531672773,29.3049651868796,27.3253514162605
2024,16,AP,Amapá,802837,215460,542507,68885,44870,7835,0.268373281251362,0.675737416187844,0.0858019747470533,0.0558893025607938,0.0097591416439451,0.4646337739825149,74.3249130940799,21.93299860976,1.93656961902161,41.5551252478341,13.2856437514947,54.8407689993288,31.971131532535,29.7374298892552,27.841633885923
2025,16,AP,Amapá,806517,211827,547413,72353,47277,8185,0.262644184809496,0.678737087996905,0.0897104462770159,0.0586187271935991,0.0101485771533644,0.458374489466729,74.5820748197238,22.054786476984,1.88150385704049,40.5537038348805,13.8517853416473,54.4054891765278,34.1566466975409,30.1722803115123,28.364465743699
2026,16,AP,Amapá,809953,208127,552035,76002,49791,8536,0.256961823710759,0.681564238912628,0.0938350743808591,0.0614739373766132,0.0105388831203786,0.426029457531585,74.8370904004309,22.1759407485058,1.83108688948905,39.5811145934761,14.4538857108082,54.0350003042843,36.5171265621471,30.6153184197108,28.895755481915
2027,16,AP,Amapá,813150,204671,556076,79819,52403,8887,0.251701408104286,0.68385414745127,0.0981602410379389,0.0644444444444444,0.0109291028715489,0.394714261197882,75.089863081543,22.2965593404321,1.78515755113655,38.7150531532554,15.0983618961147,53.8134150493701,38.9986856955797,31.0649154522536,29.4384204909285
2028,16,AP,Amapá,816149,200645,560317,83810,55187,9265,0.245843589834699,0.686537629771034,0.102689582416936,0.0676187803942662,0.0113520937965984,0.368812642193928,75.3402896703567,22.4164732826427,1.74351775415075,37.7369313928688,15.7628259863756,53.4997573792444,41.7702908121309,31.5198364514323,29.9855919003115
2029,16,AP,Amapá,818996,195744,565143,87987,58109,9699,0.239004830304422,0.690043663216914,0.107432759134355,0.0709515064786641,0.0118425486815564,0.348833362535528,75.5884698030514,22.5356003707005,1.7059419917067,36.5695496623168,16.4380260244925,53.0075756868093,44.9500367827366,31.978593302043,30.5411999714632
2030,16,AP,Amapá,821698,190666,569869,92346,61163,10213,0.232039021635686,0.693526088660311,0.112384355322758,0.0744348897040032,0.0124291406331767,0.329916141226572,75.8340488101312,22.6535742196249,1.67218605163178,35.3946454892089,17.1428253193883,52.5374708085972,48.4333861307207,32.4385139065691,31.0971055088702
2031,16,AP,Amapá,824240,185792,574078,96868,64370,10798,0.225410074735514,0.69649373968747,0.117524022129477,0.0780961855770164,0.0131005532369213,0.30935939968213,76.077391477137,22.7707679325103,1.64199473735631,34.3055504265298,17.8861848665017,52.1917352930315,52.1378746124699,32.8994249247792,31.6537626628075
2032,16,AP,Amapá,826561,181081,577754,101554,67726,11464,0.219077599838366,0.698985313848585,0.122863285347361,0.0819370863130489,0.0138695147726544,0.281592739978653,76.3182424126981,22.8871548446795,1.61510849111994,33.2914771494652,18.6705544504216,51.9620315998867,56.0820848128738,33.3617252689154,32.2123143023595
2033,16,AP,Amapá,828689,176058,581398,106387,71233,12197,0.212453646663585,0.701587688505579,0.12837988678503,0.0859586648308352,0.0147184287470933,0.257452263051361,76.5566022440559,23.0026355424634,1.59126889466536,32.2306515037236,19.4760949319352,51.7067464356588,60.4272455668018,33.8245747198285,32.7706933471166
2034,16,AP,Amapá,830636,170923,584812,111371,74901,12998,0.205773648144314,0.704053279655589,0.134079187514146,0.0901730722000973,0.01564825025643,0.234949420108155,76.792363623376,23.117235133007,1.57022308393381,31.1708751107885,20.3104996516772,51.4813747624658,65.158580179379,34.2868211828045,33.3274388884761
2035,16,AP,Amapá,832429,166275,587422,116521,78732,13868,0.199746765189584,0.70567219546652,0.139977103152341,0.094581039343896,0.0166596790837417,0.2158586914123629,77.0255917549317,23.2308366336431,1.55172715722799,30.2520045193793,21.1997824002562,51.4517869196355,70.0772816117877,34.7474018805207,33.8829218726479
2036,16,AP,Amapá,834066,161733,589634,121848,82699,14815,0.193909115105999,0.706939259003484,0.146089158411924,0.0991516258905171,0.0177623833125916,0.196653408278658,77.2561205825416,23.3434527420396,1.53554868305307,29.3800921006022,22.1346630698384,51.5147551704406,75.3389846228042,35.2053758335671,34.4348122350091
2037,16,AP,Amapá,835549,157595,591147,127359,86807,15829,0.188612517039695,0.707495311465875,0.152425530998182,0.103892171494431,0.0189444305480588,0.177803675008925,77.4839600878283,23.4550415883888,1.52146842724876,28.6226718368311,23.1311581107711,51.7538299476021,80.8141121228465,35.6609319142265,34.9851117575015
2038,16,AP,Amapá,836873,154278,591562,133038,91033,16900,0.184350552592807,0.706871890955975,0.158970357509443,0.108777556451218,0.0201942230183074,0.158458690034946,77.7090426401605,23.5654612312073,1.50928142215705,28.0731571065422,24.2082258983145,52.2813830048566,86.2326449655816,36.1134831688918,35.5312884852217
2039,16,AP,Amapá,838051,151152,591514,138869,95385,18020,0.1803613383911,0.705821006120153,0.165704712481699,0.113817655488747,0.0215022713414816,0.140762098908676,77.931260162031,23.6746832607673,1.49879749633232,27.580971844607,25.339671185884,52.920643030491,91.8737429871917,36.5626101514108,36.0751102855816
2040,16,AP,Amapá,839084,148109,591108,144801,99867,19178,0.176512721014821,0.704468205805378,0.172570326689581,0.119019073179801,0.0228558761697279,0.123262188100726,78.1506444041498,23.7826673194449,1.489841374218,27.1175486200368,26.5118808291863,53.6294294492231,97.7665098002147,37.0074056947815,36.6144239775211
2041,16,AP,Amapá,839959,145304,590153,150780,104502,20370,0.172989395910991,0.702597388682067,0.17950876173718,0.124413215406942,0.0242511836887277,0.104280381940303,78.3646704605158,23.8884592453994,1.48225244333728,26.7164330039071,27.723282004137,54.4397150080441,103.768650553323,37.447584941646,37.1500470735917
2042,16,AP,Amapá,840654,142714,588653,156779,109287,21597,0.169765444522955,0.700232200167965,0.186496465846829,0.130002355309081,0.0256907122311914,0.0827421338422507,78.5781811612608,23.9937242364364,1.47588427344326,26.3718191074375,28.9708607974337,55.3426799048712,109.855375085836,37.8831588263423,37.6822090729783
2043,16,AP,Amapá,841168,140319,586635,162772,114214,22904,0.166814477012915,0.697405274570597,0.193507123428376,0.135780248416488,0.0272288056607004,0.0611428720971974,78.7887791403156,24.0977087013505,1.47060395887341,26.0778661790041,30.2506890277786,56.3285552067827,116.001396817252,38.3139967283587,38.2108643933386
2044,16,AP,Amapá,841500,138067,584172,168751,119261,24267,0.164072489601901,0.69420320855615,0.200535947712418,0.141724301841949,0.0288377896613191,0.0394689289178851,78.9964429692897,24.2003832994896,1.4662913428111,25.8222644487752,31.5610026146382,57.3832670634134,122.223992699197,38.7401639928699,38.7246906403123
2045,16,AP,Amapá,841629,135926,581316,174667,124387,25685,0.161503465303596,0.690703385933707,0.20753443619457,0.147793148762697,0.0305181974480442,0.0153297682709441,79.2010127036089,24.3015443379713,1.46283817072848,25.5963814129362,32.8917436859271,58.4881250988633,128.501537601342,39.1612337502629,39.2255466533133
2046,16,AP,Amapá,841575,133887,578153,180448,129535,27173,0.159090990107834,0.686989276059769,0.214417015714583,0.153919733832398,0.0322882690193982,-0.0064161287217978,79.402710342275,24.4013314809508,1.46014721020673,25.3939382444428,34.2250208633639,59.6189591078067,134.776341242989,39.5766782520869,39.719362745098
2047,16,AP,Amapá,841325,131954,574693,186056,134678,28720,0.156840697708971,0.683080854604344,0.221146405966779,0.160078447686685,0.0341366297209758,-0.0297062056263564,79.6015014674687,24.4996895264187,1.45813136567348,25.2150234562357,35.5533474102596,60.7683708664953,141.000651742274,39.9860921760319,40.2064469548968
2048,16,AP,Amapá,840891,130109,570980,191462,139802,30336,0.154727544949345,0.679017851302963,0.227689438940362,0.166254603747691,0.0360760193651734,-0.051585297001755,79.797301077763,24.5965131302257,1.4567128093314,25.0537241007471,36.867827158592,61.9215512593391,147.15507766565,40.3896283822755,40.6933450970507
2049,16,AP,Amapá,840242,128303,567048,196683,144891,32019,0.152697675193575,0.674862718121684,0.234078991528631,0.172439606684741,0.0381068787325556,-0.0771800387921906,79.9901780452357,24.6918427258094,1.45582214357611,24.9008259971742,38.1718990171876,63.0727250143618,153.295714051893,40.787856355669,41.1786860327647
2050,16,AP,Amapá,839380,126530,562944,201772,149906,33782,0.150742214491649,0.670666444280302,0.2403821868522,0.178591341228049,0.0402463723224285,-0.1025894920749,80.180072808637,24.7856002306323,1.45539760537964,24.7574734189302,39.4796880319638,64.237161450894,159.465739350352,41.1808763611237,41.6712811271298
2051,16,AP,Amapá,838302,124782,558741,206800,154779,35606,0.148850891444849,0.666515169950686,0.246689140667683,0.184633938604465,0.0424739533008391,-0.128428125521218,80.367157078817,24.878002752821,1.45538431929811,24.6254341648248,40.8114935269972,65.4369276918219,165.729031430815,41.5681401213405,42.1652953760079
2052,16,AP,Amapá,837011,123069,554468,211838,159474,37492,0.147033909948615,0.662438128053275,0.253088669085591,0.19052796199811,0.0447927207647211,-0.154001779788193,80.5513447850599,24.9689766654633,1.45573360279729,24.5106591463123,42.1900642098051,66.7007233561175,172.129455833719,41.9494893137605,42.6514949612726
2053,16,AP,Amapá,835506,121381,550166,216883,163959,39423,0.145278430077103,0.658482404674533,0.259582815682951,0.196239165248364,0.04718458036208,-0.17980647805107,80.7327197221056,25.0587201369274,1.45640232533498,24.4108502499789,43.617192433463,68.0280426834419,178.679529745183,42.3249791144528,43.1314711047922
2054,16,AP,Amapá,833765,119698,545810,221903,168257,41401,0.143563234244661,0.654632900157718,0.266145736508489,0.20180386559762,0.0496554784621566,-0.208376720215053,80.9112680357608,25.1470868413464,1.45735232096682,24.3207548703278,45.0872067034566,69.4079615737843,185.385720730505,42.6948864488195,43.6014880952381
2055,16,AP,Amapá,831777,118008,541358,226890,172411,43440,0.141874564937477,0.650845118343017,0.272777439145348,0.207280316719505,0.0522255364118027,-0.238436489898231,81.0869847307661,25.2340578239442,1.45854985303726,24.237644260689,46.6009008398391,70.8385451005281,192.266625991458,43.0594883003497,44.0651728553137
2056,16,AP,Amapá,829554,116307,536744,231843,176503,45552,0.140204254334257,0.647027197747223,0.279479093585228,0.21276854791852,0.0549114343370052,-0.267259133157083,81.2598664842422,25.319648613992,1.45996512868493,24.1599571254082,48.159757708702,72.3197148341102,199.337099228765,43.418675577479,44.50858559037
2057,16,AP,Amapá,827103,114598,531913,236737,180592,47737,0.138553481247197,0.643103700506467,0.286224327562589,0.218342818246337,0.0577159072086548,-0.2954599700562,81.4299319323743,25.403907995439,1.46157186034902,24.0869499419885,49.7589161103731,73.8458660523617,206.580394073195,43.771805929854,44.9459728350203
2058,16,AP,Amapá,824415,112883,526859,241588,184673,49987,0.136924971040071,0.639070128515371,0.293041732622526,0.224004900444558,0.0606332975503842,-0.324989753392257,81.5972228359451,25.4867976280153,1.46334687114292,24.0205215940623,51.407827315595,75.4283489096573,214.016282345437,44.1183918293578,45.39111747851
2059,16,AP,Amapá,821499,111167,521609,246356,188723,52282,0.135322136728103,0.634947820995522,0.299885940214169,0.229730042276375,0.0636421955474079,-0.353705354706069,81.7616593367775,25.5683296550565,1.46526974081027,23.9596444643688,53.0967118988913,77.0563563632602,221.608930707854,44.4584302598056,45.8389486754967
2060,16,AP,Amapá,818341,109448,516152,250886,192741,54602,0.133743757186796,0.630729732470938,0.30657879783611,0.235526510342266,0.066722796487039,-0.384419214143905,81.9233883689616,25.648557823098,1.4673224889502,23.8965779998996,54.7777654053322,78.6743434052318,229.228492069293,44.7924019449105,46.3013044200731
2061,16,AP,Amapá,814942,107720,510504,255091,196718,56904,0.132181185900346,0.626429856357876,0.313017368107178,0.241388957741778,0.0698258280957418,-0.4153525241922359,82.0823967710504,25.7273234531358,1.46948929226039,23.8249533874032,56.4197102167292,80.2446636041324,236.809320460453,45.1197066785121,46.7598441515378
2062,16,AP,Amapá,811333,105987,504708,258992,200638,59168,0.130633167885443,0.622072564532689,0.319217879711536,0.247294267581868,0.0729268993126127,-0.442853601851423,82.2387576106518,25.8047674484862,1.47175623267002,23.7450543738826,58.0239003123082,81.7689546861908,244.362044401672,45.4396665734045,47.2142322408917
2063,16,AP,Amapá,807508,104259,498730,262606,204519,61378,0.129112033564993,0.617616172223681,0.325205446881022,0.253271794211327,0.0760091540888759,-0.471446372821027,82.3924544342461,25.8807752204152,1.47411107339886,23.6606504585345,59.5960902590079,83.2567407175423,251.878494902119,45.7516557111508,47.6559707209124
2064,16,AP,Amapá,803479,102548,492602,265972,208329,63540,0.127629969171565,0.613086340775552,0.331025453061001,0.259283690052883,0.0790810960834073,-0.4989424253381999,82.5434529182364,25.9553329799086,1.47654306016817,23.5764750240827,61.1487519513333,84.7252269754161,259.363420056949,46.0558384226595,48.0876526342755
2065,16,AP,Amapá,799249,100872,486470,269117,211907,65621,0.126208478208919,0.608658878522213,0.336712338707962,0.265132643268869,0.0821033244958705,-0.526460554662911,82.6918783192169,26.0285515257744,1.47904274499079,23.4990448679122,62.6932395284909,86.1922843964031,266.790586089301,46.351688897953,48.5044891910739
2066,16,AP,Amapá,794843,99233,480420,271594,215190,67579,0.124846038777469,0.604421250485945,0.341695152376004,0.270732710736586,0.0850218219195489,-0.551267502367847,82.8376803594933,26.1004054886058,1.48160183017419,23.4031262971209,64.0527715935248,87.4558978906456,273.693227051485,46.6385927786997,48.9144928779818
2067,16,AP,Amapá,790247,97621,474436,273782,218190,69389,0.123532262697612,0.60036418993049,0.346451172861143,0.276103547371898,0.0878067237205583,-0.578227398366726,82.9809896608571,26.1709817766799,1.48421303037356,23.3072456570943,65.3661028927238,88.6733485498181,280.454000676084,46.9168032273454,49.3279245932685
2068,16,AP,Amapá,785500,96050,468519,275949,220931,71033,0.122278803309994,0.596459579885423,0.351303628262253,0.281261616804583,0.0904302991725016,-0.600698262695076,83.1217000846884,26.2402047710675,1.48686995072909,23.2284807050043,66.7347841964106,89.963264901415,287.297241020302,47.1855480585614,49.7364540466392
2069,16,AP,Amapá,780604,94545,462611,278319,223448,72542,0.121117749844992,0.592632115643783,0.356543138390272,0.286250134511225,0.0929306024565593,-0.623297262889877,83.2599701204142,26.3082431105397,1.48956697930874,23.1875705106195,68.2589395202825,91.446510030902,294.377280660003,47.444650552649,50.141124871001
2070,16,AP,Amapá,775558,93108,456670,280425,225780,73955,0.120052916738658,0.588827656990193,0.36157837324868,0.291119426271149,0.0953571493041139,-0.646422513848255,83.3957622566815,26.3750434583438,1.49229919225339,23.1597537466575,69.7531248056713,92.9128785523288,301.182497744555,47.6943813357608,50.5221286507794
2000,17,TO,Tocantins,1191784,423300,711002,84127,57482,12013,0.355181811469192,0.596586294160687,0.0705891336013909,0.0482318943701208,0.0100798466836272,,69.8390784887183,19.9914210886595,2.79806645721892,61.8536816310785,12.2928529992387,74.1465346303172,19.8740845735885,25.4937748786693,21.6881200500208
2001,17,TO,Tocantins,1215566,424771,731470,86659,59325,12344,0.349442975535676,0.601752599200702,0.0712910693454736,0.048804425263622,0.0101549401677901,1.99549582810308,70.1605709230095,20.1111758918098,2.6258288814755,60.3251360532624,12.3071395298635,72.632275583126,20.4013456662531,25.7174484972433,22.0227253703859
2002,17,TO,Tocantins,1238303,425333,751676,89257,61294,12638,0.343480553628635,0.607021060273616,0.0720800967130016,0.0494983860977483,0.010205902755626,1.87048667040703,70.4457744317855,20.2057805227266,2.56017548803673,58.7709492575095,12.3332039081791,71.1041531656886,20.9852045338594,25.9640516093396,22.3901579933219
2003,17,TO,Tocantins,1260206,425208,771611,91968,63387,12927,0.337411502563867,0.612289578053112,0.0729785447775999,0.0502989193830215,0.0102578467329944,1.76879164469439,71.1633751829649,20.4715567767947,2.53445223740136,57.226222359797,12.3774275601254,69.6036499199225,21.6289439521364,26.2305869040458,22.7751207633039
2004,17,TO,Tocantins,1281514,424488,791391,94913,65635,13256,0.33123945583115,0.617543780247426,0.0740631783968025,0.0512167639214242,0.0103440149697935,1.69083467306139,71.9196072842376,20.8767111750126,2.38811747119994,55.6988268143963,12.4539274359577,68.152754250354,22.3594070974916,26.5167567424156,23.1803265567472
2005,17,TO,Tocantins,1302370,423184,811188,98136,67998,13644,0.324933774580188,0.622855256186798,0.075351858534825,0.0522109692330137,0.0104762855409753,1.6274500317592997,72.6975992819428,21.1831497182326,2.43164851778204,54.1814224441457,12.5646245438832,66.7460469880289,23.1899126621044,26.8200188886415,23.6024876604146
2006,17,TO,Tocantins,1323739,422155,831158,101618,70426,14083,0.318911054218392,0.627886615110683,0.0767658881395804,0.0532023306709253,0.0106388041751433,1.6407779663229398,73.2726253996569,21.4139139171851,2.37503373209841,52.7716177937562,12.7027898685694,65.4744076623256,24.0712534495624,27.1169603675649,24.0168215062265
2007,17,TO,Tocantins,1343650,419459,851285,105314,72906,14569,0.312178766791947,0.633561567372456,0.0783790421612771,0.0542596658355971,0.01084285342165,1.50414847639906,73.438759986538,21.4071075127472,2.18716859990535,51.2236880508306,12.8607837318669,64.0844717826975,25.1071022436043,27.442438134931,24.4618237176985
2008,17,TO,Tocantins,1362487,415658,871399,109201,75430,15077,0.3050730025314,0.639565001354141,0.0801482876533868,0.0553619961144583,0.0110657936552789,1.40192758530868,73.5575337120572,21.4372550422012,2.19778627098818,49.6232217643154,13.0369328627983,62.6601546271137,26.2718388675305,27.7822261790388,24.9186131668208
2009,17,TO,Tocantins,1380854,411551,891236,113326,78067,15615,0.298040922501582,0.645423773983346,0.0820695019169297,0.0565353035150711,0.0113082194062515,1.34804955937193,73.7265103537799,21.5796030939843,2.10577691350932,48.0796797110203,13.2393744224436,61.3190541334639,27.5363199214678,28.1233359935229,25.3786546324153
2010,17,TO,Tocantins,1396508,406573,909018,117760,80917,16214,0.291135460734919,0.650922157266553,0.0843246153978352,0.0579423819985278,0.0116103881968453,1.133646279766,74.0829364208925,21.9400810150832,2.05405464947967,46.6159887637229,13.5018774901826,60.1178662539055,28.9640482766932,28.4828665499947,25.8514619433665
2011,17,TO,Tocantins,1410841,401554,925285,122526,84002,16866,0.284620308029041,0.655839318534123,0.0868460726616252,0.0595403734368366,0.0119545717766921,1.02634571373741,74.5370002337323,22.0825647857029,2.07603972503781,45.2832273859586,13.8172517735895,59.1004791595481,30.5129571614278,28.8440880297638,26.3234326625387
2012,17,TO,Tocantins,1426020,396736,942008,127583,87276,17567,0.278212086787002,0.660585405534284,0.0894678896509165,0.0612025076787142,0.0123189015581829,1.07588310801856,75.0871217430531,22.2573606407547,2.00587291447494,43.9986203852497,14.1491470010569,58.1477673863065,32.1581605904178,29.201576415478,26.7904939133132
2013,17,TO,Tocantins,1441047,391683,958589,132923,90775,18330,0.271804458841384,0.665203147433776,0.092240572306108,0.0629923937248403,0.0127199182261231,1.05377203685784,75.3864937613576,22.4178324817398,1.9644256095775,42.7395762520446,14.5042615945816,57.2438378466262,33.9363720151245,29.5657462941875,27.2623228469086
2014,17,TO,Tocantins,1456210,387135,974569,138502,94506,19172,0.265851079171273,0.66925031417172,0.0951112820266308,0.0648986066570069,0.0131656835209207,1.05222105871634,75.589108174388,22.6111092401472,2.01824422521549,41.601787285898,14.8835180044983,56.4853052903963,35.7761504384775,29.9216486633109,27.7239734063355
2015,17,TO,Tocantins,1471416,383483,989437,144307,98496,20098,0.260621741234294,0.672438657728338,0.098073556356598,0.0669396010373681,0.0136589516492956,1.04421752357147,75.7453813323981,22.728610688204,2.02780695444366,40.6392998921183,15.2928172814229,55.9321171735412,37.6306120479917,30.26479187395,28.1713297705124
2016,17,TO,Tocantins,1485416,380002,1002700,150276,102714,21105,0.255821938096803,0.675029755974084,0.101167619037361,0.0691483059291135,0.0142081410190815,0.951464439696181,75.8877255637949,22.7913271415024,1.90740787705676,39.7850362984197,15.7334332839862,55.5184695824059,39.546107652065,30.6178807822186,28.6255401815803
2017,17,TO,Tocantins,1498537,376998,1014378,156432,107161,22192,0.251577371796626,0.676912215047076,0.104389814866099,0.0715104131562984,0.0148091104857604,0.8833215745622789,76.0268649301373,22.8672610107014,1.98773692456129,39.0628189413195,16.2087727060316,55.271591647351,41.494119332198,30.973536188963,29.0816420112445
2018,17,TO,Tocantins,1511702,375415,1024477,162783,111810,23324,0.248339289092692,0.677697720847098,0.107681937313042,0.0739629900602103,0.0154289668201802,0.8785235199397781,76.1970144627861,22.876985707485,2.0373382909882,38.5632724672934,16.7213488593781,55.2846213266715,43.3608140324707,31.3088598149635,29.5169969389399
2019,17,TO,Tocantins,1525148,374155,1034338,169403,116655,24469,0.245323732516451,0.678188608580938,0.111073154867593,0.0764876589026114,0.0160436888747846,0.8894610181107149,76.7042019885642,23.0273271062269,1.95963957086817,38.117238358174,17.2580201509795,55.3752585091535,45.2761556039609,31.6414492232885,29.9436842105263
2020,17,TO,Tocantins,1537886,372249,1044313,175971,121324,25488,0.242052401803515,0.67905748540529,0.11442395600194,0.0788901127911952,0.0165734001089808,0.835197633278861,75.2354742321515,21.8114774528402,1.89562290055783,37.6135989313566,17.7808472757476,55.3944462071042,47.27239025491,31.9749142654267,30.366647699561
2021,17,TO,Tocantins,1548514,369015,1054205,181869,125294,26161,0.238302656611435,0.680784933168186,0.117447436703833,0.080912410220379,0.0168942612078418,0.691078532479006,72.5185796860474,20.2509608447719,1.89900982058698,36.9891643194371,18.2301053496787,55.2192696691158,49.2849884151051,32.2823571501452,30.7645080239909
2022,17,TO,Tocantins,1557580,365973,1062180,188099,129427,26774,0.23496257014086,0.681942500545718,0.120763620488193,0.0830949293134221,0.0171894862543176,0.585464516304013,75.4011815659369,22.1871200403936,1.80978787370152,36.4693654659455,18.7441455374546,55.2135110034001,51.3969609779956,32.6058224938687,31.1828508611213
2023,17,TO,Tocantins,1567191,363063,1069566,195565,134562,27713,0.23166480665088,0.68247329138567,0.124786959598415,0.0858619019634493,0.0176832306974708,0.617046957459655,76.4683537669718,23.1021123874253,1.86947628339126,35.9980487089056,19.3904594953414,55.388508204247,53.8653071230062,32.9635315669883,31.6384652724404
2024,17,TO,Tocantins,1577342,360077,1077034,203632,140231,28876,0.228280867433949,0.682815774892192,0.129098191768177,0.0889033576738589,0.0183067464126359,0.647719390935753,76.676970826878,23.2039372061131,1.80305356873467,35.5234093601925,20.0893222694999,55.6127316296924,56.5523485254543,33.327026098335,32.0953270269173
2025,17,TO,Tocantins,1586859,356994,1083657,211948,146208,30157,0.224968948091796,0.682894321423643,0.133564481784456,0.092136730484561,0.0190042089435797,0.603356786289844,76.8830379603046,23.3045310232482,1.77599151118295,35.0710323140295,20.8217369392593,55.8927692532888,59.3701854933136,33.6996677083471,32.5629634107028
2026,17,TO,Tocantins,1595994,353317,1090220,220417,152457,31533,0.2213773986619,0.683097806132103,0.138106408921337,0.095524795205997,0.0197575930736582,0.575665512814938,77.0870082864986,23.4038896249793,1.75057962394326,34.5623422612643,21.5617357619392,56.1240780232035,62.3850536487064,34.0751349942418,33.0320012929815
2027,17,TO,Tocantins,1604779,349293,1096523,228973,158963,32981,0.217658007738137,0.683285985173036,0.142681951845083,0.0990560070888266,0.0205517395230122,0.550440665817042,77.2888524204727,23.5021342942017,1.72676765915003,34.0271384775449,22.3059035784252,56.3330420559701,65.553274757868,34.4525563956158,33.504482592265
2028,17,TO,Tocantins,1613212,345343,1102155,237599,165714,34494,0.214071678117941,0.683205307175994,0.147283184107235,0.102723014706065,0.0213821865941984,0.525492918339543,77.488581107344,23.599283434142,1.70450177622706,33.519659894979,23.0618187465422,56.5814786415212,68.8008733346267,34.8317077978592,33.976920302921
2029,17,TO,Tocantins,1621325,340753,1107836,246340,172736,36114,0.210169460163755,0.683290518557353,0.151937458560128,0.106540021278892,0.022274374354309,0.50290972296263,77.6862013534904,23.6953663719403,1.68372535552701,32.9474431268806,23.8186403050766,56.7660834319572,72.2928338121748,35.2120679074214,34.4511901416931
2030,17,TO,Tocantins,1629134,335317,1113840,255249,179977,37877,0.205825303504807,0.68370066550695,0.156677719573712,0.110474030988243,0.0232497756476754,0.481643100550477,77.8816151258365,23.7903701455043,1.66437974201825,32.2864752235771,24.5770137342957,56.8634889578728,76.1216997647003,35.5928855453265,34.9241689056422
2031,17,TO,Tocantins,1636542,330174,1119023,264371,187345,39775,0.201751009140004,0.683772857647405,0.161542447428786,0.114476133212591,0.0243042952762593,0.454720115104101,78.0730265322287,23.8836687621538,1.64640491793152,31.686655527799,25.3715701676684,57.0582256954675,80.0702054068461,35.97390839954,35.3975100401606
2032,17,TO,Tocantins,1643477,324976,1123720,273751,194781,41788,0.19773687127961,0.683745498111626,0.166568196573484,0.118517630608764,0.0254265803537257,0.423759365784693,78.2641851491566,23.9766972309547,1.62974010476482,31.1056233548696,26.2025364919837,57.3081598468533,84.2372975235094,36.3554299816791,35.8712901150165
2033,17,TO,Tocantins,1649949,318757,1128933,283356,202259,43886,0.19319203199614,0.684222966891704,0.171736217301262,0.122585001112156,0.0265983978898742,0.393799243920046,78.4532180718842,24.0687803787225,1.61432429626711,30.4205047354739,27.0420180257216,57.4625227611955,88.8940478169891,36.7367694395403,36.34491300145
2034,17,TO,Tocantins,1655973,312505,1133651,293184,209817,46067,0.188713825648124,0.684583021583081,0.177046364886384,0.126703152768795,0.0278186902805782,0.365102194067823,78.640016863643,24.1598056676677,1.60009672499533,29.7543331137102,27.9147354429849,57.6690685566951,93.8173789219372,37.1173026371807,36.8175855666774
2035,17,TO,Tocantins,1661561,306970,1137094,303303,217497,48320,0.18474795689114,0.684352846509999,0.182540996087414,0.130899196598861,0.0290810870019217,0.3374451153491,78.8244823104012,24.2497134052772,1.58699726578601,29.1994201398665,28.8506099185,58.0500300583665,98.8054207251523,37.4961533160684,37.2885812449475
2036,17,TO,Tocantins,1666705,301665,1139689,313796,225351,50637,0.180994837118746,0.683797672653529,0.188273269714797,0.135207490227725,0.0303815012254718,0.309588393083371,79.0066289515453,24.3384814542675,1.57496678002582,28.6960020699286,29.8499682281183,58.5459702980469,104.021348184244,37.8730501198472,37.7576168868001
2037,17,TO,Tocantins,1671410,296759,1141234,324702,233417,53030,0.177550092436925,0.682797159284676,0.194268312382958,0.1396527482784,0.0317277029573833,0.282293507249332,79.1865933806803,24.4262235044955,1.56394740497004,28.2641347341633,30.9255020958161,59.1896368299794,109.416058148194,38.2477626674484,38.2244583299521
2038,17,TO,Tocantins,1675699,291935,1142100,336017,241664,55521,0.174216849207405,0.681566319488166,0.200523483036035,0.144216831304429,0.0331330388094759,0.256609688825593,79.3643603417645,24.5129670090708,1.55388279256863,27.8631196271619,32.070433033929,59.9335526610909,115.099936629729,38.6193421372215,38.6865467184625
2039,17,TO,Tocantins,1679591,287085,1142415,347691,250091,58137,0.170925540801302,0.680174518677464,0.207009325484597,0.148899940521234,0.0346137839509738,0.232261283201818,79.539816947957,24.5985712927521,1.54471830234243,27.4771131731455,33.2777573063174,60.7548704794629,121.110820837034,38.9872058137963,39.143883860928
2040,17,TO,Tocantins,1683075,282734,1141576,359584,258765,60913,0.167986572196723,0.678268051037536,0.213647044843516,0.153745376765741,0.0361914947343404,0.207431452061835,79.7129597167027,24.6830180950594,1.53640115282836,27.1661876883845,34.5502360301204,61.7164237185049,127.18102527464,39.3509647520164,39.5881822376977
2041,17,TO,Tocantins,1686139,278612,1139761,371519,267766,63826,0.165236673844802,0.675959099457399,0.220337113369657,0.158804226697799,0.0378533442379306,0.182047739999702,79.8837201625319,24.7662361855712,1.52888053600544,26.8928425263125,35.8606304198423,62.7534729461549,133.346374169095,39.710755756198,40.0256135484955
2042,17,TO,Tocantins,1688775,274693,1136950,383348,277132,66851,0.162658139775873,0.673239478320084,0.226997675830114,0.164102381904043,0.0395854983641989,0.156333493264782,80.0521818257718,24.8482908393092,1.52210769894091,26.6502317765786,37.191748792608,63.8419805691866,139.555066929263,40.0664919838344,40.4484188364699
2043,17,TO,Tocantins,1690984,270980,1133146,395027,286858,69993,0.160249890004873,0.670110420914686,0.233607769204203,0.169639689080441,0.0413918759728064,0.130804873354951,80.2183698301538,24.9292031023075,1.51603599667514,26.437666406173,38.540084314087,64.9777507202601,145.777179127611,40.4175166648531,40.86454513707
2044,17,TO,Tocantins,1692787,267464,1128424,406546,296899,73254,0.158002158570452,0.666607198661143,0.240163706361167,0.175390642768405,0.0432741981123437,0.106624308686531,80.3822216235477,25.0089105012012,1.51062092011045,26.2534391726551,39.9052982154093,66.1587373880643,152.000269195107,40.7633695202054,41.2695403052968
2045,17,TO,Tocantins,1694185,264132,1122923,417804,307130,76600,0.155905051691521,0.662810141749573,0.246610612182259,0.181284806558906,0.0452134802279562,0.082585700386395,80.5437882522704,25.087447746451,1.50582010239344,26.0935797417434,41.2748246725855,67.3684044143289,158.180000908637,41.1040388151235,41.6676447229086
2046,17,TO,Tocantins,1695153,260943,1116838,428696,317372,79966,0.15393477756875,0.658842004232066,0.25289516639501,0.187223218199183,0.0471733229979831,0.0571366173115706,80.703086363283,25.164882205088,1.50159330699472,25.9512050553249,42.6345132936985,68.5857183490235,164.287219814289,41.4394812739617,42.0590380619778
2047,17,TO,Tocantins,1695685,257878,1110329,439139,327478,83312,0.152078953343339,0.654796734063225,0.258974396777703,0.193124312593436,0.0491317668081041,0.0313835978227317,80.8601234067033,25.2412793395337,1.49790240040127,25.8221951639584,43.972471331814,69.7946664957724,170.289439192176,41.7697078171948,42.4453921134249
2048,17,TO,Tocantins,1695793,254926,1103450,449067,337417,86618,0.150328489385202,0.65069852275602,0.264812391606759,0.198972987858778,0.0510781681490606,0.0063691074698502,81.0149874817257,25.3166585277081,1.49471131205205,25.7033676144384,45.277979431337,70.9813470457754,176.155825612138,42.0943823921906,42.8335463803315
2049,17,TO,Tocantins,1695469,252071,1096221,458492,347177,89920,0.148673316940622,0.646559152659235,0.270421930451102,0.204767530400143,0.0530354727806878,-0.0191061055211383,81.1675728139713,25.3908990717768,1.49198598387172,25.5934068834995,46.5518536794374,72.145260562937,181.890023049062,42.413441354575,43.2347705442903
2050,17,TO,Tocantins,1694702,249290,1088750,467528,356662,93254,0.147099608072688,0.64244333222006,0.275876230747353,0.210457059707252,0.0550267834698962,-0.0452382202210666,81.3179417408136,25.4639862164214,1.48969431149463,25.4927987368645,47.8101697133811,73.3029684502456,187.543824461471,42.7269077395318,43.6198412698413
2051,17,TO,Tocantins,1693479,246579,1081135,476309,365765,96657,0.145604994216049,0.638410632786117,0.281260647460051,0.215984372997835,0.0570759956279352,-0.0721660799361756,81.4661748254235,25.5359611504614,1.48780607902352,25.4050367250469,49.074120819171,74.4791575442179,193.166895802157,43.0343240158278,43.9921409699521
2052,17,TO,Tocantins,1691805,243923,1073466,484963,374416,100162,0.14417914594176,0.634509296284146,0.286654194780131,0.221311557774093,0.0592042227088819,-0.0988497643017672,81.6122734513586,25.606804898599,1.48629288893664,25.3316218705831,50.3638416107689,75.695463481352,198.81806963673,43.3359855302473,44.3508972633468
2053,17,TO,Tocantins,1689673,241302,1065821,493486,382550,103752,0.142809880965134,0.630785364978904,0.292060061325475,0.226404754055962,0.0614035970273538,-0.126019251627696,81.7563199840592,25.6766153461645,1.48512808854474,25.2702681474733,51.6801499657027,76.9504181131759,204.509701535835,43.6318021297612,44.7057440902579
2054,17,TO,Tocantins,1687070,238676,1058209,501821,390185,107424,0.141473679219001,0.627246646552899,0.297451202380458,0.2312796742281,0.063674891972473,-0.154053476619442,81.8982879759255,25.7453604026491,1.48428669420455,25.2147483606653,53.0145060127428,78.2292543734081,210.251973386516,43.9219724137113,45.0572531071925
2055,17,TO,Tocantins,1684002,236052,1050527,509914,397423,111237,0.140173230198064,0.623827643910162,0.302798927792247,0.235999125891774,0.0660551472029131,-0.181853746436134,82.0381337302602,25.8129801540798,1.48374531431934,25.1644926207523,54.3597473870939,79.5242400078462,216.017657126396,44.2061856221073,45.3917729065395
2056,17,TO,Tocantins,1680452,233437,1042605,517706,404410,115244,0.13891322096674,0.6204312887247,0.308075446368001,0.24065549030856,0.0685791679857562,-0.2108073505850959,82.1759308860207,25.879470823593,1.48348207199841,25.1194166848702,55.7087039940429,80.828120678913,221.775468327643,44.4844339499135,45.7232970027248
2057,17,TO,Tocantins,1676448,230834,1034339,525152,411275,119484,0.137692311363072,0.616982453377617,0.313252782072573,0.24532523525931,0.0712721181927504,-0.238269227564969,82.3116980508125,25.9448424345595,1.4834765281054,25.0780586270807,57.0530885577025,82.1311471847833,227.502014434615,44.7567010727443,46.0544908271498
2058,17,TO,Tocantins,1671967,228217,1025741,532232,418009,123939,0.136496115054902,0.613493567755823,0.318326856929593,0.250010317189275,0.0741276592181544,-0.267291320697094,82.4454457318335,26.0090997112141,1.48370960529955,25.0370261475912,58.3896313621892,83.4266575097804,233.213126103665,45.0229538023179,46.3828398599172
2059,17,TO,Tocantins,1667020,225563,1016892,538945,424565,128580,0.135309114467733,0.610005878753704,0.323298460726326,0.254685006778563,0.0771316480906048,-0.295879045459624,82.577174384749,26.0722637876042,1.48416351356271,24.9927978796958,59.7161034977928,84.7089013774886,238.933247030763,45.2834273134096,46.7023589269195
2060,17,TO,Tocantins,1661615,222883,1007840,545160,430892,133306,0.134136367329375,0.60654243010565,0.328090442130096,0.259321202564974,0.0802267673317826,-0.324231262972252,82.7068775737063,26.1343105353619,1.48482167760749,24.9429256959708,61.0090736952367,85.9519993912074,244.594697666489,45.5376347709909,47.0111023549045
2061,17,TO,Tocantins,1655761,220200,998622,550506,436939,137986,0.132990208127864,0.603119653138345,0.332479144031053,0.263890138733791,0.0833369067154016,-0.352307845078437,82.8345992754662,26.1951988241099,1.48566866647725,24.8798097293389,62.200202247318,87.0800119766568,250.00272479564,45.7853410003014,47.3258593892851
2062,17,TO,Tocantins,1649472,217522,989302,555059,442648,142507,0.131873714740232,0.599768895743608,0.336507076203779,0.26835738951616,0.0863955253559927,-0.379825349189888,82.9603470587614,26.2549515644613,1.48669012557474,24.8060477299915,63.2985171475132,88.1045648775047,255.173729553792,46.0260586417957,47.6449899575987
2063,17,TO,Tocantins,1642749,214851,979892,558960,448006,146846,0.130787478793169,0.59649526494918,0.340258919652363,0.272717256257651,0.0893904059597662,-0.4075849726457911,83.0841296735921,26.3136102514803,1.48787271129339,24.7256996471555,64.326798920061,89.0524985672165,260.161693452672,46.2595192570502,47.9666088464874
2064,17,TO,Tocantins,1635591,212177,970401,562369,453013,151004,0.129724974030794,0.593302971219578,0.343832290590985,0.276972054749629,0.092323814449945,-0.435733030426433,83.2059973225435,26.3712374621119,1.48920402837096,24.6418015318595,65.3123820473959,89.9541835792554,265.0471068966,46.4858372294785,48.2700557994877
2065,17,TO,Tocantins,1628028,209510,960962,565442,457556,154909,0.128689432859877,0.590261346856442,0.347317122309936,0.281049220283681,0.0951513118938986,-0.462401663985679,83.3259018400447,26.4278254165529,1.49067257003965,24.559359306791,66.2827227585819,90.8420820653728,269.8878335163,46.7045462363055,48.5659829453791
2066,17,TO,Tocantins,1620064,206871,951922,569094,461271,158492,0.127693103482332,0.587582959685543,0.351278714914966,0.284723936832125,0.0978307029845734,-0.489180775760611,83.4439266399264,26.483567008871,1.49226766100825,24.5079072478465,67.4202907478862,91.9281979957327,275.096074365184,46.9152940871472,48.8603147710553
2067,17,TO,Tocantins,1611735,204275,943214,571759,464246,161714,0.12674229944749,0.585216552348866,0.354747523631366,0.288041148203644,0.100335352896103,-0.514115491733658,83.5600582030127,26.5382974770622,1.49397940327976,24.4435509829473,68.4166944876218,92.860245470569,279.896707869294,47.1178109304569,49.1692125597392
2068,17,TO,Tocantins,1603056,201731,934700,573827,466625,164538,0.125841517701191,0.583073828986636,0.357958174885968,0.291084653312174,0.10264020720424,-0.53848802687787,83.6743052260908,26.5920431897023,1.49579862478161,24.3784275007311,69.3448201687496,93.7232476694808,284.451571647392,47.3118749438572,49.470664928292
2069,17,TO,Tocantins,1594046,199245,926227,575696,468574,167002,0.124993256154465,0.581054122653926,0.361153944114536,0.293952621191609,0.10476611089015,-0.562051481670012,83.7867247432603,26.644898815028,1.49771683076393,24.3247202739575,70.2835411821439,94.6082614561015,288.938743757685,47.4974868981196,49.7582407320945
2070,17,TO,Tocantins,1584730,196830,917652,576870,470248,169189,0.124204123099834,0.579058893313056,0.364017845311189,0.296736983587109,0.106762035173184,-0.584424790752591,83.8972892244212,26.6968136868019,1.49972615790417,24.2691392426914,71.1280717112807,95.3972109539721,293.080323121475,47.6745130085251,50.0240434091122
2000,21,MA,Maranhão,5907492,2205477,3402550,433974,299465,68690,0.373335588097284,0.57597200300906,0.0734616314334408,0.0506924088936557,0.0116276077902433,,69.8200249454532,20.6881047885441,3.15367067396257,67.486209628337,13.2793315628537,80.7655411911907,19.6771038646062,25.0264704548055,20.3991304626323
2001,21,MA,Maranhão,5985865,2191524,3486406,445228,307935,71299,0.366116509476909,0.582439797756882,0.0743798932986294,0.0514436927662084,0.0119112275335311,1.32667128453157,69.1197606988171,20.2633241287054,2.66467507535766,65.4359527433085,13.2939079690652,78.7298607123737,20.3159080165218,25.2434540371358,20.7313671607399
2002,21,MA,Maranhão,6060566,2177118,3567134,455792,316314,73082,0.359226844489442,0.588581000520413,0.0752061771128307,0.0521921549901445,0.0120586097074102,1.24795664452839,68.8401158800356,20.0630571369808,2.71583393047784,63.5162338344338,13.2974837614977,76.8137175959315,20.9355671121179,25.4646287161958,21.0751312361935
2003,21,MA,Maranhão,6133227,2163306,3644961,466378,324960,74452,0.35271904985744,0.594297422873799,0.076041209627493,0.0529835272687608,0.0121391234989346,1.19891442482434,69.6441038202071,20.3198005653537,2.83551966269064,61.7462380224818,13.3116105610806,75.0578485835624,21.5585774735521,25.6940970878789,21.4374447871302
2004,21,MA,Maranhão,6205349,2150757,3720463,477687,334129,75791,0.346597266326197,0.599557414095484,0.0769798765548884,0.0538453195783186,0.0122138174661893,1.17592256083134,70.6080207078879,20.6958278829094,2.65213451786237,60.1289942002933,13.3547578143674,73.4837520146607,22.2101799505941,25.9339324830884,21.8073348834382
2005,21,MA,Maranhão,6277575,2139414,3794288,490167,343873,77342,0.340802618845653,0.604419381687993,0.0780822212398896,0.0547779994663544,0.0123203625603836,1.16393131151851,71.5294982648043,21.30464887519,2.65016932365278,58.6463135630157,13.4366174944367,72.0829310574524,22.9112738347978,26.185643341577,22.1921268051587
2006,21,MA,Maranhão,6355062,2133714,3867106,504001,354242,79217,0.335750304245655,0.608507989379175,0.0793070154154279,0.0557417063751699,0.0124651812995688,1.23434606516051,72.8471213354494,21.846063210553,2.53585559751171,57.3988384727065,13.5580832244071,70.9569216971136,23.6208320327842,26.4290353107491,22.572731414686
2007,21,MA,Maranhão,6428834,2124699,3939037,518958,365098,81370,0.330495234439091,0.612714062923385,0.0807235028933707,0.0567907026375234,0.0126570385858462,1.1608383993736,73.5405083958989,22.1570821049649,2.42170568049044,56.1320910488466,13.7102703519545,69.8423614008011,24.4250126723832,26.6973354732756,22.9733082282056
2008,21,MA,Maranhão,6498707,2112756,4009642,534861,376309,83746,0.325104055314388,0.61699073369518,0.0823026795945717,0.0579052109904324,0.0128865634348494,1.08686894077525,74.0046525704193,22.30363461897,2.33246910458244,54.8612470755033,13.8885614202732,68.7498084957765,25.3157960502775,26.9847788183096,23.3973003348777
2009,21,MA,Maranhão,6565252,2098734,4078569,551776,387949,86324,0.319673030068,0.621235711896512,0.0840449079486972,0.0590912580354874,0.0131486194284698,1.02397292261369,74.4200743630037,22.5148978953918,2.24974031245889,53.6110425667898,14.0948241288953,67.7058666956852,26.2908972742615,27.2855968057281,23.8299721969041
2010,21,MA,Maranhão,6621117,2080190,4141005,569541,399922,88952,0.314175085563357,0.625423927714916,0.0860188696257746,0.0604009867217269,0.0134345911724562,0.8509193554185,74.5875914580156,22.4106721906497,2.14621858017343,52.379446369605,14.3411141601446,66.7205605297496,27.3792778544268,27.605535893717,24.2772319205875
2011,21,MA,Maranhão,6667356,2058267,4196912,588110,412177,91560,0.308708129579401,0.629471712624915,0.0882073793569745,0.0618201577956839,0.0137325800512227,0.698356485771212,74.6963686329346,22.4702469629151,2.1513166535268,51.1882056583732,14.6260400763098,65.814245734683,28.5730665652221,27.9356236565139,24.7274456714792
2012,21,MA,Maranhão,6711398,2033176,4253375,607561,424847,94224,0.302943738398468,0.633753951114209,0.0905267427144091,0.0633023104873232,0.0140393998389009,0.660561697920437,74.8231385561239,22.4376245383329,2.03738986435135,49.9470724779096,14.9253647012119,64.8724371791215,29.8823613892747,28.2742640207003,25.1840022452989
2013,21,MA,Maranhão,6752584,2003699,4310811,627797,438074,97007,0.296730703387029,0.638394279878636,0.0929713721443524,0.0648750167343346,0.0143659079250254,0.6136724420158,74.7692626151388,22.4999941760803,1.99848138281616,48.6206312507765,15.2337683640825,63.854399614859,31.3319016479022,28.627099344488,25.6520512193133
2014,21,MA,Maranhão,6792706,1973793,4366999,648553,451914,99943,0.290575361277229,0.642895335084427,0.0954778552170519,0.0665293036383438,0.0147132821588333,0.594172541948379,74.7970531333375,22.4135693196696,2.01605368712374,47.3290795039277,15.5514871617798,62.8805666657075,32.858207522268,28.9778462368311,26.1157759026785
2015,21,MA,Maranhão,6831416,1944622,4420413,669661,466381,103034,0.284658700333869,0.64707126604499,0.098026675582339,0.0682700336211409,0.0150823782360787,0.569875981677992,74.9833373380174,22.4298210239431,2.0156801791742,46.112418081194,15.8795323742457,61.9919504554397,34.4365640211825,29.3218782167562,26.57005764609
2016,21,MA,Maranhão,6863878,1912910,4469465,691009,481503,106330,0.278692307759549,0.651157406935263,0.100673263714769,0.0701502853051874,0.0154912427056542,0.475186989051757,75.1239132379713,22.3062948874877,1.87970385200275,44.9044227890456,16.2210246624439,61.1254474514896,36.1234454313062,29.679590895992,27.0356741477369
2017,21,MA,Maranhão,6890375,1878992,4514146,712680,497237,109803,0.272698075213613,0.655137927906681,0.103431235600385,0.0721639968797054,0.0159357074179562,0.386035416130648,75.2577555824685,22.33016620052,1.90762122616901,43.7106727308214,16.5789541636163,60.2896268944377,37.9288469562404,30.0493222792664,27.5120373091752
2018,21,MA,Maranhão,6917016,1848599,4554823,734932,513594,113323,0.26725382737296,0.658495368523074,0.106249862657539,0.0742508041039662,0.0163832207414295,0.386640785153203,75.6540291290114,22.3362606321694,1.98408065498724,42.6584838761413,16.9593756526214,59.6178595287627,39.756161287548,30.4044940766365,27.9726107582495
2019,21,MA,Maranhão,6946725,1819620,4596742,757967,530363,116625,0.261939259147296,0.661713541273046,0.109111415811048,0.076347199579658,0.0167884866609805,0.4295060182020641,75.9674369240506,22.3615861918139,1.92368487571047,41.6471166623714,17.3482046115275,58.9953212738989,41.6552357085545,30.751005401826,28.4220421551465
2020,21,MA,Maranhão,6970988,1786457,4639071,779524,545460,118692,0.256270273309895,0.665482568611508,0.111824034125435,0.0782471580785966,0.0170265678265405,0.349272498911368,73.8612938817673,20.8379150159706,1.80745562378247,40.555145542334,17.6963169411536,58.2514624834875,43.6351952495918,31.0964464434597,28.8717225474543
2021,21,MA,Maranhão,6988154,1747170,4682677,799035,558307,119288,0.250018817558972,0.670087837217096,0.114341355385127,0.0798933452239318,0.0170700302254358,0.2462491686974649,73.1782528745554,20.5602814288798,1.86319097309925,39.333409726226,17.9883875298883,57.3217972561144,45.7330998128402,31.4240152692685,29.3082592964104
2022,21,MA,Maranhão,6998087,1707770,4718114,820329,572203,119754,0.244033833817728,0.674200535089089,0.1172218922114,0.081765631093183,0.017112390857673,0.14214054240933,74.8224187058997,21.4952487987127,1.68238692403468,38.2052479782944,18.3519284615529,56.5571764398473,48.0350984031808,31.7769024592006,29.7740691752596
2023,21,MA,Maranhão,7003234,1666163,4748223,845215,588848,121049,0.237913369737467,0.678004333426528,0.120689241570394,0.0840822968360046,0.0172847287410359,0.0735486712297284,75.3805237590711,22.0349505805775,1.67917752935325,37.0929744853798,18.8166094371681,55.9095839225478,50.7282300711275,32.1738760978142,30.2855492696415
2024,21,MA,Maranhão,7010960,1627024,4776194,872681,607742,123548,0.232068646804432,0.681246790739071,0.124473823841528,0.0866845624564967,0.0176221230758698,0.110320460518665,75.6152783107932,22.1498176603579,1.65576947483101,36.0658841054208,19.3445282964497,55.4104124018704,53.6366396562067,32.5801523614455,30.8014504151882
2025,21,MA,Maranhão,7018211,1590467,4799486,901599,628258,127077,0.226620003302836,0.683861741973845,0.128465644592333,0.0895182547233191,0.0181067511364363,0.103423782192458,75.8473107765393,22.2637230716769,1.62329321726375,35.1395503237302,19.9197992994038,55.059349623134,56.6876898420401,32.9943380157707,31.3231705628824
2026,21,MA,Maranhão,7024557,1554341,4820117,931290,650099,131247,0.221272458889578,0.686180922156372,0.132576331859788,0.0925466189540494,0.0186840251990268,0.0904219038156517,76.0769109551171,22.3766577199422,1.59462762485581,34.2446869589855,20.5178493767028,54.7625363356882,59.9154239642395,33.4145535440883,31.8498036316592
2027,21,MA,Maranhão,7030114,1519293,4837817,961346,673004,135822,0.216112142704941,0.688156266029256,0.136746857874566,0.0957315912658031,0.0193200280962727,0.07910819144894,76.3040565063242,22.4884868265869,1.56944379978229,33.3949082036938,21.1309216997566,54.5258299034504,63.2758789779193,33.8384972135587,32.3806671572691
2028,21,MA,Maranhão,7034961,1486897,4851082,991702,696982,140743,0.21135824349275,0.689567717575122,0.14096766137012,0.0990740389321277,0.0200062232043646,0.068946250373747,76.5288011786744,22.5992086837065,1.54742289760282,32.6334255267689,21.7652153187126,54.3986408454816,66.6960791500689,34.265009855776,32.9134253974441
2029,21,MA,Maranhão,7039203,1453577,4863562,1022513,722064,146188,0.206497383297513,0.690925094787009,0.145259768755071,0.102577521915478,0.0207676920242249,0.0602988417419903,76.7510358966925,22.708784165307,1.52826055867272,31.8549420099831,22.4082331513596,54.2631751613427,70.3446050673614,34.6931506308314,33.4503542453359
2030,21,MA,Maranhão,7042949,1418384,4876567,1053834,747998,152292,0.201390639063267,0.692404133552579,0.149629650874939,0.106205227384154,0.0216233285233217,0.0532162518966928,76.9706800144471,22.8172120963525,1.51166996549607,31.0318852717432,23.0561369724011,54.0880222441443,74.2982154339022,35.1217481483964,33.9862723266064
2031,21,MA,Maranhão,7045850,1385848,4885640,1085685,774362,159010,0.196689966434142,0.693406757169114,0.154088576963745,0.109903276396744,0.0225678945762399,0.0411901321449193,77.1876976992671,22.9246107486147,1.49738374844237,30.2962824832647,23.7343629660996,54.0306454493644,78.340842574366,35.5504137896776,34.5277056681296
2032,21,MA,Maranhão,7047525,1355426,4891226,1118170,800873,166261,0.192326525978978,0.694034572420814,0.158661374028471,0.113638901600207,0.0235914026555422,0.0237728592008102,77.4021612409826,23.0310734951845,1.48515495668314,29.6337350229966,24.4465972252739,54.0803322482706,82.4958352576976,35.9792163915701,35.0692278057581
2033,21,MA,Maranhão,7048055,1321246,4899296,1151144,827513,173934,0.187462498519095,0.695127379113812,0.1633278968453,0.117410122367093,0.0246782977715128,0.007520370626568,77.6140918249068,23.1366269556825,1.47475729444669,28.8754967857131,25.1579606461574,54.0334574318706,87.1256374664521,36.4075053330316,35.6153828215365
2034,21,MA,Maranhão,7047533,1285839,4907268,1184804,854426,181934,0.182452356023023,0.696310042109771,0.1681161336882,0.121237601867207,0.0258152746500087,-0.0074062986171408,77.8234516642989,23.2412404553054,1.46598479963127,28.0941643779947,25.8866610296511,53.9808254076458,92.1424844012353,36.8344070187397,36.1611467119522
2035,21,MA,Maranhão,7045983,1254904,4909431,1219879,881648,190219,0.178102047648994,0.696770202255668,0.173131130177294,0.125127750095338,0.0269968008722133,-0.0219935117721337,78.0302367392083,23.3448997303232,1.45865111612647,27.452397619881,26.6861874343717,54.1385850542527,97.2089498479565,37.2590704519157,36.707968856484
2036,21,MA,Maranhão,7043368,1225040,4909125,1257294,909203,198682,0.17392815482593,0.696985447870962,0.178507498117378,0.129086397303108,0.0282083798546377,-0.037113345291917,78.2344794298627,23.4476325486795,1.45258848543752,26.8588219250284,27.565986133846,54.4248080588744,102.6328936198,37.681097026309,37.254021133237
2037,21,MA,Maranhão,7039641,1198130,4904328,1297641,937183,207334,0.170197599565091,0.696673026365975,0.184333405638157,0.133129374068933,0.0294523541754473,-0.0529150258796629,78.4362316843101,23.5494576057287,1.44764655903299,26.3680519028933,28.5580573387883,54.9261092416817,108.305526111524,38.100290483563,37.799247593233
2038,21,MA,Maranhão,7034848,1175730,4893651,1341024,965467,216231,0.167129410614131,0.695629955330947,0.190625867111841,0.137240634054922,0.0307371246685074,-0.0680858583555599,78.6354984371519,23.650418169732,1.44369111117949,26.0226989522573,29.6811885719952,55.7038875242525,114.058840039805,38.5163996436028,38.3437030498798
2039,21,MA,Maranhão,7029031,1153414,4881371,1387085,994246,225546,0.164092888479223,0.694458596071066,0.197336588784428,0.141448515449711,0.0320877799514613,-0.0826883537497936,78.8322321113815,23.7504614238447,1.44060271330703,25.6969093681409,30.9028653466211,56.599774714762,120.259074365319,38.9288581882766,38.8842251228123
2040,21,MA,Maranhão,7022193,1132224,4865733,1435321,1024236,235384,0.161235101342273,0.692907899284454,0.204397828427672,0.145856999373273,0.0335200129076487,-0.0972822569711207,79.0263985588912,23.84953696878,1.43827541523307,25.4166883668474,32.220750101916,57.6374384687634,126.770056101973,39.3371868303819,39.419392090331
2041,21,MA,Maranhão,7014108,1112209,4845562,1485004,1056337,245709,0.158567418693867,0.690830822679092,0.211716728627503,0.150601758627041,0.0350306838731311,-0.1151349727926849,79.2179919169493,23.9476548947825,1.43661546570716,25.1807887667694,33.6209939335212,58.8017827002906,133.518430438883,39.7416663672701,39.9508094704694
2042,21,MA,Maranhão,7004580,1093103,4820358,1535474,1091119,256417,0.156055466566161,0.688172310117095,0.2192100025983,0.155772223316744,0.0366070485311039,-0.135840508871543,79.4070072896459,24.0447841992341,1.43554009444301,24.9794847032783,35.0885042811899,60.0679889844682,140.469287889613,40.1426018405101,40.4777092104504
2043,21,MA,Maranhão,6993591,1074797,4790132,1586597,1128662,267554,0.153683136460225,0.684931675301001,0.226864424871286,0.161385188238775,0.0382570270409007,-0.156883067935554,79.5934190716363,24.1409138366844,1.43497636974406,24.8095135101197,36.6233807003698,61.4328942104895,147.618294431414,40.5398814428811,41.001317325973
2044,21,MA,Maranhão,6981152,1057186,4755315,1638148,1168651,279151,0.151434319149619,0.681164799162087,0.234652962720193,0.167400881688294,0.0399863804713033,-0.177862846140131,79.7772090177184,24.2359978603005,1.43486013965487,24.6670763900847,38.2225283481473,62.889604738232,154.953622162987,40.9333581334427,41.5211122853625
2045,21,MA,Maranhão,6967244,1040132,4716495,1689233,1210617,291045,0.149288872328858,0.676952752049447,0.242453544041231,0.173758375621695,0.0417733324683332,-0.199222134111965,79.9583881487011,24.3300052140155,1.43513505995304,24.5436927293111,39.8603405146773,64.4040332439883,162.405636976845,41.3228932415744,42.0372604925897
2046,21,MA,Maranhão,6951804,1023521,4674391,1738700,1253892,302965,0.147230992128086,0.672399710923956,0.250107741817807,0.180369296947958,0.0435807741415034,-0.2216084293875759,80.137015664183,24.4229900591547,1.43575170893505,24.4301401834025,41.5005502934302,65.9306904768327,169.874384599827,41.7086629600029,42.5507341041589
2047,21,MA,Maranhão,6934820,1007274,4629686,1785721,1297860,314716,0.145248759160295,0.667600024225575,0.25750069936927,0.18715121661413,0.0453819998211922,-0.244310685399074,80.3131566582077,24.5150120623859,1.436666786584,24.3195692719997,43.1143517652243,67.4339210372239,177.282546754905,42.0906751725351,43.0608022849765
2048,21,MA,Maranhão,6916287,991330,4582566,1829911,1342391,326304,0.143332687032797,0.662576032486795,0.264579968992033,0.194091280480408,0.0471790716608492,-0.267245580995612,80.4868410593681,24.6060823708964,1.4378423941168,24.2080308743785,44.6859693395386,68.894000213917,184.591508377634,42.4686916549299,43.5684633296807
2049,21,MA,Maranhão,6896209,975588,4533354,1871412,1387267,337850,0.141467290216987,0.657368997952353,0.271368225643973,0.201163711830659,0.0489906845920708,-0.290300272386035,80.6580730748756,24.6961994607629,1.4392453889108,24.093298221949,46.2167302305216,70.3100284524706,191.824007675371,42.8425772768778,44.0725774794402
2050,21,MA,Maranhão,6874552,959994,4482954,1910548,1431604,349410,0.139644590658417,0.652108530126763,0.277916000926315,0.20824687921482,0.0508265847723604,-0.314042106322476,80.8268299181379,24.7852843302057,1.44084680925603,23.9758142462182,47.7158648454924,71.6916790917106,199.016660520795,43.2119927233076,44.5896674921079
2051,21,MA,Maranhão,6851285,944557,4432458,1947872,1474270,361033,0.137865670454521,0.646952797905794,0.284307542307757,0.215181531639685,0.0526956622005945,-0.33845114561647,80.993095025513,24.873300253281,1.44262136315267,23.8593421938055,49.2029010400985,73.0622432339039,206.22069393377,43.5766994074834,45.1056770670383
2052,21,MA,Maranhão,6826421,929321,4382645,1983831,1514455,372811,0.136135904890718,0.642012117330589,0.290610702152709,0.221851977778693,0.0546129516477229,-0.36291002344816,81.1568583950603,24.9602024062815,1.44454697537924,23.7479457711698,50.6949816125597,74.4429273837296,213.471018087399,43.9363307654187,45.6076263581921
2053,21,MA,Maranhão,6799982,914295,4333884,2018391,1551803,384669,0.134455502970449,0.637337569422978,0.296822991590272,0.228206927606573,0.0565691203300244,-0.387303976710485,81.3181718287762,25.0460329968341,1.44660438722499,23.6417124523181,52.1912726618288,75.8329851141469,220.759273538628,44.290590180974,46.1023501095805
2054,21,MA,Maranhão,6771919,899398,4286081,2051481,1586440,396754,0.132812870325236,0.632919708578912,0.302939388377209,0.234267421095852,0.0585881195566574,-0.412692268891302,81.4770202759439,25.1307486109192,1.44877680355473,23.5380419990369,53.6890741787576,77.2271161777945,228.094903479883,44.6394284987756,46.5827990594099
2055,21,MA,Maranhão,6742228,884616,4238910,2083439,1618702,409618,0.131205292968437,0.628710568672552,0.309013429981899,0.240084138359011,0.0607541008699201,-0.438442928806448,81.6333717216914,25.2142725212142,1.45104958221437,23.4386712002868,55.2025304616402,78.641201661927,235.519027465024,44.982658848084,47.0560443436634
2056,21,MA,Maranhão,6710949,870025,4191777,2114710,1649147,423941,0.129642618353976,0.624617621144193,0.31511340646457,0.245739760501831,0.0631715425046443,-0.463926761302047,81.7872111507394,25.2965469367872,1.45340996116118,23.3487663349448,56.7522423564508,80.1010086913956,243.063130369817,45.3199805273442,47.5152939843662
2057,21,MA,Maranhão,6678117,855683,4144197,2145600,1678237,440134,0.128132376237194,0.620563700815664,0.321288171501038,0.251303922947142,0.0659069016011549,-0.489230360713511,81.9385697967693,25.3775709695122,1.45584681909159,23.2722771819451,58.3545517692667,81.6268289512118,250.74706404124,45.6510531336902,47.9672751866566
2058,21,MA,Maranhão,6643758,841631,4096192,2176055,1705935,458238,0.126679960347743,0.616547441974858,0.327533754239694,0.256772597677399,0.0689727109265569,-0.514501318260818,82.0875041690687,25.457394099666,1.45835046572617,23.2105429787384,60.011356641567,83.2218996203054,258.552144585929,45.9755221367184,48.3974327484756
2059,21,MA,Maranhão,6607869,827827,4047845,2205855,1732197,477986,0.12527896663811,0.612579486669606,0.333822447145971,0.262141546692285,0.0723358771186293,-0.540191259224077,82.2340616039424,25.5360670872584,1.46091245828562,23.1612671636934,61.7162728195251,84.8775399832186,266.463282787346,46.2934293945597,48.8193346741316
2060,21,MA,Maranhão,6570439,814258,3998833,2234873,1757348,498991,0.123927487950196,0.608609713901917,0.3401405903015,0.267462798147886,0.075944849347205,-0.566445854177799,82.378298457026,25.6136264334928,1.46352544104623,23.1237369750104,63.4671264200689,86.5908633950793,274.467429242329,46.6045183586668,49.2294216371146
2061,21,MA,Maranhão,6531480,800988,3948696,2261903,1781796,520703,0.122634992375388,0.60456374359257,0.346307881215283,0.272801264032042,0.0797220538071004,-0.592943637403831,82.5202649948727,25.6900441981494,1.46618300519456,23.0926177762773,65.2110411467026,88.3036589229799,282.389124431327,46.9082103902944,49.6262671271026
2062,21,MA,Maranhão,6491013,788066,3897133,2286986,1805814,542612,0.121408784730519,0.600389030186814,0.352331138452503,0.278202185082667,0.0835943480624673,-0.619568612320642,82.6599930163354,25.7653552253026,1.46887956650648,23.0701111634471,66.9500032348144,90.0201143982616,290.202343458543,47.2038376752596,50.0121238858981
2063,21,MA,Maranhão,6449078,775526,3844207,2310351,1829345,564593,0.120253778912272,0.596086293265487,0.358245163107036,0.283659927822241,0.0875463128217708,-0.646047080786927,82.7975218863193,25.8396278139008,1.47161025865491,23.059162981933,68.6950021720379,91.7541651539709,297.907613671237,47.4906149375151,50.3701241545446
2064,21,MA,Maranhão,6405699,763371,3790163,2332274,1852165,586457,0.119170601053843,0.591686090776354,0.364093598528435,0.289143308169803,0.0915523817150946,-0.672638786505608,82.9328295127648,25.9128563395216,1.47437084020393,23.0621917346364,70.4603006476632,93.5224923822995,305.523002576729,47.7682202988308,50.720471252221
2065,21,MA,Maranhão,6360870,751589,3735131,2352899,1874150,607522,0.118158207918099,0.587204423294298,0.369902073144082,0.294637368787603,0.0955092620977948,-0.699829948300723,83.0658958744508,25.9850229387548,1.47715761357493,23.0804923992333,72.2550057087897,95.335498108023,313.056604074833,48.0361700522098,51.0634286645861
2066,21,MA,Maranhão,6314599,740193,3680272,2375922,1894134,626929,0.117219319864967,0.582819589969213,0.376258571605259,0.299961090165821,0.0992824722519989,-0.727431939341627,83.1966839167567,26.0561529100349,1.47996735447506,23.1419947700223,74.282753954686,97.4247487247083,320.98682370679,48.2937779580303,51.4056264066016
2067,21,MA,Maranhão,6266912,729189,3625553,2394819,1912170,644073,0.116355391618711,0.578523042927681,0.382137007827779,0.305121565453608,0.102773582906542,-0.755186513031147,83.3252059363016,26.1261526602163,1.48279725046095,23.201122274177,76.1976503259406,99.3987726001176,328.422260895323,48.540305656119,51.732855644046
2068,21,MA,Maranhão,6217835,718562,3570777,2409824,1928496,658700,0.115564661976395,0.57427979352942,0.387566411781593,0.310155544494185,0.105937195181281,-0.7831129589820349,83.4515545034244,26.1951131003195,1.48564484747275,23.2585810608947,78.0017407634824,101.260321824377,335.367581363891,48.7750545004813,52.0395689902467
2069,21,MA,Maranhão,6167438,708362,3515668,2421512,1943408,670979,0.114855147307521,0.570037023477172,0.392628511222975,0.315107829215308,0.108793797359617,-0.810523276992714,83.5757863792763,26.2630924895642,1.48850800331767,23.3200683179021,79.718879997261,103.038948315163,341.846682910715,48.9975476040456,52.3206793083942
2070,21,MA,Maranhão,6115778,698577,3460079,2428917,1957122,681252,0.114225369200779,0.565762687919673,0.397155848364672,0.320011942879549,0.111392532560861,-0.837624958694361,83.6979685739346,26.3301275224348,1.4913848472093,23.3771957417702,81.2813306901218,104.658526431892,347.694957034085,49.2077719302434,52.6063469742832
2000,22,PI,Piauí,2930352,970332,1783739,252602,176281,36679,0.33113155006634,0.608711513156099,0.0862019306895554,0.0601569367775612,0.012516926294179,,70.777981422795,20.3395086628086,2.72455892211015,56.8303719417272,14.7943854404721,71.6247573821993,26.032533194824,26.9954756288664,22.7036499229142
2001,22,PI,Piauí,2962306,959809,1821811,258607,180686,37731,0.324007378035895,0.614997572836837,0.0872992189193149,0.0609950491272677,0.0127370366194444,1.09044920200714,70.3858482125621,20.072835633371,2.57368069576978,55.0383911829301,14.8293183629701,69.8677095459003,26.943589818391,27.247340078979,23.0670685071202
2002,22,PI,Piauí,2992376,949331,1857801,264439,185244,38726,0.317249904423776,0.620844773517766,0.0883709132809513,0.0619053220584579,0.0129415554729753,1.01508757029152,70.9807725728378,20.1546065735553,2.34967292417208,53.3750026706308,14.8677672289422,68.242769899573,27.8553002061452,27.504248797611,23.4532522474881
2003,22,PI,Piauí,3021150,939143,1891825,270595,190182,39794,0.310856130943515,0.626193667974116,0.0895668867815236,0.0629502010823693,0.0131718054383265,0.961577021069537,71.5601425231656,20.5412444838315,2.16925399343751,51.8459080540484,14.9383464391315,66.7842544931799,28.8129709746013,27.7728368336561,23.8505964129409
2004,22,PI,Piauí,3048794,929290,1924002,277412,195502,41024,0.304805769100831,0.631069859098384,0.0909907327290725,0.0641243718007842,0.0134558123638396,0.915015805239716,72.3716698707461,20.8756207192333,2.16156015009461,50.4475346508209,15.059617000671,65.5071516514919,29.852037577075,28.0552529951187,24.2696955976595
2005,22,PI,Piauí,3075209,919619,1954462,285078,201128,42458,0.299042764247893,0.635554201356721,0.0927019919621723,0.0654030343953858,0.013806541278983,0.866408160079035,72.951933788228,21.3534230957979,2.15273923562154,49.1640256785308,15.2406399958942,64.404665674425,30.9995769987353,28.3528608949831,24.7046262432922
2006,22,PI,Piauí,3100299,909968,1983358,293606,206973,44076,0.293509755026854,0.63973120011973,0.0947024786964096,0.0667590448534157,0.0142166932931308,0.815879506075845,73.5761108543834,21.6190868565075,2.12675622060381,47.9757476703265,15.4796293611356,63.4553770314621,32.2655302164472,28.6646487967773,25.1543347892402
2007,22,PI,Piauí,3123388,899651,2010751,302839,212986,45814,0.288036900954989,0.643772403556651,0.096958495070097,0.0681906954883607,0.0146680463650369,0.744734620757548,73.9996889957365,21.8725558501686,2.01878252318794,46.8349178353041,15.7654909318454,62.6004087671495,33.661831087833,28.9929739756956,25.6246101648446
2008,22,PI,Piauí,3144436,888475,2036687,312716,219274,47607,0.282554645729791,0.647711386080047,0.0994505850969776,0.0697339681901619,0.0151400759945504,0.673883616124549,74.5679976509051,22.1056196268507,1.97694274234163,45.7212034509287,16.0924638941564,61.8136673450852,35.1969385745238,29.3390185076115,26.1116997255706
2009,22,PI,Piauí,3164490,876994,2061435,323181,226061,49442,0.277135968197087,0.651427244200487,0.102127357014874,0.0714367876024257,0.0156240026038951,0.637761430030692,75.0957332392997,22.4101890187671,1.89673586442288,44.6463016369574,16.4526056156981,61.0989072526555,36.8509932793155,29.6976978912874,26.6168237155238
2010,22,PI,Piauí,3181697,864305,2084060,333979,233332,51216,0.271649060234208,0.655015232437281,0.104968826384159,0.0733357073285105,0.016097070211274,0.543752705807266,75.2623141571005,22.3243998288918,1.82625534527789,43.5766529714185,16.8386009368699,60.4152539082884,38.6413361024175,30.0726455096133,27.1383797239194
2011,22,PI,Piauí,3196841,851211,2104563,345028,241067,52916,0.266266292255386,0.658325828528851,0.107927794970097,0.0754078792157633,0.0165525905104445,0.475972413463643,75.3590894424908,22.4640390388755,1.84739564905543,42.5477431293181,17.2462088911238,59.7939520204418,40.5337806959731,30.450663013894,27.6690044622782
2012,22,PI,Piauí,3211704,837409,2124962,356475,249333,54666,0.260736668136292,0.661630710675704,0.110992482495274,0.0776326211880049,0.0170208711637187,0.4649277208344179,75.4804520621686,22.5462191798377,1.7603162874429,41.5006789505506,17.6663428848956,59.1670218354462,42.5688044909954,30.8322314260592,28.2030463066592
2013,22,PI,Piauí,3225625,821775,2145730,368370,258120,56544,0.254764580507654,0.665213718271653,0.114201123813214,0.0800217012206937,0.0175296260414648,0.433445921541953,75.6252457896956,22.7861970273223,1.69810538968927,40.3725411205219,18.0974512154381,58.4699923359601,44.8261385415716,31.2280361170316,28.7501922875223
2014,22,PI,Piauí,3239971,806272,2166385,380674,267314,58605,0.248851610091572,0.668643330449563,0.11749302694376,0.0825050594588655,0.018088124862846,0.444751017244727,75.6641970039599,22.8087781287861,1.75080318523146,39.2723907404927,18.5421025072758,57.8144932477685,47.2140915224639,31.6198898076557,29.2938132515251
2015,22,PI,Piauí,3255812,792681,2186347,393299,276784,60848,0.243466453222729,0.671521267198475,0.120799051050859,0.0850122795787963,0.0186890397848524,0.488924129259183,75.9779084691817,22.9111313521068,1.79957585226388,38.2968762682189,19.001493841046,57.2983701092649,49.6163021442421,31.9923349382581,29.8190865470055
2016,22,PI,Piauí,3271094,779163,2205351,406245,286580,63333,0.238196456598312,0.674193710116554,0.124192395571634,0.0876098332851334,0.0193614124204318,0.4693759959113029,76.1192929103705,23.0082181929523,1.70693664938182,37.3576367679507,19.4777641505001,56.8354009184508,52.1386410802361,32.3669503230418,30.3444281314904
2017,22,PI,Piauí,3285746,765790,2223267,419506,296689,66021,0.233064272162243,0.676639947214423,0.127674506793891,0.0902957806233348,0.0200931538834712,0.447923538730466,76.2888167146557,23.0728971038978,1.76561879062612,36.4583779666262,19.9721964340975,56.4305744007237,54.7808145836326,32.7426983096076,30.8687714581555
2018,22,PI,Piauí,3302227,754774,2240463,433162,306990,68759,0.228565147096187,0.678470317152637,0.131172690429822,0.0929645357511764,0.0208220089048996,0.501590810732178,76.4125487349204,23.0612162622669,1.81734406563089,35.6986810235677,20.4873406735402,56.1860216971079,57.3896292135129,33.0954919210581,31.3667184927748
2019,22,PI,Piauí,3320228,744732,2258008,447435,317488,71465,0.224301463634425,0.680076187538928,0.134760323688614,0.0956223488266468,0.0215241242468891,0.545116977118765,76.7122037520261,23.1585556535203,1.77011492707793,34.9958013421608,21.0254781230425,56.0212794652033,60.0800019335815,33.4382949002297,31.8474554186367
2020,22,PI,Piauí,3335863,733618,2274668,461629,327577,73833,0.21991850384743,0.681882919052731,0.138383680624774,0.0981985770998389,0.0221331031879906,0.470901395928225,75.2943907818012,22.1038842698482,1.6868680266256,34.2713499291793,21.5652410334222,55.8365909626014,62.9249827566935,33.7819244974988,32.3210235778443
2021,22,PI,Piauí,3347856,722262,2288964,475073,336630,75564,0.215738669763574,0.683710410483605,0.141903654159558,0.100550919752821,0.022570863262936,0.359517162425438,74.0742162695404,21.3964453172237,1.71621798420573,33.5854427833999,22.0910653743907,55.6765081577906,65.7757157375025,34.1089225462505,32.7751817040222
2022,22,PI,Piauí,3357043,710555,2300567,489298,345921,77194,0.211660976639263,0.685295660496455,0.145752675792357,0.103043362864283,0.0229946414150787,0.274414431206127,75.4788023945271,22.4201153040041,1.6038821164044,32.9389159044869,22.6821930381654,55.6211089426522,68.8613830034269,34.4507189809603,33.24276013772
2023,22,PI,Piauí,3365881,698615,2310208,506024,357058,79552,0.207557842954044,0.686360569491316,0.150339242534124,0.10608158755464,0.0236348225026375,0.263267405273027,76.7605735432839,23.5883461749647,1.6115566484184,32.3247003343448,23.4135742318537,55.7382745661985,72.4324556443821,34.8308790477144,33.7442712483722
2024,22,PI,Piauí,3375646,687582,2318428,524453,369636,82658,0.203689012414216,0.686810169075786,0.155363743710093,0.109500818509998,0.0244865723479298,0.290117208540641,76.9619778652316,23.6818650002718,1.58725157810359,31.7793725397033,24.2397085243142,56.0190810640175,76.2749752029576,35.2218333912975,34.247915649712
2025,22,PI,Piauí,3384547,677528,2324085,543292,382934,86151,0.200182771874641,0.686675351236074,0.160521334169684,0.113141876889285,0.025454218836376,0.263682862480241,77.1606195082454,23.773971565291,1.56536170884255,31.3130076021605,25.1090826153207,56.4220902174812,80.1873870895373,35.61516711099,34.750612769322
2026,22,PI,Piauí,3392617,667194,2328461,562038,396962,89970,0.196660572059858,0.686331819949025,0.165665030859658,0.117007607991117,0.0265193506959377,0.238436635685657,77.3570763555169,23.8648681695704,1.54594399139807,30.8402803939197,25.9795644325906,56.8198448265103,84.2390668980836,36.0099395245617,35.2514339585194
2027,22,PI,Piauí,3399915,656937,2331367,580350,411611,94020,0.193221595245763,0.685713319303571,0.170695443856685,0.121065085450666,0.0276536325172835,0.215114172923148,77.5513949477327,23.9545474630999,1.52878867336697,30.3767915702562,26.8354058118178,57.212197382074,88.3418044652684,36.4054304298784,35.7504607187212
2028,22,PI,Piauí,3406484,647930,2331621,598118,426933,98202,0.190204915097209,0.684465566255412,0.175582213214564,0.12532951864738,0.0288279645523067,0.193210712620751,77.743686916128,24.0430739302823,1.51369643619576,29.9907055797996,27.6850598675453,57.6757654473449,92.3121324834473,36.8011979507316,36.2471349873336
2029,22,PI,Piauí,3412351,638323,2331094,615515,442934,102502,0.187062526686147,0.683134296559762,0.180378571840939,0.129803176754091,0.0300385276895607,0.172230370082471,77.9338225604401,24.1303688556148,1.50047950756847,29.5723491125604,28.5156957590712,58.0880448716315,96.4268873282022,37.1967171606907,36.7405522369865
2030,22,PI,Piauí,3417554,626702,2331569,632754,459283,106928,0.183377351169872,0.682233258055323,0.185148208338478,0.134389390774806,0.031287874310106,0.152475522008144,78.1217669236815,24.2164054710499,1.48896231044772,29.0395524206964,29.3199845419439,58.3595369626402,100.965690232359,37.5912374756917,37.2299773732597
2031,22,PI,Piauí,3421999,615188,2331313,650107,475498,111471,0.179774453470033,0.681272262206973,0.189978722962806,0.138953284322994,0.0325748195718351,0.130063782459611,78.3075948494254,24.3013031307001,1.47898173509776,28.5244521269493,30.1435431102275,58.6679952371767,105.676151030254,37.9844345366553,37.7153495941659
2032,22,PI,Piauí,3425597,603721,2330621,667800,491255,116136,0.176238185635964,0.680354694378819,0.194944122148636,0.143407119985217,0.0339024117547978,0.105143221841963,78.4913200160917,24.3851381212653,1.4703871121305,28.0269126994591,31.0016916766168,59.0286043760759,110.614008788828,38.3763025831702,38.1975802285454
2033,22,PI,Piauí,3428371,590382,2331552,685804,506437,120890,0.172204816806582,0.680075756095242,0.200037860546598,0.147719427098176,0.0352616446703113,0.0809785856304757,78.672965138941,24.4679383513921,1.46303995520278,27.4317495940172,31.8654762485567,59.2972258425739,116.162755639569,38.7663467576875,38.6772468643575
2034,22,PI,Piauí,3430332,576716,2332400,704123,521216,125760,0.168122502428336,0.679934187128243,0.205263805369276,0.151943310443421,0.036661174486901,0.0571991771018965,78.8524516592184,24.5496375751715,1.45681353228758,26.8303269654751,32.7576316833784,59.5879586488535,122.091809486818,39.1541524260626,39.1541777740753
2035,22,PI,Piauí,3431500,564555,2331157,722992,535788,130778,0.164521346349993,0.679340521637768,0.210692699985429,0.15613813201224,0.0381110301617369,0.0340491824114997,79.0297594074606,24.630215997484,1.45159231502572,26.3324335934603,33.7223810410023,60.0548146344626,128.064050446812,39.5390534751566,39.6303801673484
2036,22,PI,Piauí,3431896,552971,2328499,742686,550426,135877,0.161126968882507,0.678487634823433,0.216406907435423,0.16038539629406,0.0395924002359046,0.0115401427946971,79.2049512283677,24.7097816552617,1.44727134691196,25.8852590932007,34.7660537982876,60.6513128914883,134.308309115668,39.9206202635511,40.1042482299042
2037,22,PI,Piauí,3431512,542361,2323801,763372,565350,141050,0.158053068151882,0.677194484530434,0.222459370679747,0.164752447317684,0.0411043295200483,-0.0111891502539652,79.3780285364482,24.7883977782965,1.44375556319421,25.5135176328301,35.9102239696601,61.4237416024902,140.749795800214,40.2985951965198,40.5791757049892
2038,22,PI,Piauí,3430344,532975,2316851,785067,580518,146381,0.155370715007008,0.675399027036356,0.228859554610266,0.169230257956636,0.0426723967042372,-0.0340374738599158,79.5489957481552,24.8660961526368,1.44095908846365,25.2319507343173,37.1664184382726,62.3983691725899,147.299029035133,40.6726342897389,41.0514069039824
2039,22,PI,Piauí,3428417,523682,2308799,807625,595936,152018,0.152747463333661,0.673430040744752,0.235567902037588,0.173822495921587,0.0443405805069803,-0.0561751241274888,79.7178090011771,24.9427864003538,1.43880453199709,24.9716037785333,38.5113322620177,63.482936040551,154.220500227237,41.0422352356787,41.5250010267362
2040,22,PI,Piauí,3425745,514918,2298979,830824,611848,158080,0.150308327093815,0.671088770471824,0.242523597056991,0.178602902434361,0.0461447072096726,-0.0779368437386685,79.8844552386628,25.0184196467058,1.43722229593956,24.7556373716769,39.9434039277828,64.6990412994597,161.350739341021,41.4072527289684,41.9948254745866
2041,22,PI,Piauí,3422293,506625,2287166,854309,628502,164571,0.14803671105893,0.668313905326049,0.249630583938897,0.183649383615021,0.0480879340255203,-0.10076640263651,80.0489347576482,25.0929952124804,1.43614990730611,24.5772327867198,41.4439697306486,66.0212025173684,168.627485812978,41.7675675343987,42.4648185669552
2042,22,PI,Piauí,3418013,498737,2273199,877767,646077,171404,0.145914307523114,0.665064468742512,0.256806220456154,0.189021223734374,0.0501472639220506,-0.125062348548177,80.2112908039018,25.1665687645542,1.43553138144522,24.4298212743613,42.9959897311254,67.4258110054866,175.997970874429,42.1233804552528,42.931015079901
2043,22,PI,Piauí,3412909,491208,2257120,901127,664581,178596,0.143926486173525,0.661347841386922,0.264034874647991,0.194725672439552,0.0523295522968822,-0.149326523919013,80.3715330616598,25.2391289291329,1.43531662194015,24.3103197408261,44.5975747485615,68.9078944893877,183.451206006417,42.4745098682678,43.3943126115225
2044,22,PI,Piauí,3406996,484016,2239088,924302,683892,186149,0.142065326757061,0.657203002292929,0.271295299436806,0.20073167095001,0.0546372816404833,-0.173253960184694,80.529667828606,25.3106951641153,1.43546085983101,24.2168073096317,46.2456683868037,70.4624756964353,190.965174704968,42.8206822080214,43.8528119779744
2045,22,PI,Piauí,3400260,477114,2219379,946922,703767,193809,0.140316916941646,0.652708616399922,0.278485174663114,0.206974466658432,0.0569982883661838,-0.197710827955189,80.6856830563628,25.3812227178478,1.43592413342716,24.1427085188724,47.9157221043768,72.0584306232492,198.468709784244,43.1615073553199,44.3053488756614
2046,22,PI,Piauí,3392697,470449,2198375,968550,723873,201239,0.138665197628907,0.647972689574106,0.285480843116848,0.213362112796987,0.0593153470528019,-0.222424167563662,80.8395734724516,25.4507499337083,1.43667080876217,24.0799243281203,49.5752158214832,73.6551401496035,205.877789090847,43.4968704838658,44.7520233859726
2047,22,PI,Piauí,3384313,463985,2176420,988873,743908,208210,0.137098725797525,0.643090636120241,0.292193127526916,0.219810638082234,0.0615220873483038,-0.24711903243938,80.9914084678477,25.5193337790675,1.43766913984886,24.0225633007241,51.1983452889143,75.2209085896384,213.126070885912,43.8267426801244,45.1926742294699
2048,22,PI,Piauí,3375106,457700,2153592,1007742,763814,214651,0.135610555638845,0.63808129285421,0.298580844571993,0.226308151506945,0.0635982988386143,-0.272049305132238,81.141206330267,25.5869796293208,1.43889086725631,23.9675670693902,52.7706444693936,76.7382115387838,220.175223945816,44.1509591106176,45.6264472882389
2049,22,PI,Piauí,3365093,451573,2130021,1025206,783499,220704,0.134193319471408,0.632975373934688,0.304659039140969,0.232831306593904,0.0655863002894719,-0.296672163777967,81.2889600191298,25.6536659314403,1.44031085309967,23.914084204216,54.2921357358999,78.2062199401159,227.029959718584,44.4692417118933,46.0541642092847
2050,22,PI,Piauí,3354276,445574,2106081,1041352,802621,226535,0.132837607877229,0.627879458935401,0.310455072868184,0.23928293318737,0.0675361836652679,-0.321447282437659,81.4346236901963,25.7192737165839,1.44190675026294,23.8613007738239,55.7662998366669,79.6276006104908,233.710225461988,44.7812994518042,46.4735254762866
2051,22,PI,Piauí,3342637,439681,2082192,1056343,820764,232346,0.131537166614263,0.622918970860431,0.31602085419386,0.245543862525306,0.0695097912217211,-0.346989931657382,81.5782337844508,25.7838147790993,1.44365870352707,23.8101323883239,57.2043519676294,81.0144843559533,240.25213734503,45.087071375085,46.8867040997835
2052,22,PI,Piauí,3330186,433887,2058679,1070319,837620,238314,0.130289118986147,0.618187392536032,0.32139916509168,0.251523488477821,0.0715617686219328,-0.372490342205867,81.7198095772725,25.8472773832185,1.44554908022056,23.7618703381198,58.6161403739362,82.378010712056,246.681509240885,45.3864117499743,47.2914268533631
2053,22,PI,Piauí,3316936,428194,2035687,1083225,853055,244423,0.129093235443795,0.613725136692417,0.326573982735874,0.257181627863788,0.0736893928613636,-0.39787567421159,81.8593798038098,25.9096864473581,1.44756222802339,23.715866424963,59.9952811300032,83.7111475549662,252.975286902666,45.6790676696807,47.6886731111015
2054,22,PI,Piauí,3302889,422569,2013194,1095070,867126,250692,0.127939207160761,0.609525176292633,0.331549137739718,0.262535616546605,0.0759008250050183,-0.423493247985485,81.9969276219355,25.9709852611834,1.44968425761811,23.6700182047332,61.3398683657751,85.0098865705083,259.14584363737,45.9652080345419,48.078811369509
2055,22,PI,Piauí,3288048,416997,1991121,1106107,879930,257300,0.126822053692647,0.605563239952701,0.33640232745994,0.267614706354652,0.078253115526294,-0.449333901320936,82.1324723378252,26.0311613065476,1.45190284797857,23.6266419784424,62.6709402677932,86.2975822462356,265.255385530352,46.2447592005956,48.4547848213298
2056,22,PI,Piauí,3272404,411477,1969305,1116703,891622,264437,0.125741503799653,0.601791526963052,0.341248513325372,0.272466969237295,0.0808081764965451,-0.475783808508878,82.2661028048242,26.0902464072589,1.45420707220665,23.5908346634377,64.022912194764,87.6137468582017,271.388923317707,46.517557734314,48.8200749403883
2057,22,PI,Piauí,3255978,406030,1947601,1127087,902347,272236,0.12470293103946,0.598161596914967,0.346159279945995,0.277135472045573,0.083611130050633,-0.501955137568588,82.3978320930247,26.1482364555077,1.45658724195966,23.5671943354687,65.4194969878591,88.9866913233279,277.58712410413,46.7835363138203,49.1690512476401
2058,22,PI,Piauí,3238784,400656,1926059,1137322,912069,280703,0.123705687072679,0.594685845057898,0.351157100936648,0.281608467869423,0.0866692561158756,-0.528074821144364,82.5277005684611,26.2052015895849,1.45903476865082,23.5568312905763,66.8695900649457,90.426421355522,283.8649614632,47.0427725343833,49.502780168904
2059,22,PI,Piauí,3220816,395319,1904709,1147281,920788,289728,0.122738771789509,0.591374670269894,0.356208178300157,0.285886557940596,0.0899548437414618,-0.554776113504329,82.6556954562395,26.2611492140513,1.46154203974582,23.5559069869433,68.3631308484724,91.9190378354157,290.21650869298,47.2955350445353,49.8224904823864
2060,22,PI,Piauí,3202092,390019,1883315,1156704,928758,299132,0.121801309893657,0.588151433500349,0.361233843374894,0.290047256605994,0.0934176781928814,-0.581343361433873,82.7818284224462,26.3161627574866,1.46410230861716,23.5608495749286,69.8759007810343,93.4367503559629,296.576320640789,47.5416274735392,50.1202326928647
2061,22,PI,Piauí,3182626,384774,1861517,1165315,936335,308660,0.120898277083138,0.584899702321291,0.366148897168565,0.294202020595571,0.0969828060224481,-0.607915075519383,82.9061056061202,26.370339539466,1.46670959655214,23.5690829671854,71.3806180196835,94.9497009868689,302.857001772469,47.7806358648487,50.4085738643283
2062,22,PI,Piauí,3162435,379606,1839094,1173075,943735,318063,0.120035984929335,0.5815436522806,0.370940430396198,0.298420362790065,0.10057534779371,-0.634413217261465,83.0285117950527,26.4236589382122,1.4693586056378,23.5816155760445,72.8729358647346,96.4545514407791,309.024356833138,48.0120381920893,50.6865817462281
2063,22,PI,Piauí,3141533,374511,1816021,1179937,951001,327281,0.119212817436583,0.578068414369672,0.375592744052028,0.302718768193745,0.104178756040443,-0.660946390993011,83.1490885725923,26.4761370364793,1.47204464136606,23.5974128669857,74.3461755356518,97.9435884026375,315.060705827065,48.2353055021227,50.9515987735436
2064,22,PI,Piauí,3119925,369488,1792434,1185867,958003,336235,0.118428487864292,0.574511887304983,0.380094713815236,0.307059624830725,0.107770218835389,-0.687817062561491,83.2678366607698,26.5277625400757,1.47476354391441,23.6159455952754,75.7950746850572,99.4110202803326,320.948718226302,48.4501576159683,51.1835841701732
2065,22,PI,Piauí,3097637,364539,1768606,1190865,964492,344675,0.117682930569334,0.570953278256942,0.384443044811255,0.311363791173724,0.111270300554907,-0.714376146862505,83.3847468845968,26.5784967147844,1.47751162716091,23.6370898560723,77.216931553144,100.854021409216,326.676981063755,48.6562040678104,51.4111323335828
2066,22,PI,Piauí,3074698,359681,1744799,1194936,970218,352292,0.116980919752119,0.56747004096012,0.388635241574945,0.315549039287761,0.114577756904906,-0.740532218591139,83.4998589094242,26.6284012709467,1.48028562458747,23.6619627506692,78.610021439647,102.271984190316,332.221051431685,48.8529946680942,51.6458364553674
2067,22,PI,Piauí,3051141,354924,1721063,1197677,975154,358874,0.116325007595519,0.564071932434457,0.392534137229318,0.319603059970024,0.11761960525587,-0.766156546106311,83.61314762277,26.6773986244918,1.48308264131268,23.684653062314,79.9229249803142,103.607578042628,337.446044787053,49.0401754622287,51.8880081917476
2068,22,PI,Piauí,3026994,350269,1697448,1198816,979277,364341,0.115715128606135,0.560770189831893,0.396041749669804,0.323514681561972,0.120363965042547,-0.791408853278164,83.7246580239584,26.7255540414141,1.48590011157444,23.7003090176729,81.1156843892283,104.815993406901,342.255809106715,49.2173112995929,52.1181521161006
2069,22,PI,Piauí,3002304,345738,1673989,1198564,982577,368761,0.115157558994692,0.557568121016393,0.399214736415766,0.327274319988915,0.122826002963058,-0.815660685154973,83.8344051096156,26.7728371756211,1.48873576105488,23.7131361959723,82.2059228999686,105.919059095941,346.668286390272,49.384162629767,52.3372926479623
2070,22,PI,Piauí,2977122,341339,1650704,1196470,985079,372247,0.114654018209533,0.554463001516229,0.401888132229717,0.330882980274238,0.125035856777116,-0.838755835518323,83.9424163645009,26.8192685841943,1.49158757350511,23.715411449768,83.1278533578172,106.843264807585,350.52250109129,49.5406829145732,52.5657979487688
2000,23,CE,Ceará,7711598,2571009,4642742,706409,497847,106349,0.333395101767494,0.602046683450045,0.0916034523583828,0.0645582147824614,0.0137907862935801,,71.4600424539917,21.0437344937809,2.58948695275475,57.9816110306753,15.9309951332603,73.9126061639356,27.4759442693511,27.3074758305607,23.249835899272
2001,23,CE,Ceará,7815114,2554200,4750105,722911,510809,110733,0.326828245883553,0.607810071612519,0.0925016576853517,0.0653616825039276,0.0141690831381346,1.3423417558851,71.792383853083,21.0504669692749,2.4210259797484,56.2846697104431,15.9301569434837,72.2148266539268,28.3028345470206,27.5546356713415,23.5714625514463
2002,23,CE,Ceará,7911267,2531627,4854865,738424,524775,114834,0.320002725227198,0.613664663321311,0.0933382731236349,0.0663326114514906,0.0145152476840941,1.23034673582496,71.5389586727849,20.8783135672825,2.29729930794955,54.5466317447841,15.9101407906893,70.4567725354735,29.1679619470009,27.8188147359961,23.9161688152884
2003,23,CE,Ceará,8000590,2504363,4957114,753549,539113,118812,0.313022289606142,0.619593554975321,0.0941866787324435,0.0673841554185379,0.0148504047826473,1.12906061696565,71.5978887394829,20.8881040988351,2.15209192986443,52.8048288329927,15.8886814580286,68.6935102910212,30.0894478955327,28.0971352112782,24.2898240976392
2004,23,CE,Ceará,8085167,2473624,5057972,769853,553571,122987,0.305945937789535,0.625586583431115,0.0952179466422895,0.0684674787793499,0.0152114359542604,1.05713453632794,72.4160826815994,21.1958745414419,2.06120810824839,51.0900945744151,15.9005016843292,66.9905962587444,31.1224745555509,28.3902211296316,24.682747647562
2005,23,CE,Ceará,8166770,2440328,5158442,788488,568000,127531,0.298811892584216,0.631637967029805,0.0965483293884853,0.0695501403859788,0.0156158432281061,1.00929269611871,73.3336317629207,21.5502070327696,2.08259644766737,49.4198204357513,15.9679089760658,65.3877294118171,32.3107385564564,28.6971380362126,25.0928677103045
2006,23,CE,Ceará,8248964,2407559,5258997,809900,582408,132524,0.291861984123097,0.637534240663434,0.0981820262520239,0.0706037752134692,0.0160655325929414,1.00644440825444,74.0935986895774,22.0021667465759,1.99757832058236,47.8496791715401,16.0965754779137,63.9462546494538,33.6398817225248,29.0068591643751,25.5138816874853
2007,23,CE,Ceará,8327037,2370990,5359160,833591,596887,137745,0.284733933570849,0.643585467435776,0.100106556509837,0.0716805989933754,0.0165418983967527,0.946458246150672,74.5541536008409,22.1404921701598,1.93423743877773,46.2861955280826,16.2732681354413,62.5594636635239,35.1579298099106,29.3320834289556,25.9490616355864
2008,23,CE,Ceará,8402114,2332212,5458183,858820,611719,142865,0.277574429482866,0.649620202725171,0.10221475214452,0.0728053677919628,0.0170034588914171,0.901605216837642,74.9260476639884,22.3149684306487,1.88624182673086,44.7548512957578,16.4806464377264,61.2354977334841,36.8242681197078,29.6649332537026,26.4000359271876
2009,23,CE,Ceará,8474592,2291494,5555325,885143,627773,147746,0.270395790145413,0.65552713334164,0.104446680146962,0.074077076512946,0.0174339956425041,0.8626162415791951,75.1014715374537,22.471297645379,1.81478850291636,43.2524247563447,16.7072578004154,59.9596825567601,38.6273322120852,30.0062558763891,26.8591820305904
2010,23,CE,Ceará,8537726,2248550,5643917,911854,645259,152034,0.263366381165196,0.661056234411833,0.106802912157172,0.0755773844229716,0.0178073177799334,0.744979817317448,75.2638032176583,22.4415140407911,1.77231840698231,41.815424108878,16.957399984602,58.77282409348,40.5529785862,30.3583031359873,27.3363175820339
2011,23,CE,Ceará,8591799,2205311,5722104,939074,664384,155812,0.256676279321711,0.665996027141696,0.10929887908225,0.0773276935365923,0.0181349680084462,0.633341946087285,75.3253248129441,22.6455580205432,1.75341582436219,40.4836313157032,17.2388953731073,57.7225266888105,42.5823840719064,30.7159962657413,27.8219729043184
2012,23,CE,Ceará,8645927,2163296,5797535,967152,685096,159448,0.250209838690519,0.670551000488438,0.111862151970517,0.0792391608210433,0.018441978517746,0.629996116063691,75.2203990646094,22.6788534448774,1.71569599645123,39.2222688183565,17.5352313008535,56.75750011921,44.7073354732778,31.0736411491793,28.3116797469683
2013,23,CE,Ceará,8701148,2122512,5871636,996012,707000,163280,0.243934708385606,0.674811645543783,0.114469033281585,0.0812536460706104,0.0187653399298575,0.638693803452184,75.2073052113186,22.8100675663877,1.68921459843529,38.0199705371524,17.8412875379033,55.8612580750557,46.9260951174834,31.4314507694847,28.8022404080093
2014,23,CE,Ceará,8757083,2084914,5942696,1025460,729473,167688,0.238083160796809,0.678615927244266,0.117100637278418,0.0833009119589251,0.019148842142983,0.642846208339409,75.2857054664956,22.7179527268916,1.70439270335327,36.9226393639198,18.160312493525,55.0829518574447,49.184762536968,31.783000343836,29.2902709810797
2015,23,CE,Ceará,8816218,2054944,6009110,1055498,752164,172898,0.23308679526754,0.681597256329188,0.119722311766792,0.0853159484032722,0.0196113571601791,0.675281940344741,75.7150854554031,22.8101336108128,1.78670912342213,36.0151537669898,18.4987633583933,54.5139171253831,51.3638327857109,32.115208698333,29.762569213732
2016,23,CE,Ceará,8873158,2029674,6068410,1085864,775074,179092,0.228743137448922,0.683906451344606,0.122376272348582,0.0873504112064724,0.0201835693672985,0.64585517281901,75.5806814513155,22.6649021288424,1.68287617054635,35.2519617480834,18.8595982367714,54.1115599848548,53.4994289723374,32.4459464150193,30.2352070424565
2017,23,CE,Ceará,8924184,2005705,6120032,1116805,798447,186113,0.224749400057193,0.685780571086387,0.125143654590717,0.0894700288564198,0.0208549039329534,0.575060198409627,75.7044300208639,22.803608780281,1.69861728509248,34.5711427425946,19.2497027582039,53.8208455007986,55.6814187530071,32.787084511032,30.7183507207083
2018,23,CE,Ceará,8976628,1988656,6165454,1149351,822518,193556,0.221537084972219,0.686834076225505,0.12803816756136,0.0916288388022763,0.0215622169037193,0.587661572195275,75.9230141285957,22.8095866352127,1.76237825583478,34.0603714472989,19.6853161046076,53.7456875519065,57.79536531205,33.1154859040611,31.1900026343519
2019,23,CE,Ceará,9035631,1976139,6212102,1184583,847390,200766,0.218705146325697,0.68751169674813,0.131101303273673,0.0937831569261737,0.0222193668599348,0.657295813082603,76.7825504569481,22.9958204479966,1.72306654318008,33.6369295252063,20.1634272122343,53.8003567374405,59.9443156579573,33.4323935981892,31.6440359768249
2020,23,CE,Ceará,9088929,1961284,6257876,1219446,869769,205846,0.215788240836737,0.68851632574091,0.134168283193762,0.0956954334223537,0.0226479929593465,0.589864725551537,74.1864397432826,21.3550573691174,1.63372843333961,33.1959705487239,20.6398938153573,53.8358643640812,62.1759010933654,33.7415614094906,32.0862092940101
2021,23,CE,Ceará,9129520,1940786,6299939,1253145,888795,208508,0.21258357504009,0.69006245673376,0.137262966727714,0.0973539682261499,0.0228388787143245,0.446598273569965,73.5425740140316,21.062602988859,1.61209412447291,32.6974458642605,21.1123950799154,53.8098409441759,64.5689426861076,34.0400484362814,32.5170783148512
2022,23,CE,Ceará,9162955,1917746,6335176,1291745,910033,211384,0.209293399345517,0.691390059211248,0.140974718308668,0.0993165414432353,0.0230694137426191,0.366229549855857,75.8839603560755,22.3474611038041,1.51782540223514,32.2122717127373,21.6973681204757,53.9096398332131,67.357460268461,34.3695623300562,32.9793673129385
2023,23,CE,Ceará,9196672,1891895,6367702,1336950,937075,216458,0.205715176098484,0.692391987014433,0.145373239363109,0.101892836887083,0.0235365575721304,0.367970812909157,77.0677730406745,23.453158911214,1.51339610331113,31.701572448397,22.4026266176952,54.1041990660922,70.6672410466754,34.7418531399184,33.4828553906865
2024,23,CE,Ceará,9233656,1867275,6397523,1387058,968858,223840,0.202224882538401,0.692848314903653,0.150217638603821,0.104926802557947,0.0242417521293841,0.402145471753257,77.2607265568293,23.5481511969908,1.49510104986329,31.2288698904542,23.1975760466528,54.4264459371069,74.2824704448996,35.1256986398454,33.9894487539418
2025,23,CE,Ceará,9268836,1843288,6421871,1438791,1003677,232389,0.198869415749723,0.692845466248405,0.155228876635642,0.108285118001872,0.0250720802482642,0.38099751604348,77.4512516547966,23.6419295146915,1.4756118609302,30.7894240571314,24.0328946038732,54.8223186610046,78.055680935372,35.5112431593352,34.4983344792828
2026,23,CE,Ceará,9302211,1818165,6442438,1490940,1041608,241949,0.195455145018749,0.692570615738559,0.160278024224563,0.111974239242692,0.026009837876178,0.360077576083984,77.6398254624734,23.7346828752135,1.45966078174339,30.3376079114903,24.8775843444117,55.215192255902,82.0024585227413,35.8979790933575,35.0064926367673
2027,23,CE,Ceará,9333972,1792217,6459585,1542631,1082170,252158,0.192010111022403,0.692051036793339,0.165270583627206,0.115938852184258,0.0270150799680993,0.341434955625064,77.8265321103116,23.8264748573428,1.44672596274139,29.8746450315079,25.7142709502254,55.5889159817333,86.0738961855623,36.2849025045286,35.516433522117
2028,23,CE,Ceará,9364259,1766231,6474231,1593649,1123797,262654,0.188614069730451,0.691376754957333,0.17018420784816,0.120009175312216,0.028048562091245,0.324481367632123,78.0114415847409,23.9173694349989,1.43635053946752,29.4157147641746,26.5414458347816,55.9571605989562,90.2287979318673,36.671373997665,36.0242989591416
2029,23,CE,Ceará,9393177,1738462,6487080,1644251,1167635,273307,0.185077104370545,0.690616178104597,0.175047377474096,0.124306717524859,0.0290963323697616,0.308812475178222,78.1944571264958,24.0072519361137,1.42813829685483,28.9239233443541,27.3564736432994,56.2803969876535,94.5807846245705,37.0567986741866,36.5323607444738
2030,23,CE,Ceará,9420821,1705243,6502665,1694556,1212913,284116,0.181007897294726,0.690243981920472,0.179873495101966,0.128748120784802,0.030158305735774,0.294298723424458,78.3755085493628,24.0960493873609,1.42174829662168,28.3214876145611,28.143992830453,56.4654804450142,99.3732858014957,37.4403853974086,37.0372299202288
2031,23,CE,Ceará,9446663,1671392,6516779,1744742,1258492,295135,0.176929355900597,0.689849844331273,0.184694002527665,0.13322079976813,0.031242249247168,0.274307302941001,78.5546067911961,24.183821739135,1.41688907147125,27.7155121880684,28.9318233939344,56.6473355820028,104.388557561601,37.8223530361991,37.5413552649139
2032,23,CE,Ceará,9470145,1639858,6526762,1795000,1303525,306455,0.173160812215652,0.689193460079017,0.189543032340054,0.137645727705331,0.0323601169781455,0.248574549552583,78.7317682783087,24.2705796927492,1.4133128002873,27.1711684962124,29.7417504751638,56.9129189713762,109.460697206709,38.2031132575056,38.0445969526586
2033,23,CE,Ceará,9491310,1604427,6539094,1845180,1347789,317986,0.169041681285302,0.688955897552603,0.194407305208659,0.142002421162095,0.0335028568237683,0.223491826154731,78.9070210930985,24.3563475037446,1.41080973184587,26.55587340192,30.5407266792161,57.0966000811361,115.005544035347,38.5822879033558,38.5467532467532
2034,23,CE,Ceará,9510236,1567272,6551433,1895413,1391531,329782,0.16479843402414,0.688882273794257,0.199302414787604,0.146319292181603,0.0346765316864902,0.199403454317681,79.0802462562527,24.4409852617204,1.40920301573842,25.9158128637526,31.341827460405,57.2576403241577,120.937080481244,38.9594536875846,39.0472559748934
2035,23,CE,Ceará,9526972,1534487,6557624,1946428,1434861,341907,0.16106765087585,0.688321955811353,0.204307097785109,0.150610393312797,0.0358883179251498,0.175978808517474,79.2514291503999,24.5244468102192,1.40834402158406,25.3799625111043,32.1933451834807,57.5733076945851,126.845519056206,39.3339858666531,39.5443235779477
2036,23,CE,Ceará,9541491,1505498,6558073,1999055,1477920,354174,0.15778435466742,0.68732161461977,0.209511804811219,0.15489403071281,0.0371193558742549,0.152398894423111,79.4205957684351,24.6067878257986,1.40810817446445,24.93810603985,33.1137242091935,58.0518302490435,132.783637042361,39.7054006548872,40.0387348178138
2037,23,CE,Ceará,9553784,1480528,6552375,2053859,1520881,366645,0.154967707036291,0.685840814487746,0.214978588588563,0.159191478475963,0.0383769404876644,0.128837306454521,79.5877982708634,24.6880476317721,1.40839129981971,24.5959520530046,34.1206768717863,58.716628924791,138.724765759243,40.0734110170379,40.5277974119182
2038,23,CE,Ceará,9563890,1458833,6541456,2110979,1563601,379794,0.152535526861978,0.68397440790306,0.220723889547036,0.163490065234962,0.0397112472017139,0.1057800762504169,79.7530765405491,24.7683037378491,1.40910644978616,24.3379048454158,35.2177432459171,59.5556480913328,144.703266240893,40.4377342273907,41.0136188757618
2039,23,CE,Ceará,9571876,1437910,6527772,2170168,1606194,394373,0.150222380649311,0.681974150103909,0.226723371677611,0.167803469246781,0.0412012232502803,0.0835015877430623,79.9163374299063,24.8474509215699,1.41018117117663,24.1106422450928,36.3890259193889,60.4996681644818,150.925162214603,40.7978859107661,41.4927423784675
2040,23,CE,Ceará,9577740,1418440,6509942,2231031,1649358,410856,0.14809756790224,0.679695001117174,0.232939190247386,0.172207430980586,0.0428969673430266,0.0612628078341171,80.0775451651237,24.9254370916614,1.41155516998611,23.9267145266181,37.6337679683564,61.5604824949745,157.287654042469,41.1533774147137,41.9675978893211
2041,23,CE,Ceará,9581440,1400317,6487212,2292931,1693911,429261,0.146148908723532,0.67706023311736,0.239309644479327,0.176790858159108,0.0448013033531494,0.0386312428610536,80.2366966644172,25.002269395888,1.41317832622783,23.7817822516657,38.9411724345945,62.7229546862602,163.743709460072,41.504158247612,42.4345642479056
2042,23,CE,Ceará,9582905,1383290,6459212,2355322,1740403,449199,0.144349756154319,0.674034856862298,0.245783715898258,0.181615386983383,0.0468750342406608,0.0152899772894344,80.3938054357171,25.0779636639188,1.41500901447277,23.6690734020351,40.301230619341,63.9703040213761,170.269574709569,41.8501770600877,42.8962367903445
2043,23,CE,Ceará,9582138,1367206,6425967,2418061,1788965,469531,0.142682770797081,0.670619333597575,0.252350884531198,0.186697895605344,0.049000651002939,-0.0080038359975387,80.5488878235288,25.1525442499629,1.41701268856397,23.5852410722957,41.7132104543986,65.2984515266943,176.861497096999,42.1912897727,43.3481288445377
2044,23,CE,Ceará,9579145,1351974,6387819,2481019,1839352,491037,0.141137230932406,0.666846466986354,0.259002134324097,0.19201630208124,0.0512610467844468,-0.0312352003279392,80.7018995170212,25.2259675423486,1.41916069285115,23.5283368765741,43.1770513554114,66.7053882319855,183.510851540044,42.5270861856669,43.7899517982944
2045,23,CE,Ceará,9573883,1337459,6345244,2543653,1891180,513125,0.139698699054501,0.662765985337402,0.265686660261046,0.197535315608098,0.0535963307677773,-0.0549318336866222,80.8528393758376,25.2982548468099,1.4214292664421,23.4939891311279,44.6821591804764,68.1761483116043,190.185493536624,42.8572484121646,44.2173933625128
2046,23,CE,Ceará,9566275,1323501,6298945,2605292,1943829,534950,0.138350716449193,0.658453264201583,0.272341324078599,0.203196019349224,0.0559204078912638,-0.0794661894238713,81.001747748389,25.3694978133721,1.42379871108078,23.4768111011264,46.2137528776145,69.6905639787409,196.848510125795,43.1817323879985,44.6305817610063
2047,23,CE,Ceará,9556257,1309975,6249504,2665424,1996778,555905,0.137080344323096,0.653969854515214,0.278919246311605,0.208949801161689,0.0581718344326654,-0.104722057436146,81.1486692021151,25.4397615280528,1.42625269715216,23.4726452455877,47.760111438062,71.2327566836497,203.471363957327,43.5005400126849,45.0332610620133
2048,23,CE,Ceará,9543843,1296799,6197135,2723690,2049909,575873,0.13587807343436,0.649333292678851,0.28538713388307,0.21478863388679,0.0603397394529646,-0.129904417597815,81.2936411452594,25.5090943685733,1.42877768587872,23.4784697848445,49.312247594487,72.7907173793315,210.031778247824,43.8137058625126,45.4187404949537
2049,23,CE,Ceará,9529006,1283874,6142018,2780048,2103114,595039,0.134733255493805,0.644560198618828,0.291745854709295,0.220706545887367,0.0624450231220339,-0.155461484435571,81.436603221225,25.5774016670832,1.43136244896957,23.4923013077201,50.8692638576095,74.3615651653296,216.535890593625,44.121056278063,45.7954602281606
2050,23,CE,Ceará,9511690,1271102,6084702,2834677,2155886,613503,0.133635768196819,0.63970777012287,0.298020330771924,0.226656461680311,0.0644998943405431,-0.181718848744561,81.5775537000621,25.6446465605431,1.43399766980234,23.513187693989,52.4366198407632,75.9498075347522,223.009404438039,44.4223893966267,46.1607191799594
2051,23,CE,Ceará,9491856,1258397,6025859,2887927,2207600,631418,0.132576495050072,0.634845176749416,0.304253140797753,0.232578328200512,0.0665220795595719,-0.2085223551230089,81.7165269388226,25.7108349405047,1.43667561267495,23.5410993704649,54.0250624259662,77.5661617964311,229.492521040657,44.7176549033192,46.5165466942247
2052,23,CE,Ceará,9469470,1245759,5965937,2939975,2257774,648943,0.131555303517515,0.630018047472562,0.31046880131623,0.238426649009923,0.0685300233275991,-0.2358442858804379,81.8535777809723,25.7759859028973,1.43938984878382,23.5772377726669,55.6419737852156,79.2192115578825,235.998696377068,45.0067074503642,46.8678623060993
2053,23,CE,Ceará,9444569,1233136,5905351,2990772,2306082,666038,0.130565619246363,0.625264212691971,0.316665800207506,0.244170168061666,0.0705207405441159,-0.262960862645956,81.9887752440865,25.8401896948971,1.44213502940197,23.6203040189738,57.287228571248,80.9075325902218,242.533832440217,45.2896566269991,47.222204386535
2054,23,CE,Ceará,9417134,1220400,5844211,3039984,2352523,682836,0.129593568489097,0.620593377985277,0.322814138569123,0.249813053525627,0.0725099589747794,-0.290484404317448,82.1220546318892,25.9033742073358,1.44490669827595,23.666068744849,58.9515489407088,82.6176176855578,249.097345132743,45.5667353783009,47.5654452764059
2055,23,CE,Ceará,9387137,1207458,5782366,3087278,2397313,699923,0.128628995187777,0.615988240077885,0.328883875882498,0.255382764734338,0.0745619244717532,-0.318536403963243,82.2534289098782,25.9655144971798,1.44770113657124,23.7109764136799,60.6251942845821,84.336170698262,255.684090047024,45.8381030339708,47.9000756545324
2056,23,CE,Ceará,9354597,1194332,5719442,3132224,2440823,717929,0.12767327122697,0.611404425011575,0.334832596209115,0.260922303761455,0.0767461174436483,-0.346644562660581,82.3829413307539,26.0265960299234,1.45051523480083,23.7534260361043,62.2951165274905,86.0485425635949,262.257395766001,46.1037478151117,48.2255490872734
2057,23,CE,Ceará,9319600,1181062,5655263,3174478,2483275,737301,0.126728829563501,0.60681391905232,0.340623846517018,0.26645725138418,0.0791129447615777,-0.374115528440189,82.5106165987392,26.0866058069967,1.45334638710213,23.7922587559377,63.9492270439922,87.7414857999299,268.781655831785,46.3636274089017,48.5404473492387
2058,23,CE,Ceará,9282199,1167667,5589920,3213923,2524612,758158,0.125796376483633,0.602219366337653,0.346245862645263,0.271984257178714,0.0816787056601566,-0.401315507103306,82.6364673280736,26.1455570220105,1.45619240400667,23.826977422602,65.5821143861916,89.4090918087936,275.243112976559,46.6176850981109,48.8452831920433
2059,23,CE,Ceará,9242377,1154061,5523805,3250388,2564511,780318,0.124866254644233,0.597660645091625,0.351683122209795,0.277473100264142,0.0844282807334087,-0.429014719464649,82.7604911858826,26.2034643188158,1.45905144050044,23.854447606496,67.1855389331962,91.0399865396922,281.64785050357,46.8661683028078,49.136860536059
2060,23,CE,Ceará,9200158,1140222,5457284,3283252,2602652,803527,0.12393504546335,0.593172856379206,0.35686908855261,0.282892098157445,0.0873383913624092,-0.456798072617037,82.8826901198305,26.2603693668845,1.46192193671725,23.8705763244962,68.7349634181369,92.6055397426332,287.948487224418,47.1090853004916,49.4225809974212
2061,23,CE,Ceará,9155613,1126261,5390745,3310661,2638607,827315,0.123013172356673,0.588791269355749,0.36159905404477,0.288195558287577,0.0903615082900511,-0.484176467404152,83.003085295552,26.3163247820531,1.46480256906253,23.8680812115055,70.160580550835,94.0286617623404,293.951490817848,47.3460055596496,49.7023999661977
2062,23,CE,Ceará,9108837,1112292,5324549,3332908,2671996,851274,0.122111307952925,0.584547621172714,0.365898302933733,0.293341070874361,0.0934558385444816,-0.510899707097712,83.1216983021258,26.3713295380292,1.46769220994295,23.8503125350451,71.4658537960823,95.3161663311274,299.643259144182,47.5762713725144,49.9755925568196
2063,23,CE,Ceará,9059905,1098387,5258835,3350627,2702683,875274,0.121236039450745,0.580451450649869,0.369830257602039,0.298312509899386,0.0966096222863264,-0.537192618552729,83.2385415679023,26.4253988133813,1.47058989459241,23.8215780854503,72.667668786792,96.4892468722423,305.049768433166,47.7994005455907,50.2371844277738
2064,23,CE,Ceará,9008836,1084577,5193776,3364679,2730483,899231,0.120390358976454,0.576520207494065,0.373486541435542,0.303089433529481,0.0998165578771775,-0.563681407255379,83.353627728308,26.4785328932271,1.47349479374582,23.7867742204326,73.7936169559477,97.5803911763803,310.229610253583,48.015089407777,50.4965524303659
2065,23,CE,Ceará,8955680,1070904,5129995,3375841,2754781,922771,0.119578189484216,0.572820266021117,0.376949712361317,0.307601544494667,0.103037513622639,-0.590042931184454,83.4669570044748,26.5307285175812,1.47640619112932,23.7507083158218,74.8700302843133,98.6207386001351,315.232831327551,48.2229572740428,50.7608205906867
2066,23,CE,Ceará,8900516,1057467,5069261,3387129,2773788,945422,0.118809628565355,0.569546866720986,0.380554228541356,0.311643504713659,0.106221032578336,-0.615966626766473,83.5785489229379,26.5820661472939,1.47932346491525,23.7317321675434,76.0141340059965,99.7458661735399,320.305881885676,48.4224517994238,51.0373966258683
2067,23,CE,Ceará,8843427,1044325,5011289,3394844,2787813,966827,0.11809053209802,0.566668215839855,0.383883306776886,0.315241252062125,0.109327187299675,-0.641412250705464,83.688428372239,26.6325471128443,1.48224607243913,23.7117126199237,77.080952114976,100.7926647349,325.075431498815,48.6129986712165,51.3077902895219
2068,23,CE,Ceará,8784477,1031525,4955465,3399863,2797487,986728,0.117425886595184,0.564116110725772,0.387030781684556,0.318458002679044,0.112326322898905,-0.666596784255691,83.7966021023345,26.6821693552668,1.48517353759911,23.6963912293087,78.1023084986317,101.79869972794,329.595792637115,48.7940840416567,51.5622811427013
2069,23,CE,Ceará,8723744,1019142,4900923,3401609,2803679,1005128,0.116823923306324,0.561791244676598,0.389925357736311,0.321384832017079,0.11521750294369,-0.691367283447841,83.9030907116592,26.7309434654943,1.48810544046046,23.6844912366811,79.0521620648697,102.736653301551,333.771839449262,48.9652973539801,51.8086413586414
2070,23,CE,Ceará,8661295,1007247,4846856,3399836,2807192,1022219,0.11629288691818,0.559599459434184,0.39253206362328,0.324107653647636,0.118021496785411,-0.715850900714188,84.0079348159369,26.7788946334024,1.49104140867174,23.6764646425707,79.9169387891342,103.593403431705,337.537465984014,49.1263718647154,52.0638257939123
2000,24,RN,Rio Grande do Norte,2846263,903284,1752030,266366,190949,45205,0.317357882950381,0.615554500761173,0.0935844649633572,0.0670876162884456,0.0158822287329035,,70.7854431848117,20.7075884873008,2.48110618695136,53.8755216618266,15.8871486741425,69.762670335969,29.4886215188136,27.8613845593327,24.0684296058586
2001,24,RN,Rio Grande do Norte,2886371,897396,1794618,271379,194357,46747,0.310908057210941,0.621755831111108,0.0940208310019744,0.0673361116779513,0.0161957697052804,1.40914595734829,71.0627273603769,20.7499007528218,2.25774399201918,52.2472106362614,15.7999319979786,68.04714263424,30.2407187016657,28.0891804968938,24.3812976039353
2002,24,RN,Rio Grande do Norte,2925058,890386,1836244,276400,198428,48104,0.304399434130879,0.627763278540118,0.0944938527714664,0.0678372873290034,0.0164454858672888,1.3403335884403,71.6478090629242,20.9175744751621,2.19833076974304,50.6398327448768,15.7199796163506,66.3598123612274,31.0427163050632,28.3363738428435,24.720438123638
2003,24,RN,Rio Grande do Norte,2962562,882663,1876955,281696,202944,49388,0.297939081106151,0.633558048742946,0.0950852674138128,0.0685028701509032,0.0166707059632845,1.28216261010892,72.3816759158198,21.0218508728715,2.09365542597671,49.0858373609654,15.6654170858351,64.7512544468005,31.9143319704123,28.6000691293549,25.0845648132176
2004,24,RN,Rio Grande do Norte,2999247,874462,1917040,287764,207745,50698,0.291560515022604,0.639173765948586,0.0959454156326571,0.0692657190288096,0.0169035761309422,1.23828632109639,73.0571417487992,21.4189216337062,2.04460150658046,47.6021776561074,15.6647093310311,63.2668869871384,32.9075477264878,28.8789769565494,25.4766191385608
2005,24,RN,Rio Grande do Norte,3035448,865843,1956811,294999,212794,52157,0.285243891511237,0.64465311216005,0.0971846659867011,0.0701029963287133,0.0171826366322204,1.20700295774239,73.8181969713646,21.7884927406983,2.0680827075516,46.1879989715172,15.7365867814357,61.9245857529529,34.0707264480974,29.1734999248875,25.8841983935454
2006,24,RN,Rio Grande do Norte,3072555,857974,1996531,303564,218050,53807,0.279237963193499,0.649795040284063,0.0987985569013411,0.0709669965224382,0.0175121356655943,1.22245546621125,74.8114759104298,22.2455338121906,1.9477769423248,44.8961992488816,15.8849450318862,60.7811442807678,35.3814917468362,29.4706945847999,26.3032936293088
2007,24,RN,Rio Grande do Norte,3107299,847687,2036108,313232,223504,55556,0.272805095357737,0.655266197427412,0.100805233097941,0.0719287072148512,0.017879193473174,1.13078529106883,74.96609468188,22.4465723632773,1.84501943566571,43.5519785447857,16.0930547991656,59.6450333439513,36.9513747409126,29.7970777836314,26.7515065548351
2008,24,RN,Rio Grande do Norte,3141098,837025,2074954,323464,229119,57203,0.266475289850874,0.660582382338915,0.102978003233264,0.0729423278102116,0.0182111478215579,1.08772924652567,74.9894489783123,22.4340589569512,1.87603408394277,42.2609914425311,16.3315424700181,58.5925339125491,38.6444849317523,30.1276610917584,27.2087981923457
2009,24,RN,Rio Grande do Norte,3174404,826842,2112341,333879,235221,58662,0.260471571986426,0.665429164025751,0.10517848389808,0.0740992639878226,0.0184796894157139,1.06032985917663,75.3939908766057,22.6104069140634,1.81794922374874,41.0611799374579,16.5805144106595,57.6416943481174,40.3800242367949,30.4550807017632,27.6675560021483
2010,24,RN,Rio Grande do Norte,3202809,815241,2145627,344114,241941,59827,0.254539374655186,0.669920373022556,0.107441311673597,0.0755402523222584,0.0186795403659725,0.894813640607817,75.4206125964064,22.4271430996636,1.73790964874922,39.8952459903673,16.8398212046858,56.7350671950531,42.2100949289842,30.7984925107929,28.1453620794575
2011,24,RN,Rio Grande do Norte,3227267,803229,2174646,354133,249392,60735,0.248888300844027,0.673835167651143,0.109731546847534,0.0772765315048306,0.0188193291723306,0.763642165361711,75.551852384145,22.6025345512356,1.77089171793035,38.8051142443735,17.1086595761641,55.9137738205377,44.0886720972475,31.1472199232354,28.635491503918
2012,24,RN,Rio Grande do Norte,3251725,791646,2202495,364227,257584,61570,0.243454166634632,0.677331262637523,0.112010394482928,0.0792145707278444,0.0189345654998501,0.757854866052288,75.3519818631244,22.6146593545558,1.72963112017815,37.7720373385144,17.378469472081,55.1505068105954,46.0088221250407,31.4922701027916,29.1217741101885
2013,24,RN,Rio Grande do Norte,3275502,779703,2229545,374583,266254,62493,0.23804076443855,0.680672764052655,0.114358959328982,0.0812864715087947,0.0190789075995069,0.731211895224848,75.5150667856581,22.7912638085275,1.70083299620431,36.757359929399,17.6588805666184,54.4162404960174,48.0417543603141,31.8418712612601,29.6156948154702
2014,24,RN,Rio Grande do Norte,3298890,768441,2255372,385457,275077,63708,0.232939261387921,0.683676024359709,0.116844453740501,0.0833847142523697,0.0193119503833107,0.714027956630781,75.5474244518209,22.7674241099659,1.7315016852753,35.8248888573943,17.9700903313392,53.7949791887336,50.160910206509,32.1874391083061,30.1066755491784
2015,24,RN,Rio Grande do Norte,3322012,759095,2279215,396884,283702,65286,0.228504592999664,0.686094752216428,0.119470971206606,0.0854006547839081,0.0196525479137342,0.700902424755001,75.4865353749713,22.7244214804106,1.77656942221684,35.0454032787127,18.3230818736372,53.3684851523499,52.2838379912923,32.5190694675396,30.5894489955471
2016,24,RN,Rio Grande do Norte,3342283,749818,2300372,408859,292093,67286,0.224343061314676,0.688263680843304,0.122329258174727,0.08739325784202,0.0201317482690724,0.61020249174295,75.5749988233343,22.7202832584234,1.63831957052907,34.3385207770999,18.7240280526798,53.0625488297797,54.5277654044048,32.8612978015327,31.0824825867249
2017,24,RN,Rio Grande do Norte,3359217,740093,2318650,421450,300474,69676,0.220317115565919,0.690235254227399,0.12546078446257,0.0894476302066821,0.0207417383277115,0.506659669453491,75.5890917976859,22.7718781688104,1.66267106151849,33.6761958325029,19.1770935998697,52.8532894323726,56.9455460327283,33.2195288366307,31.5905481425582
2018,24,RN,Rio Grande do Norte,3375511,732584,2333888,434915,309039,72279,0.217029066117693,0.691417684611308,0.128844195738068,0.0915532492709993,0.0214127579498334,0.48505351098187,75.9056527152898,22.8332147288935,1.73240108344889,33.1784428707815,19.6971302692195,52.8755731400011,59.3672534480688,33.5651096974651,32.0886568245318
2019,24,RN,Rio Grande do Norte,3392434,726031,2348513,449383,317890,74745,0.214014775232178,0.692279643465429,0.132466246948356,0.0937055813023923,0.0220328531078276,0.50134631467651,76.24416841571,22.6975779667385,1.66638421100498,32.7480582042562,20.2696863357119,53.0177445399681,61.8958419130864,33.9008853230453,32.5695690106439
2020,24,RN,Rio Grande do Norte,3407618,718147,2362752,464426,326719,76748,0.210747507496439,0.69337349432947,0.136290511436434,0.0958789981740911,0.0225224775781792,0.447584241874721,75.1038887596349,21.945657797791,1.5890066930255,32.2756168976358,20.8726565080706,53.1482734057064,64.6700466617559,34.2381998216936,33.043664143538
2021,24,RN,Rio Grande do Norte,3419382,708341,2375799,479720,335242,78135,0.207154684676939,0.694803622408962,0.140294357284445,0.0980416929140997,0.0228506203752608,0.345226489588923,74.1014887018464,21.4400103316376,1.59632458599202,31.7453651894999,21.4993718967374,53.2447370862373,67.7244434530826,34.5667965731819,33.5004622715312
2022,24,RN,Rio Grande do Norte,3427955,698877,2384692,496367,344386,79354,0.203875780166309,0.695660240580754,0.144799742120302,0.100463979252937,0.023149078678104,0.250717819769775,75.9569458303041,22.3100586129968,1.48616328917953,31.301722435192,22.2315830396321,53.5333054748241,71.0235134365561,34.9168075426894,33.9811152215104
2023,24,RN,Rio Grande do Norte,3436278,687754,2392790,515158,355734,81266,0.200145040651542,0.696331903297696,0.149917439741488,0.103523056050762,0.0236494253375309,0.2427978196913429,77.6544042911369,23.5131902868912,1.47684744104139,30.7945047967955,23.0664387297022,53.8609435264977,74.9043989566037,35.3080391051015,34.4965275888955
2024,24,RN,Rio Grande do Norte,3446071,675958,2400987,535876,369126,84082,0.196153242344688,0.69673172723371,0.155503470474056,0.107115030421602,0.0243993812083384,0.284988583577928,77.83391943229,23.6055352473476,1.46555963710047,30.2545343220079,23.9847428898546,54.2392772118625,79.2765230975889,35.7112024099329,35.0158141990932
2025,24,RN,Rio Grande do Norte,3455236,665030,2406424,557142,383782,87437,0.192470210428463,0.696457202923331,0.161245715198614,0.111072586648206,0.0253056520596567,0.265955054321276,78.0117386248559,23.6973126753439,1.4489378252717,29.7810541928041,24.9496655716092,54.7307197644134,83.7769724674075,36.1146708936814,35.529955955255
2026,24,RN,Rio Grande do Norte,3463737,653811,2410201,578419,399725,91341,0.188758846298088,0.695838338765328,0.166992759554204,0.115402814936584,0.0263706511204517,0.246032398365847,78.1879119650809,23.7883127380441,1.43578530310831,29.2990790528553,25.9205550329889,55.2196340858442,88.4688388540419,36.5183000325949,36.0424691495069
2027,24,RN,Rio Grande do Norte,3471617,641951,2412907,599320,416759,95630,0.184914119270645,0.695038363966993,0.172634250840458,0.120047516762362,0.0275462414200645,0.227499951641819,78.3624147600712,23.8784343468525,1.42551514563846,28.7825745422459,26.8711670745257,55.6537416167716,93.3591504647551,36.9209397234776,36.5506731558141
2028,24,RN,Rio Grande do Norte,3478949,630389,2414419,619734,434141,100053,0.181200989149309,0.694008161660318,0.178138282567523,0.124790849190373,0.0287595477829655,0.211198412728142,78.53510431519,23.9674745945566,1.41762886819144,28.2834550566083,27.8054006907672,56.0888557473755,98.3097738063323,37.3220564601551,37.0558195663156
2029,24,RN,Rio Grande do Norte,3485788,618232,2415228,639785,452328,104430,0.177357888661043,0.692878626009384,0.183540995608454,0.129763485329573,0.0299587926747123,0.19658235863762,78.7058841418318,24.055303057495,1.41170677481747,27.7511467740625,28.7186160516498,56.4697628257123,103.486231705897,37.7207581183939,37.5564934576628
2030,24,RN,Rio Grande do Norte,3492168,604580,2416611,659544,470977,108672,0.17312454612722,0.692008803700166,0.188863766004385,0.134866650172615,0.0311187777907592,0.183028916273731,78.8746713562602,24.1418446843126,1.40739802078995,27.1350116963579,29.6019288667549,56.7369405631128,109.091269972543,38.1161418923717,38.0525650936104
2031,24,RN,Rio Grande do Norte,3497917,591868,2416468,679128,489581,112756,0.169205844506888,0.690830571451524,0.194152119675796,0.139963584041588,0.0322351845398276,0.164625527752382,79.0414560999671,24.2271515064226,1.40441103779051,26.5778624387664,30.496277146787,57.0741395855533,114.74315218934,38.5084551748941,38.5440839224457
2032,24,RN,Rio Grande do Norte,3502871,580480,2414609,698655,507782,116778,0.165715494518639,0.689322844032795,0.199452106572009,0.144961661448566,0.0333377963390602,0.141627145526901,79.2063352476473,24.3113721279951,1.40250469483397,26.1038180791245,31.4180730086665,57.521891087791,120.358151874311,38.8981638204775,39.0332636579572
2033,24,RN,Rio Grande do Norte,3507052,567633,2413959,718046,525460,120841,0.161854742957903,0.688315713596491,0.204743471154691,0.149829543445606,0.0344565749238962,0.11935923418247,79.3693734441064,24.3945876595093,1.40148037716227,25.5532501745542,32.3244227781647,57.8776729527189,126.49828322173,39.2847767868854,39.5175047374768
2034,24,RN,Rio Grande do Norte,3510469,554605,2413131,737335,542733,125148,0.15798601269517,0.68740985891059,0.210038886541941,0.15460412839424,0.0356499373730405,0.0974322593448873,79.5305631269134,24.4767353570792,1.40117503962318,24.9987717086412,33.2353104241594,58.2340821328006,132.947773640699,39.6678201687581,39.9984685916822
2035,24,RN,Rio Grande do Norte,3513147,543526,2409948,756876,559673,129821,0.154712000380286,0.685979835173421,0.215441027659816,0.159308164446293,0.0369529086030274,0.0762861030819462,79.6898337411225,24.5576791561373,1.4014552129441,24.5634268747642,34.2052970405537,58.7687239153179,139.252952020694,40.0467455532034,40.4739947468037
2036,24,RN,Rio Grande do Norte,3515064,533453,2405225,777052,576386,134814,0.151761959383954,0.684262078869688,0.221063400268103,0.163975961746358,0.0383532134834529,0.054566461352179,79.8472156059782,24.6374597408049,1.40221189656681,24.1977193624666,35.2475030153423,59.4452223778089,145.664566512889,40.4211078375813,40.9454732510288
2037,24,RN,Rio Grande do Norte,3516202,524768,2398460,798122,592974,140099,0.149242847822736,0.682116670202679,0.226984115247076,0.168640481974585,0.0398438428736461,0.0323749439554932,80.0027771795394,24.7161290503853,1.40335624942807,23.9258254183627,36.3888949679754,60.3147203863381,152.090447588268,40.790825726167,41.4118345498783
2038,24,RN,Rio Grande do Norte,3516551,517602,2389581,820134,609368,145801,0.147190244077222,0.679524056383655,0.233221130590741,0.173285699539122,0.0414613637055171,0.0099254820968841,80.1565053612359,24.7937416551122,1.4048159822831,23.7561243152815,37.6412866627043,61.3974109779857,158.448769517892,41.1556749781249,41.8738149690182
2039,24,RN,Rio Grande do Norte,3516133,510742,2379795,842945,625596,152142,0.145256735169005,0.67682166743977,0.239736380847937,0.177921597391225,0.0432696942919963,-0.0118866468878154,80.308270167113,24.8701745756223,1.40653235626114,23.618716952932,38.9810890075405,62.5998059604725,165.043211641103,41.5152871066026,42.3306710830622
2040,24,RN,Rio Grande do Norte,3514937,504303,2368642,866378,641992,159254,0.143474264261351,0.673878934387729,0.246484645386247,0.18264680135092,0.0453077821878458,-0.0340146405155894,80.4580419057596,24.9454157803362,1.40845769848772,23.5187869358883,40.4045972122732,63.9233841481614,171.797114036601,41.8693239736587,42.7824406459608
2041,24,RN,Rio Grande do Norte,3512910,498293,2355689,890147,658928,167139,0.141846218662021,0.67058051586861,0.253393055899525,0.187573265469369,0.0475785032921424,-0.0576681744224761,80.6058534411875,25.0195200322599,1.41055335428643,23.4549322889944,41.8997208715586,65.354653160553,178.639274483085,42.2178327938945,43.2291140738403
2042,24,RN,Rio Grande do Norte,3510023,492619,2340748,914003,676656,175650,0.14034637379869,0.666875402240954,0.260398008787977,0.192778223960356,0.0500424071295259,-0.0821825779766638,80.7518074839712,25.0925856053942,1.41278800508236,23.4201181800332,43.4535782763249,66.8736964563581,185.539534609911,42.5609293728275,43.6704022988506
2043,24,RN,Rio Grande do Norte,3506283,487217,2323839,937902,695227,184236,0.138955412326957,0.662764243502307,0.267491813980788,0.198280344170736,0.0525445322011943,-0.106552008348659,80.895971689305,25.1647339101999,1.41513629070102,23.4107931907336,45.0662225562233,68.477015746957,192.501903669207,42.8983479085972,44.1062508692801
2044,24,RN,Rio Grande do Norte,3501664,482024,2305141,961737,714499,193214,0.137655697405576,0.658298740256061,0.274651422866386,0.204045562338363,0.0551777669131019,-0.131734945524931,81.0383833703099,25.2360001734297,1.41757768374223,23.4230670736181,46.7338353654181,70.1569024390362,199.520563291454,43.2299418219452,44.5334685191134
2045,24,RN,Rio Grande do Norte,3496137,476963,2284886,985131,734288,202320,0.136425717870896,0.653545899374081,0.281777001301722,0.210028382755024,0.0578695857742417,-0.157839244427793,81.1790320760682,25.3064013320672,1.42009557183369,23.449012631493,48.4321619552782,71.8811745867713,206.542436205743,43.5553764054441,44.9536995239659
2046,24,RN,Rio Grande do Norte,3489679,471996,2263349,1007614,754334,211183,0.135254847222338,0.648583723603231,0.288741170749516,0.216161429174431,0.0605164543787552,-0.184718161788278,81.317919245101,25.3759511456406,1.42267651072999,23.4815819755441,50.1283289280119,73.609910903556,213.479351519928,43.8746185537409,45.3584317517798
2047,24,RN,Rio Grande do Norte,3482269,467089,2240798,1028842,774382,219537,0.134133520414419,0.643487909750798,0.295451615024572,0.222378569834783,0.063044239258943,-0.212340447359194,81.4550509163353,25.4446803675697,1.42530961742043,23.5150815218759,51.7959179152793,75.3109994371552,220.266801401874,44.1873832837153,45.7533540490038
2048,24,RN,Rio Grande do Norte,3473936,462227,2217294,1048646,794415,227318,0.133055703962307,0.638265644502374,0.301861059040811,0.228678651535319,0.0654352872361494,-0.2392979979432999,81.5904218479143,25.5125856461473,1.42798607769916,23.5462132392083,53.4188663328686,76.9650795720769,226.868183814446,44.493682382174,46.1365014528151
2049,24,RN,Rio Grande do Norte,3464665,457350,2192975,1067076,814340,234628,0.132004104292911,0.632954412619979,0.307988218197142,0.235041483087109,0.0677202557823051,-0.266873079987662,81.7239641938137,25.5795690747906,1.43069874712092,23.5718383147643,54.9971421046582,78.5689804194226,233.317153164972,44.7935820634895,46.5075785146968
2050,24,RN,Rio Grande do Norte,3454421,452426,2168189,1084246,833806,241532,0.130970139424233,0.627656270037729,0.313871991862023,0.241373590538038,0.0699196768430947,-0.295670721411734,81.8556786165057,25.6455856741229,1.43344182801225,23.5915127579261,56.5374300807874,80.1289428387135,239.651567328138,45.0869361319885,46.8701890797254
2051,24,RN,Rio Grande do Norte,3443210,447449,2143390,1100364,852371,248128,0.129951121192143,0.622497611240674,0.31957504770258,0.247551267567183,0.0720629877352819,-0.324540639371984,81.9855515341343,25.7106214269642,1.43621060832792,23.6071387682897,58.0545394975301,81.6616782658198,245.919423219183,45.3735737872508,47.2227336879818
2052,24,RN,Rio Grande do Norte,3431048,442437,2118883,1115587,869728,254518,0.128950979409207,0.617561456441297,0.325144678826994,0.253487564149496,0.0741808333780233,-0.353216910963894,82.1135858918095,25.7746563970371,1.43900125072821,23.6215339472425,59.5607424144058,83.1822763616483,252.145955243345,45.6533583907891,47.5677810353126
2053,24,RN,Rio Grande do Norte,3417963,437390,2094855,1129897,885718,260673,0.12796803242165,0.612895751065766,0.330576135552082,0.259136216512584,0.0762656003005299,-0.381370356812261,82.23984973805,25.8377532213582,1.44181062238647,23.6340666869836,61.0532043426294,84.687271029613,258.327122247879,45.9262832862731,47.908271565152
2054,24,RN,Rio Grande do Norte,3403950,432264,2071279,1143223,900407,266655,0.126988939320495,0.608492780446246,0.335851877965305,0.264518280233258,0.0783369320935971,-0.409981032562379,82.3643365429313,25.8998913304557,1.44463615779198,23.6408393278945,62.5237152734291,86.1645546013236,264.473331112468,46.1928356761997,48.2556737435942
2055,24,RN,Rio Grande do Norte,3389012,427051,2048033,1155625,913928,272738,0.126010471488446,0.604315653057587,0.340991710858504,0.269673875453967,0.0804771420107099,-0.438843108741316,82.4870674727028,25.9610472974002,1.44747574825302,23.6418362918084,63.9761926906179,87.6180289824263,270.605852696751,46.45320819165,48.5831988162497
2056,24,RN,Rio Grande do Norte,3373190,421771,2024914,1167190,926505,279226,0.125036241658489,0.600296455284167,0.346019643127129,0.274667303057343,0.0827780231768741,-0.466861728432943,82.6080984993362,26.0212182102066,1.45032765298379,23.6388378397616,65.4170512865781,89.0558891263397,276.735479679731,46.7073328214539,48.8961839618396
2057,24,RN,Rio Grande do Norte,3356519,416454,2001764,1177989,938301,286312,0.124073184152987,0.596380953005182,0.350955558422282,0.279545862841831,0.0853002768642156,-0.494220604235163,82.727452614641,26.0803980321717,1.45319042762179,23.6342813817338,66.8523378106279,90.4866191923617,282.861732628333,46.9550623726545,49.2038706914042
2058,24,RN,Rio Grande do Norte,3339043,411119,1978629,1188048,949295,294045,0.123124799530884,0.592573680542599,0.355804941715336,0.284301519926518,0.0880626574740128,-0.520658455977752,82.8451498864419,26.1386123229023,1.45606286680735,23.6292126565341,68.2834868691792,91.9126995257133,288.979103373962,47.196325713685,49.5115412170331
2059,24,RN,Rio Grande do Norte,3320768,405757,1955597,1197335,959414,302330,0.122187698749205,0.588899013722127,0.360559665715883,0.288913287528668,0.0910421926494112,-0.547312508404352,82.9611959105131,26.1958681077073,1.45894395809708,23.6224410191445,69.7066850791418,93.3291260982863,295.086714462104,47.4314200811379,49.811927980266
2060,24,RN,Rio Grande do Norte,3301724,400385,1932614,1205598,968725,311047,0.121265435875318,0.585334812964379,0.365141968256584,0.293399751160303,0.0942074504107551,-0.573481796981901,83.0756237923799,26.2522041241922,1.46183284500274,23.611211853697,71.0956449127549,94.7068567664519,301.109681931141,47.6603177612665,50.0942127757884
2061,24,RN,Rio Grande do Norte,3281939,395042,1909612,1212327,977285,319993,0.120368477293454,0.581854812048609,0.369393520111129,0.297776710657937,0.097501202795055,-0.599232401012317,83.1884209773002,26.3076052186721,1.46472879737023,23.5906531228913,72.3963166663681,95.9869697892593,306.885596974499,47.8825362080161,50.3695803789376
2062,24,RN,Rio Grande do Norte,3261449,389755,1886535,1217617,985159,328985,0.11950363166801,0.578434616024963,0.373336207311535,0.302061752307027,0.100870809262999,-0.624326046279344,83.2995818387983,26.3620688191795,1.46763118765639,23.5632923981169,73.613078472163,97.1763708702799,312.405742068735,48.0975321091944,50.6416925645902
2063,24,RN,Rio Grande do Norte,3240282,384556,1863369,1221657,992357,337984,0.118679793919171,0.575063837036406,0.377021814767974,0.306256369044423,0.104306970813034,-0.649006009292186,83.4091299195054,26.4156352214624,1.47053947193956,23.5336451520713,74.7616532716795,98.2952984237508,317.679869771893,48.3047098987063,50.9093738945879
2064,24,RN,Rio Grande do Norte,3218457,379466,1840159,1224680,998832,346905,0.117903082129107,0.571751929573706,0.380517744993952,0.310344988297187,0.107786122356148,-0.67355248709835,83.5170918775633,26.4683539510951,1.47345317472552,23.5063751656279,75.8639444320208,99.3703195976488,322.737741984789,48.5036854616979,51.1627942705871
2065,24,RN,Rio Grande do Norte,3195999,374505,1817159,1226891,1004335,355495,0.117179323272629,0.568573081531002,0.383883411728226,0.314247595196369,0.11123126133644,-0.69778779085754,83.6235145886709,26.5202384469392,1.47637187679267,23.4857829817202,76.9402164676725,100.425999449393,327.603369781445,48.6941867003087,51.4148537929086
2066,24,RN,Rio Grande do Norte,3172931,369690,1794867,1229437,1008374,363414,0.116513721855281,0.565681069017889,0.387476752567263,0.317805209126829,0.114535739983,-0.721777447364658,83.7284074738488,26.5713811893739,1.47929520546847,23.4902186040956,78.118812761945,101.60903136604,332.558900700587,48.875622886221,51.6717393301787
2067,24,RN,Rio Grande do Norte,3149289,365034,1773214,1229742,1011041,370428,0.11590997206036,0.563052168283063,0.390482423175517,0.321037859656576,0.117622739608845,-0.745115478401515,83.8317710856313,26.6217345878971,1.48222282684783,23.4822095408659,79.1078620764188,102.590071617285,336.884235441082,49.0475008803574,51.9329629367495
2068,24,RN,Rio Grande do Norte,3125096,360551,1752010,1229455,1012535,376423,0.115372775748329,0.560625977569969,0.39341351433684,0.324001246681702,0.120451659725013,-0.768205140906408,83.9336105498923,26.6713049049459,1.48515443956127,23.4872873903159,80.090092437577,103.577379827893,340.993368483238,49.2093855676754,52.1725295508274
2069,24,RN,Rio Grande do Norte,3100376,356261,1731011,1229043,1013104,381452,0.114908965880267,0.558322925993492,0.396417402276369,0.32676810812624,0.123034109411246,-0.7910156999976989,84.0339384181432,26.7200856645905,1.48808976977774,23.5144600388628,81.1210952350779,104.635555273941,344.98387418213,49.3608372016813,52.3867078370828
2070,24,RN,Rio Grande do Norte,3075174,352188,1710032,1226988,1012954,385644,0.114526202419766,0.556076501687384,0.398997910362145,0.32939729589285,0.12540558680582,-0.812869148774209,84.1327873409902,26.7681255687761,1.49102856719012,23.5420100829012,82.0180240882675,105.560034171169,348.390064397424,49.5017397389546,52.6015561601986
2000,25,PB,Paraíba,3500188,1092897,2147051,363663,260240,63372,0.31223951399182,0.613410193966724,0.103898133471688,0.0743502920414561,0.0181053132003195,,70.7203881305664,20.9588651738179,2.51119925256469,53.4782749110895,17.7949705132245,71.273245424314,33.2751393772698,28.489007161901,24.3403831882885
2001,25,PB,Paraíba,3534522,1081865,2187414,370518,265243,65787,0.306085235853674,0.618871236336908,0.104828319076809,0.0750435278094181,0.0186127006706989,0.980918739222014,71.4959585546701,20.990530104473,2.43555597927619,51.9593072316498,17.7950655551815,69.7543727868312,34.2480808603661,28.7218164153456,24.6795094031071
2002,25,PB,Paraíba,3568570,1071348,2226297,377067,270925,67652,0.300217734274513,0.623862499544636,0.105663332931679,0.0759197661808512,0.0189577337701096,0.9632985733290192,71.8148091194946,20.9931044181107,2.29385362423209,50.5315884923508,17.7848789357382,68.316467428089,35.1955667066163,28.9576382136262,25.0278135419762
2003,25,PB,Paraíba,3602131,1061245,2263826,383672,277060,69189,0.294615881543453,0.628468537096513,0.106512506069324,0.0769155813600338,0.0192077967181094,0.940460744780114,72.1045756481936,21.1462567757693,2.21244932562276,49.1951656163923,17.785532636076,66.9806982524682,36.1530089658844,29.1996854084429,25.3998128239585
2004,25,PB,Paraíba,3635226,1051466,2300362,390884,283398,70649,0.289243639872734,0.632797520704352,0.107526739740528,0.0779588394229135,0.0194345551005632,0.918761699671666,72.8832710545558,21.3387364095684,2.12421320956686,47.9491772448602,17.8251757053294,65.7743529501896,37.1751440369922,29.4507340121357,25.7825295581829
2005,25,PB,Paraíba,3667851,1041802,2336303,399048,289746,72169,0.284036074529745,0.636967804853578,0.108796131576773,0.0789961206166772,0.0196760991654241,0.897468272949187,73.3658699182188,21.6150278113985,2.14228541560704,46.7804908933584,17.918626888807,64.6991177821653,38.3036315921835,29.7131227522601,26.1833876680982
2006,25,PB,Paraíba,3699871,1031912,2371941,408270,296018,73805,0.278904859115358,0.641087486563721,0.110347090479641,0.0800076543209209,0.0199479927813699,0.872990751260061,73.95930773644,21.8033008395729,2.03230933889193,45.6661071501432,18.0675305318564,63.7336376819996,39.5644202218794,29.9881528301933,26.6022755133313
2007,25,PB,Paraíba,3729368,1020010,2407186,418263,302172,75447,0.273507468289533,0.645467543026057,0.112153855559441,0.0810249886844098,0.0202305055441029,0.7972440120209698,73.8888379782231,21.8275154934804,1.93167771020857,44.5206331470323,18.2560304134049,62.7766635604373,41.0057744531916,30.2857092676293,27.0430578474161
2008,25,PB,Paraíba,3757574,1007693,2441557,428720,308324,76944,0.268176488340616,0.649769505537349,0.114094892076643,0.0820540061220351,0.0204770418360357,0.756321178280084,73.9470032634204,21.8290719095984,1.92095194735887,43.4133177319453,18.4700673499167,61.8833850818621,42.5447035952418,30.5899247759326,27.4977908018402
2009,25,PB,Paraíba,3786420,996820,2474677,439555,314923,78277,0.263261867410377,0.65356642950333,0.11608722751306,0.0831717030862926,0.0206730896202746,0.767676165525955,74.1719125850342,21.9961494833393,1.92189116007052,42.4170600988492,18.7041099212994,61.1211700201486,44.0957244036035,30.8875795606404,27.9441863960917
2010,25,PB,Paraíba,3812591,985860,2504595,450549,322136,79321,0.258580057498955,0.656927270719571,0.118173966208282,0.0844926717814735,0.0208050116049689,0.691180587467843,74.1767925553438,21.9396485011332,1.85579363823372,41.4892461941047,18.9610475965225,60.4502937906271,45.7011137484024,31.191269401832,28.402334412539
2011,25,PB,Paraíba,3835568,974138,2531435,461611,329995,80058,0.253974900197311,0.659989602582981,0.120350101992717,0.0860354972197077,0.0208725278759235,0.602661025008966,74.2823758291475,21.9899516815408,1.83844226630469,40.5921446575763,19.2352423245253,59.8273869821016,47.3866125743991,31.503538719689,28.869235049097
2012,25,PB,Paraíba,3858388,961640,2558264,472896,338484,80676,0.249233617769908,0.663039590626966,0.122563101481759,0.0877267916031255,0.0209092501842738,0.594957513463457,74.3286704876063,21.9664837351487,1.76265934851835,39.6740395040621,19.5101021019435,59.1841416060056,49.1759910153488,31.821197349774,29.3418751701812
2013,25,PB,Paraíba,3881604,948474,2585613,484542,347517,81451,0.244351046629177,0.666119727823858,0.124830353637311,0.0895292255469646,0.0209838510059244,0.601702057957887,74.6610111592518,22.1143187274381,1.75436102055996,38.7355488142554,19.7886292018094,58.5241780160648,51.086482075418,32.1439974299285,29.8165962501316
2014,25,PB,Paraíba,3905995,936095,2612932,496705,356968,82704,0.239655964741378,0.66895426133418,0.127164781316924,0.0913897739244418,0.0211736062130136,0.628374249408226,74.8992747744167,22.2224436722421,1.7686383153475,37.8496236649354,20.0835356694478,57.9331593343833,53.0613880001496,32.4622415031253,30.2866512695106
2015,25,PB,Paraíba,3932039,926043,2639494,509209,366502,84495,0.235512160484675,0.671278692810524,0.12950253036656,0.0932091467048013,0.0214888509498507,0.666769926740818,75.0202457592281,22.0984631895283,1.84901219531719,37.0893872805329,20.3945711027813,57.4839583833142,54.9876193654074,32.7625440642883,30.738687595181
2016,25,PB,Paraíba,3957455,915764,2665470,522086,376221,86972,0.231402252205016,0.673531347798017,0.131924683919337,0.0950663999969678,0.0219767502094149,0.646382195090123,75.441918962527,22.2794972367068,1.72043577713432,36.3455382887397,20.720946338811,57.0664846275508,57.010976627166,33.0668328509105,31.1921034315802
2017,25,PB,Paraíba,3981512,904511,2690613,535594,386388,90123,0.227177765632755,0.675776689860535,0.134520252607552,0.09704554450671,0.0226353706832982,0.607890677215539,75.5645779050896,22.3774481384751,1.76035265467279,35.5909541446923,21.0747038943388,56.6656580390311,59.2136524597269,33.3844642437345,31.65383093963
2018,25,PB,Paraíba,4008413,896296,2715148,549992,396969,93613,0.223603705506394,0.67736233766331,0.137209414299375,0.0990339568302967,0.0233541304251832,0.675647844336513,76.0308093568345,22.542281398383,1.85553203572452,34.9825242718447,21.466243840562,56.4487681124067,61.3627640868642,33.6806080112004,32.0917423490804
2019,25,PB,Paraíba,4037810,889438,2740491,565546,407881,97041,0.220277328551864,0.678707269534723,0.140062558664226,0.101015401913413,0.024033077336477,0.733382513229053,76.2024806772174,22.5385191980663,1.77627259005191,34.4366209725316,21.8964033968994,56.333024369431,63.5846455851897,33.9664503778038,32.508045622688
2020,25,PB,Paraíba,4064935,881590,2765175,581312,418170,99782,0.216876776627425,0.680250729716465,0.143006468738123,0.10287249365611,0.0245470099767893,0.671775046374146,74.8791824373861,21.6836269624512,1.74064966090937,33.8808155008026,22.3406851488817,56.2215006496843,65.9390419582799,34.2499102691679,32.9134669369931
2021,25,PB,Paraíba,4087783,873868,2786621,596678,427294,101604,0.213775535540903,0.681694943200263,0.14596616307666,0.104529521258834,0.0248555268222408,0.562075408339857,73.3867347114209,21.0856966954335,1.73473187747545,33.3889517838851,22.7980117964097,56.1869635802948,68.2801063776222,34.5166250263285,33.2924857026782
2022,25,PB,Paraíba,4106026,865744,2803726,613099,436556,103154,0.210847179243385,0.682832013241027,0.14931688206553,0.106320807515588,0.0251225881180489,0.446281028126982,74.9113984909307,21.769889930504,1.58950212830599,32.9533192015935,23.3367450992184,56.2900643008119,70.8175857990353,34.8081544052571,33.6952272511624
2023,25,PB,Paraíba,4124468,856467,2819745,632688,448256,105514,0.20765514485747,0.683662717228016,0.153398692873845,0.108682137914514,0.0255824508760887,0.449144744821384,76.6180912622666,23.1377991675895,1.61948995811333,32.4996309736263,24.0080779778341,56.5077089514604,73.8718479521102,35.1415915943584,34.136982393864
2024,25,PB,Paraíba,4145040,846506,2836137,654939,462397,108940,0.204221430915021,0.684224277690927,0.158005471599792,0.111554291394052,0.0262820141663289,0.498779478953404,76.8229281800867,23.2400529835085,1.5921713107753,32.0210168350296,24.7745588866676,56.7955757216972,77.3696819632702,35.4874387219424,34.5800633721675
2025,25,PB,Paraíba,4164468,836101,2850645,677937,477722,112889,0.200770182409854,0.684516005405733,0.16279078143955,0.114713812184413,0.0271076641722304,0.468704765213368,77.0249954140247,23.3407520580031,1.56884065341209,31.5458623695023,25.5783778481228,57.1242402176251,81.0831466533349,35.8369232276488,35.0233974358974
2026,25,PB,Paraíba,4182828,825684,2862895,701081,494249,117320,0.197398506465004,0.684440048694328,0.16760933033823,0.118161444840668,0.0280480096241108,0.4408726396744941,77.2246739913082,23.4400341706099,1.54822189254519,31.0867626257359,26.3954958899695,57.4822585157054,84.9091177738699,36.188936289037,35.4647026573787
2027,25,PB,Paraíba,4200175,815599,2872771,723952,511805,122045,0.194182147172439,0.683964596713232,0.172362342045272,0.121853256114329,0.0290571226198908,0.414719419493226,77.4221637240511,23.538086085893,1.53007678140164,30.6544254280199,27.2098575371792,57.8642829651991,88.7632280078813,36.5428378579464,35.9057722485561
2028,25,PB,Paraíba,4216549,805801,2880510,746409,530238,126873,0.191104384177677,0.683143964412604,0.177018931832643,0.125751651409719,0.030089298144051,0.389840899486327,77.6175645343278,23.6350325056703,1.51417920924556,30.2439366762263,28.0147909106161,58.2587275868424,92.6294457316385,36.8979129615238,36.3452780072235
2029,25,PB,Paraíba,4232037,794954,2887365,768603,549718,131735,0.187841930493519,0.682263647505917,0.18161537812642,0.129894422000564,0.0311280359788915,0.367314597790758,77.8107987997658,23.730833573898,1.50031660921887,29.7905174481353,28.8030264420194,58.5935438901547,96.685217006267,37.2534082287088,36.7829463037044
2030,25,PB,Paraíba,4246698,781755,2895084,790702,569859,136620,0.184085376450127,0.681725896213953,0.18619218979075,0.134188727335921,0.032170877232146,0.346428918272701,78.0018344664076,23.8254518509322,1.48829076941713,29.2327804412542,29.5673426590947,58.8001231003488,101.144476210577,37.6082612891239,37.2172865630341
2031,25,PB,Paraíba,4260413,768670,2901648,812928,590095,141510,0.180421475570561,0.681071999357809,0.190809670330083,0.13850652507163,0.0332150897107863,0.322956800789687,78.1907671899552,23.9190123694288,1.47791816181515,28.6944040555246,30.3465524868272,59.0409565423518,105.757737390558,37.9624501192725,37.6487841174835
2032,25,PB,Paraíba,4273030,756479,2906531,835472,610020,146458,0.177035733425696,0.680203743011399,0.195522147047879,0.142760523562905,0.0342749758368184,0.29614499814925,78.3775836598308,24.0115508591699,1.46902989240681,28.2154684737003,31.1617822525931,59.3772507262934,110.442193372189,38.3162612946785,38.0789327222131
2033,25,PB,Paraíba,4284557,741576,2913478,858265,629503,151453,0.173081137676544,0.679995154691605,0.200315925310365,0.146923707631851,0.0353485786278488,0.269761738157692,78.5622718656609,24.1030876064251,1.46147136300148,27.6221395484662,31.9685583130581,59.5906978615243,115.735271907397,38.6693147039472,38.5077653503018
2034,25,PB,Paraíba,4295041,725994,2920365,881312,648682,156562,0.169030749648257,0.679938794530716,0.205192918996582,0.151030455821027,0.0364518056987116,0.244692741863384,78.744772226467,24.1934945657705,1.45510172177873,27.0113683082596,32.7901374205418,59.8015057288014,121.393840720447,39.0209155162896,38.9351488066005
2035,25,PB,Paraíba,4304532,712071,2924736,904905,667725,161868,0.165423558240478,0.679455048771853,0.210221459615122,0.15512139298767,0.037604087970539,0.22097577182616,78.9250567139419,24.2826496056827,1.449793166804,26.4951130320633,33.670182128298,60.1652951603613,127.080726500588,39.3703443254691,39.3618457706551
2036,25,PB,Paraíba,4313025,698632,2927564,929350,686829,167312,0.161981903652309,0.678772787080993,0.215475217509752,0.159245309266698,0.0387922629708847,0.1973036790062109,79.1031775841744,24.3705829812368,1.4454301547925,26.0193970822814,34.6121086328971,60.6315057151785,133.024253111796,39.7171078303511,39.7872154687118
2037,25,PB,Paraíba,4320497,687525,2926802,954838,706170,172904,0.159130998123595,0.677422528010088,0.221001889365969,0.163446473866317,0.0400194699822729,0.173242677703001,79.2791498012359,24.457325467052,1.44190855677739,25.6717923748401,35.653107723512,61.3249000983521,138.880477073561,40.0610281641209,40.211964513283
2038,25,PB,Paraíba,4326950,678060,2923215,981389,725675,178809,0.156706224939045,0.675583263037474,0.22680849096939,0.167710512023481,0.0413244895365096,0.149357816936346,79.453010458405,24.5429683666258,1.4391347931109,25.4192969374707,36.7905766483312,62.2098735858018,144.734831725806,40.4018740683391,40.6360930867932
2039,25,PB,Paraíba,4332397,668399,2918647,1008847,745351,185310,0.15427925926456,0.673679489668191,0.232861162077252,0.17204125106725,0.0427730884311849,0.125885438935036,79.624726184929,24.6274565010584,1.43702497240448,25.1736718551977,37.9958427976413,63.169514652839,150.93484580318,40.7391887216245,41.0583344191804
2040,25,PB,Paraíba,4336837,659423,2911947,1036941,765467,192550,0.152051598895693,0.671444880220308,0.239100754766665,0.176503520883999,0.044398717314024,0.102483682820398,79.7942700255475,24.7107597008485,1.43550405251706,24.9736694902769,39.2710321218963,64.2447016121733,157.249747127413,41.0725669422208,41.4794873043704
2041,25,PB,Paraíba,4340269,651035,2902899,1065261,786335,200529,0.149998767357507,0.66882928224034,0.245436630771042,0.181171950402153,0.0462019750388743,0.0791360154877907,79.961646663278,24.7929242055548,1.4345050364058,24.8110403575037,40.5972546211413,65.408294978645,163.625765127835,41.4018529727075,41.8973619661799
2042,25,PB,Paraíba,4342662,643167,2891365,1093440,808130,209101,0.148104319424353,0.665804752937254,0.251790261365034,0.186090927638393,0.0481504201800647,0.0551348315046773,80.1268687577676,24.8739790628135,1.43396821141615,24.6797170435774,41.9576716531309,66.6373886967082,170.00872246244,41.7270001671786,42.3120841940888
2043,25,PB,Paraíba,4344015,635762,2877375,1121393,830878,218140,0.146353546200922,0.662376856433507,0.258146668462241,0.191269597365571,0.0502162170250333,0.0311560052336457,80.2899665210908,24.9539541898214,1.43384043725831,24.5765909249051,43.3495821188623,67.9261730437673,176.385660042595,42.0478918696183,42.7237695195073
2044,25,PB,Paraíba,4344308,628743,2861144,1149051,854421,227753,0.144727998106948,0.658596029563281,0.264495749380569,0.19667597232977,0.0524256107071598,0.0067449122528318,80.4508896718373,25.0327751673702,1.43407448535027,24.4979376695393,44.7708837746453,69.2688214441846,182.753684732872,42.3642361453193,43.1323149006784
2045,25,PB,Paraíba,4343536,622013,2843015,1176090,878508,237648,0.143204292539535,0.654539297015151,0.270767872074734,0.202256410445315,0.0547130264374464,-0.0177703790799399,80.6096461025323,25.1104372218375,1.43462843027153,24.4364318369409,46.2039267975232,70.6403586344641,189.078041777262,42.6758691536113,43.5369254324527
2046,25,PB,Paraíba,4341673,615515,2823435,1202087,902723,247402,0.141769083023986,0.650310375746861,0.276871841799233,0.207920541229153,0.0569831030572777,-0.0428913217249693,80.7662659089391,25.1870380890486,1.43546509264751,24.3858037273912,47.6249281418787,72.0107318692699,195.297758787357,42.9825021368491,43.937231277281
2047,25,PB,Paraíba,4338718,609224,2802773,1226755,926721,256725,0.140415671172913,0.645991050812705,0.282745963208487,0.213593278014381,0.0591707043416972,-0.068061321062185,80.9208113047317,25.2626417597414,1.43655153177166,24.3422905864335,49.0164975253113,73.3587881117448,201.363537877694,43.2839262657771,44.3319204647738
2048,25,PB,Paraíba,4334676,603130,2781123,1249938,950423,265529,0.139140733932594,0.641598818458404,0.288357884187884,0.219260447609002,0.061256942848785,-0.0931611595867743,81.0732760851937,25.3372477423919,1.43785858558196,24.3039996647335,50.3680678011999,74.6720674659334,207.24188815015,43.5799010122094,44.7207931227562
2049,25,PB,Paraíba,4329534,597151,2758604,1271670,973779,273935,0.137925005323899,0.637159564978587,0.293719832203651,0.224915429697515,0.0632712435102715,-0.1186247830287649,81.2235972854484,25.4107942039732,1.43936045517062,24.2673972950117,51.6789239541548,75.9463212491664,212.956186961087,43.8704537255049,45.1037547614729
2050,25,PB,Paraíba,4323251,591211,2735574,1292051,996466,282067,0.136751486323602,0.632758542124896,0.298860972911358,0.230489971551501,0.0652441877651795,-0.145119544043304,81.3717801908615,25.4832400806887,1.44103433075934,24.2300682503077,52.9531485592763,77.183216809584,218.543125889065,44.1554975642173,45.4786444906445
2051,25,PB,Paraíba,4315812,585281,2712432,1311300,1018099,290090,0.135613182409243,0.628487061067535,0.303836219001198,0.235899756523222,0.0672156247769829,-0.172069583746126,81.5178667594263,25.5545804229829,1.44286005597047,24.1928530181698,54.2031744798244,78.3960274979942,224.046227367709,44.4349480468565,45.8470544696027
2052,25,PB,Paraíba,4307236,579382,2689452,1329581,1038402,298148,0.134513641695045,0.62440321356898,0.308685430749557,0.241083144735975,0.0692202609747875,-0.198711157946641,81.6618958141489,25.6248226630634,1.44481982722827,24.1583005771236,55.4391013867062,79.5974019638298,229.482621137695,44.708447366246,46.2062505264931
2053,25,PB,Paraíba,4297539,573524,2666779,1346851,1057236,306210,0.133454053587414,0.620536311596009,0.3134005299312,0.246009634816578,0.071252407482515,-0.225132776564829,81.8038931614157,25.6939924541733,1.4468979252034,24.1263959911895,56.6578915043304,80.7842874955199,234.837774879517,44.975850829975,46.5448399510233
2054,25,PB,Paraíba,4286716,567639,2644426,1363083,1074651,314297,0.132418149464532,0.616888545917201,0.317978377853816,0.250693304618267,0.0733188296122253,-0.251841809928888,81.943858208134,25.7620802758525,1.4490804753448,24.0933975213859,57.8559622817376,81.9493598031234,240.132020527131,45.237452632738,46.8698769946218
2055,25,PB,Paraíba,4274737,561689,2622275,1378448,1090773,322630,0.131397323390889,0.613435399651487,0.32246381473293,0.255167276957623,0.0754736490221504,-0.279444684462415,82.0818000974737,25.8290660309209,1.45135523470762,24.0593249378909,59.0442902424398,83.1036151803307,245.411250709912,45.4934282506737,47.1836239535008
2056,25,PB,Paraíba,4261605,555663,2600124,1393172,1105818,331440,0.130388198812419,0.610127874357196,0.326912513008597,0.259483926830384,0.0777735149081156,-0.307200185648848,82.2177648603464,25.8949691144323,1.4537114024701,24.0258650881843,60.238242453854,84.2641075420383,250.722470274249,45.7438908580218,47.5003862969921
2057,25,PB,Paraíba,4247364,549605,2577794,1407412,1119965,340877,0.129399081406727,0.606916195550935,0.33136128667098,0.263684723042339,0.08025613062596,-0.334169872618417,82.3517815857715,25.9597893914604,1.45613945172595,23.9965821772858,61.4497279233234,85.4463101006092,256.077000755088,45.9885533709849,47.8144430281142
2058,25,PB,Paraíba,4232055,543531,2555336,1421211,1133188,350960,0.128431932004664,0.603805007260066,0.33582054108465,0.267763060735269,0.0829289789475798,-0.360435319412233,82.4838901404644,26.0235555871259,1.4586309803346,23.9724731433199,62.6826115318,86.6550846751198,261.47745022823,46.2273916572445,48.1210888333422
2059,25,PB,Paraíba,4215674,537410,2532801,1434507,1145463,361587,0.12747902233427,0.600805707462199,0.340279395418147,0.271715270203531,0.0857720497362937,-0.387069638745241,82.6140534892655,26.0862556064691,1.46117857880347,23.9513458899515,63.9332601525031,87.8846060424547,266.929718464487,46.460831648747,48.4167655839718
2060,25,PB,Paraíba,4198229,531239,2510021,1447088,1156969,372567,0.126538833398559,0.597876152063168,0.34469010623289,0.275585014538273,0.088743848894379,-0.413812832775973,82.7422599480357,26.147860498226,1.46377571336177,23.9307410867687,65.1870217694295,89.1177628561982,272.398675549047,46.6888747612386,48.7020416024653
2061,25,PB,Paraíba,4179742,525041,2486782,1459062,1167919,383595,0.125615648047176,0.594960645896326,0.349079440788451,0.279423706056498,0.0917748033251813,-0.440352348573647,82.868522366827,26.2083164517548,1.46641662256012,23.9129018932529,66.4527274292359,90.3656293224888,277.894869162599,46.9112727531986,48.9756671899529
2062,25,PB,Paraíba,4160246,518841,2462950,1470294,1178455,394405,0.124714019315204,0.592020279570006,0.353415158622831,0.28326570111479,0.0948032880747917,-0.4664402731077709,82.9928576751725,26.2676511819612,1.46909622589478,23.8974884287353,67.7208120635011,91.6183004922365,283.380457596836,47.1274859707815,49.2332391519937
2063,25,PB,Paraíba,4139796,512669,2438519,1480646,1188608,404938,0.123839194008594,0.589043276528602,0.357661585256858,0.287117529462804,0.097815931026553,-0.491557470399584,83.1152729415583,26.325909735135,1.4718100431073,23.8841620307843,68.9801586876381,92.8643207184224,288.811299298378,47.3369021082198,49.4903649417804
2064,25,PB,Paraíba,4118401,506541,2413566,1489969,1198294,415144,0.122994579692458,0.586044438120523,0.361783371750347,0.290960982187019,0.100802228826188,-0.516812905756714,83.2357830208692,26.3831423766482,1.47455412295076,23.8721498889434,70.2189226496554,94.0910725385988,294.145784842688,47.5392988686629,49.7531170494939
2065,25,PB,Paraíba,4096083,500494,2388271,1498149,1207318,424808,0.122188441982255,0.58306215962909,0.365751621732274,0.294749398388656,0.103710789063601,-0.541909347826985,83.35438950911,26.4393477228835,1.47732498034144,23.8621366999771,71.4275020977954,95.2896387977725,299.334057950745,47.7345112391521,50.0273510915137
2066,25,PB,Paraíba,4072880,494544,2362543,1505051,1215793,433646,0.121423660898431,0.58006693052582,0.369529914949618,0.29850940857575,0.106471587672605,-0.566468013465549,83.4711245951749,26.4945530863152,1.48011954093197,23.8531605640324,72.5925765150474,96.4457370790798,304.331060532531,47.9221852841233,50.2908236928194
2067,25,PB,Paraíba,4048846,488695,2336543,1509241,1223608,441471,0.120699824098027,0.577088632168277,0.372758311874544,0.302211543733696,0.109036253786881,-0.59009840702402,83.5860027756435,26.5488121650312,1.48293509224687,23.8282030903355,73.58884592693,97.4170490172655,308.83086587749,48.1019613983836,50.5392098062001
2068,25,PB,Paraíba,4024017,482971,2310404,1512058,1230642,448211,0.120022107262469,0.574153638018925,0.375758352909543,0.305824254718606,0.111383972781427,-0.613236462932898,83.6990385327905,26.6021460959173,1.48576924061703,23.8035414699348,74.5227670148862,98.326308484821,313.074283963219,48.2734426817779,50.7853832281335
2069,25,PB,Paraíba,3998432,477410,2284256,1515001,1236766,453917,0.119399304527375,0.571287944874391,0.378898778321102,0.309312750598234,0.113523751310514,-0.635807453099724,83.8102523003771,26.6544900552331,1.48861987323514,23.7988535513836,75.5226889449313,99.3215424963148,317.337508640372,48.4364153248073,51.0489593871947
2070,25,PB,Paraíba,3972167,472034,2258238,1517002,1241895,458729,0.118835386326909,0.56851537208783,0.381907910719766,0.312649241585261,0.115485829271529,-0.656882497939193,83.9197074230221,26.7059089081722,1.49148512473057,23.8024618645969,76.4952996045143,100.297761469111,321.375578877793,48.5908623680726,51.3128182521547
2000,26,PE,Pernambuco,8149336,2550180,5086390,733512,512766,111439,0.312931016711055,0.624147783328605,0.0900088056253908,0.0629211999603403,0.0136746110357948,,68.2706152510703,19.4918671135374,2.46292489479901,52.4119725980775,15.075332268452,67.4873048665295,28.7631461308614,27.7983768248112,24.1208891449421
2001,26,PE,Pernambuco,8236052,2532209,5180602,748265,523241,114736,0.307454226855294,0.629015212628575,0.0908523889844309,0.0635305605161308,0.0139309465263211,1.06408669368891,68.9020827596812,19.6810893363184,2.33418060293858,51.0981564612645,15.0994495495783,66.1976060108427,29.5498910240032,28.0216642634116,24.4473566442908
2002,26,PE,Pernambuco,8321143,2513933,5271941,763353,535269,117817,0.302113904303772,0.633559716495679,0.0917365559034378,0.0643263792005497,0.0141587519887592,1.03315277756868,69.7284430594063,19.8679120901704,2.18112949229062,49.8414804384819,15.134310905325,64.9757913438069,30.3648903928625,28.2579286283146,24.789405356864
2003,26,PE,Pernambuco,8404555,2495861,5360436,779069,548258,120861,0.29696527656729,0.637801287516115,0.0926960439904314,0.0652334359165952,0.0143804163337619,1.00241036597977,70.0556496236446,19.9645157349711,2.18686656474819,48.6558179204133,15.1876404220581,63.8434583424714,31.2144386245869,28.5048943102877,25.1496372152829
2004,26,PE,Pernambuco,8486414,2478193,5446541,796088,561680,123991,0.292018866861786,0.641795344888901,0.093807349016911,0.0661857882493124,0.0146105292529919,0.973983750478169,70.9150214261804,20.1990863793845,2.06148072540354,47.5466186300311,15.2737468518167,62.8203654818478,32.1237288621185,28.7611525904817,25.5271053441379
2005,26,PE,Pernambuco,8567075,2460677,5530996,815129,575402,127329,0.2872248696317,0.645610783143605,0.0951467099330869,0.0671643472246945,0.0148625989617226,0.9504721311027312,71.3672041925173,20.4546431709014,2.06722526251018,46.5044774703384,15.4051702909075,61.9096477612459,33.126208762873,29.0270318632672,25.9141073194078
2006,26,PE,Pernambuco,8645942,2441955,5614536,836563,589451,130956,0.282439438062388,0.649383953766981,0.0967578778576123,0.0681766081706308,0.0151465277005097,0.920582579235041,72.0433140667986,20.7678572927597,1.98461766069993,45.4958467972718,15.5859309791811,61.0817777764529,34.2579203957485,29.3053841906411,26.3196111012456
2007,26,PE,Pernambuco,8721073,2419854,5697281,860132,603938,134758,0.277472049597567,0.653277526744702,0.0986268547459699,0.0692504236577311,0.0154519977071629,0.86897413838769,72.3531102907055,20.9284031980458,1.92290589183848,44.4737237246896,15.8080912876416,60.2818150123312,35.5447890657866,29.6004828763617,26.7400116624657
2008,26,PE,Pernambuco,8795257,2397629,5778635,885254,618993,138491,0.272604768683849,0.657017185512601,0.100651294214598,0.0703780458035507,0.0157461004266277,0.850629274631687,72.7157226143406,21.0656218847982,1.92814535785604,43.4953978086393,16.0593965503792,59.5547943590185,36.9220592510351,29.8988168282064,27.1647639782911
2009,26,PE,Pernambuco,8868632,2375500,5857981,911481,635151,141990,0.267854162851723,0.660528140078425,0.102775828335193,0.0716176970698525,0.0160103610117096,0.8342564634552521,73.078664007346,21.1904901849197,1.87533486726069,42.5590922829106,16.3299532700988,58.8890455530093,38.3700694590612,30.1994760860525,27.5927700566956
2010,26,PE,Pernambuco,8929674,2348570,5928647,938095,652457,144935,0.263007361746913,0.663926477047202,0.105053667132753,0.073066161205885,0.0162307157013795,0.688291046465794,73.3368121164499,21.1107847294163,1.79646845677307,41.6191078199592,16.6240209788785,58.2431287988376,39.9432420579331,30.5176678342345,28.0388967155429
2011,26,PE,Pernambuco,8982283,2320483,5990581,965141,671219,147425,0.25834000108881,0.666933005784832,0.107449409019956,0.0747269931263577,0.0164128651925129,0.589148047285937,73.6931005189073,21.2497624538857,1.85635248969477,40.7341039721704,16.9422287695296,57.6763327417,41.592246097041,30.8388956348848,28.4931833093598
2012,26,PE,Pernambuco,9039233,2294545,6053020,993185,691668,149934,0.253842886890956,0.669638673989264,0.10987491969728,0.0765184391197793,0.016587026797517,0.634025892971746,73.8375134574046,21.3268225316001,1.84327216160543,39.8947023065101,17.2682688333815,57.1629711398916,43.2846163400587,31.1500781095033,28.9346807947354
2013,26,PE,Pernambuco,9097265,2266753,6116986,1022503,713526,152751,0.249168623756701,0.672398352691716,0.112396747813766,0.0784330235515839,0.0167908706627761,0.642001373346601,74.1861188127006,21.5053910179763,1.80364228381651,39.0280559138252,17.6050519205463,56.6331078343715,45.1087083594904,31.4651433150513,29.3789754556069
2014,26,PE,Pernambuco,9154884,2238526,6180183,1053118,736175,156178,0.244517134242225,0.675069503884484,0.115033461920435,0.0804133618732908,0.0170595280071271,0.633366182033823,74.2360084034599,21.4540523717387,1.82479090508969,38.1789931846556,17.9613660706367,56.1403592552923,47.045153819969,31.7798646056029,29.8204110199147
2015,26,PE,Pernambuco,9213107,2214920,6239380,1084618,758807,160201,0.240409668529846,0.67722864827251,0.117725540363311,0.0823616831976444,0.0173883794033869,0.63597747388171,74.053187574185,21.3254174003909,1.89272659941873,37.4548770801524,18.3411743398952,55.7960514200477,48.9687212179221,32.078523564309,30.247248737204
2016,26,PE,Pernambuco,9262684,2188260,6293076,1116913,781348,164909,0.236244699700432,0.679400916624166,0.120582004092982,0.0843543836754012,0.017803586951687,0.53811379809221,73.9602368686593,21.2630300562624,1.6964687711931,36.7311113651322,18.7479804905102,55.4790918556424,51.0411468472668,32.3916401552725,30.6857393797709
2017,26,PE,Pernambuco,9304183,2158345,6341052,1150876,804786,170567,0.2319757683184,0.681527007798535,0.123694471615616,0.0864972238830642,0.0183322920454166,0.448023488656202,74.2890280656328,21.5407037125803,1.76529422588673,36.0026468891713,19.1973860718383,55.2000329610096,53.3221519265919,32.7243910615258,31.1408599494224
2018,26,PE,Pernambuco,9348293,2134341,6383949,1187463,830003,177169,0.228313447171585,0.682899969010385,0.127024580851285,0.0887865838180297,0.0189520161595277,0.474087837696224,74.7953529481709,21.8171617840914,1.8111247274169,35.4159942878847,19.7040598597293,55.120054147614,55.6360487850817,33.0462321837794,31.5811790367115
2019,26,PE,Pernambuco,9396505,2111956,6427888,1226330,856661,183957,0.224759737796127,0.684072216212305,0.130509162715286,0.0911680459915681,0.0195771725763994,0.515730518930035,75.166060317721,21.8527293007042,1.75488535853843,34.861004529549,20.2424177798789,55.1034223094279,58.0660771341827,33.364682826221,32.0091309823678
2020,26,PE,Pernambuco,9438962,2087351,6470577,1262993,881034,189069,0.221142006928304,0.685517856730433,0.133806344384054,0.093340136341263,0.0200306982907654,0.451838210057898,73.1283045020463,20.2595405686339,1.70121082403824,34.2828372546939,20.7435086254385,55.0263458801324,60.506977504023,33.6704650363038,32.4130861739622
2021,26,PE,Pernambuco,9470176,2061855,6505538,1296978,902783,192460,0.217720874458933,0.686950063018892,0.136953948902322,0.0953290625221749,0.0203227479616007,0.330693141894201,72.4619395301268,20.0682633260147,1.68193791116121,33.7381652445297,21.2224710673251,54.9606363118549,62.9034534436224,33.960557016047,32.7958224471837
2022,26,PE,Pernambuco,9493026,2034187,6531484,1334862,927355,196203,0.214282253098222,0.688029717816005,0.140615015696786,0.0976880290857731,0.0206681199440516,0.241283794514491,74.2906423598193,21.2041572646245,1.57423208666904,33.2167642040458,21.7973059010509,55.0140701050967,65.6214005890314,34.2833954104834,33.2098612997489
2023,26,PE,Pernambuco,9514483,2001692,6555087,1378879,957704,201866,0.210383685587541,0.688958822040041,0.144924217111954,0.100657492372418,0.0212167072031134,0.22602908703715,75.285030423533,22.2179474377702,1.55888887638897,32.6332037368648,22.4796019245141,55.1128056613789,68.8856727208781,34.6505510598947,33.666582211702
2024,26,PE,Pernambuco,9539029,1968747,6578154,1426907,992128,209616,0.206388616703021,0.689604151533662,0.14958618953774,0.104007231763317,0.0219745636584185,0.257985641468905,75.5201141160814,22.3412145507039,1.54411640135605,32.0466681587889,23.2267605347224,55.2734286935113,72.4779263155703,35.0294382164055,34.1259680727851
2025,26,PE,Pernambuco,9562007,1938465,6595115,1476048,1028427,218405,0.202725745756095,0.689720787696558,0.154365919205037,0.107553466547347,0.0228409161382124,0.2408840564380289,75.75257277803,22.463077320537,1.52085752233087,31.5326049931891,24.0105643047395,55.5431692979286,76.1451973597666,35.4092973368457,34.5838761529067
2026,26,PE,Pernambuco,9583176,1906268,6610326,1525672,1066582,228117,0.198918187456851,0.689784472287684,0.159203170222482,0.111297340255464,0.0238039038414822,0.2213865771066639,75.9826642601626,22.5836242325765,1.50108427661723,30.989999408249,24.8026900609894,55.7926894692384,80.0344967234408,35.7905338480687,35.0410646924026
2027,26,PE,Pernambuco,9602780,1870183,6626252,1575348,1106345,238432,0.194754331558153,0.690034760767194,0.164051243494072,0.115210907674653,0.0248294764641073,0.204566836714681,76.2103898067796,22.7029151841683,1.48437991365119,30.3736782449435,25.5852573121535,55.958935557097,84.2349652413694,36.1719554129117,35.4979626425621
2028,26,PE,Pernambuco,9621033,1834545,6639731,1624921,1146757,249009,0.190680668073792,0.690126621538456,0.168892571099174,0.119192710387752,0.0258817322422655,0.190080372558787,76.4357857846473,22.8209533885587,1.4703646597239,29.7740006722316,26.3718791015338,56.1458797737653,88.5735155038443,36.5526672655629,35.9526212672052
2029,26,PE,Pernambuco,9638121,1798265,6651417,1674627,1188439,259780,0.186578379748501,0.690115531855224,0.173750360677149,0.123306088396276,0.0269533864536459,0.177610865693945,76.6587691280149,22.9376187831068,1.45869602690657,29.1678541056626,27.1624460340403,56.3303001397028,93.1245950958285,36.931844702925,36.4052318440316
2030,26,PE,Pernambuco,9654190,1757531,6665575,1724784,1231084,270783,0.182048519865468,0.690433376596069,0.178656521158171,0.127518103538464,0.0280482360508753,0.166723368590205,76.8793015629406,23.0528047656492,1.44906784924608,28.4764516455696,27.9458673417721,56.4223189873418,98.1367611723492,37.3086132549701,36.8539576841536
2031,26,PE,Pernambuco,9668708,1720886,6673724,1775654,1274098,281978,0.177985104111118,0.690239481841834,0.183649563106053,0.131775414047047,0.0291639793031292,0.150380301195652,77.0973765326309,23.1665296640284,1.44120845276381,27.8813862487217,28.7687243769126,56.6501106256343,103.182546664916,37.6831004721624,37.3002591024918
2032,26,PE,Pernambuco,9681125,1688481,6675570,1827443,1317074,293440,0.174409585662823,0.68954486178001,0.188763495977998,0.136045552557167,0.0303105269273974,0.128424604404231,77.3129896812876,23.2788299138302,1.43487828248898,27.3872822637899,29.6412558163148,57.0285380801048,108.23000081138,38.0556881560769,37.7459097652127
2033,26,PE,Pernambuco,9691555,1651144,6680553,1880012,1359858,305273,0.1703693576521,0.68931693623985,0.193984556657833,0.14031370610805,0.0314988667969175,0.107735412981436,77.526187853174,23.3897476515446,1.42986723446454,26.8025496400477,30.5176986101063,57.3202482501539,113.861177462414,38.4258895502321,38.1906521396993
2034,26,PE,Pernambuco,9700083,1613780,6683642,1933377,1402661,317714,0.166367648606718,0.689029361913707,0.199315511011607,0.144602989479575,0.0327537403545928,0.0879941351001001,77.7368969028912,23.49921656351,1.42599187618552,26.2278467187806,31.4220746357099,57.6499213544905,119.804248410564,38.7931297082716,38.6353249251817
2035,26,PE,Pernambuco,9706761,1580406,6680593,1987970,1445762,330947,0.162814969895725,0.688241216611803,0.204802611293304,0.148943813492472,0.0340944832163891,0.068844771740606,77.9450757238755,23.6071655083127,1.42309268596035,25.7462834279701,32.3858799993809,58.132163427351,125.78856319199,39.1568227547789,39.0782200150059
2036,26,PE,Pernambuco,9711579,1549766,6672402,2044223,1489411,344835,0.159579199221877,0.687056347891522,0.210493370851434,0.153364452886601,0.0355076141583156,0.0496355066329501,78.1507070563583,23.7136113014536,1.42103139964258,25.332949740012,33.4154953176006,58.7484450576125,131.905268279211,39.5165990000184,39.5218699383365
2037,26,PE,Pernambuco,9714465,1523836,6656847,2102337,1533782,359256,0.156862575550995,0.685251014852594,0.216413050023856,0.157886409596411,0.0369815527669306,0.0297171036759414,78.3538097127046,23.818597428992,1.41968852081662,25.0289572182149,34.5308175100669,59.5597747282818,137.963468509735,39.8724070754282,39.9631729744607
2038,26,PE,Pernambuco,9715428,1502135,6634561,2162296,1578732,374294,0.154613363405091,0.682889214968193,0.222563123312735,0.162497421626716,0.0385257345327452,0.0099130523399937,78.5544228057098,23.922184041264,1.41896102632514,24.8245867581822,35.7345409359813,60.5591276941635,143.948180423198,40.2240483898393,40.4058822280566
2039,26,PE,Pernambuco,9714513,1481367,6608855,2223767,1624291,390189,0.152490093945008,0.680307391631469,0.228911835312794,0.167202514423523,0.0401655749495626,-0.0094180101998575,78.7524946446251,24.024331724421,1.4187602814731,24.6509165090103,37.0049384470508,61.6558549560612,150.115872704063,40.5712469580307,40.8459834633913
2040,26,PE,Pernambuco,9711713,1461863,6578974,2286090,1670876,407114,0.150525762036007,0.677426732029664,0.235395135749996,0.172047505934329,0.0419198961089563,-0.0288228550417324,78.9479893151096,24.1250275144239,1.41901016693381,24.5124384616417,38.3330315103223,62.845469971964,156.381959184958,40.9137502312929,41.2852405639055
2041,26,PE,Pernambuco,9706928,1443789,6544235,2348293,1718904,425043,0.148737994141916,0.674181883289955,0.241919276623871,0.177080122568129,0.0437875917076958,-0.0492704016273993,79.1408912586878,24.2243128378681,1.41964541110355,24.4095788799911,39.7016760875938,64.111254967585,162.647935397762,41.251512321921,41.7204806132353
2042,26,PE,Pernambuco,9700041,1426809,6504657,2409598,1768575,443798,0.147093089606528,0.670580361464452,0.248411114963329,0.18232654892902,0.045752177748527,-0.0709493260895755,79.3312241513362,24.3222235911323,1.42061011639748,24.3331865529124,41.0939359448424,65.4271224977548,168.880207512008,41.5847028894002,42.1519214377042
2043,26,PE,Pernambuco,9691008,1410646,6460475,2469783,1819887,462693,0.145562360489229,0.666646338543937,0.254853055533542,0.187791300966834,0.0477445689860126,-0.0931233177261848,79.5189804764503,24.4187727749057,1.42185646494038,24.2772019793552,42.5049379760606,66.7821399554158,175.081700157233,41.9133812499174,42.5766866324737
2044,26,PE,Pernambuco,9679813,1395101,6412200,2528733,1872512,482152,0.144124788361097,0.662430152318025,0.261237794573098,0.193445059320877,0.049810053148754,-0.115519458863311,79.70413356366,24.5139145727719,1.42334358764884,24.2374233818435,43.9322832831739,68.1697066650174,181.258059452326,42.2374385744849,42.9966414503717
2045,26,PE,Pernambuco,9666410,1379993,6360601,2585809,1925816,501940,0.142761687120658,0.658010678214559,0.26750458546658,0.199227634664782,0.0519262063165125,-0.138463418663148,79.8866650027898,24.60763383491,1.42503658033982,24.2078213411622,45.3602317507185,69.5680530918807,187.378414238333,42.5566636424484,43.4083662010707
2046,26,PE,Pernambuco,9650765,1365221,6306667,2640243,1978877,521647,0.141462464374586,0.653488816689661,0.2735786230418,0.205048718935753,0.0540523989549015,-0.161849124959523,80.0666112450264,24.6999854526136,1.42690565086992,24.1833163546107,46.768861394636,70.9521777492467,193.393084343121,42.8708684751934,43.8149365882267
2047,26,PE,Pernambuco,9632862,1350686,6251235,2691507,2030941,540987,0.140216479795932,0.648948879367316,0.279408861042544,0.210834640836752,0.0561605678561574,-0.185508609939211,80.2440131005847,24.7910157109756,1.42892538214221,24.159648872076,48.142843012169,72.302491884245,199.269630395221,43.1799048922324,44.2146578009625
2048,26,PE,Pernambuco,9612662,1336230,6194611,2739304,2081821,559880,0.1390072801894,0.644422013381933,0.284968305345595,0.216570706428667,0.0582440119084599,-0.209698841320471,80.4188742785657,24.8807442566885,1.43107409691849,24.1321854939962,49.471567209571504,73.6037527035676,205.002432216011,43.4839420131489,44.608530202187
2049,26,PE,Pernambuco,9590125,1321712,6136994,2783762,2131419,578492,0.137820101406395,0.639928468085661,0.290273797265416,0.222251430507944,0.0603216329297063,-0.234451185322027,80.5912027083192,24.9691584107051,1.43333331160947,24.0983792770041,50.7554993015964,74.8538785786005,210.617895577857,43.7830374473743,44.9975954010647
2050,26,PE,Pernambuco,9565234,1307047,6079049,2825345,2179138,597044,0.136645585460847,0.635535837387773,0.295376464391775,0.22781857715138,0.0624181279830687,-0.25954823320864,80.7610008561236,25.0562250180972,1.43568726748856,24.058255329347,52.0049174999015,76.0631728292485,216.16246393588,44.077041293501,45.3800523168909
2051,26,PE,Pernambuco,9537995,1292239,6021501,2864734,2224255,615733,0.135483296017664,0.63131727370375,0.300349706620731,0.233199430278586,0.0645558107338073,-0.284770869170581,80.928288074112,25.1419193287658,1.4381225290257,24.0147503578317,53.2377306764403,77.2524810342719,221.687628991232,44.3657383968014,45.7564399180408
2052,26,PE,Pernambuco,9508430,1277348,5964792,2902468,2266290,634714,0.134338476488758,0.627316181535753,0.305252076315438,0.238345341975489,0.0667527657036966,-0.309970806233384,81.0930827970544,25.2262267401481,1.44062764022624,23.971486769355,54.4694736755186,78.4409604448737,227.226096568829,44.6489171188093,46.1253790175864
2053,26,PE,Pernambuco,9476537,1262350,5909229,2938551,2304958,653911,0.133207942943715,0.623564177504926,0.310087007521841,0.243227879551359,0.0690031601206221,-0.335418149999522,81.2554029037923,25.3091776157685,1.44319283096425,23.9279207284202,55.7004122346576,79.6283329630778,232.784172376916,44.9266623451162,46.4795788476913
2054,26,PE,Pernambuco,9442291,1247150,5854726,2972920,2340415,673373,0.132081292559189,0.62005354420871,0.314851554564459,0.247865163232101,0.0713145782098857,-0.36137673498241,81.4152492243229,25.3907593596791,1.44580976630745,23.8816013339918,56.9282686427863,80.8098699767781,238.377099787516,45.1992207187853,46.8273304837316
2055,26,PE,Pernambuco,9405683,1231713,5800837,3005943,2373133,693427,0.130954126351058,0.616737455429871,0.319587955494566,0.25230841821907,0.0737242579831789,-0.38770251838246,81.5726498553991,25.4709383830494,1.44847133273981,23.8333313661093,58.1642278571687,81.997559223278,244.045731432566,45.4666228917134,47.1712518535862
2056,26,PE,Pernambuco,9366764,1216098,5746875,3038024,2403791,714384,0.129831177555023,0.613538998100091,0.324340828913806,0.256629824344886,0.0762679619129936,-0.413781753010389,81.7276260946434,25.5496963920452,1.45117145599784,23.7860972859042,59.4218018785591,83.2078991644633,249.817366692487,45.7286202577539,47.5108583247156
2057,26,PE,Pernambuco,9325655,1200443,5692286,3069424,2432926,736403,0.128724791985121,0.6103899404385,0.329137631619441,0.260885267576379,0.0789652844759966,-0.438881560376669,81.8801885472677,25.6270333905297,1.45390494595417,23.7439346744761,60.7110899428536,84.4550246173297,255.690940761036,45.9847638584099,47.8419213867976
2058,26,PE,Pernambuco,9282407,1184799,5637049,3100292,2460559,759483,0.127639199617082,0.607283110943099,0.333996559297605,0.265077689439819,0.081819618553679,-0.4637529481843369,82.0303624599047,25.7029671337444,1.4566673646119,23.7087068338284,62.039142611754,85.7478494455824,261.672401816679,46.2349955135559,48.1544324805699
2059,26,PE,Pernambuco,9237027,1169160,5581237,3130405,2486630,783377,0.126573192868225,0.604224389514072,0.338897461271901,0.269202417617703,0.0848083479673709,-0.488881816968378,82.1781634574507,25.7775134162218,1.45945491382444,23.6793721146613,63.4010955426087,87.0804676572701,267.748212391803,46.4793868200234,48.4646021996164
2060,26,PE,Pernambuco,9189550,1153530,5524519,3158739,2511501,807629,0.125526277130001,0.601174050960058,0.343731629949236,0.273299671909941,0.0878855874335522,-0.513985722895471,82.3236157463752,25.8507121643347,1.46226433983521,23.651087562927,64.7643430837797,88.4154306467066,273.832410080362,46.7178101212791,48.7757282403611
2061,26,PE,Pernambuco,9140068,1137971,5466521,3184428,2535576,831580,0.124503559492118,0.598083187127273,0.348403097219846,0.277413253380609,0.090981817640744,-0.538459445783523,82.4667458252127,25.9225203191331,1.46509285214704,23.6207800909527,66.098937058565,89.7197171495177,279.833844623457,46.9499106571198,49.0917191862784
2062,26,PE,Pernambuco,9088692,1122594,5407001,3207461,2559097,854684,0.123515462951105,0.594915197918468,0.352906776904752,0.281569339130427,0.0940381740298824,-0.562096474555773,82.6075429223395,25.9929544186946,1.46793805459114,23.59066262041,67.4029349160274,90.9935975364374,285.718701507402,47.1750367379597,49.3967732804982
2063,26,PE,Pernambuco,9035515,1107510,5345810,3227995,2582195,876796,0.122572980068098,0.591644195156557,0.357256337906583,0.285782824775345,0.0970388516869265,-0.585089691674001,82.7460370328686,26.062073948999,1.4707978867748,23.5639924170374,68.680598551918,92.2445909689554,291.464185424962,47.3926799966576,49.6958391540236
2064,26,PE,Pernambuco,8980627,1092786,5283170,3246282,2604671,897865,0.121682595213007,0.588285205476188,0.361476097381619,0.290032199310805,0.0999779859468609,-0.607469524426663,82.8822622913636,26.1299299817601,1.47367057435399,23.5435119967235,69.9394750772316,93.4829870739551,297.064750097457,47.6025943400166,49.9900479188943
2065,26,PE,Pernambuco,8924078,1078440,5220088,3262454,2625550,917487,0.120846097490407,0.584944237376679,0.365578830664636,0.294209665132913,0.102810284715127,-0.629677638320802,83.0162634512997,26.1965709748808,1.47655458680552,23.5303666621283,71.1831338213783,94.7135004835067,302.516041689848,47.8046430118607,50.2990140040011
2066,26,PE,Pernambuco,8865961,1064513,5157439,3275983,2644009,935168,0.12006741288395,0.581712349061766,0.369501174209993,0.298220238054284,0.105478469846642,-0.651238144713662,83.1480543209705,26.2621222243782,1.47944860156965,23.5227319181565,72.3899753947937,95.9127073129502,307.744762158846,47.998514430641,50.5900422420395
2067,26,PE,Pernambuco,8806387,1051025,5095285,3285458,2660077,950616,0.11934803682827,0.578589721301142,0.373076722610533,0.302062241870588,0.10794619859427,-0.67194069543054,83.2776433856781,26.3264979323379,1.482351473602,23.5133685197713,73.5017575321528,97.0151260519242,312.59560904831,48.1838966422893,50.8613447177309
2068,26,PE,Pernambuco,8745471,1038050,5033466,3293516,2673955,963680,0.118695722620314,0.575551162424528,0.376596755051843,0.305753114955158,0.110191892466398,-0.691725221705564,83.4050528297214,26.3897176226191,1.48526220951669,23.5177241014476,74.6168302217651,98.1345543232127,317.279129136361,48.3605626272158,51.1061508873453
2069,26,PE,Pernambuco,8683293,1025647,4971745,3300130,2685901,974538,0.118117285688736,0.572564463735129,0.38005512424837,0.309318250576135,0.112231385028698,-0.710973714280227,83.530321998123,26.4518026477799,1.48817994562555,23.5374236147383,75.734202697133,99.2716263118713,321.760800743336,48.5283928574102,51.3688584566007
2070,26,PE,Pernambuco,8619955,1013849,4910007,3302168,2696099,983636,0.11761650727875,0.569609354109157,0.383084134429936,0.312774138612093,0.11411150058208,-0.729423733599688,83.6535145477145,26.5128282385387,1.49110392928229,23.5563105230605,76.7243394305401,100.280649953601,325.706096272719,48.6874644937242,51.6305746051104
2000,27,AL,Alagoas,2882661,1024093,1714428,207428,144140,34131,0.355259602152317,0.594737986880872,0.0719571257251546,0.0500024109668116,0.0118401019058432,,68.4734246387451,19.6406895302814,2.9362588264534,62.0233899003113,12.5627142459149,74.5861041462262,20.2548010776365,25.6187768870498,21.703990995393
2001,27,AL,Alagoas,2918610,1021565,1750016,212276,147029,34449,0.350017645385989,0.599605976817732,0.0727318826427649,0.0503763777962797,0.0118032213964867,1.24707691955455,68.2945515171917,19.6462354596235,2.86951383064954,60.6353155833233,12.599709515073,73.2350250983963,20.7794902918561,25.8355038871244,22.0135412974123
2002,27,AL,Alagoas,2951483,1017005,1784233,217393,150245,34757,0.344574236070477,0.604520845961166,0.0736555148716764,0.0509049179683569,0.0117761139061279,1.12632383223521,69.0471002227507,19.8182652592114,2.70841738004357,59.2285763372227,12.6605846536427,71.8891609908653,21.3758044454059,26.0775681242277,22.3604909744784
2003,27,AL,Alagoas,2981741,1010896,1817022,222908,153823,35096,0.339028775470438,0.609382907502697,0.0747576667457033,0.0515883170268645,0.0117703046642884,1.02517954533365,69.7268026940047,20.0060565152238,2.61313125911959,57.8336633414133,12.7526335331308,70.5862968745441,22.0505373450879,26.3428366179356,22.7291144671357
2004,27,AL,Alagoas,3009912,1003526,1848562,228986,157824,35542,0.333407089642488,0.614158154789907,0.076077307243534,0.0524347555676046,0.0118083186485186,0.94478360125847,70.8825557515361,20.3690974387203,2.41196239412054,56.4603353212558,12.8832001800383,69.343535501294,22.8181432269817,26.6293994641704,23.1202577948093
2005,27,AL,Alagoas,3036152,994780,1879138,235691,162234,36125,0.327644992740811,0.618920923590123,0.0776281951628245,0.0534340836690653,0.0118982844073683,0.87178628478175,71.027410807491,20.5859549114871,2.42676940462271,55.0916800918878,13.0527485198105,68.1444286116983,23.6927762922455,26.9351491624925,23.5339738596036
2006,27,AL,Alagoas,3060167,984118,1909094,242962,166955,36821,0.321589638735402,0.623852881231645,0.0793950134093989,0.0545574800329525,0.0120323498684876,0.790968304617157,71.5090679989843,20.7908613760701,2.29110222711462,53.6863771332184,13.254253616986,66.9406307502044,24.6882995738316,27.2583496260171,23.9631624299871
2007,27,AL,Alagoas,3081004,970326,1938723,250768,171955,37601,0.31493824740247,0.629250400194222,0.0813916502542678,0.0558113524033075,0.0122041386509073,0.680910551613678,71.5484227776904,20.9391708644145,2.21695882245734,52.1705888994629,13.4828029313246,65.6533918307875,25.8436855242465,27.6054549101527,24.4221662644703
2008,27,AL,Alagoas,3100630,955464,1967977,259017,177189,38405,0.308151569197228,0.634702302435312,0.0835368941150669,0.0571461283674608,0.012386192483463,0.637000146705424,71.7758956965582,20.9214280499709,2.22337428613511,50.6568675115275,13.7325842231976,64.3894517347251,27.1090276556731,27.9554432486301,24.8844450643328
2009,27,AL,Alagoas,3118274,938910,1996639,267692,182725,39214,0.301099261963509,0.640302616126742,0.0858462085115035,0.0585981219097488,0.0125755466004591,0.569045645562349,71.9552776439125,21.0036381234633,2.05738077448511,49.1145970647684,14.0030298084609,63.1176268732293,28.5109328902664,28.3157663502309,25.3614945474469
2010,27,AL,Alagoas,3131625,920249,2022905,276644,188471,39952,0.29385670378797,0.645960164451363,0.0883388017403105,0.0601831317606674,0.01275759390093,0.428153523391472,71.7788838912881,20.7268180198986,2.03302168482685,47.5646756243242,14.2988279513648,61.863503575689,30.0618636912401,28.6895365824452,25.851848895983
2011,27,AL,Alagoas,3142169,901453,2046282,285876,194434,40615,0.286888770145718,0.651232317548802,0.0909804660411327,0.0618789123054807,0.0129257847047692,0.336694208278443,71.9437853619132,20.7664699327822,2.01126343007763,46.1139019050152,14.6240101491682,60.7379120541835,31.7128014438911,29.0595139854031,26.3409836361015
2012,27,AL,Alagoas,3152317,882502,2069013,295597,200802,41331,0.279953443768504,0.656346744315372,0.0937713434277073,0.0636998119161239,0.0131113082853025,0.322961623006268,72.1969873577275,20.835190960241,1.95884274812058,44.7013450388964,14.9728652053623,59.6742102442587,33.4953348547652,29.4300183008244,26.8295156352504
2013,27,AL,Alagoas,3162669,863496,2091530,305820,207643,42161,0.273027623187883,0.661318019685272,0.0966968089294201,0.0656543571268444,0.0133308291193293,0.328393369067892,72.4288658985814,20.993518116253,1.9404096912463,43.3187699318686,15.3419891007764,58.660759032645,35.4164929542233,29.8015467315739,27.3183035879245
2014,27,AL,Alagoas,3172381,844411,2113084,316416,214886,43110,0.266175784056203,0.666087711406669,0.0997408571038598,0.0677365045371284,0.0135891622097094,0.307082404133974,72.6953914393565,20.9744307517366,1.88221453410743,41.9780428464759,15.7299282047611,57.707971051237,37.4717998699685,30.175341801631,27.8079697923694
2015,27,AL,Alagoas,3181178,826435,2132420,327090,222323,44113,0.259788983829261,0.670324012048367,0.102820401750546,0.0698870041223723,0.0138668757296825,0.277299605564396,72.6385823256178,20.7637187078189,1.91004645495383,40.7582066556753,16.1314583905629,56.8896650462382,39.5784302455729,30.5432968541842,28.2916223808078
2016,27,AL,Alagoas,3187906,809464,2148472,337806,229970,45199,0.253917148121682,0.673944589332308,0.105964855927371,0.0721382625460098,0.0141782725086624,0.2114939811604489,72.987456419792,20.7216497899202,1.77807911459723,39.6672409974145,16.5539567076147,56.2211977050292,41.7320597333544,30.9163739457813,28.7795348657374
2017,27,AL,Alagoas,3193155,793744,2161301,348918,238110,46474,0.248576721142569,0.676854396357208,0.109270611667771,0.0745688825002231,0.0145542574663616,0.164653537463155,73.4717117999585,20.9710491963975,1.84096214060764,38.7099102508519,17.0162980317416,55.7262082825935,43.9585055131125,31.2961760390585,29.2722690884892
2018,27,AL,Alagoas,3200128,782144,2171146,360668,246838,47978,0.244410223591056,0.67845598676053,0.112704241830327,0.0771337896484141,0.014992525298988,0.218373364274527,74.0171474386283,21.1783194313635,1.92596622450777,38.0176890667258,17.5309966966669,55.5486857633927,46.1127362736274,31.6540744620215,29.7404741491037
2019,27,AL,Alagoas,3208704,772464,2180320,373059,255920,49597,0.240740186692197,0.679501755225786,0.116264697522738,0.0797580580820169,0.0154570194072124,0.267989280428793,74.388341638644,21.2103128836906,1.86402860518352,37.4404378481578,18.0817388295065,55.5221766776642,48.2946778102281,32.0024717144367,30.1919261171157
2020,27,AL,Alagoas,3214823,761917,2188588,384940,264318,50958,0.237001228372448,0.680780248243838,0.119739096055988,0.0822185233837135,0.0158509504255755,0.190700045875225,72.4951143728139,19.8550796719938,1.80628475608588,36.843787567107,18.6144259625158,55.4582135296228,50.5225634813241,32.3458955594134,30.6345832654391
2021,27,AL,Alagoas,3217819,751482,2194446,396164,271891,52042,0.233537684997198,0.681966885023676,0.123115687986179,0.0844954299791256,0.0161730662911742,0.0931933111091965,71.9772842471428,19.7289102789778,1.83800176937327,36.3004444556083,19.1367581356727,55.437202591281,52.7176964983859,32.6730673788675,31.0582942579796
2022,27,AL,Alagoas,3218381,741072,2197371,408273,279938,53257,0.230262358620685,0.682756640683623,0.126856640031121,0.0869810006956914,0.016547761125858,0.0174652458699409,73.3874213393946,20.4507219065954,1.74004271337443,35.8172598253486,19.732522778724,55.5497826040726,55.0922177602176,33.0206992273444,31.5120538928314
2023,27,AL,Alagoas,3218607,729209,2200034,422277,289364,54899,0.226560434374249,0.683536076321216,0.13119868315703,0.0899034893045345,0.0170567577837244,0.0070221642496592,74.1319000375206,21.3274112199384,1.79487530834871,35.2765513000932,20.428267140627,55.7048184407202,57.9089122597225,33.39646188553,31.9971498620901
2024,27,AL,Alagoas,3220104,718346,2201720,437667,300038,57093,0.2230816147553,0.683741891566235,0.13591703870434,0.093176493678465,0.0177301726900746,0.0465108042081663,74.3944405076485,21.466771149948,1.75417638992075,34.8020508785708,21.2038616514485,56.0059125300193,60.9270462980235,33.7788133550966,32.4911202326685
2025,27,AL,Alagoas,3220848,708064,2201443,453604,311341,59598,0.21983775701306,0.683497948366393,0.140833718325112,0.0966642946205471,0.0185038225957884,0.0231048438187109,74.654204711334,21.6049223858541,1.73652665133205,34.3857263570936,22.0283802290232,56.4141065861168,64.0625706150856,34.1675745021187,32.9889295872639
2026,27,AL,Alagoas,3221128,696787,2201112,469823,323229,62348,0.216317699886499,0.683335775541984,0.145856668843958,0.100346524571517,0.0193559523247757,0.0086933627417407,74.911664972628,21.7418738944176,1.71970940738751,33.9148647030593,22.8677967289651,56.7826614320244,67.4270616415059,34.5587940001142,33.4949853481365
2027,27,AL,Alagoas,3220940,685125,2200237,486131,335578,65261,0.212709643768589,0.683104000695449,0.150928300434035,0.104186355535962,0.0202614764633927,-0.0058364647415487,75.1666262767085,21.8775748534522,1.70371124567021,33.4258841850744,23.7173632618491,57.1432474469235,70.955081189564,34.9516675256292,34.0005407091609
2028,27,AL,Alagoas,3220302,673262,2198552,502480,348488,68317,0.209067969401628,0.682716093086922,0.156035055097317,0.108215937511451,0.0212144699472286,-0.0198078821710412,75.4190289755155,22.0119721568408,1.68851674627654,32.9294322494816,24.5764369839966,57.5058692334781,74.6336493074019,35.3457917921984,34.5116158795176
2029,27,AL,Alagoas,3219223,661380,2195887,518947,361956,71557,0.20544709080421,0.682117082289733,0.161202563475721,0.112435826906058,0.0222280345288288,-0.0335061742656406,75.6688226908924,22.1449788970899,1.67410877207865,32.4381429950326,25.4523526457455,57.8904956407781,78.4642716743778,35.7407700553829,35.0216322619618
2030,27,AL,Alagoas,3217685,649039,2192774,535569,375872,75026,0.201709924992658,0.68147565718832,0.166445441365454,0.116814417819022,0.0233167634494986,-0.047775503592018,75.915883943116,22.276611056347,1.66046873824292,31.9239753339396,26.3427799340605,58.2667552680002,82.5172293190394,36.1361892167816,35.5355861554095
2031,27,AL,Alagoas,3215565,637318,2188246,552386,390001,78710,0.198197828375418,0.680516798758539,0.171785051771617,0.121285372866044,0.024477813385828,-0.0658858775796856,76.1603286357173,22.406997380524,1.64757686096137,31.4591178763005,27.2667275790392,58.7258454553397,86.673528756445,36.5319777395263,36.0491517642885
2032,27,AL,Alagoas,3212764,625922,2182663,569430,404179,82576,0.194823522673934,0.679372341074539,0.177239909311733,0.125804136251527,0.0257024792359476,-0.087107553415966,76.4021222555815,22.5361345652121,1.63541238566638,31.0259877506429,28.2257664770508,59.2517542276937,90.9745942785203,36.9280230356167,36.5665806666389
2033,27,AL,Alagoas,3209302,612240,2178720,586623,418342,86570,0.190770454136133,0.678876590610669,0.182788344630702,0.130352955253198,0.0269747128814926,-0.107757681547727,76.6412586564154,22.6640830197108,1.62395379524546,30.4530503039386,29.1788509872719,59.6319012912105,95.8158565268522,37.3235971560171,37.0836960160696
2034,27,AL,Alagoas,3205235,598081,2174580,603982,432574,90684,0.186595054652779,0.678446354167479,0.188436105308971,0.134958591179742,0.0282924652950564,-0.126725375175041,76.8777300898915,22.7907444256592,1.61317899896101,29.8566972781169,30.1512800698093,60.0079773479262,100.986655653666,37.7182733871307,37.6022724897038
2035,27,AL,Alagoas,3200566,585342,2168319,621700,446905,94934,0.182887026857125,0.677479858250072,0.194246892580875,0.139633114892803,0.0296616285994415,-0.14566794634403,77.1113945170422,22.9159903677618,1.60306550291925,29.362174721749,31.1859802039002,60.5481549256493,106.21141144835,38.1114696588041,38.1197200857395
2036,27,AL,Alagoas,3195285,572846,2161072,639984,461367,99279,0.179278530710093,0.676331532242038,0.200290114966271,0.144389937047869,0.0310704678925354,-0.165002065259712,77.3421163341051,23.0396640340087,1.59359056303101,28.8957883028871,32.2823973305825,61.1781856334696,111.720078345664,38.5027992808153,38.637328824666
2037,27,AL,Alagoas,3189412,561126,2152291,658955,475995,103744,0.175933996611288,0.674823760617945,0.206607048571962,0.149242242770768,0.0325276257818055,-0.183802070863792,77.5699948952742,23.1617516989188,1.58473132147126,28.4932294266429,33.4608554884882,61.9540849151311,117.434408671136,38.8919017047656,39.1533331926478
2038,27,AL,Alagoas,3182970,549931,2142318,678615,490721,108349,0.172772913348225,0.673056296477818,0.213201820940819,0.154170790173957,0.0340402202973952,-0.201980803985191,77.7948806442672,23.2821915548278,1.57646492768064,28.1377531180542,34.7219948179105,62.8597479359648,123.400026548785,39.2781345724276,39.6672941873255
2039,27,AL,Alagoas,3176006,538509,2131949,698836,505548,113215,0.169555410159804,0.671267308688963,0.220036108244128,0.159177281151232,0.0356469729591191,-0.218789369676753,78.0167462132583,23.4009674549584,1.56876864496633,27.7773679874924,36.0473543337386,63.824722321231,129.77239006219,39.6607786635164,40.1781744766762
2040,27,AL,Alagoas,3168526,527801,2120060,719358,520665,118395,0.166576193472927,0.669099764369931,0.227032380356039,0.164324042157142,0.0373659550213569,-0.235515927866636,78.235655115529,23.518133509542,1.56161994375504,27.4700772939267,37.4399060668784,64.9099833608051,136.293413616117,40.0393754067349,40.6820533827778
2041,27,AL,Alagoas,3160453,517513,2106661,739797,536279,123866,0.163746462927941,0.666569317752866,0.234079418361861,0.169684219319193,0.0391924828497687,-0.254787241764787,78.4516033685203,23.6338091427529,1.5549965825329,27.1925441230638,38.8723811085137,66.0649252315774,142.952350955435,40.4140985485309,41.1805904522613
2042,27,AL,Alagoas,3151719,507600,2091618,759844,552501,129552,0.1610549671465,0.663643554517392,0.241088751884289,0.175301478336108,0.0411051873596599,-0.276352788666689,78.6646275506615,23.7480737919493,1.54887667747736,26.9387430178716,40.3255363468708,67.2642793647424,149.693459416864,40.7849411701995,41.6664539388239
2043,27,AL,Alagoas,3142351,498045,2074972,779433,569334,135518,0.158494388437192,0.660324705928778,0.248041355023675,0.18118090563403,0.0431263089323885,-0.297234620218367,78.8746662685141,23.8609368402176,1.54323876174875,26.7066443666673,41.7955002833973,68.5021446500647,156.498509170858,41.151477349284,42.1433116722506
2044,27,AL,Alagoas,3132360,488836,2056869,798545,586655,141756,0.156059967564392,0.656651534306402,0.254933979491502,0.187288498129206,0.0452553346358656,-0.317946658409585,79.0817045706137,23.9723638730761,1.53806183536571,26.4954777263047,43.2820644571022,69.777542183407,163.356422194765,41.5133084958306,42.6052570473227
2045,27,AL,Alagoas,3121782,479982,2037570,816969,604230,148190,0.153752568244676,0.652694518707584,0.261699567746883,0.19355291304774,0.0474696823801278,-0.337700647435157,79.285832466956,24.0823566627736,1.53332540654095,26.3028192747712,44.7695704424136,71.0723897171848,170.208257809668,41.8700005317476,43.0585726272609
2046,27,AL,Alagoas,3110594,471464,2017437,834453,621693,154664,0.151567192632661,0.648569694405634,0.268261624628608,0.199863112961704,0.0497216930271196,-0.358385050589693,79.487044883783,24.1909247831796,1.52900952530381,26.1245641186761,46.2383573348583,72.3629214535343,176.991880610184,42.2214438785647,43.4959666802308
2047,27,AL,Alagoas,3098820,463270,1996795,850818,638755,161068,0.149498841494504,0.644372696703907,0.274561930024977,0.206128461801589,0.0519772042261248,-0.378512914253681,79.6852978692417,24.2980220264165,1.52509481018455,25.9573986458471,47.6720314310496,73.6294300768967,183.654888078227,42.5672820622043,43.9259439826439
2048,27,AL,Alagoas,3086446,455360,1975727,865919,655359,167372,0.147535385359083,0.640130104333593,0.280555370157132,0.212334510307324,0.0542280668445196,-0.3993132869931079,79.8805878423325,24.4036581706178,1.52156246868346,25.7969925791724,49.0559250201256,74.852917599298,190.161410751933,42.9074300992144,44.3435405762364
2049,27,AL,Alagoas,3073469,447696,1954292,879832,671481,173627,0.145664719572574,0.635858699079119,0.286266755903508,0.218476581348307,0.0564921917221225,-0.420451224482787,80.072929562756,24.5077968330725,1.51839431219679,25.642103599148,50.3929972433204,76.0351008424683,196.524427289947,43.2416770756432,44.7539537185992
2050,27,AL,Alagoas,3059905,440285,1932701,892879,686919,179861,0.143888454053312,0.631621243143169,0.291799582013167,0.224490302803518,0.0587799294422539,-0.441325420884353,80.2623039945617,24.6103602910973,1.51557276602118,25.4980335788633,51.7089129174555,77.2069464963188,202.795689155888,43.5696850065607,45.1560746038842
2051,27,AL,Alagoas,3045746,433128,1911190,905506,701428,186112,0.142207524855979,0.627494873177212,0.29730187612493,0.230297601966809,0.06110555509225,-0.462726784001466,80.4486814099949,24.7112604784999,1.51308087500949,25.3719732507299,53.0431512402233,78.4151244909531,209.061986295044,43.8910739766218,45.5487924405016
2052,27,AL,Alagoas,3031006,426225,1889944,918038,714837,192409,0.140621628594599,0.623536871916453,0.302882277369296,0.235841499488949,0.063480243853031,-0.483953684910032,80.6320925232792,24.8104944250151,1.51090230540452,25.2691133148322,54.4266672516204,79.6957805664526,215.388116605079,44.2056079730624,45.9329073482428
2053,27,AL,Alagoas,3015679,419534,1869125,930497,727020,198715,0.1391175917596,0.619802372865282,0.308553065495366,0.241080035375118,0.0658939495881359,-0.505673693816511,80.8125460282698,24.9080482354364,1.50902134333213,25.1874345600031,55.8639640548303,81.0513986148334,221.79298936439,44.5133868690932,46.2994388995191
2054,27,AL,Alagoas,2999739,412993,1848688,942746,738058,205037,0.137676311172405,0.616282949949979,0.314276008679422,0.246040738877616,0.06835161325702,-0.528570845902365,80.9900634919386,25.0039352686104,1.50742289039332,25.1212287104623,57.3446472019465,82.4658759124088,228.271665621451,44.8145758681005,46.6648524741317
2055,27,AL,Alagoas,2983211,406603,1828347,954754,748261,211524,0.136297097322315,0.612878874474518,0.320042397269251,0.250824028203168,0.0709048069345413,-0.55098126870371,81.1646996351888,25.0981473577844,1.50609245675472,25.0702590985378,58.8680608735435,83.9383199720813,234.812335373817,45.1088551899279,47.0284873560855
2056,27,AL,Alagoas,2966097,400368,1807658,966445,758071,218316,0.134981425084884,0.609439947513517,0.325830544314633,0.255578627401599,0.073603796504295,-0.573677155253183,81.3365168492354,25.1906738548145,1.50501615209966,25.0342028057556,60.4298548600499,85.4640576658055,241.389171961795,45.3960588611903,47.3769180413721
2057,27,AL,Alagoas,2948424,394285,1786325,977733,767814,225507,0.133727374353214,0.605857570010284,0.331612074789786,0.260415055636503,0.0764839114048726,-0.595833514547905,81.5054908509598,25.2814710923028,1.50418067476709,25.0116404022822,62.0229179538774,87.0345583561595,247.97621010183,45.6759292421985,47.7105441164534
2058,27,AL,Alagoas,2930198,388328,1764358,988620,777512,233093,0.132526197888334,0.602129275905587,0.337390169538031,0.265344526206079,0.0795485492789225,-0.618160752998886,81.6716561176765,25.3705813450837,1.50357329937287,25.0009979076131,63.6484789956543,88.6494769032673,254.583753939968,45.9486457911718,48.0271429346941
2059,27,AL,Alagoas,2911393,382452,1741899,998977,787042,240994,0.131363920982155,0.598304316868248,0.343126812491477,0.270331762149596,0.0827761830848669,-0.641765505266201,81.8350539517546,25.4580727345826,1.50318186317812,24.9974509204138,65.2941507120429,90.2916016324567,261.203235961637,46.2146068909282,48.3441894992577
2060,27,AL,Alagoas,2892036,376641,1719014,1008299,796381,249038,0.130233856010091,0.594395782071869,0.348646766499449,0.27537036191804,0.0861116528286646,-0.664870733700329,81.9956985437679,25.5439453914748,1.50299475144119,24.9911750810831,66.9034354812169,91.8946105622999,267.708242066052,46.4736206603237,48.6552997393571
2061,27,AL,Alagoas,2872158,370914,1695785,1015812,805459,256955,0.129141224124857,0.590421905758666,0.353675528992486,0.280436870116477,0.0894640893711279,-0.687335842292425,82.1536158371344,25.6280840941761,1.50300088196437,24.9701097054594,68.3849546798507,93.3550643853101,273.867257639237,46.7253048056548,48.959880518484
2062,27,AL,Alagoas,2851768,365276,1672302,1021607,814190,264539,0.128087558314702,0.586408852333009,0.358236364248424,0.28550358935229,0.0927631560491597,-0.709919161828843,82.3087920420513,25.7104914897115,1.50318968902276,24.9354727504207,69.7397406622363,94.675213412657,279.68084407407,46.9693214875824,49.2548232836805
2063,27,AL,Alagoas,2830890,359723,1648595,1025958,822572,271761,0.127070638562431,0.582359258042524,0.362415353475409,0.290570103395045,0.0959984315886523,-0.732107240140156,82.4612436459482,25.7912547184417,1.50355110684123,24.8907251477122,70.9902858340904,95.8810109818026,285.207784878921,47.205510281219,49.5403759523942
2064,27,AL,Alagoas,2809534,354260,1624788,1029229,830486,278615,0.126092085021929,0.57831227527412,0.366334417024318,0.295595639703951,0.0991676911544762,-0.754391728396375,82.611040586593,25.8704526008334,1.5040755527657,24.8421333127636,72.1736691338632,97.0158024466269,290.529272285892,47.4338274603546,49.8189559216385
2065,27,AL,Alagoas,2787727,348876,1601402,1031696,837449,284957,0.125147118064287,0.574447210935648,0.370085019085441,0.300405671000066,0.102218402304099,-0.776178540640549,82.7582226439484,25.94818798848,1.50475391025709,24.7930043243282,73.3178647696949,98.110869094023,295.71996927275,47.6540486209733,50.0935467664052
2066,27,AL,Alagoas,2765493,343576,1579207,1033363,842710,290633,0.124236799731549,0.571039955624549,0.373663213032902,0.304723244643903,0.105092654365786,-0.7975673371173,82.9028924784974,26.0247377092183,1.5055775118199,24.7434381378038,74.4200801697305,99.1635183075343,300.766933662421,47.8658839490825,50.3496198696696
2067,27,AL,Alagoas,2742851,338364,1558115,1033785,846372,295529,0.123362151279818,0.568064032643406,0.376901625352598,0.308573816076776,0.107745189220997,-0.8187328624588821,83.0450257168072,26.0999323322309,1.50653812196272,24.6854531473654,75.4201131974711,100.105566344836,305.52452388552,48.0691069256041,50.5928010471204
2068,27,AL,Alagoas,2719843,333262,1537873,1034258,848708,299577,0.122529866613624,0.565427122080208,0.380263860818437,0.312043011306167,0.110144960573092,-0.838835211974698,83.1846066515592,26.1737506172383,1.50762792027474,24.6436687093246,76.4801012775794,101.123769986904,310.343813576105,48.2634898411416,50.8336769089339
2069,27,AL,Alagoas,2696481,328288,1518123,1033743,850070,302855,0.121746824843194,0.563001556473048,0.383367433332555,0.315251618683759,0.112314902274483,-0.8589466377287189,83.3217069707086,26.2462411392143,1.50883948469,24.6009966652928,77.465847352842,102.066844018135,314.889060824642,48.448760069142,51.0964708840952
2070,27,AL,Alagoas,2672812,323441,1498627,1031799,850744,305630,0.121011503989057,0.560693007963149,0.386035007325618,0.318295488047794,0.11434773564321,-0.8777736613015291,83.4563665714629,26.3174090592474,1.51016577500085,24.5482599812382,78.3106350165304,102.858894997769,319.006866785596,48.624930971576,51.3596105702364
2000,28,SE,Sergipe,1826301,612436,1115704,138516,98161,23373,0.335342312138032,0.610909154624566,0.0758451098696217,0.0537485332374017,0.0127979998915841,,69.4781125069327,20.1726763407556,2.69885659777416,56.9523010669094,12.8810274617822,69.8333285286916,22.6172204116022,26.3486068287758,22.6999325785881
2001,28,SE,Sergipe,1854456,610289,1144085,141721,100082,23617,0.329093275871738,0.616938336633493,0.0764218725060072,0.0539683874947694,0.0127352711522948,1.54164072625487,69.6276570356405,20.2115490201758,2.42119278902071,55.3577227365331,12.8551421112689,68.2128648478021,23.2219489454996,26.5903612703672,23.0407310114962
2002,28,SE,Sergipe,1881740,607306,1172190,145164,102244,23930,0.322736403541403,0.622928778683559,0.0771434948505107,0.054334817775038,0.0127169534579698,1.47126704543004,70.6350717124766,20.4671398760982,2.25605550566233,53.7786357558423,12.8546760296475,66.6333117854898,23.9029418448031,26.854560672569,23.4174876847291
2003,28,SE,Sergipe,1908496,603866,1199943,148940,104687,24322,0.316409361088522,0.628737498008903,0.0780405093854009,0.0548531409025746,0.0127440665319707,1.42187549820911,71.3516996897097,20.622808041007,2.24946585422822,52.2515553478874,12.8875390459379,65.1390943938253,24.6644123033918,27.1371750320671,23.8122783155986
2004,28,SE,Sergipe,1934956,600168,1227387,153109,107401,24805,0.310171394078212,0.63432295101284,0.0791278974819066,0.0555056549089488,0.0128194129478913,1.38643203863147,72.1389817707496,20.9410906058815,2.10548284833876,50.7894275856641,12.9569028475584,63.7463304332226,25.5110235800642,27.4338253686389,24.2267602238946
2005,28,SE,Sergipe,1961295,596245,1254677,157743,110373,25376,0.304005771696762,0.639718655276233,0.0804279825319495,0.0562755730270051,0.0129383901962734,1.36121958328768,72.5210902786902,21.1373929809684,2.13565174005165,49.3863615468145,13.0656908309154,62.4520523777299,26.4560709104479,27.741357623407,24.6542202244828
2006,28,SE,Sergipe,1988308,592681,1282070,162861,113557,26009,0.298083093766157,0.644804527266399,0.0819093420134104,0.0571123789674437,0.0130809713585622,1.37730428109999,73.2226792128026,21.417479331377,2.08844892856124,48.0773317888391,13.2110230165336,61.2883548053726,27.4786942722983,28.0473608716557,25.0809242456214
2007,28,SE,Sergipe,2014700,588043,1309691,168430,116966,26688,0.291876209857547,0.650067503846727,0.0836005360599593,0.0580562862957264,0.013246637216459,1.32735974506968,73.8114785627039,21.542115369558,1.98207678156379,46.7358433732546,13.3862967493147,60.1221401225693,28.642463221227,28.3687263612448,25.5253195865552
2008,28,SE,Sergipe,2040599,582768,1337239,174359,120592,27377,0.285586732131105,0.655316894696116,0.0854450090390126,0.0590963731727792,0.0134161586867386,1.28550156350822,73.8298475401533,21.5752446175546,1.99372470756612,45.4055873443285,13.5849477043519,58.9905350486805,29.919110177635,28.6962132197458,25.9731770699326
2009,28,SE,Sergipe,2065681,577006,1364216,180590,124459,28072,0.279329673846059,0.66041949361978,0.0874239536501522,0.0602508325341619,0.0135897072200403,1.22914889206551,74.0652287410969,21.6452081793406,1.89864446955055,44.1107420389348,13.8056777655886,57.9164198045234,31.2977681341269,29.0278726482937,26.4285880197177
2010,28,SE,Sergipe,2087727,569869,1389303,187043,128555,28721,0.272961455209422,0.6654620072452,0.0895916946995464,0.0615765375453783,0.0137570668961986,1.06725094532989,74.0939240219163,21.5251259204169,1.8277327274294,42.821053264353,14.0547709486292,56.8758242129823,32.8221047293325,29.375948100494,26.8986903026117
2011,28,SE,Sergipe,2107526,562478,1412124,193744,132924,29348,0.266890183086709,0.670038708893746,0.0919295894807466,0.0630711080195452,0.0139253323565166,0.948351963642757,74.0352781215348,21.6130743759912,1.86595485381837,41.6248305340619,14.3375583880459,55.9623889221078,34.4447249492425,29.7257291250499,27.3750740159102
2012,28,SE,Sergipe,2126767,554956,1434163,200800,137648,30024,0.260938786430295,0.674339502164553,0.0944156082918345,0.0647217114051516,0.01411720230754,0.912966198281784,74.0872914503498,21.666056947688,1.78353666272862,40.4778663336764,14.6461261069386,55.123992440615,36.1830487462069,30.0774880370064,27.8518485191279
2013,28,SE,Sergipe,2145625,547153,1455714,208267,142758,30789,0.255008680454413,0.67845685988931,0.0970658898922225,0.0665344596562773,0.014349665016021,0.8866979786690271,74.3194629691826,21.8994645214485,1.79140053488872,39.3577206239368,14.9810279778882,54.3387486018249,38.0637591313581,30.4349250218468,28.3335960922154
2014,28,SE,Sergipe,2164191,539789,1476227,216092,148175,31631,0.249418373886593,0.682114933478607,0.0998488580721387,0.0684666926347998,0.0146156231127474,0.865295659772802,74.1091720876165,21.8356203891989,1.78769503823641,38.3288480519204,15.3440648720807,53.6729129240011,40.0326794358536,30.7881892125048,28.8101316780511
2015,28,SE,Sergipe,2182252,533383,1495062,224217,153807,32521,0.244418609766425,0.685100529178115,0.102745695730832,0.0704808610554601,0.0149024952205337,0.8345381715384679,74.2100223434514,21.9319333870352,1.83272015731676,37.4395290920169,15.7383697913596,53.1778988833764,42.0367728255306,31.132609341176,29.2785553872669
2016,28,SE,Sergipe,2198312,527042,1511572,232658,159698,33474,0.239748497938418,0.687605762967222,0.105834840550386,0.0726457390943597,0.0152271379130897,0.735937004525611,74.3088725415996,21.9370035122924,1.67636970746546,36.6354513934264,16.1723939463872,52.8078453398137,44.1441099570812,31.4910544999982,29.759096546083
2017,28,SE,Sergipe,2212722,520914,1525851,241524,165957,34559,0.235417734356146,0.689580977637498,0.109152437585924,0.075001288006356,0.0156183198793161,0.655502949535824,74.6769352362659,22.2428168452776,1.75922114397557,35.9180684610738,16.6535657843567,52.5716342454306,46.3654269226782,31.8621652426288,30.2506768593725
2018,28,SE,Sergipe,2227068,516437,1537994,250929,172637,35800,0.231890988510454,0.690591396401008,0.112672356659069,0.0775176150885379,0.0160749469706358,0.648341725711599,75.040398524986,22.3467620003794,1.78826541448712,35.3796185796827,17.1904265391155,52.5700451187982,48.5885015984525,32.2231108345143,30.7320412949136
2019,28,SE,Sergipe,2241300,512038,1549677,260878,179585,37095,0.228455806897783,0.691418819435149,0.116395841699014,0.0801253736670682,0.016550662561906,0.639046495212536,75.4895798465864,22.3465804329569,1.71578613074867,34.8708512214789,17.7663336021095,52.6371848235884,50.948953007394,32.5868937670102,31.2100027107617
2020,28,SE,Sergipe,2254218,506944,1561023,270758,186251,38218,0.224886856550697,0.692489812431628,0.120111719452156,0.0826233310176744,0.0169539946890673,0.576361932806857,73.7716263194369,20.9996069887,1.67441147595143,34.3337965860174,18.3376272251706,52.671423811188,53.4098440853428,32.9452976597649,31.6754120879121
2021,28,SE,Sergipe,2264937,500717,1571692,280471,192528,39197,0.221073257225256,0.693923053930418,0.123831700396082,0.0850036888443255,0.0173060001227407,0.475508579915518,73.3022282078698,20.8537597432973,1.66025009965612,33.7467455748917,18.9028602546657,52.6496058295574,56.0138761016702,33.2904796027439,32.1226745790781
2022,28,SE,Sergipe,2273589,493537,1580677,291224,199375,40389,0.21707397423193,0.695234274972302,0.128089993398103,0.0876917507957683,0.017764424440829,0.381997380059573,75.2652679201202,22.0503454889888,1.52533730886118,33.1493631232083,19.5606208373298,52.7099839605381,59.0075313502331,33.669436736367,32.6041718919823
2023,28,SE,Sergipe,2281994,485499,1589057,303598,207438,42002,0.212752093125573,0.696345827377285,0.13304066531288,0.0909020794971415,0.0184058327936007,0.369679832194825,76.1440316455131,23.1099186398748,1.56539537198072,32.5205958616033,20.3361651875515,52.8567610491548,62.5331875039907,34.0853446591008,33.1225942008685
2024,28,SE,Sergipe,2291077,477648,1596959,317049,216470,44004,0.208481862460319,0.697034189597294,0.138384262074125,0.0944839479423869,0.019206687509848,0.398029092101027,76.3617434255048,23.2148134684178,1.52462190148086,31.9202341651185,21.1877330624574,53.1079672275759,66.3771229022209,34.5067210748482,33.6411642470023
2025,28,SE,Sergipe,2299425,470206,1603132,330946,226087,46216,0.204488513432706,0.697188210096002,0.143925546604042,0.0983232764712917,0.0200989377779227,0.36437011938053,76.5767981971322,23.318409139503,1.50292233927388,31.3831991900008,22.0884978905713,53.4716970805721,70.3831937491227,34.9324635506703,34.1628592379502
2026,28,SE,Sergipe,2307255,462229,1608731,345086,236295,48635,0.200337197232209,0.697248895332332,0.149565609349638,0.102413907435459,0.0210791611677079,0.340519912586834,76.789400518019,23.4207841030264,1.48469371776334,30.8164993266397,23.0066535994773,53.823152926117,74.6569341170718,35.3592468106039,34.6865631766923
2027,28,SE,Sergipe,2314604,453964,1613601,359298,247039,51196,0.19613030997959,0.697139121854106,0.155230873186083,0.106730568166304,0.0221186863930072,0.318517025643028,76.9995966047984,23.5218965513104,1.46948932433464,30.2372144388154,23.9317890260847,54.1690034649001,79.1468045924346,35.7859681396904,35.2101400180668
2028,28,SE,Sergipe,2321501,445761,1617476,373536,258264,53864,0.192014132235997,0.696737154108484,0.160902795217405,0.111248713655519,0.0232022299365798,0.297977537410277,77.2075533422316,23.6218523375297,1.45690765219636,29.6737992975654,24.865863757519,54.5396630550844,83.797371237053,36.2116927798007,35.7334993247806
2029,28,SE,Sergipe,2327993,437015,1620969,387844,270009,56643,0.187721784386809,0.696294619442584,0.166600157302878,0.115983596170607,0.0243312587280116,0.279646659639599,77.4131823856136,23.7205703504897,1.44659138585376,29.0735889148938,25.8023569422287,54.8759458571225,88.748441129023,36.6355886808938,36.2553843114009
2030,28,SE,Sergipe,2334102,427427,1624526,402236,282149,59556,0.183122674159056,0.69599614755482,0.172330086688585,0.120881178286125,0.0255155944341764,0.262414878395245,77.6161652243557,23.8177041674652,1.43822516892397,28.4110555496102,26.7366107898027,55.1476663394129,94.1063620220529,37.0569902257913,36.7747638516848
2031,28,SE,Sergipe,2339726,418571,1626678,416690,294477,62588,0.178897443546808,0.695242947251088,0.178093503256364,0.125859609202103,0.026750140828456,0.240949195879181,77.8165663547696,23.9133652110612,1.43153261802081,27.8219167611078,27.6968889272931,55.5188056884009,99.5506138743487,37.4756941624789,37.292148491617
2032,28,SE,Sergipe,2344762,410192,1627738,431196,306832,65729,0.174939716696193,0.69420179958563,0.183897555487508,0.130858483718177,0.0280322693731816,0.215238878398583,78.0146694652843,24.0078072277185,1.42627293483665,27.2847608113483,28.681884880276,55.9666456916243,105.120528923041,37.891806503176,37.8080031650935
2033,28,SE,Sergipe,2349229,400640,1629414,445708,319175,68967,0.170541058364255,0.693595217835298,0.189725224743948,0.135863723800447,0.0293572912644957,0.190509740434219,78.2106454211327,24.1012138238264,1.42223737343855,26.6581319479054,29.656905636574,56.3150375844794,111.249001597444,38.3047672236295,38.3220547828796
2034,28,SE,Sergipe,2353143,391412,1630189,460252,331542,72322,0.166335832543964,0.692770902575832,0.195590323240024,0.140893264880205,0.0307342137728136,0.166607853044543,78.4043023555441,24.1933982998752,1.41924574239293,26.0684298614899,30.6532425694931,56.721672430983,117.587605898644,38.7140781499467,38.8332482920883
2035,28,SE,Sergipe,2356505,383167,1629401,475022,343937,75818,0.162599697433275,0.691448140360407,0.201579033356602,0.145952162206318,0.0321739185785729,0.142872745090283,78.5955119521229,24.2842776222239,1.41714306067904,25.5731768198431,31.7037260497786,57.2769028696216,123.972575926424,39.1192605150424,39.3414429768499
2036,28,SE,Sergipe,2359317,375374,1627600,490261,356343,79419,0.159102825097263,0.689860667303292,0.207797849970987,0.151036507599445,0.0336618606147457,0.119329260918177,78.7843744588829,24.3739229856516,1.41579644038987,25.1307841963684,32.8223142543058,57.9530984506742,130.606008940417,39.5199309800252,39.8457169698522
2037,28,SE,Sergipe,2361569,368920,1623899,506092,368750,83132,0.156218175289394,0.687635635461001,0.214303287348369,0.156146189249605,0.0352020203517238,0.0954513530822654,78.971017045655,24.4624855248977,1.41509223549129,24.8170773135507,34.0445741401103,58.861651453661,137.182044887781,39.9158483194859,40.345937696126
2038,28,SE,Sergipe,2363266,363306,1618847,522542,381113,87002,0.153730472997961,0.685004142572186,0.221110107791505,0.161265384429853,0.0368143069802553,0.071859005601782,79.1553937612023,24.5499694232298,1.41493347197936,24.5906033363611,35.3685957528607,59.9591990892219,143.829719299984,40.3068325783048,40.8418644552474
2039,28,SE,Sergipe,2364416,357692,1613264,539496,393460,91144,0.151281331203984,0.682309711996535,0.228173045690775,0.16640895679948,0.038548208098744,0.048661471032041,79.3374633967113,24.636343665002,1.41523755843744,24.3787604925751,36.7697453974433,61.1485058900185,150.826968453306,40.6923502463188,41.3329416821894
2040,28,SE,Sergipe,2365018,352624,1606421,556772,405973,95626,0.14909992228389,0.67924261041565,0.235419772703633,0.17165746730046,0.0404335188992219,0.0254608326115235,79.5171808805023,24.7215235593217,1.4159342653827,24.2249704937133,38.249765392389,62.4747358861023,157.893960706021,41.0721673154285,41.8188380788036
2041,28,SE,Sergipe,2365063,347902,1598263,574106,418898,100438,0.147100521212331,0.675780306909372,0.242744485030631,0.177119171878297,0.0424673676768864,0.0019027339326793,79.6945662825454,24.8055153441811,1.41696395537974,24.1087138050871,39.7840692142711,63.8927830193582,165.019459502963,41.4463111553477,42.2993717760295
2042,28,SE,Sergipe,2364517,343457,1588712,591268,432348,105534,0.145254612252735,0.671897051279394,0.250058680060241,0.182848336467871,0.04463237100854,-0.0230860657834508,79.8696642758683,24.8883881713223,1.41827604249162,24.0214660593989,41.3534276314317,65.3748936908305,172.151972444877,41.8146716644456,42.773169311399
2043,28,SE,Sergipe,2363370,339234,1577786,608214,446350,110871,0.143538252580002,0.667600079547426,0.257350309092525,0.188861667872572,0.0469122481879689,-0.0485088497989228,80.0424153081347,24.9701324245777,1.41982765831259,23.9585231389865,42.955332285253,66.9138554242395,179.290401315906,42.1771838518725,43.2394982497083
2044,28,SE,Sergipe,2361636,335198,1565634,624902,460804,116473,0.141934658855133,0.662944670558884,0.264605553099631,0.195120670585984,0.0493187773221614,-0.0733698066743727,80.2128526391659,25.0507621743377,1.42158250189577,23.9164744965524,44.5869389013197,68.5034133978721,186.427723315772,42.5336042472252,43.6929903459855
2045,28,SE,Sergipe,2359296,331312,1552462,641146,475522,122238,0.140428331163194,0.658019171820747,0.271753099229601,0.201552497016059,0.0518112182617188,-0.0990838554290385,80.3809112313852,25.1301706346167,1.42350985184634,23.8897405464806,46.2307782163454,70.1205187628259,193.517288839523,42.8836063808865,44.1348031117652
2046,28,SE,Sergipe,2356338,327540,1538545,656704,490253,128020,0.139003827124971,0.652939009598793,0.278696859279102,0.208057163276236,0.0543300663996422,-0.125376383463538,80.5466609510536,25.2084673921992,1.42558372033531,23.8715423287326,47.8614438952433,71.7329862239759,200.495817304757,43.2272496560341,44.5608824254375
2047,28,SE,Sergipe,2352744,323848,1524118,671436,504778,133700,0.137646934813137,0.647804436011738,0.285384215197234,0.214548629175125,0.056827262124566,-0.15252480756156,80.7101236381747,25.2856566150825,1.4277821305474,23.8569092275279,49.4626729332724,73.3195821608003,207.330599540525,43.564466002251,44.9778189701216
2048,28,SE,Sergipe,2348509,320207,1509241,685224,519061,139258,0.136344804299238,0.642637946032994,0.29176979947703,0.221017249667768,0.0592963450427484,-0.180002584216554,80.8712686859031,25.3616974680006,1.43008650093499,23.8412809978274,51.0189281635169,74.8602091613443,213.994072584297,43.8953859661598,45.3794031542166
2049,28,SE,Sergipe,2343619,316588,1493979,698101,533052,144721,0.135085097023023,0.637466670137083,0.297873075785783,0.227448232839894,0.0617510781402609,-0.208217213559747,81.0301044046467,25.4366003792988,1.43248112149706,23.8227747134913,52.5310588217589,76.3538335352502,220.50772612986,44.2197682302456,45.7730978693589
2050,28,SE,Sergipe,2338074,312977,1478506,710211,546591,150103,0.13386103262771,0.632360652400223,0.303758991374952,0.233778314972067,0.0641994222595179,-0.236599891023237,81.1866453354139,25.5103171544902,1.43495270906422,23.80259581439,54.0131235711689,77.81571938555891,226.921147560364,44.537459036797,46.1575436468673
2051,28,SE,Sergipe,2331879,309367,1463074,721791,559438,155393,0.132668547553282,0.627422777940022,0.309531926828107,0.239908674506696,0.0666385348467909,-0.26496167358262,81.3408645117028,25.5828078456602,1.43749003020845,23.7842704161769,55.4916081158065,79.2758785319834,233.312214942124,44.8482095340281,46.5345325588113
2052,28,SE,Sergipe,2325022,305760,1447802,733000,571460,160597,0.131508433038483,0.622704645375399,0.315265834043721,0.245786921586118,0.0690733248975709,-0.294054708670566,81.4927943159958,25.6540415690311,1.44008358188759,23.7712067992369,56.9868347195206,80.7580415187575,239.73050758765,45.1519817876992,46.9071489334888
2053,28,SE,Sergipe,2317494,302144,1432796,743855,582554,165693,0.130375310572541,0.618252301839832,0.320973862284002,0.251372387587627,0.0714966252339812,-0.323781882494012,81.6424085367988,25.7239793786248,1.44272532127364,23.7628932870361,58.5023928525083,82.2652861395444,246.192212984537,45.4488486270083,47.2852001515343
2054,28,SE,Sergipe,2309300,298496,1418045,754275,592759,170716,0.129258216775646,0.614058372667042,0.326624951283939,0.256683410557312,0.0739254319490755,-0.353571573432332,81.789738531465,25.7926950409289,1.4454084374017,23.7555997513786,60.0284593511172,83.7840591024958,252.691828366209,45.7388316805959,47.652467232074
2055,28,SE,Sergipe,2300444,294815,1403408,764240,602221,175816,0.128155695161456,0.610059623272725,0.332214129098557,0.261784681565819,0.0764269853993403,-0.383492833326116,81.9347889140074,25.8601647125206,1.44812715832132,23.7488007385276,61.563297242041,85.3120979805685,259.226972847379,46.0219505451991,48.010073702166
2056,28,SE,Sergipe,2290934,291100,1388651,773718,611183,181173,0.127066078725969,0.606150591854676,0.337730375471314,0.266783329419355,0.0790825925146687,-0.413398456993519,82.0775835698318,25.9264217275694,1.45087658834448,23.7416361910292,63.1031647902809,86.8448009813101,265.7911370663,46.2981251314966,48.3596968519238
2057,28,SE,Sergipe,2280801,287377,1373605,782680,619819,186891,0.125998278674904,0.602246754539304,0.343160144177418,0.271754966785791,0.0819409496926738,-0.442308682834158,82.2181432792662,25.9914592577261,1.45365257077633,23.7355708556061,64.6445491367292,88.3801199923353,272.353041475135,46.5672748302022,48.7026581865623
2058,28,SE,Sergipe,2270043,283646,1358269,791099,628128,192986,0.124951818093314,0.598345053375641,0.348495160664357,0.276703128531045,0.0850142486287705,-0.471676397897058,82.3565298817253,26.0553273975949,1.45645157219912,23.7301493016804,66.1842486141531,89.9143979158335,278.903633402199,46.8291428840775,49.0384703345531
2059,28,SE,Sergipe,2258678,279895,1342727,798973,636056,199378,0.123919832751725,0.594474732564801,0.353734795309469,0.281605434683474,0.0882719891901369,-0.500651309248323,82.4927572079411,26.1180565561086,1.45927058496859,23.7237351776981,67.7204804163382,91.4442155940363,285.454545454545,47.0840704164117,49.3502192242833
2060,28,SE,Sergipe,2246716,276126,1327003,806089,643587,205946,0.122902049035125,0.590641184733629,0.358785445067378,0.286456766231246,0.0916653462208842,-0.529601829034509,82.6268184299165,26.1796392215454,1.46210704508709,23.7119590279442,69.2218383668198,92.9337973947639,291.927960423864,47.3319867753646,49.6572534500168
2061,28,SE,Sergipe,2234178,272366,1311130,811901,650682,212484,0.121908818366307,0.586851181955959,0.363400319938698,0.291239999677734,0.0951061195661223,-0.558058962503494,82.7587257959908,26.240044607844,1.46495876304963,23.6858330775164,70.6055512122242,94.2913842897407,298.091905744476,47.5723187677974,49.9603676048248
2062,28,SE,Sergipe,2221107,268645,1295155,816509,657307,218847,0.120950949233873,0.583112384950387,0.36761353685347,0.29593666581574,0.0985305975803957,-0.585047386555593,82.8885505309287,26.2993259442555,1.46782386562775,23.6493059131848,71.8787661109218,95.5280720241066,303.936049433267,47.8045821295417,50.2569489115347
2063,28,SE,Sergipe,2207516,264976,1279089,820126,663451,225005,0.120033558080666,0.579424565892161,0.371515314045289,0.300541876027173,0.101926781051644,-0.611902083060389,83.0162895563104,26.3574981776958,1.47070074686973,23.6076884286903,73.0680479751678,96.6757364038581,309.509540486686,48.0285094196373,50.5430874785592
2064,28,SE,Sergipe,2193417,261369,1262950,823013,669098,230927,0.119160652078469,0.575791105840795,0.375219577490281,0.305048242080735,0.105281850190821,-0.638681667539442,83.1419879127499,26.4146065638607,1.47358802686276,23.5672453980262,74.2098310693531,97.7770764673793,314.885468437343,48.2439248897952,50.8226004293162
2065,28,SE,Sergipe,2178835,257834,1246955,825365,674046,236496,0.118335716105166,0.572303547538019,0.378810235745249,0.309360736356815,0.108542409131485,-0.664807467070783,83.2656476898028,26.4706486154792,1.47648451702876,23.5328156431516,75.3320445841502,98.8648602273018,320.114880116664,48.4505077254588,51.1016222677596
2066,28,SE,Sergipe,2163793,254388,1231634,827915,677771,241544,0.117565774544977,0.569201397730744,0.382622090005837,0.313232827724279,0.11162990175123,-0.690368935692698,83.3872390994453,26.5256377020184,1.47938919091802,23.521992806221,76.5531812591887,100.07517406541,325.453637750208,48.6477639034788,51.3871676960258
2067,28,SE,Sergipe,2148319,251034,1216908,829590,680377,245990,0.11685136145982,0.566446603134823,0.386157735420112,0.316702035405356,0.114503479231902,-0.715133101918719,83.5067992686598,26.5795798406775,1.48230115962686,23.5117706835754,77.6991556577487,101.210926341324,330.469179473697,48.8354480875512,51.660100311311
2068,28,SE,Sergipe,2132440,247801,1202570,830746,682069,249759,0.116205379752771,0.563940837725798,0.389575322166157,0.319853782521431,0.117123576747763,-0.739136040783517,83.6243820320586,26.6325201148892,1.48521965110343,23.512918294362,78.8264083735256,102.339326667888,335.247234676212,49.0129522987751,51.9147950341315
2069,28,SE,Sergipe,2116183,244702,1188362,831388,683119,252904,0.115633666842612,0.561559184626282,0.392871504969088,0.322807148531105,0.119509513118667,-0.762366115810997,83.7400180639923,26.6845070420483,1.4881439927217,23.526934610655,79.9340059013954,103.46094051205,339.755294194571,49.1801876302758,52.1508862105636
2070,28,SE,Sergipe,2099567,241740,1174107,830816,683720,255556,0.115138026078711,0.559213876003957,0.395708257940804,0.325648097917332,0.121718430514482,-0.785187292403355,83.8537494571768,26.735591675687,1.49107359660202,23.5382094252155,80.8965045165047,104.43471394172,343.681641432945,49.3371900015575,52.4022235969344
2000,29,BA,Bahia,13220667,4241213,8187437,1121397,792017,186751,0.320801741697299,0.61929076649461,0.0848215146784954,0.0599074918080911,0.0141256866994683,,70.2440728726832,20.7441409115016,2.44069168709833,53.9727950560807,14.2706651275245,68.2434601836052,26.4404782311098,27.1834913472974,23.1502961041899
2001,29,BA,Bahia,13339902,4180594,8349404,1147248,809904,190931,0.313390158338495,0.625896951866663,0.0860012314933048,0.0607128897948426,0.0143127738119815,0.901883392116298,70.7531450494978,20.862803237971,2.23942223607511,52.1787655109922,14.319014086265,66.4977795972571,27.4422247173488,27.4641231997057,23.5592690550613
2002,29,BA,Bahia,13453049,4121136,8502329,1173839,829584,195191,0.306334720106944,0.632000151043827,0.0872544952449069,0.0616651288492296,0.014509052929191,0.848184641836203,71.2269444444021,20.9965673270214,2.1985537206634,50.5160409184815,14.3886780139528,64.9047189324343,28.4833841930963,27.7592086373877,23.9847620367734
2003,29,BA,Bahia,13561082,4064801,8645526,1201707,850755,199709,0.299740168225515,0.637524793375632,0.0886143893238017,0.0627350383988534,0.0147266272705968,0.8030372891676849,71.607432160827,21.156672137349,2.13294984695299,49.0055426595748,14.4878688164094,63.4934114759842,29.5637351004391,28.0672966213168,24.4428402071032
2004,29,BA,Bahia,13665384,4012024,8780249,1231810,873111,204706,0.293590286229791,0.642517546524854,0.0901408990775524,0.0638921672453551,0.0149798937227084,0.769127419183802,72.2586259639406,21.4088939092985,2.05132013971574,47.6399712641972,14.6268798499089,62.2668511141061,30.702956911524,28.387339792281,24.9114492769674
2005,29,BA,Bahia,13766504,3961448,8908630,1264787,896426,210280,0.287759913482755,0.647123627029782,0.0918742332839187,0.0651164594874632,0.0152747567574164,0.739971888093294,72.7403910293048,21.6261037501378,1.98984998008457,46.3855178332205,14.8096857370652,61.1952035702857,31.9273911963504,28.7181879291939,25.4019235928929
2006,29,BA,Bahia,13861288,3907299,9033323,1301026,920666,216436,0.281885709322251,0.651694344710246,0.0938603973887564,0.0664199459675032,0.015614421978679,0.688511767402966,73.2253863561611,21.9207878211192,1.89148124421599,45.1556189480991,15.0356126566125,60.1912316047116,33.2973238034765,29.065733357535,25.9068258156508
2007,29,BA,Bahia,13950172,3848486,9155668,1340331,946018,223040,0.275873731162598,0.656312194573658,0.0960798906278718,0.0678140742637438,0.0159883333338112,0.641239111401481,73.4761809558741,22.0857845298919,1.85958769568018,43.9256941420591,15.2982158581635,59.2239100002226,34.8274880043737,29.4268376762666,26.4305961713089
2008,29,BA,Bahia,14037211,3789303,9275275,1382100,972633,229772,0.269947000155515,0.660763380987861,0.0984597296428756,0.0692896188566233,0.0163687786697799,0.623927790997847,73.7492850507466,22.2461408395872,1.83474457628366,42.7406390934701,15.5891036665806,58.3297427600507,36.4737261707496,29.7903806532508,26.9560183818101
2009,29,BA,Bahia,14121771,3729474,9391423,1425621,1000874,236325,0.264093929861913,0.665031531809998,0.100951998159438,0.0708745383280893,0.0167347990560107,0.602398866840437,73.8342459995677,22.293766787739,1.78845250971279,41.5926035467324,15.8991024098562,57.4917059565886,38.2257926989168,30.1572372190429,27.488341082388
2010,29,BA,Bahia,14187523,3664544,9492448,1469983,1030531,242199,0.258293431489063,0.669070140009641,0.103610968595434,0.0726364285012965,0.0170712674791787,0.465607323614003,73.936489796679,22.2159452672889,1.73028046352828,40.4787983999993,16.2375306473128,56.7163290473121,40.1136676214012,30.5365256500377,28.0338883532117
2011,29,BA,Bahia,14237459,3596330,9578986,1515396,1062143,247570,0.252596337590858,0.672801656531548,0.106437251197703,0.0746020058775937,0.0173886365537558,0.351971235570869,74.2101880407712,22.3637282311313,1.72458172909089,39.408669966566,16.605745532989,56.0144154995549,42.1372899594865,30.9237470675069,28.5920163678175
2012,29,BA,Bahia,14292856,3529056,9667449,1562901,1096351,253122,0.246910484510583,0.676383292464431,0.1093484045456,0.0767062230249854,0.0177096865734882,0.389093306607591,74.5093740645964,22.5314962830456,1.70197481223776,38.3555563429182,16.9863944816697,55.3419508245879,44.2866590952368,31.3084714489532,29.1454245022019
2013,29,BA,Bahia,14351030,3459625,9758643,1612826,1132762,259134,0.241071546780963,0.679996000287087,0.112383989163147,0.0789324529319498,0.0180568224022945,0.407014525298521,74.7045581938838,22.6193976034564,1.65108207688042,37.2861512522553,17.3822521746056,54.6684034268609,46.6185207934386,31.6965225492526,29.7007207022577
2014,29,BA,Bahia,14409611,3390444,9848664,1665279,1170503,265728,0.235290459957594,0.683478825347888,0.11556724189154,0.0812307146945188,0.0184410252296193,0.408200665736191,74.9119267997298,22.6144932921287,1.66665180015089,36.2463608715435,17.8030675586451,54.0494284301886,49.1168413340554,32.0826603854885,30.2538829128913
2015,29,BA,Bahia,14470447,3329460,9931914,1720372,1209073,273039,0.230086879831701,0.686358479458167,0.118888656307576,0.0835546407101315,0.0188687329423894,0.422190439422687,74.9851552586051,22.5937870338299,1.71263632075294,35.3422786091991,18.2617801491728,53.6040587583719,51.6712019366504,32.4545355095112,30.7944703145435
2016,29,BA,Bahia,14527076,3273440,10005219,1778217,1248417,281280,0.22533371478197,0.688729032600917,0.122407083159749,0.085937252617113,0.0193624649585367,0.391342437452002,75.0302846894356,22.6174351546055,1.64376572574086,34.5466517100721,18.7666318502644,53.3132835603365,54.3225780829953,32.8256703551355,31.333689220878
2017,29,BA,Bahia,14578692,3221291,10068235,1839121,1289166,290531,0.220958848708787,0.690613053626485,0.126151303560018,0.0884280976647288,0.0199284682055153,0.355308941730592,75.2648821087649,22.753469740163,1.68566471747708,33.8432048647445,19.3219888467244,53.1651937114689,57.0926687467851,33.1998718403544,31.8747115590481
2018,29,BA,Bahia,14632652,3178502,10122593,1902780,1331557,300349,0.217219817706319,0.69178116174703,0.130036578468483,0.0909990205466514,0.0205259443059262,0.370129226956717,75.3874222317555,22.7033591767146,1.70647210843952,33.277969547824,19.9215400513225,53.1995095991465,59.8640491652986,33.5610460769517,32.3990239191681
2019,29,BA,Bahia,14693250,3138849,10178411,1968802,1375990,310136,0.213625236077791,0.692727000493424,0.133993636533783,0.0936477634287853,0.0211073792387661,0.4141286213873,75.6295506309863,22.7419019327336,1.6494176607556,32.7454653590245,20.5391650537436,53.2846304127682,62.7236926656873,33.9158522450785,32.9077525617446
2020,29,BA,Bahia,14748551,3095653,10232542,2034004,1420356,318715,0.209895399215828,0.693799818029581,0.137912124384287,0.0963047827545906,0.021609919510059,0.376370101917556,74.3659796130633,21.8537923160059,1.59079630390565,32.1830451609094,21.1459238452986,53.328969006208,65.705167859576,34.2687324334438,33.3978727615341
2021,29,BA,Bahia,14788270,3053181,10272353,2096179,1462736,325075,0.206459646733526,0.694628445382726,0.141746059545843,0.0989119078837484,0.0219819492070404,0.269307812001318,73.4021634152498,21.3941832490414,1.57718702655602,31.6755836500185,21.7470543868549,53.4226380368735,68.6555759386686,34.6122898080709,33.8736562577257
2022,29,BA,Bahia,14811339,3007344,10296708,2160634,1507287,330843,0.203043357524934,0.695190893949561,0.145877020301811,0.101765748525505,0.0223371431846911,0.155995258404129,74.7373303297586,22.0282415827697,1.49432994789472,31.1856416035861,22.4054040909596,53.5910456945457,71.8452561462872,34.9756611471792,34.3640100415972
2023,29,BA,Bahia,14828806,2953906,10316009,2232772,1558891,338953,0.199200529024387,0.695673609864476,0.15056991102318,0.105125861111137,0.0228577405355495,0.117929918422632,75.5813735788575,22.8093560660097,1.46726989148434,30.635415750548,23.156423561272,53.79183931182,75.5871039904452,35.3736250915954,34.8869579462839
2024,29,BA,Bahia,14850513,2900328,10334055,2310505,1616130,350135,0.195301536047947,0.695871920384164,0.155584187563083,0.108826543567889,0.0235772999895694,0.146384004214495,75.810482244766,22.9183723656036,1.45969374179252,30.087388792989,23.9686898320276,54.0560786250166,79.663575981751,35.7820445664066,35.4018187560047
2025,29,BA,Bahia,14870907,2849601,10345318,2390015,1675988,363070,0.191622541920274,0.695674984720165,0.16071750028428,0.11270247335956,0.0244147851909773,0.137328589254793,76.0362855355907,23.0255230108625,1.4434254723078,29.5869058467863,24.8151052647044,54.4020111114907,83.8719175070475,36.1907615991412,35.9126876008055
2026,29,BA,Bahia,14889472,2798817,10352439,2470170,1738216,377550,0.187972884464943,0.695285836865135,0.165900442943847,0.116741278669922,0.0253568427409649,0.1248410739170149,76.2594734167093,23.1311425352777,1.43070332844738,29.0922650989009,25.6761483438725,54.7684134427734,88.2576459982914,36.5999835319882,36.4135288816509
2027,29,BA,Bahia,14906450,2746503,10357394,2550231,1802553,393152,0.184249301476877,0.694826333567013,0.171082383800301,0.12092436495611,0.026374623065854,0.114026877514539,76.4803023515095,23.2355755610699,1.42090056065651,28.5804804221061,26.5380475343912,55.1185279564974,92.8537489309132,37.0084597607076,36.9106997596598
2028,29,BA,Bahia,14922077,2696223,10356974,2630040,1868880,409421,0.18068684406333,0.694070537231513,0.176251603580386,0.125242618705157,0.0274372662733211,0.104833813550509,76.6989248472125,23.3390501156245,1.41349004701354,28.0979081086816,27.4082011176957,55.5061092263773,97.5453439867548,37.4152342867551,37.401139546964
2029,29,BA,Bahia,14936533,2645950,10353448,2710041,1937135,426283,0.177146195840762,0.693162730601539,0.181437084496114,0.129691073557699,0.0285396216109856,0.096876594323958,76.9152074559157,23.4413776661375,1.40803233339383,27.6179573138973,28.2869278168187,55.904885130716,102.422230200873,37.8194287790882,37.8871957156767
2030,29,BA,Bahia,14949963,2590333,10352915,2790701,2006715,443831,0.173266850225649,0.692504389475747,0.186669425201922,0.134228760298604,0.0296877657824304,0.0899137704847508,77.1289785873891,23.5423523843321,1.40416366597542,27.0702499725936,29.1641938193919,56.2344437919855,107.735221687714,38.220112250445,38.3690563668496
2031,29,BA,Bahia,14961368,2535068,10349699,2872461,2076601,461854,0.169440922781927,0.691761542126362,0.191991868658,0.138797535091711,0.0308697707321951,0.0762878142240186,77.3403953777364,23.6420942581395,1.40158471146718,26.5345480492187,30.0660394214305,56.6005874706492,113.309031552605,38.617454834344,38.8473757996082
2032,29,BA,Bahia,14969733,2480923,10342701,2955751,2146109,480420,0.165729275198162,0.690907513180095,0.197448478205991,0.143363211621744,0.0320927567645996,0.0559106627147975,77.5495358730184,23.7406673223132,1.40005033475415,26.0244167166069,31.0052733335648,57.0296900501717,119.13916715674,39.0118885887945,39.3247390765965
2033,29,BA,Bahia,14975126,2422556,10337490,3040165,2215080,499761,0.161771994439312,0.690310719255384,0.203014318543964,0.147917286305304,0.0333727409038161,0.0360260266499157,77.756393540921,23.8381203642664,1.39936058625116,25.467334496376,31.9600038055571,57.4273383019331,125.494106224995,39.4029805158234,39.7994335676388
2034,29,BA,Bahia,14977573,2366120,10327521,3125941,2283932,520408,0.157977530805558,0.689532342790117,0.208708113123535,0.152490126404325,0.0347458162948029,0.0163404301239289,77.9608443492558,23.9343474141983,1.3993529141827,24.9445680950064,32.9549000623266,57.899468157333,132.112530218248,39.7903311170642,40.2714257683845
2035,29,BA,Bahia,14977062,2316780,10307177,3214729,2353105,542707,0.154688549730247,0.688197524988546,0.214643499506111,0.157113925281207,0.0362358785721792,-0.0034117677143008,78.1627681264331,24.029269082511,1.39989553664856,24.5277327859999,34.0343122313749,58.5620450173748,138.7584923903,40.1734943742638,40.7406353235409
2036,29,BA,Bahia,14973560,2272125,10278414,3308491,2423021,566510,0.151742471396248,0.68643756060683,0.220955537627658,0.161819967996923,0.0378340221029601,-0.0233824230680191,78.3622029244709,24.1229744868666,1.4008818662966,24.1897002686272,35.2231526132808,59.412852881908,145.612191230676,40.5520149516882,41.2067772973175
2037,29,BA,Bahia,14967032,2233594,10239354,3408381,2494084,591558,0.149234263680334,0.684127220413506,0.227725911189339,0.16663851590616,0.0395240686329795,-0.0435968467084602,78.5593002791774,24.2156126884963,1.40222586316144,23.9526042575397,36.5507792606522,60.5033835181919,152.596264137529,40.9256202565746,41.6703470031546
2038,29,BA,Bahia,14957456,2201302,10190238,3514584,2565916,617680,0.147170882535105,0.681281495997715,0.234972043374221,0.17154762146718,0.04129579254654,-0.0639806208739269,78.7541025716573,24.3072555908448,1.40385818918725,23.8195674544477,38.0301615418159,61.8497289962636,159.659328888085,41.2941470127006,42.1304821842173
2039,29,BA,Bahia,14944827,2171097,10134977,3625981,2638753,644929,0.145274147368852,0.678159539752451,0.242624488058644,0.176566312878697,0.043153995693627,-0.0844328072902245,78.9465965152167,24.3978903661303,1.40572304464483,23.7336748089612,39.6379590213942,63.3716338303554,167.011469317124,41.6574134983296,42.5883286935355
2040,29,BA,Bahia,14929082,2142450,10072439,3740562,2714193,673306,0.143508489001534,0.674685757637342,0.250555392488299,0.181805753361124,0.0451002948473322,-0.1053541804130639,79.1366924534292,24.4874548218561,1.40777557782118,23.6837654362613,41.3501332622896,65.0338986985509,174.592732619198,42.0152777645672,43.0420663413175
2041,29,BA,Bahia,14910082,2115629,10000306,3855487,2794147,702694,0.141892512730648,0.670707646007581,0.258582548372303,0.187399841261772,0.0471287817196445,-0.127268374572531,79.3244075612113,24.5760262152254,1.40997977232107,23.6674912959732,43.1312413538658,66.7987326498389,182.238331957068,42.3676628337792,43.4944740454641
2042,29,BA,Bahia,14887696,2090227,9917735,3968395,2879734,732911,0.140399629331496,0.66616990298566,0.266555348792721,0.193430467682844,0.0492293098945599,-0.150140019350664,79.5097186448146,24.6636117851469,1.41230672945785,23.6743626794837,44.9468993011045,68.6212619805882,189.85473826527,42.7145465624768,43.9427396408231
2043,29,BA,Bahia,14861861,2065869,9824846,4078817,2971146,763853,0.139004731641616,0.661077774849327,0.274448603711204,0.199917493509056,0.0513968607296219,-0.173532560041523,79.692556380362,24.7501532537,1.414733275618,23.6988359187466,46.7905829583552,70.4894188771018,197.43831772489,43.0559372746118,44.3887364107049
2044,29,BA,Bahia,14832509,2042254,9722962,4186435,3067293,795480,0.137687696666828,0.655517013338741,0.282247258370111,0.20679528999443,0.0536308455973295,-0.1974988192932179,79.8728382594981,24.8355421756896,1.41724083570493,23.7365960701177,48.6578636001218,72.3944596702395,204.99090710558,43.3916834299578,44.8290034051575
2045,29,BA,Bahia,14799565,2019119,9614209,4289227,3166237,827357,0.136430969423763,0.649627810006578,0.289821153527148,0.213941220569659,0.0559041431285311,-0.2221067251669929,80.0505505290923,24.9197111296792,1.41981452362781,23.7789061853192,50.5136777181227,74.2925839034419,212.430619492957,43.7216031687418,45.2621680323823
2046,29,BA,Bahia,14762964,1996301,9501401,4384765,3265262,858790,0.135223590601454,0.643597112341397,0.297011155754359,0.221179297057149,0.0581719226572658,-0.24731132300172,80.2257158862459,25.0026794722018,1.4224424092919,23.8168133279598,52.3123163751217,76.1291297030816,219.644482470329,44.0454989932916,45.6849916087269
2047,29,BA,Bahia,14722701,1973685,9386900,4471434,3362116,889332,0.134057262998141,0.637580020133534,0.303710168399127,0.228362716868325,0.0604054921715791,-0.272729785156967,80.3984303797306,25.0845036902472,1.42511492875092,23.8437384250618,54.0186010842297,77.8623395092915,226.552565378974,44.3631899472794,46.0981853578811
2048,29,BA,Bahia,14678722,1951125,9271246,4548236,3456351,918920,0.132921994162707,0.631611253350258,0.309852315480871,0.235466752487035,0.0626021802170516,-0.298715568563135,80.5687214465527,25.1651924084021,1.42782441022604,23.8542472938901,55.606250903952,79.4604981978421,233.108386187456,44.6746734490918,46.4979021458891
2049,29,BA,Bahia,14630999,1928528,9154762,4615734,3547709,947916,0.131811095059196,0.625709973734534,0.315476338970428,0.24247893120627,0.0647881938888794,-0.325116859628516,80.7366286218521,25.244782921103,1.43056469372473,23.848036606112,57.0778300320636,80.9258666381756,239.339745132039,44.9799130599353,46.8893359709792
2050,29,BA,Bahia,14579502,1905837,9039388,4675825,3634277,976709,0.130720308553749,0.620006636715026,0.320712257524297,0.249273054731225,0.0669919315488279,-0.351971864668976,80.9021631935801,25.3232540574771,1.43333082614767,23.829396437038,58.4635976713713,82.2929941084093,245.342335152482,45.2788263961279,47.2685991689308
2051,29,BA,Bahia,14524236,1883015,8927465,4731290,3713756,1005677,0.129646406186184,0.614659869200693,0.32575138547735,0.255693724613123,0.0692413012292006,-0.379066445479415,81.0653339811374,25.4006064839233,1.43611881718781,23.8057070282914,59.8145546402364,83.6202616685278,251.26140790169,45.5712885001318,47.6391622253011
2052,29,BA,Bahia,14465226,1860087,8820525,4784215,3784614,1035186,0.128590248088761,0.609774434219002,0.330739042722181,0.261635317692237,0.0715637626401413,-0.406286430487635,81.2261335395443,25.4768305623924,1.43892544412192,23.7834685517977,61.1719919538919,84.9554605056896,257.203829713341,45.8572032680305,48.0019104471561
2053,29,BA,Bahia,14402461,1837034,8719515,4834884,3845912,1065009,0.12755000690507,0.605418407312473,0.335698461533761,0.267031585782458,0.073946320701719,-0.433902657310714,81.384534630802,25.5518973889781,1.44174809587553,23.7633242580761,62.542618286969,86.305942545045,263.189685111979,46.1365526349976,48.3549800491099
2054,29,BA,Bahia,14335932,1813849,8623863,4882814,3898220,1095364,0.126524665435076,0.601555797000153,0.340599690344513,0.271919537564771,0.0764068914389382,-0.461927999666167,81.5405614778555,25.6258225425539,1.44458464859829,23.7437508745928,63.9172936572858,87.6610445318786,269.196278190742,46.4092972120682,48.6967983455064
2055,29,BA,Bahia,14265676,1790557,8531719,4928395,3943400,1127472,0.125515047446753,0.598059215700679,0.345472236997391,0.276425736852568,0.0790338992698278,-0.4900692888331169,81.6942230488927,25.6985669309191,1.44743336649258,23.7262817614636,65.3050913217444,89.031373083208,275.243681156199,46.6753644201649,49.0261414249516
2056,29,BA,Bahia,14191722,1767193,8440365,4971952,3984164,1162740,0.124522802800111,0.594738608887632,0.350341699196193,0.280738588312257,0.0819308608215409,-0.518405156544988,81.8455519815747,25.7701081638312,1.45029282285841,23.7125091092652,66.7145337780475,90.4270428873127,281.347424984142,46.9345618523249,49.3397251927979
2057,29,BA,Bahia,14114157,1743818,8347792,5013628,4022547,1201974,0.12355098501455,0.591448146708301,0.355219798107673,0.285000868277149,0.0851608778335114,-0.54655101051162,81.9945552490251,25.8404226003039,1.45316183730426,23.7037719709256,68.1504003623358,91.8541723332614,287.50867349689,47.1866511758371,49.6483342245989
2058,29,BA,Bahia,14033062,1720480,8253740,5053668,4058842,1245232,0.122601895438073,0.588163866161213,0.360125822860328,0.289234238400714,0.0887355874291726,-0.574564956305923,82.1412557618003,25.9095342539071,1.45603942587057,23.7016170738488,69.6201663224003,93.3217833962491,293.735934157909,47.4314689837471,49.952087178989
2059,29,BA,Bahia,13948473,1697210,8158657,5091715,4092606,1291659,0.121677118348367,0.584913990226744,0.365037448902113,0.293408891424889,0.0926021794643758,-0.602783626267733,82.2856519397592,25.9774518032691,1.4589247614553,23.7055467747405,71.1178275500073,94.8233743247479,300.005008219372,47.6689013915717,50.2462418521624
2060,29,BA,Bahia,13860496,1674078,8062195,5125613,4124223,1339769,0.120780526180304,0.58166713514437,0.369800113935317,0.297552338675326,0.0966609708628032,-0.630728539245839,82.4277427668047,26.0441496260798,1.46181714244874,23.7094495599298,72.5924735210787,96.3019230810085,306.175279765937,47.8986114926912,50.5252389866743
2061,29,BA,Bahia,13769228,1651161,7964061,5153077,4154006,1387483,0.119916744787725,0.578395607945485,0.374245890909788,0.301687647266789,0.100766942053687,-0.658475714000417,82.5675533440032,26.1095539368534,1.46471596790174,23.7065810575464,73.9854185002419,97.6919995577883,312.088100433574,48.1200608342022,50.7914936073136
2062,29,BA,Bahia,13674797,1628537,7864182,5174269,4182078,1433079,0.119090396734957,0.57508583125585,0.378379949625578,0.305823772009193,0.104797094976986,-0.685811869772224,82.7050787897987,26.1736869409293,1.46762071788679,23.6981829574573,75.2950491349596,98.9932320924169,317.724988747569,48.3326615378641,51.0470064338494
2063,29,BA,Bahia,13577355,1606342,7762321,5189908,4208692,1476228,0.118310377831323,0.571710837641057,0.382247352300945,0.30997878452762,0.108727215278675,-0.712566336450915,82.8403648585878,26.2366227037709,1.47053093798036,23.6884991457882,76.534842035332,100.22334118112,323.088607531895,48.5358343359218,51.2961049575829
2064,29,BA,Bahia,13477027,1584644,7658864,5200893,4233519,1516748,0.1175811252734,0.56829032100329,0.385908034464871,0.31412855372331,0.11254321891616,-0.738936265568657,82.9734581082163,26.2984322630957,1.47344622701144,23.6814820017664,77.7239897242617,101.405471726028,328.205767352162,48.7291816659564,51.531179389291
2065,29,BA,Bahia,13373933,1563511,7555917,5207881,4254505,1553230,0.116907345056985,0.564973444984359,0.389405345458213,0.318119209958656,0.116138610833477,-0.76496099621971,83.104361154324,26.3591383301496,1.47636622739431,23.680443635261,78.876920264486,102.557363899747,333.088862182613,48.9123577185559,51.7537202682883
2066,29,BA,Bahia,13268254,1542990,7455765,5208449,4269499,1584012,0.116291864777385,0.561925103333114,0.392549690411414,0.321783031889501,0.11938360540882,-0.7901864021600871,83.2331022306346,26.4188714402584,1.47929061750254,23.6770569672455,79.9232293689479,103.600286336193,337.55559012048,49.0849206685371,51.9679927307834
2067,29,BA,Bahia,13160165,1523141,7358277,5203658,4278747,1608064,0.11573874643669,0.559132579264774,0.395409783995869,0.325128674298537,0.122191781030101,-0.814643735340004,83.3596859515314,26.4775247000473,1.48221910565249,23.675646621069,80.8854649339086,104.561111554978,341.63994009747,49.2464939459346,52.1937794549553
2068,29,BA,Bahia,13049846,1504032,7262778,5196930,4283036,1624858,0.115252854324871,0.556541280257254,0.398236883408433,0.328205865417875,0.124511660903891,-0.8382797632096589,83.4841352681421,26.535108775065,1.48515142535337,23.6897067264105,81.8558033191345,105.545510045545,345.533206740282,49.3967418466088,52.4112078258676
2069,29,BA,Bahia,12937502,1485721,7168454,5186859,4283327,1635041,0.114838320411467,0.554083315310792,0.400916575703718,0.331078364277741,0.12637996113933,-0.860883722305994,83.6065120406542,26.5916884653612,1.48808733155203,23.7149161633617,82.7920762620827,106.506992425444,349.113931888962,49.5354480331675,52.619022205722
2070,29,BA,Bahia,12823350,1468227,7074734,5171134,4280389,1640293,0.114496367953772,0.551707159205668,0.403259210736664,0.33379647284056,0.127914546510857,-0.8823341631174259,83.7268873395181,26.6473233911709,1.49102659765742,23.7423934615666,83.6213324441554,107.363725905722,352.202622618982,49.6627787590606,52.8219131208404
2000,31,MG,Minas Gerais,18211412,5169695,11858647,1712247,1183070,224208,0.283871179236404,0.651165708622703,0.0940205515091306,0.0649631121408928,0.0123114012246826,,71.6048243981115,20.2287822843146,2.19145618890282,45.6305105181443,15.1132135925158,60.7437241106601,33.1208514235366,29.2395066346311,26.5257561142834
2001,31,MG,Minas Gerais,18422253,5128197,12072414,1761050,1221642,231449,0.278369697778008,0.655316914820353,0.0955936279889327,0.0663133874016387,0.012563555608535,1.1577410911356,72.4015505583547,20.5539046333792,2.04212834379707,44.4653978329674,15.2696530288808,59.7350508618482,34.3405294297391,29.5273324060852,26.8515165524643
2002,31,MG,Minas Gerais,18624410,5082394,12280234,1811009,1261782,239999,0.272888859298093,0.659362310000693,0.0972384628560046,0.0677488307012142,0.0128862605580526,1.09735220768057,72.5472250195726,20.6081039425571,1.93540260213863,43.3244477647997,15.4377966017751,58.7622443665748,35.6329910668083,29.8277092804551,27.1960793403755
2003,31,MG,Minas Gerais,18816368,5033473,12480528,1861998,1302367,249387,0.267505025411918,0.663280395026288,0.0989562916711663,0.0692145795617943,0.0132537267553441,1.0306796295829,72.6819628406177,20.6678108378052,1.89273893393537,42.2239450605101,15.6196131885042,57.8435582490143,36.9923112729521,30.1368863534132,27.5588081462923
2004,31,MG,Minas Gerais,18998797,4982057,12673789,1915145,1342951,259504,0.26223012962347,0.667083763250905,0.100803487715564,0.0706861071256248,0.0136589700916326,0.96952291749397,72.8747143536885,20.7394595187463,1.81347016869699,41.1685980236489,15.8255585317473,56.9941565553962,38.4408488301117,30.4537914690072,27.9338029272573
2005,31,MG,Minas Gerais,19172436,4927363,12861656,1971567,1383417,270251,0.257002448723782,0.670840992766908,0.102833411466336,0.0721565585093099,0.0140958092127677,0.913947340981647,73.0809279872441,20.8658820913545,1.78987904146663,40.1463363443176,16.063600734786,56.2099370791036,40.0126193259965,30.7781294979939,28.330897696988
2006,31,MG,Minas Gerais,19335903,4865591,13046120,2032098,1424192,281637,0.251635054230464,0.674709632128378,0.105094548726274,0.0736553136411576,0.0145654950792833,0.852614659921147,73.4624937718347,21.0629053060919,1.70582996193533,39.1180839950173,16.3375384922626,55.4556224872799,41.7646694923597,31.1142784487489,28.7452721809827
2007,31,MG,Minas Gerais,19487371,4793718,13227705,2096968,1465948,293606,0.24599100617523,0.678783454166291,0.107606510903908,0.0752255396584793,0.015066475616439,0.783351054253845,73.8140033993953,21.2041675817536,1.63857722165152,38.0553931451013,16.6469829165372,54.7023760616384,43.7440834024863,31.4653395781299,29.1821407514442
2008,31,MG,Minas Gerais,19633228,4717666,13405883,2166791,1509679,306179,0.240289879993244,0.682816040235462,0.11036346137273,0.0768940797712939,0.0155949393548529,0.748469354845249,74.1887499171579,21.4343343497784,1.62705927504198,37.0048689399159,16.9960775042551,54.000946444171,45.9293006329825,31.8222865847633,29.6335349606262
2009,31,MG,Minas Gerais,19774776,4638698,13579908,2241816,1556170,319204,0.234576513028517,0.686728790252795,0.113367453568121,0.0786946967186885,0.0161419780431394,0.720961423154654,74.4470641927411,21.5103476616761,1.56867797988134,35.9749010839085,17.3861520729143,53.3610531568228,48.328561160912,32.1838209444193,30.0930536805748
2010,31,MG,Minas Gerais,19886309,4554233,13725530,2322564,1606546,332918,0.229013488626773,0.690199976275135,0.116792110592267,0.0807865350980919,0.0167410654234529,0.564016502639531,74.7902734174282,21.782119162578,1.56795884194773,35.0069472244616,17.8528141562881,52.8597613807497,50.9979177613442,32.5614779494777,30.5855709022323
2011,31,MG,Minas Gerais,19981515,4471300,13849112,2409117,1661103,347469,0.223771821105657,0.69309619415745,0.120567284312526,0.0831319847368931,0.0173895222659543,0.4787514867640839,74.9232020216157,21.8673452222555,1.58653297569574,34.1292004685409,18.3886648279404,52.5178652964813,53.8795652271152,32.9412990956892,31.0880768505755
2012,31,MG,Minas Gerais,20094110,4394519,13980021,2501168,1719570,362601,0.218696871869418,0.695727305165543,0.124472693739608,0.085575822965038,0.0180451386003162,0.563495811003323,75.2437813622222,22.0753289400456,1.5904768086878,33.2957884438164,18.9505064355037,52.2462948793201,56.9156260332473,33.3083013878196,31.5779140637795
2013,31,MG,Minas Gerais,20214721,4320051,14111950,2599153,1782720,378477,0.213708168418451,0.698102635203325,0.128577238340316,0.0881891963782236,0.0187228406466753,0.600230614841868,75.5925104080427,22.269358994265,1.57090493769159,32.4925386504338,19.5490931266531,52.041631777087,60.164868424007,33.6715269035867,32.061651089246
2014,31,MG,Minas Gerais,20340917,4251914,14238215,2702819,1850788,394999,0.209032562297953,0.699979012745591,0.132875966211356,0.090988424956456,0.0194189377007929,0.624277723150368,75.960590057172,22.4340731401314,1.62669633500427,31.7634510327962,20.1911089822163,51.9545600150125,63.5671135399258,34.0259041910451,32.5378546629602
2015,31,MG,Minas Gerais,20470203,4195152,14351144,2811764,1923907,412222,0.204939442955207,0.701074825686878,0.137358872308203,0.0939857313579157,0.0201376605791354,0.635595730516969,76.2052681995109,22.5633687060403,1.64929917451894,31.1599388767394,20.8846769737583,52.0446158504977,67.0241268969515,34.3681628853412,33.0044968761485
2016,31,MG,Minas Gerais,20588168,4138008,14448170,2925642,2001990,430407,0.200989616948919,0.701770550930029,0.142103075902625,0.0972398321210513,0.0209055511884302,0.576276649528107,76.5358374823806,22.6912730512152,1.54778675505202,30.5963436183086,21.6321350601922,52.2284786785008,70.701699948381,34.720762333006,33.4815767150885
2017,31,MG,Minas Gerais,20695003,4082043,14528177,3043950,2084783,449550,0.197247760727553,0.702013766318372,0.147086231396052,0.100738472954075,0.0217226351694658,0.518914553252148,76.7284859125931,22.7887896018997,1.59570137843059,30.0835727882874,22.4331030782644,52.5166758665518,74.5692781776184,35.0810431387712,33.9674717925561
2018,31,MG,Minas Gerais,20801238,4036595,14592549,3166161,2172094,469191,0.194055517272578,0.701523101653853,0.152210219410979,0.104421381073569,0.0225559171045493,0.513336480308801,77.0164209284859,22.8951845392745,1.61587324221696,29.6841588642026,23.2831944036106,52.9673532678133,78.4364297136572,35.4316955558126,34.4477046894841
2019,31,MG,Minas Gerais,20916751,3996846,14656409,3291531,2263496,488716,0.191083500492022,0.700701987607922,0.157363397403354,0.108214511900056,0.0233648141625819,0.555317909443653,77.1562293908309,22.9444014520704,1.5832294710803,29.3273871116246,24.1520448440878,53.4794319557124,82.3532105064844,35.7737194940075,34.9124072719052
2020,31,MG,Minas Gerais,21032009,3957460,14718117,3416365,2356432,507059,0.188163669956589,0.69979605847449,0.162436455785085,0.112040271568921,0.0241089189339925,0.55103204125726,76.6730406256019,22.4991130244393,1.53406858091851,28.9750086834384,25.0133180223667,53.9883267058051,86.3272149307889,36.10945806461,35.3602706887824
2021,31,MG,Minas Gerais,21117017,3919736,14755777,3528825,2441504,520444,0.185619777641889,0.698762377280844,0.167108119484869,0.115617845077266,0.0246457158224573,0.404183927460289,73.9752370235037,20.7603356992239,1.50991232949415,28.6772405017802,25.8172905557146,54.4945310574947,90.0271089685632,36.4208695290627,35.7790209643354
2022,31,MG,Minas Gerais,21178401,3884653,14766140,3640439,2527608,532462,0.183425226484285,0.6972263864491,0.171893949878463,0.119348387066616,0.0251417470091344,0.290684995896906,76.5053521514686,22.3377342292737,1.47638651085628,28.4520990479304,26.663419102285,55.1155181502155,93.7133638448531,36.7419185707174,36.2124006708101
2023,31,MG,Minas Gerais,21247401,3849522,14769809,3766274,2628070,549879,0.181176135377687,0.695134854375836,0.177258103238133,0.123689010246477,0.0258798240782484,0.325803633617094,77.3261263250558,23.0546122479332,1.47885972332859,28.2396827079423,27.6289842612077,55.86866696915,97.837445791971,37.0977314354824,36.6813943390841
2024,31,MG,Minas Gerais,21322691,3816825,14770827,3896891,2735039,571085,0.17900296918433,0.692728089526786,0.182757936134796,0.128268941288883,0.0267829703108299,0.354349221347117,77.5147147432322,23.156083474825,1.45909949926924,28.0463811565529,28.6347134887087,56.6810946452617,102.097712103646,37.458265985283,37.1461747096939
2025,31,MG,Minas Gerais,21393441,3784786,14764233,4027144,2844422,594767,0.176913382003391,0.690128951205185,0.188241994357056,0.132957666791425,0.0278013714577286,0.331806149608416,77.7011756758463,23.2565317463269,1.44787248376981,27.8671938637755,29.6516639422521,57.5188578060276,106.403479615492,37.8186770889265,37.6040690961157
2026,31,MG,Minas Gerais,21460311,3746836,14757803,4155426,2955672,620571,0.174593741908027,0.68767889710452,0.193633074562619,0.137727360987453,0.0289171484979878,0.312572437505487,77.8856616248472,23.3559899635702,1.43857091457682,27.6355100944096,30.6491442832225,58.2846543776321,110.904934189807,38.1772932368035,38.0564307819397
2027,31,MG,Minas Gerais,21523424,3703562,14751748,4280645,3068114,648076,0.172071228072262,0.685381099215441,0.198883086631569,0.142547672712297,0.0301102649838613,0.294091730543888,78.0682082549968,23.4544730583166,1.43094417890293,27.3543292791599,31.6166363239469,58.9709656031069,115.58183716109,38.5335213858167,38.498879875195
2028,31,MG,Minas Gerais,21582928,3658633,14743969,4402412,3180326,677182,0.169515137149139,0.68313108397526,0.203976587421317,0.1473537788756,0.0313758170346489,0.276461589011112,78.2488327139433,23.5519766250827,1.4247706968054,27.0571265851065,32.557684458592,59.6148110436986,120.329423585257,38.8869459231852,38.9355480912573
2029,31,MG,Minas Gerais,21638990,3608056,14738190,4521298,3292744,708542,0.166738650925944,0.681094173064455,0.208942191849065,0.152167176009601,0.0327437648429987,0.259751596261637,78.427476093167,23.6484093805918,1.41985554809276,26.7072776794282,33.4672081468368,60.174485826265,125.311192509207,39.2370563505968,39.3634958850651
2030,31,MG,Minas Gerais,21691665,3548957,14738278,4638031,3404430,742651,0.163609248068325,0.679444293464794,0.213816274592107,0.156946458466881,0.0342366987504187,0.243426333668983,78.6040692747956,23.7436775368135,1.41602800760778,26.2794659953733,34.3438869363555,60.6233529317288,130.687156818186,39.5831667601357,39.7855413444472
2031,31,MG,Minas Gerais,21739506,3494585,14731078,4753383,3513843,779127,0.160748132915256,0.67761788147348,0.218651840570802,0.161633985611265,0.0358392228415862,0.220550151406074,78.7786479257103,23.8378218345388,1.41313909795639,25.9020506038674,35.2323285899651,61.1343791938325,136.021387375039,39.9257716343692,40.2032302542113
2032,31,MG,Minas Gerais,21781071,3443182,14717941,4868084,3619948,817623,0.158081390947213,0.675721639215996,0.22350067175301,0.166196969836791,0.0375382367561265,0.191195696903135,78.9512599856101,23.9308757826465,1.41105923428413,25.5622260307406,36.140716216753,61.7029422474936,141.383290223985,40.2655742226817,40.6200351809079
2033,31,MG,Minas Gerais,21816402,3384603,14709446,4981758,3722353,857927,0.155140293069407,0.674237942626836,0.228349202586201,0.170621764303756,0.0393248620922918,0.162209654428835,79.1219282586325,24.0228623039217,1.409676009001,25.1642578636006,37.038980029875,62.2032378934756,147.188843122812,40.6022487576091,41.03512900482
2034,31,MG,Minas Gerais,21845584,3325522,14698481,5094645,3821581,900200,0.15222856939874,0.672835342831759,0.233211664197213,0.174936087769501,0.0412074129032211,0.13376174494768,79.2905878127977,24.1136908020141,1.40889214423537,24.7703441911711,37.9477598349459,62.718104026117,153.198355025166,40.9353516481867,41.4495056286387
2035,31,MG,Minas Gerais,21868646,3272496,14677810,5208589,3918340,944551,0.14964328381373,0.671180556857521,0.238176108388238,0.179176159328749,0.0431920202101218,0.10556824665342,79.4571941041914,24.2033036169084,1.40862362505996,24.4443031856213,38.9061831352253,63.3504863208466,159.162578044404,41.2643411027825,41.8611125936763
2036,31,MG,Minas Gerais,21885491,3225015,14647115,5325660,4013361,990679,0.147358585649278,0.669261429866938,0.243342038796388,0.183379984483784,0.045266473573748,0.0770280885245445,79.6217655555636,24.2917377064971,1.40879801607549,24.1849231365472,39.9380088934111,64.1229320299583,165.135976111739,41.5888059354026,42.2701530018921
2037,31,MG,Minas Gerais,21896045,3182167,14606532,5447119,4107346,1038201,0.145330675014597,0.667085402866134,0.248771821577824,0.187583922119269,0.0474150012022719,0.0482237295932775,79.7843448424959,24.379036034248,1.40935295679906,23.986016479232,41.058400171436,65.044416650668,171.176402746933,41.9085639438538,42.6762115852241
2038,31,MG,Minas Gerais,21900365,3141251,14559158,5573415,4199956,1086613,0.143433728159325,0.664790655315562,0.254489594123203,0.191775616525113,0.0496162050267199,0.0197295904351691,79.9449448187369,24.4652283181675,1.41023482668199,23.8231662955449,42.2686351326539,66.0918014281988,177.42660487812,42.2233320312241,43.0790551314834
2039,31,MG,Minas Gerais,21898577,3101774,14505327,5703599,4291476,1135793,0.141642719524652,0.662386738645164,0.260455234146036,0.195970541830184,0.0518660641739415,-0.0081642474908494,80.1035437715867,24.5502900803267,1.41139756782242,23.6899539639037,43.5615224508837,67.2514764147874,183.881836652187,42.5327602336901,43.4784611996413
2040,31,MG,Minas Gerais,21890702,3064799,14442172,5835514,4383731,1185587,0.140004601040204,0.659740011992306,0.266575005223679,0.20025538696749,0.0541593869397153,-0.0359612407692111,80.2601161407394,24.6342136154407,1.41280165202692,23.5928192758508,44.9217802484591,68.5145995243099,190.404460455645,42.8365490060575,43.8738643633029
2041,31,MG,Minas Gerais,21876782,3029528,14368452,5966010,4478802,1235647,0.138481427478685,0.656790016008753,0.272709670005397,0.204728556512562,0.0564821188052246,-0.063588641424106,80.4146778881167,24.7170371633756,1.41441317841259,23.5189085774635,46.3154800887243,69.8343886661878,196.928696483413,43.1345247669424,44.2649885958907
2042,31,MG,Minas Gerais,21856878,2995729,14283184,6092659,4577965,1285524,0.137061157590759,0.653486925259866,0.278752482399362,0.209451917149375,0.0588155362353214,-0.0909823026073897,80.5672442559051,24.7987865896285,1.41620308792354,23.4618893855107,47.7163627022459,71.1782520877567,203.378176063322,43.4265467373703,44.651916509498
2043,31,MG,Minas Gerais,21831145,2963268,14186158,6214867,4681719,1334234,0.135735803138131,0.649812824751061,0.284678930033216,0.214451372110808,0.0611160798025023,-0.117734106398915,80.7178370242216,24.8794874663437,1.4181464817376,23.4194709401162,49.1176961055117,72.5371670456279,209.730169529047,43.7124347806769,45.034643394961
2044,31,MG,Minas Gerais,21799759,2932034,14078513,6332815,4789212,1382180,0.134498459363702,0.645810488088423,0.290499312400655,0.219691052547874,0.0634034532216618,-0.143767081387625,80.8664476064345,24.9591141747766,1.42022203139474,23.3909457666629,50.5214237677016,73.9123695343644,215.987092919113,43.9920087648675,45.4122729652131
2045,31,MG,Minas Gerais,21762815,2901858,13962500,6445602,4898457,1428816,0.133340195190742,0.641576009353569,0.296175012285865,0.225083795455689,0.0656540066163316,-0.169469763404262,81.0130668042499,25.0376327849858,1.42241146947031,23.3731375381534,51.9163729108028,75.2895104489562,222.119828054991,44.2651705673186,45.7835706016106
2046,31,MG,Minas Gerais,21720372,2872618,13841270,6552214,5006484,1473181,0.132254548863159,0.637248293905832,0.301662144644668,0.230497157231009,0.0678248512502456,-0.195025321862086,81.1577041899711,25.1150307994667,1.42469915066076,23.363089380377,53.2893553272162,76.6524447075932,228.092074894748,44.5319143705274,46.1467969186685
2047,31,MG,Minas Gerais,21672553,2844215,13717310,6652044,5111028,1514681,0.131235807798001,0.632934661643231,0.306934028492167,0.235829530558767,0.0698893665181024,-0.220157371153684,81.3003777141914,25.1912994247616,1.42707167419112,23.3586261961152,54.6311053264647,77.9897315225799,233.879787568802,44.7922695125027,46.4985011510768
2048,31,MG,Minas Gerais,21619516,2816581,13591357,6744420,5211578,1553216,0.130279558524807,0.628661483448566,0.31195980520563,0.241058958026627,0.071843236453582,-0.2447196691594209,81.4411137104634,25.2664450293021,1.42951755945518,23.3576107837491,55.9307675945172,79.2883783782663,239.454146711918,45.0462643567044,46.8414069249684
2049,31,MG,Minas Gerais,21561387,2789574,13463446,6829606,5308367,1589365,0.129378225992604,0.624423929685043,0.316751700621115,0.246197844322353,0.0737134860572745,-0.268872809178522,81.5799179018851,25.3404706823689,1.43202696773988,23.3589486432449,57.1888094051627,80.5477580484076,244.826127573601,45.2940199069754,47.1723548636164
2050,31,MG,Minas Gerais,21498240,2763043,13334633,6909016,5400564,1623843,0.128524148953589,0.620266263656932,0.32137588937513,0.251209587389479,0.075533764624453,-0.292870769399023,81.7167858403005,25.4133758369538,1.43459146375096,23.3637807505229,58.4213618918905,81.7851426424135,250.050976405362,45.5356892471198,47.491668302988
2051,31,MG,Minas Gerais,21430137,2736905,13205995,6984601,5487237,1657389,0.127712902628667,0.616234744556229,0.325924234642084,0.256052352815103,0.077339169600269,-0.31678407162633,81.8517229535921,25.4851944488828,1.43720381144406,23.3751067908793,59.6534385616901,83.0285453525694,255.200710291369,45.7714500845235,47.8017965782084
2052,31,MG,Minas Gerais,21357171,2711171,13078203,7057769,5567797,1690677,0.126944294260696,0.612356524185717,0.330463664873967,0.260699181553587,0.0791620294654194,-0.340483124302937,81.9847427345239,25.5559541723843,1.43985779937209,23.3959005477195,60.9046281524764,84.3005287001959,260.32179453085,46.0013775700911,48.1011202850507
2053,31,MG,Minas Gerais,21279431,2685716,12952113,7128645,5641602,1723607,0.126211833389718,0.608668201701446,0.33500167368197,0.265119964908836,0.0809987353515233,-0.363999520348457,82.1158726076934,25.6256798165799,1.44254809138963,23.4252036838851,62.1770734936638,85.6022771775488,265.428101854403,46.2257138830451,48.3883462675277
2054,31,MG,Minas Gerais,21196930,2660311,12827710,7196764,5708909,1756502,0.125504542403074,0.605168295597523,0.339519166218882,0.269327161999403,0.0828658678402957,-0.387703035856546,82.2451262421755,25.6943647662351,1.44527009911211,23.4598325992704,63.4643388297293,86.9241714289998,270.52340872928,46.4448263026769,48.6634763472398
2055,31,MG,Minas Gerais,21109678,2634837,12703767,7262116,5771074,1790811,0.124816541493433,0.601798236808728,0.344018321833237,0.273385221697839,0.0848336483389278,-0.411625645789271,82.3725188578822,25.7619960977553,1.4480198730174,23.4986321344722,64.7667360075272,88.2653681419994,275.619174924293,46.6589345891491,48.9244223613556
2056,31,MG,Minas Gerais,21017762,2609306,12578502,7324525,5829954,1828106,0.124147661392302,0.598470094009058,0.348492146785181,0.27738224459864,0.0869790989164308,-0.435421137167513,82.4980796804858,25.828569904284,1.45079400950661,23.541341063924,66.0823763698998,89.6237174338238,280.707782069255,46.8680276234929,49.1609298832068
2057,31,MG,Minas Gerais,20921382,2583814,12450666,7383685,5886902,1869303,0.123501114792512,0.595116804425253,0.35292529910309,0.281382080782235,0.0893489254199364,-0.458564522711791,82.6218297875472,25.8940937660474,1.45358957161425,23.5881102619044,67.407009916027,90.9951201779314,285.766893437376,47.0719246940761,49.3861577973335
2058,31,MG,Minas Gerais,20820592,2558249,12320340,7439730,5942003,1914687,0.122871097997598,0.591738217626089,0.357325574604219,0.285390684376314,0.0919612180095552,-0.481755937537964,82.7438008463841,25.9585954800697,1.45640402138358,23.6379975889372,68.7424561887226,92.3804537776598,290.813364922648,47.2707531562983,49.600826788881
2059,31,MG,Minas Gerais,20715383,2532430,12188214,7492295,5994739,1963514,0.122248765567115,0.588365370797151,0.361677841051744,0.289385863635734,0.0947853100278185,-0.505312240881528,82.8640056987862,26.0220791029818,1.45923516220375,23.6882519298625,70.0826366347142,93.7708885645767,295.853982143633,47.464690949716,49.804572907679
2060,31,MG,Minas Gerais,20605831,2506344,12054415,7539013,6045072,2014196,0.121632755310863,0.585000187568266,0.365867942913829,0.29336705712087,0.0977488362396062,-0.528843710010096,82.9824456949931,26.0845244818022,1.46208108964911,23.733252882399,71.3889641696007,95.1222170519997,300.797216982186,47.6536242581044,49.9967797769218
2061,31,MG,Minas Gerais,20492077,2480114,11919185,7578292,6092778,2064398,0.121027946557101,0.58164845857255,0.369815709749675,0.297323594870349,0.100741276738322,-0.552047621860041,83.0991312461253,26.1458549257064,1.46494014957093,23.7702913960005,72.633035870117,96.4033272661176,305.562244316189,47.8371389586326,50.1962366735677
2062,31,MG,Minas Gerais,20374290,2453866,11782932,7609931,6137492,2112305,0.120439338008834,0.57832356366774,0.373506561455638,0.301237098323426,0.103675023767699,-0.574792882146602,83.2140708583339,26.2060979722898,1.46781090237224,23.7996960960063,73.8076346106825,97.6073307066888,310.120071756159,48.0146990152786,50.399290344854
2063,31,MG,Minas Gerais,20252570,2427632,11645642,7634156,6179296,2157443,0.119867848870538,0.575020454194208,0.376947518265583,0.305111696935253,0.106526875354585,-0.597419591063053,83.3272915203602,26.2653043363881,1.47069209255211,23.8218421314478,74.912366882149,98.7342090135968,314.469244102895,48.1859645960982,50.6004493966291
2064,31,MG,Minas Gerais,20126973,2401409,11507753,7651347,6217811,2199909,0.119312973689586,0.571757760096364,0.380153886031446,0.30892926621405,0.109301532823639,-0.620153392878042,83.4388239773142,26.3235307700065,1.47358262273897,23.8371776188661,75.9497934181882,99.7869710370543,318.619069054876,48.3507339628269,50.8002893114844
2065,31,MG,Minas Gerais,19997629,2375315,11371574,7661681,6250740,2239021,0.118779831349006,0.568646112996696,0.383129469998668,0.312574055654298,0.111964323370536,-0.642640102910652,83.5486790817346,26.3808177434539,1.47648153154677,23.8470285974797,76.9196194659516,100.766648063431,322.5543138489,48.5086752534513,51.0051118808743
2066,31,MG,Minas Gerais,19864705,2349470,11238660,7662961,6276575,2274043,0.118273591276588,0.565760226492163,0.385757603749968,0.315966182231249,0.114476555277312,-0.66469880004274,83.6568617562283,26.4372820572664,1.47938797468602,23.846981925188,77.7786021785427,101.625584103731,326.157005622545,48.6593741512899,51.2261473080413
2067,31,MG,Minas Gerais,19728389,2323976,11109219,7653107,6295194,2304541,0.117798569361137,0.563108270016371,0.387923565375764,0.319093160622492,0.116813440773091,-0.686222121093671,83.7633895656761,26.4928258464596,1.48230120884528,23.8324589547287,78.4828924453812,102.31535140011,329.310930921834,48.8024118441704,51.4305557686407
2068,31,MG,Minas Gerais,19588826,2298933,10983010,7637169,6306883,2330060,0.117359406837347,0.560677296332103,0.389873747410896,0.32196329683055,0.118948424984734,-0.707422182318085,83.8682808785765,26.5474653699496,1.48522057793041,23.8164170031175,79.1193138848681,102.935730887986,332.204940291866,48.9374991130147,51.6193866481823
2069,31,MG,Minas Gerais,19446199,2274485,10859622,7615210,6312092,2350854,0.116962960216544,0.558444454877789,0.391604035318162,0.324592584905667,0.120890154420409,-0.728103869011854,83.9715668898048,26.601220140429,1.48814550131027,23.8003876731491,79.6861488259724,103.486536499121,334.810297715747,49.0644084224377,51.8013899302151
2070,31,MG,Minas Gerais,19300724,2250765,10738843,7587285,6311116,2368088,0.116615573591954,0.556395863699206,0.393108828456383,0.326988562708839,0.122694257479668,-0.748089639522875,84.0732936417253,26.6541231660417,1.49107546376948,23.7857184977523,80.1811940261283,103.966912523881,337.098053328535,49.1830593505197,51.9934168005109
2000,32,ES,Espírito Santo,3181143,919129,2081101,261706,180913,32742,0.288930425321968,0.654199135342234,0.0822679143942916,0.0568704393357985,0.0102925269313577,,72.4748573413013,20.7702781832946,2.12051054884987,45.9493737964354,13.0832851740832,59.0326589705185,28.4732610982789,28.3346897640251,25.564089752907
2001,32,ES,Espírito Santo,3229643,912626,2129392,270086,187625,33804,0.282577981529228,0.659327362188329,0.0836271996626252,0.0580946562824436,0.0104667915308286,1.52460923636568,72.9658562553155,20.9916993311607,1.97583206669097,44.5850886033775,13.1946802310386,57.779768834416,29.594379296667,28.6389501873737,25.9102089185393
2002,32,ES,Espírito Santo,3277799,906363,2176882,278684,194554,35277,0.276515735101512,0.664129191570319,0.0850216868087396,0.0593550733281693,0.0107624048942598,1.49106263447694,73.2652176590258,21.1055206134063,1.89851762795012,43.3096229271314,13.3166280572184,56.6262509843498,30.7475040353589,28.9518100408231,26.2794357454718
2003,32,ES,Espírito Santo,3325612,900687,2223348,287544,201577,37051,0.270833458623556,0.668553036253177,0.0864634840143709,0.0606135051232675,0.0111411072608591,1.45869225050101,73.464003682901,21.1446952436748,1.88004923779652,42.139749534594,13.4530998450908,55.5928493796848,31.9249639441893,29.2698207126989,26.6634480899179
2004,32,ES,Espírito Santo,3373196,895695,2268915,296815,208586,39052,0.265533043440108,0.672630644646798,0.0879922186555421,0.0618363119130937,0.0115771511646522,1.43083438476888,73.6780299119611,21.2226674542917,1.81516695050476,41.0740014839367,13.6110838515953,54.685085335532,33.1379543259703,29.5904207760237,27.057117868676
2005,32,ES,Espírito Santo,3420621,891202,2313862,306696,215557,41215,0.260538071888116,0.676445008084789,0.0896609124483537,0.0630169200270945,0.0120489817492204,1.40593668437885,73.7414613136719,21.3221119379228,1.77226659618367,40.0950545794505,13.7982105732473,53.8932651526978,34.4137468273186,29.9126643963187,27.4699922498143
2006,32,ES,Espírito Santo,3466704,885639,2358516,317278,222549,43499,0.255470037245753,0.680333827174169,0.0915215143836913,0.0641961355800784,0.0125476533329641,1.34721151510209,73.88199525288,21.4669171487665,1.70618513599785,39.1220110372575,14.0153645197185,53.137375556976,35.8247547815758,30.2470600316612,27.8963126820681
2007,32,ES,Espírito Santo,3511878,879199,2402984,328642,229695,45852,0.250350097583116,0.684244726041167,0.0935801300614657,0.0654051763757169,0.0130562622050083,1.30308212065409,73.9530259262625,21.5684721180006,1.66603869780153,38.1590660219432,14.2637466325411,52.4228126544843,37.3797058458893,30.5890196071731,28.3416525509332
2008,32,ES,Espírito Santo,3557343,873400,2446824,340946,237119,48244,0.245520322330458,0.687823468245823,0.0958428804869252,0.0666562094237188,0.013561807225224,1.29460647550967,74.0708298049472,21.6609514537746,1.70332088362473,37.277043035053,14.5517045049567,51.8287475400097,39.0366384245477,30.9252408328351,28.7851517625008
2009,32,ES,Espírito Santo,3602364,867972,2489427,354442,244965,50660,0.240945112709321,0.691053708065037,0.0983915006923231,0.0680011792256418,0.0140629875270794,1.26557939450878,74.4656974503896,21.7864746825501,1.6517492098012,36.4701779449148,14.8928338830648,51.3630118279796,40.8356490762375,31.2593510816786,29.2340502548943
2010,32,ES,Espírito Santo,3640888,861495,2525882,369405,253511,53174,0.236616726468927,0.693754380799409,0.101460138295932,0.0696288927316633,0.0146046788585642,1.06940886595579,74.8598298769856,22.0662636238687,1.66317923999559,35.7468584905817,15.3280846211682,51.0749431117499,42.8795291905351,31.6099462548697,29.7095713988281
2011,32,ES,Espírito Santo,3676063,855238,2558001,385914,262824,55810,0.232650528568199,0.695853417093233,0.104980246530051,0.0714960543385682,0.0151820031375958,0.966110465358994,74.9907404683262,22.2110030957747,1.70476287443147,35.1239942650881,15.8492035232499,50.9731977883381,45.1235796351425,31.9609329328687,30.1930367475989
2012,32,ES,Espírito Santo,3714258,849608,2591738,403878,272912,58543,0.22874232215425,0.697780821903056,0.108737195962154,0.0734768559426943,0.0157616945295669,1.03901918982345,75.4232143001431,22.4369973258894,1.69859252315353,34.5260755567765,16.412654240214,50.9387297969905,47.5369817610004,32.3009058606053,30.6626395155545
2013,32,ES,Espírito Santo,3753762,844310,2625453,423300,283999,61368,0.224923689887638,0.699419142716027,0.112766872273735,0.0756571673963347,0.0163483992858364,1.06357716669117,75.7648309407554,22.6735272155345,1.73712513463465,33.9605140795897,17.0263121482516,50.9868262278413,50.1356136963911,32.6343755944037,31.1243354026198
2014,32,ES,Espírito Santo,3793919,839952,2657712,444028,296255,64246,0.221394289124254,0.700518909338866,0.117036763304646,0.0780868015368805,0.0169339408669505,1.06978012990702,76.0368561018025,22.8171084338548,1.77366162733987,33.4650364012831,17.6907885012345,51.1558249025176,52.8634969617312,32.9578667862967,31.5779390871959
2015,32,ES,Espírito Santo,3834033,837438,2686865,465806,309730,67131,0.218422220153035,0.700793394318724,0.121492433685365,0.0807843855282414,0.0175092389658618,1.05732357491026,76.2351985801981,22.8312738727934,1.84262233740411,33.0899968349791,18.4055644306973,51.4955612656764,55.6227446091532,33.2682259125052,32.0215317383897
2016,32,ES,Espírito Santo,3870870,834161,2712307,488512,324402,70038,0.215497032966749,0.700697000932607,0.126202119936862,0.083805966100644,0.0180936068635733,0.960789852356503,76.4302770901168,22.8300934623041,1.69912872815396,32.7353418907565,19.1708882790459,51.9062301698024,58.5632749553144,33.5900763910955,32.477384333215
2017,32,ES,Espírito Santo,3904551,830414,2733874,512132,340263,73028,0.212678487231951,0.700176281472569,0.131162840490494,0.0871452312954806,0.0187033028893719,0.870114470390382,76.6906889878386,22.9277862496069,1.79212271369672,32.4126611774762,19.9895004108111,52.4021615882873,61.6718889614096,33.9216478411986,32.9434695971567
2018,32,ES,Espírito Santo,3937119,828525,2751316,536516,357278,76065,0.210439410137209,0.698814539260815,0.136271217608612,0.0907460506019757,0.0193199646746771,0.834103588351143,76.8326002269543,22.9678423903108,1.817005269169,32.2122812760733,20.8592429934084,53.0715242694817,64.7555595787695,34.2420582156648,33.4020138329905
2019,32,ES,Espírito Santo,3970009,826728,2768010,561398,375271,79078,0.208243356627151,0.697230157412741,0.14140975499048,0.0945264859601074,0.0199188465315822,0.835382420495789,77.0869568188122,22.9840606400816,1.76943953191362,32.0203510383701,21.7437428419491,53.7640938803191,67.9060101992433,34.5601271936663,33.850754944889
2020,32,ES,Espírito Santo,4001467,824463,2784059,585113,392945,81552,0.206040184762238,0.695759580173971,0.146224622119838,0.0982002350637904,0.020380525442294,0.792391150750538,75.0918180781057,21.534749576392,1.74083665040152,31.8093237717173,22.5747533364636,54.3840771081809,70.9689822344969,34.8629645077668,34.2714957084139
2021,32,ES,Espírito Santo,4027541,822684,2795555,606459,409302,83127,0.204264587250633,0.694109631658622,0.150577982942942,0.101625781090745,0.0206396409124078,0.651611021657805,73.7459787455454,20.6525733984371,1.70488016499444,31.6612004781408,23.3397270164155,55.0009274945563,73.7171258952405,35.1439709738523,34.6627211198277
2022,32,ES,Espírito Santo,4050913,820884,2802894,628870,427135,84989,0.20264172545794,0.691916612378493,0.15524154678217,0.105441662163567,0.0209802086591344,0.580304458725567,76.3148533176776,22.5500573018613,1.69597796716509,31.558393777543,24.1765305388867,55.7349243164297,76.6088753100316,35.4482443834266,35.0765100154083
2023,32,ES,Espírito Santo,4076068,818739,2809471,654099,447858,87963,0.200864902155705,0.689260090852262,0.160473034306592,0.109875006992033,0.021580356363044,0.620971124287295,76.9903088182083,23.1969900297847,1.72423108547392,31.4508898560634,25.1264390776074,56.5773289336709,79.8910275435762,35.7813147376344,35.5093739168794
2024,32,ES,Espírito Santo,4102129,816196,2816331,680003,469602,91541,0.19896887689295,0.686553494539055,0.165768312015541,0.114477628567995,0.0223154854467034,0.63936617347895,77.1870530184253,23.2965282067725,1.68017520731782,31.3207185150791,26.0944461286374,57.4151646437164,83.3136893589285,36.1184575131596,35.9353351146021
2025,32,ES,Espírito Santo,4126854,813074,2822097,705832,491683,95542,0.197020296816897,0.683837373456875,0.171033915907856,0.119142329726227,0.0231512915164917,0.602735798898579,77.3811902925865,23.3947894059334,1.66490025787068,31.1767719295017,27.0646500620411,58.2414219915428,86.810302629281,36.4603773237435,36.3523685186081
2026,32,ES,Espírito Santo,4150692,808283,2828453,731351,513956,99901,0.194734516557721,0.681441311472882,0.176199775844606,0.123824171969397,0.0240685167678064,0.577631290081992,77.5732646452635,23.4920390027117,1.65045725750278,30.9561488101758,28.0097569644183,58.965905774594,90.4820465109374,36.8025497916974,36.7630905931342
2027,32,ES,Espírito Santo,4173644,802257,2835056,756396,536331,104583,0.192219796417711,0.679275951662384,0.181231556884104,0.128504251919905,0.0250579589442703,0.552968035209545,77.7633330092136,23.588367434322,1.63682581416059,30.6791495649507,28.92537679862,59.6045263635707,94.2835026680976,37.1443470022839,37.1650254390284
2028,32,ES,Espírito Santo,4195747,795164,2841820,780907,558763,109677,0.189516670094741,0.677309666192933,0.186118705441486,0.133173663712326,0.0261400413323301,0.529585177844583,77.9514380001281,23.6837998403346,1.62398406725888,30.3535246343441,29.8092970275713,60.1628216619154,98.2070365358593,37.4851422166303,37.5594143091533
2029,32,ES,Espírito Santo,4217060,786467,2849415,805004,581178,115409,0.186496516530474,0.675687564322063,0.190892232977477,0.137815919147463,0.0273671704931872,0.507966757766853,78.1375073369615,23.7781645439375,1.61190897201294,29.9539265284856,30.6599395411849,60.6138660696705,102.356996542767,37.8241440719364,37.9477310169238
2030,32,ES,Espírito Santo,4237615,775750,2858449,828843,603416,121910,0.18306287852955,0.674541929835533,0.195591860043916,0.142395191634917,0.0287685407947631,0.487424888429389,78.3214479171442,23.8713555479976,1.60057655923318,29.4623440290282,31.4787723004213,60.9411163294496,106.844086368031,38.1603442030482,38.3289782663003
2031,32,ES,Espírito Santo,4257145,765891,2865999,852613,625255,129132,0.179907191321884,0.673220902741156,0.200278120665376,0.14687190593696,0.0303330048659371,0.4608724482993319,78.503317030361,23.9634360096065,1.58996217106381,29.0259645021812,32.3125806049402,61.3385451071214,111.323021160975,38.4940891137135,38.7055622429532
2032,32,ES,Espírito Santo,4275342,756552,2872251,876457,646539,136957,0.176957071504455,0.671817833520687,0.205002781064065,0.151225094974858,0.0320341624132058,0.427446093567396,78.6831341467443,24.05446657247,1.58004067343902,28.6319703080573,33.1698162192275,61.8017865272848,115.848877539151,38.8257634126112,39.0790583274772
2033,32,ES,Espírito Santo,4292238,745050,2879972,900311,667216,145313,0.173580775343772,0.670972112916385,0.20975328022351,0.155447111739843,0.0338548328401174,0.3951964544590899,78.8609016834496,24.1444549171423,1.57078664624778,28.1482668065044,34.0140852786133,62.1623520851177,120.839004093685,39.1549266373393,39.4477370961503
2034,32,ES,Espírito Santo,4307858,733609,2886866,924222,687383,154151,0.170295538989447,0.670139544989644,0.214543283460133,0.159564916020909,0.0357836771778457,0.363912718726223,79.0365565422496,24.2332811515274,1.56217455235577,27.6830764365797,34.8759465469597,62.5590229835394,125.982914604374,39.4807421693101,39.8126400943794
2035,32,ES,Espírito Santo,4322219,723322,2891706,948588,707191,163443,0.167349687741412,0.66903273526862,0.219467824281926,0.163617576989967,0.0378146040263115,0.333367534398765,79.2100671877428,24.3208469473048,1.55417888673838,27.291987462594,35.7916001492656,63.0835876118596,131.14325293576,39.802489184375,40.1733588649132
2036,32,ES,Espírito Santo,4335301,714100,2894382,973874,726819,173148,0.164717513270705,0.667631151793151,0.224638150845812,0.167651334936144,0.0399390953477048,0.302668606102552,79.3814633603068,24.4071977988633,1.54677430704174,26.9743783068733,36.7870686167595,63.7614469236328,136.377818232741,40.1196823473157,40.5309982811499
2037,32,ES,Espírito Santo,4347105,705609,2895083,1000372,746413,183179,0.162316990272837,0.665979542707158,0.23012372601996,0.171703467020005,0.0421381586136061,0.272276365585689,79.550760108815,24.4923675841295,1.53993574691734,26.7162389952157,37.8767524735681,64.5929914687838,141.774268752241,40.432025221383,40.8852768773409
2038,32,ES,Espírito Santo,4357632,696741,2894981,1028143,765910,193369,0.15988982089355,0.66434728770121,0.23594075865057,0.17576289140524,0.0443747888761603,0.242161162428789,79.7179712881711,24.5764088862614,1.53363851347671,26.4644014542979,39.0520855015368,65.5164869558347,147.564589998292,40.7391757725297,41.2374634244779
2039,32,ES,Espírito Santo,4366921,688208,2893336,1056964,785377,203605,0.157595706448548,0.662557440356718,0.242038727057348,0.179846853194734,0.0466243836332281,0.213166233403839,79.8830741642225,24.6592736753289,1.52785837019143,26.2499575664947,40.31522468398,66.5651822504748,153.582056587543,41.0406595402115,41.5874307797835
2040,32,ES,Espírito Santo,4374959,680624,2889134,1086373,805201,213796,0.155572657938052,0.660379674415234,0.248316155648544,0.184047667646714,0.0488681151069073,0.184065615109597,80.0460490070605,24.7409459007992,1.52257160652604,26.0979262734656,41.6560133928332,67.7539396662988,159.614265732622,41.3360637208257,41.9341804849596
2041,32,ES,Espírito Santo,4381753,673516,2882388,1115704,825849,223843,0.153709257459286,0.657816175398294,0.254625032492703,0.18847456714242,0.0510852619944575,0.155292883887603,80.2068806993827,24.8214628399856,1.51775509554094,25.9790714332277,43.0352863396531,69.0143577728808,165.653674151765,41.6252602554274,42.2787964229704
2042,32,ES,Espírito Santo,4387329,666852,2872855,1144420,847622,233699,0.151994983736118,0.654807287076032,0.260846633566801,0.19319772918785,0.0532668053843238,0.127255005017402,80.3656295162702,24.9008785814843,1.51338634064289,25.8865390012721,44.4252592236895,70.3117982249616,171.615290949116,41.9080574992211,42.6166367555056
2043,32,ES,Espírito Santo,4391699,660593,2860521,1172415,870585,243348,0.150418550998144,0.651347234862863,0.266961601876631,0.198234214138993,0.0554109013390945,0.0996050216430121,80.5222881781807,24.9792213166888,1.50944351259531,25.8176153353414,45.8208904474983,71.6385057828397,177.479174014862,42.1843254740364,42.9476373682248
2044,32,ES,Espírito Santo,4394903,654694,2845671,1199627,894538,252753,0.14896665523676,0.6474934714145,0.272958697837017,0.203539873348741,0.0575104843042042,0.0729558196042035,80.6768813911611,25.0564865901948,1.50590547783086,25.7694496772787,47.2185900710939,72.9880397483726,183.234763110705,42.4538873781742,43.2675257032337
2045,32,ES,Espírito Santo,4396936,649081,2828783,1225686,919072,261841,0.147621207131512,0.643353235070968,0.27875911771288,0.209025557797521,0.0595507871845303,0.0462581312943744,80.8294223886139,25.1326947022122,1.50275181903804,25.735032029971,48.5965056267046,74.3315376566757,188.834059231436,42.7168974031007,43.5784249862863
2046,32,ES,Espírito Santo,4397835,643722,2810548,1250154,943565,270489,0.146372476457166,0.639075363218493,0.284265780776223,0.214552160324341,0.0615050360006685,0.0204460560717656,80.9798640133909,25.207797284874,1.49996284892186,25.7081685442933,49.9270954516428,75.635263995936,194.207126678908,42.9735110571452,43.880876576748
2047,32,ES,Espírito Santo,4397597,638588,2791507,1272703,967502,278617,0.145212942431969,0.634780085578556,0.289408738454206,0.220006971989475,0.0633566468232537,-0.0054117537379161,81.1282553922657,25.2818538968292,1.49751961796816,25.684207816737,51.1885101833805,76.8727180001174,199.29954837861,43.22369853354,44.1735105645999
2048,32,ES,Espírito Santo,4396248,633635,2771813,1293161,990800,286223,0.144130858859646,0.630495140401542,0.294151057902102,0.225374000738812,0.0651061996502472,-0.0306758441030452,81.2746082069258,25.3548770318364,1.49540391697247,25.6589316172171,52.366314469769,78.0252460869861,204.086106354605,43.4677156520742,44.4581676086805
2049,32,ES,Espírito Santo,4393804,628798,2751596,1311623,1013410,293429,0.143110161491045,0.626244593523061,0.298516501874003,0.230645244985894,0.066782450924074,-0.055592860093423,81.4189233381605,25.4268535153308,1.49359827502834,25.6298343960156,53.4618117106053,79.0916461066209,208.592107481258,43.7058334873381,44.7358530331237
2050,32,ES,Espírito Santo,4390253,624015,2731255,1328375,1034983,300393,0.142136455461678,0.622117905277896,0.302573678555655,0.235745639260425,0.0684227082129435,-0.0808183523889561,81.5611973556985,25.4977726373919,1.49208595360645,25.5968034298892,54.4893211800663,80.0861246099555,212.875491775037,43.9384231387121,45.0069191679415
2051,32,ES,Espírito Santo,4385625,619256,2711278,1343860,1055091,307289,0.14120131110161,0.61821929599544,0.306423827846658,0.24057939290295,0.0700673222174718,-0.105415337111547,81.701459400694,25.5676481104818,1.49085093729684,25.5625882091666,55.4738909122732,81.0364791214398,217.012027336029,44.1657132107738,45.2544525811409
2052,32,ES,Espírito Santo,4379924,614522,2691967,1358426,1073435,314269,0.140304260987177,0.614615002452097,0.310148303943173,0.245080736560726,0.0717521582566273,-0.129992874447771,81.839734010934,25.636495700243,1.48987792172952,25.5308735940865,56.4370396713553,81.9679132654418,221.054087567247,44.3878944018207,45.4879116413941
2053,32,ES,Espírito Santo,4373149,609777,2673531,1372092,1089841,321307,0.139436593630814,0.611351454066623,0.31375377331072,0.249211952302563,0.0734726852435167,-0.154683049294924,81.9760310701401,25.7043229009266,1.48915229913704,25.5000250911646,57.3789769495835,82.879002040748,225.015374472963,44.6052860307298,45.7145548448758
2054,32,ES,Espírito Santo,4365278,604940,2655949,1384806,1104389,328470,0.138579948401912,0.608426084203572,0.317232029666839,0.252993967394516,0.0752460668026183,-0.179984720392556,82.1103637652073,25.7711294435609,1.48866014197319,25.465453633123,58.2945630705038,83.7600167036268,228.916256157636,44.8183302415104,45.9413202484655
2055,32,ES,Espírito Santo,4356314,599983,2638970,1396754,1117361,336066,0.137727216174041,0.605780483225038,0.320627484611991,0.256492300600921,0.0771445768142517,-0.205347746466544,82.2427314174345,25.8369007201185,1.48838818495727,25.4275660425576,59.1951014948866,84.6226675374442,232.798929302997,45.0272891256232,46.1665133056057
2056,32,ES,Espírito Santo,4346275,594922,2622184,1408134,1129169,344443,0.136880892258313,0.603317553537224,0.323986402148967,0.259801554204462,0.0792501624954703,-0.230447116530164,82.3731791574442,25.901636335455,1.4883238058716,25.3890908190826,60.09399889639,85.4830897154726,236.692205028558,45.2320656194097,46.3830058427301
2057,32,ES,Espírito Santo,4335186,589765,2605277,1419079,1140144,353813,0.136041452431337,0.600960835359775,0.32733981886821,0.262997712208888,0.0816142606107327,-0.25513802048881,82.5017072832437,25.9653264507692,1.48845500540186,25.3516035045578,61.0004461940678,86.3520496986256,240.617703661628,45.4324658734366,46.6025387767047
2058,32,ES,Espírito Santo,4323047,584484,2588271,1429696,1150292,364194,0.135201861094732,0.598714517792659,0.330714886976709,0.266083621112609,0.0842447468186212,-0.28001105373564,82.6283679670054,26.0280186576202,1.48877038627531,25.3147539464161,61.9219729850182,87.2367269314343,244.608235640325,45.6285791017308,46.8284163601109
2059,32,ES,Espírito Santo,4309835,579040,2571237,1439923,1159558,375412,0.134353171293101,0.596597549558162,0.334101653543581,0.269049279148738,0.0871058868843007,-0.305617773760036,82.753159147796,26.0897156583124,1.48925913191969,25.2759647854616,62.8547993951648,88.1307641806264,248.674184857695,45.8206857107059,47.0585091905427
2060,32,ES,Espírito Santo,4295573,573456,2554011,1449236,1168106,387120,0.133499302654151,0.594568175188735,0.337378971326992,0.271932522157114,0.0901206893701958,-0.330917540926745,82.8760897327512,26.1504047722854,1.48991098483763,25.2303574186242,63.7620711335085,88.9924285521327,252.71965067939,46.008464295683,47.2920488745517
2061,32,ES,Espírito Santo,4280303,567761,2536416,1457356,1176126,398807,0.132645048726691,0.592578609504981,0.340479634268882,0.274776341768328,0.0931726095091866,-0.355482260457451,82.9972100621792,26.2100733201729,1.49071622486467,25.17579481249,64.622430256307,89.798225068797,256.684767005835,46.1914616792316,47.532452008217
2062,32,ES,Espírito Santo,4264049,561993,2518316,1464287,1183740,410072,0.131797969488625,0.590592650318981,0.343402948699698,0.277609380192395,0.0961696265685502,-0.379739471714968,83.1165084210656,26.2687332619688,1.49166564745622,25.1139862961727,65.4351275757239,90.5491138718965,260.552533572482,46.3691554670221,47.7816739738323
2063,32,ES,Espírito Santo,4246830,556159,2499622,1470100,1191049,420818,0.130958620900766,0.588585368380651,0.346164080031459,0.280456010718583,0.099089909414787,-0.4038180611901979,83.2340152798959,26.3263994742194,1.49275054212737,25.0457652558734,66.2036926538264,91.2494579096998,264.330883794023,46.5412095610137,48.0423925065671
2064,32,ES,Espírito Santo,4228660,550273,2480393,1474934,1197994,430992,0.130129402694944,0.586567139472079,0.348794653625498,0.283303457832978,0.101921648938434,-0.427848536437769,83.3497451052658,26.3830917712238,1.49396267115072,24.9732124987463,66.9373932641177,91.910605762864,268.036774473761,46.7074661949648,48.2841279399263
2065,32,ES,Espírito Santo,4209558,544381,2461113,1478821,1204064,440314,0.129320227919416,0.584648792105965,0.351300777896397,0.28603097997462,0.10459863006995,-0.4517270246366499,83.4637192241686,26.438843082179,1.49529424860086,24.8990100422804,67.6386187793754,92.5376288216558,271.651839428635,46.8675115059586,48.5135740072202
2066,32,ES,Espírito Santo,4189575,538516,2442058,1480639,1209001,448450,0.128537142788946,0.582889195204764,0.353410310114988,0.288573662006289,0.107039496846339,-0.474705420379051,83.5759721443836,26.4937789862476,1.49673791981877,24.811603284157,68.2190083025405,93.0306115866975,274.948005258897,47.0208753871216,48.7431222401346
2067,32,ES,Espírito Santo,4168764,532700,2423223,1480826,1212841,455192,0.127783678807435,0.581280926432871,0.35521943674432,0.290935394759694,0.109191117559065,-0.496732962173962,83.6864858426022,26.5478157161566,1.49828674135644,24.7165278266252,68.7082354709782,93.4247632976033,277.984982166322,47.1673220167896,48.9855897590042
2068,32,ES,Espírito Santo,4147167,526980,2404512,1480777,1215675,460428,0.127069876858106,0.579796280207669,0.357057480443879,0.293133842934225,0.111022295460974,-0.518067225681285,83.7952754586382,26.6009941949335,1.49993416145037,24.6320247170949,69.2142693546352,93.8462940717301,280.993016812782,47.3064957355226,49.2195758766573
2069,32,ES,Espírito Santo,4124811,521386,2385775,1480267,1217650,464253,0.126402397588641,0.578396198031861,0.358869048787932,0.295201404379498,0.112551338715883,-0.539066789449283,83.9023900810186,26.653307583503,1.5016740010619,24.5570984354438,69.7200585166059,94.2771569520497,283.910001419294,47.4383131736218,49.4361800903
2070,32,ES,Espírito Santo,4101764,515963,2366963,1478763,1218838,466926,0.125790513544904,0.577059772332099,0.360518791427298,0.297149714122997,0.113835413251469,-0.558740752000519,84.0078714929238,26.7047803607712,1.50350043551377,24.4875982303119,70.1820755012487,94.6696737315606,286.60252770063,47.5627481249531,49.635297637972
2000,33,RJ,Rio de Janeiro,15351803,4006574,10213077,1622781,1132152,200205,0.260983937847561,0.66526889382309,0.105706215745473,0.0737471683293487,0.0130411392069062,,70.7770276807133,19.6605942717403,1.96706898962409,41.2095184258121,16.6910740998563,57.9005925256684,40.5029583878895,30.7118008874918,28.6470427229818
2001,33,RJ,Rio de Janeiro,15521958,3992986,10365374,1660090,1163598,206570,0.25724757147262,0.667787788112814,0.106951068930866,0.0749646404145663,0.0133082437151292,1.10837144014941,71.1137964434042,19.7931027682628,1.82292685734727,40.4603682565057,16.8214596141691,57.2818278706747,41.575152029083,30.9516218894549,28.8989298882648
2002,33,RJ,Rio de Janeiro,15676803,3970032,10511361,1697435,1195410,215247,0.253242450007186,0.67050412000457,0.108276859765349,0.0762534299882444,0.0137302867172599,0.997586773524328,71.2933548815735,19.8669081808218,1.73325927872805,39.6632903521273,16.9585175280358,56.6218078801631,42.7562044839941,31.2148822690443,29.1808460780465
2003,33,RJ,Rio de Janeiro,15818316,3940681,10650541,1735752,1227094,225614,0.249121398257564,0.673304351740097,0.109730517458369,0.0775742500023391,0.0142628330348186,0.902690427378583,71.4644302979658,19.940156319815,1.72258314563026,38.8555162783874,17.1146916208755,55.9702078992629,44.0470060885416,31.4955974453918,29.4862158066137
2004,33,RJ,Rio de Janeiro,15949905,3907360,10783958,1777051,1258587,237279,0.244977007700046,0.67611424644849,0.111414519396824,0.0789087458514643,0.0148765149384902,0.831877426143213,71.8897544150127,20.1511879091571,1.69722923321693,38.063048889805,17.3109155779546,55.3739644677597,45.4795821219442,31.7892845129799,29.8095264970905
2005,33,RJ,Rio de Janeiro,16073930,3870358,10913790,1822605,1289782,249740,0.240784798739325,0.678974588044119,0.113388884983324,0.0802406132165562,0.0155369595363424,0.777590838315345,72.2508217453057,20.2551133444891,1.64029676887434,37.283212633274,17.5571794034217,54.8403920366956,47.0913801772342,32.0910919731516,30.1488356132333
2006,33,RJ,Rio de Janeiro,16190233,3827497,11042252,1872589,1320484,262520,0.236407777454469,0.682031691576026,0.115661646129491,0.0815605309695049,0.0162147141427798,0.723550494496372,72.5411576431053,20.4020132015785,1.60106277806206,36.4865907026851,17.8509319268834,54.3375226295685,48.9246366489641,32.3990455233103,30.5057084946064
2007,33,RJ,Rio de Janeiro,16297848,3777035,11169989,1926369,1350824,275168,0.23175053540811,0.685365883888474,0.118197752243118,0.0828835807034156,0.0168837014555541,0.664690866400752,72.6179073470661,20.3579897374442,1.58513979107077,35.6510922139944,18.1828229966575,53.8339152106519,51.0021485106704,32.7114244776366,30.8737078718701
2008,33,RJ,Rio de Janeiro,16398749,3720680,11296419,1983649,1381650,287349,0.226888038837597,0.68885858305411,0.120963434466861,0.0842533781082935,0.0175226171215865,0.619106277098669,72.7978485809873,20.4238871192326,1.57329489149841,34.790853547925,18.5484486302202,53.3393021781452,53.3141522517389,33.0230751138395,31.254145453458
2009,33,RJ,Rio de Janeiro,16495668,3660940,11420208,2044480,1414520,298952,0.221933419125555,0.692315582491112,0.123940418781464,0.0857509983833331,0.0181230611576324,0.591014595076733,72.9452192598325,20.4196866352715,1.57485905610745,33.9282285263508,18.9474792423677,52.8757077687186,55.8457663878676,33.3313200168675,31.6408532893729
2010,33,RJ,Rio de Janeiro,16575147,3597308,11526889,2109191,1450950,310502,0.217030232069737,0.695432082744123,0.127250213829174,0.0875376851861404,0.0187329861991571,0.481817408061325,73.244556580873,20.565032926527,1.56526272319548,33.0980265438719,19.4061947723397,52.5042213162116,58.6324829566998,33.6463995764261,32.0480854445445
2011,33,RJ,Rio de Janeiro,16642646,3534375,11616406,2178352,1491865,322339,0.212368574083712,0.697990331585494,0.130889763562837,0.0896410943307933,0.0193682543028314,0.4072301741878889,73.5279601935381,20.7111635675103,1.60771352862157,32.336698927046,19.9301751458542,52.2668740729003,61.6333015030946,33.963038749968,32.4752013519344
2012,33,RJ,Rio de Janeiro,16719094,3477929,11703993,2251928,1537172,334147,0.208021379627389,0.700037513994478,0.134691987496452,0.0919411063781327,0.0199859513918637,0.459350033642481,73.7820560792023,20.8920780817529,1.62781222020272,31.6485029852391,20.4921233384993,52.1406263237384,64.749107874255,34.266445538257,32.8885002668564
2013,33,RJ,Rio de Janeiro,16800610,3425921,11787809,2329690,1586880,345928,0.20391646493788,0.701629821774328,0.13866698887719,0.0944537132877913,0.0205902047604224,0.487562304512434,74.0700446504662,21.0485605086848,1.63899209952554,31.0178479871297,21.0927135439306,52.1105615310603,68.0018599378094,34.5619212635732,33.2982218634357
2014,33,RJ,Rio de Janeiro,16885883,3381855,11863687,2410843,1640341,357451,0.200277059837499,0.702580196724092,0.142772693616318,0.0971427434384095,0.0211686294403437,0.507558951728537,74.2081342243114,21.1152296131173,1.71288004945498,30.4858793935195,21.7326493698609,52.2185287633804,71.2875921646552,34.8431684620816,33.6958780376302
2015,33,RJ,Rio de Janeiro,16971856,3350356,11924903,2494209,1696597,368419,0.197406577100348,0.702628103844388,0.146961475515701,0.0999653190552642,0.0217076435246681,0.509141274992841,74.1827029327634,21.069885881093,1.75386137374082,30.1093590524414,22.4152401514439,52.5245992038853,74.4460887141546,35.1069105229269,34.080809275911
2016,33,RJ,Rio de Janeiro,17043727,3322363,11965635,2579818,1755729,379266,0.194931718866419,0.702055072813593,0.15136466337439,0.103013208319988,0.0222525272788047,0.423471658020191,74.3283888939831,21.1698023554364,1.62153280721244,29.8195869765291,23.1549373848118,52.9745243613409,77.6500942251042,35.3839454832854,34.4760841260082
2017,33,RJ,Rio de Janeiro,17100398,3296336,11985819,2667907,1818243,390573,0.192763700587554,0.700908774170051,0.156014322005839,0.106327525242395,0.0228399947182516,0.332503565681375,74.2976247029977,21.2267335880028,1.66054324537156,29.6003063894136,23.9571647485151,53.5574711379287,80.9355296304746,35.6773395566583,34.8864555822988
2018,33,RJ,Rio de Janeiro,17148943,3277990,11986945,2757804,1884008,402153,0.191148224120869,0.698990310948028,0.160814809402539,0.109861464931104,0.0234505998416346,0.28388228157028,74.4836763525977,21.3274520298925,1.65453771064562,29.4965000469264,24.8156845552957,54.3121846022221,84.1309460980662,35.970383772341,35.2961965909342
2019,33,RJ,Rio de Janeiro,17193919,3258829,11983025,2848080,1952065,413281,0.189533811343417,0.696933898548667,0.165644609585517,0.113532290107915,0.0240364631239684,0.262266893067409,74.4893227591547,21.2539712909693,1.57878441298346,29.3932178287924,25.6884407969326,55.0816586257251,87.3958099673226,36.2681888288528,35.7019405430103
2020,33,RJ,Rio de Janeiro,17222305,3234576,11974055,2928205,2013674,420574,0.187813187607582,0.695264367922877,0.170023989239536,0.116922444469541,0.0244203084314208,0.165093251864223,72.5568339610737,19.6664256833189,1.5240275231252,29.2469730161985,26.4767724180534,55.723745434252,90.5282485246907,36.5495176748989,36.0796959595508
2021,33,RJ,Rio de Janeiro,17220455,3204700,11949966,2994473,2065789,422727,0.186098450941047,0.693940200767053,0.173890469212341,0.119961348291901,0.0245479576468798,-0.0107418838535267,71.4851889777062,19.1279545381137,1.46096256841052,29.0773795643737,27.1699154417789,56.2472950061526,93.4400411895029,36.8093718778046,36.4258801274693
2022,33,RJ,Rio de Janeiro,17211760,3167831,11917124,3069117,2126805,426947,0.184050381831957,0.692382650002092,0.178315117105979,0.123566968165952,0.024805539933162,-0.0504922779334227,74.740397130306,21.1810237364926,1.40448522053629,28.8645582266011,27.9650986276576,56.8296568542586,96.8838615443816,37.1120785439723,36.8167795695013
2023,33,RJ,Rio de Janeiro,17213813,3125685,11885169,3159059,2202959,437362,0.181580048534279,0.690443715172228,0.18351884036384,0.127976236293493,0.0254076188697995,0.0119278911627774,75.385297359227,21.728746412792,1.38757223788676,28.5997370864801,28.9051061897404,57.5048432762205,101.067733952718,37.4662430107728,37.257687900832
2024,33,RJ,Rio de Janeiro,17219679,3081914,11854466,3251639,2283299,451726,0.178976274760987,0.688425492716792,0.188832730273311,0.132598232522221,0.0262331254839303,0.0340772843297366,75.6210527022552,21.8598575250242,1.38309392785953,28.3104751864897,29.8695697624665,58.1800449489561,105.507129660334,37.8264415381959,37.694744663341
2025,33,RJ,Rio de Janeiro,17223547,3037140,11821873,3343340,2364534,469140,0.176336500257467,0.686378537475469,0.194114487567514,0.137284962267064,0.0272382918570722,0.0224626719232068,75.8536500241925,21.9890928256301,1.37713142269824,28.0099717174117,30.8338959816443,58.843867699056,110.081853322534,38.1845734214909,38.1255376775461
2026,33,RJ,Rio de Janeiro,17225410,2988241,11791070,3433082,2446099,489147,0.173478657402059,0.684516072476649,0.19930335475324,0.142005270121292,0.0283968277097613,0.0108165873150323,76.0836208136167,22.1168033702536,1.37425097160975,27.6584314806054,31.7757715205366,59.4342030011421,114.886382992536,38.5399483089227,38.5461049949235
2027,33,RJ,Rio de Janeiro,17225576,2933926,11764130,3520202,2527520,511083,0.170323825455822,0.68294552240227,0.20435902985189,0.146730652141908,0.029670009293158,0.0009636925913492,76.311120650042,22.243256010523,1.37341165192134,27.2379906582662,32.6808614774912,59.9188521357574,119.982644415708,38.8914966326815,38.959450163478
2028,33,RJ,Rio de Janeiro,17224268,2876720,11739555,3604378,2607993,534585,0.167015515550501,0.681570618850102,0.209261606937375,0.151413865599397,0.0310367325914808,-0.0075933600130362,76.5363099369997,22.368670031035,1.37391364991481,26.777198908702,33.5504138908721,60.3276127995741,125.294710642676,39.238547437836,39.3600719161682
2029,33,RJ,Rio de Janeiro,17221632,2813306,11720567,3686120,2687759,559878,0.163358850078785,0.68057237548683,0.214040109555238,0.156068774434386,0.0325101593159115,-0.0153039885352424,76.7590968242192,22.4929475461432,1.37529000439945,26.2381267436943,34.3783732563989,60.6165000000933,131.024495735622,39.5804987007039,39.7534982048954
2030,33,RJ,Rio de Janeiro,17217772,2742269,11709113,3766340,2766390,587197,0.159269677865406,0.680059708073728,0.218747233962675,0.160670614060867,0.0341041221825913,-0.0224136713640188,76.9794011586689,22.6159796080938,1.37723111023314,25.6067537677781,35.1693218228166,60.7760755905947,137.343929424867,39.9166329999027,40.1386268558773
2031,33,RJ,Rio de Janeiro,17211753,2677656,11691191,3845941,2842906,616239,0.155571370330495,0.679256261695134,0.223448535428088,0.165172367974372,0.0358033838854183,-0.0349580654221748,77.1971833530398,22.7377157546103,1.37953293330167,25.0525534994063,35.983204212214,61.0357577116202,143.630884624463,40.2473306466808,40.5218727411576
2032,33,RJ,Rio de Janeiro,17202600,2619805,11666101,3925646,2916694,646764,0.152291223419716,0.678159173613291,0.228200737097881,0.169549602966993,0.0375968748910048,-0.0531787784777027,77.4124474963902,22.8580865154639,1.38206187821177,24.5826064738327,36.835799142904,61.4184056167367,149.844969377492,40.5732651459663,40.9039109300309
2033,33,RJ,Rio de Janeiro,17190320,2560241,11642619,4005218,2987460,678525,0.148935040185407,0.677277619032106,0.232992637717041,0.173787340782487,0.0394713420110853,-0.0713845581481909,77.6251650375315,22.9770869016077,1.38473113179115,24.0967011239018,37.6966625728092,61.7933636967109,156.439100850272,40.8942738704108,41.2901682926731
2034,33,RJ,Rio de Janeiro,17174885,2506295,11612932,4084689,3055658,711634,0.145927905776371,0.676157773399938,0.237829190704916,0.177914320823691,0.0414345714687464,-0.089788904453203,77.8351925367498,23.0945635529748,1.3874848183232,23.6802574022565,38.5934165483974,62.2736739506539,162.977183452068,41.2100562536518,41.6779728316825
2035,33,RJ,Rio de Janeiro,17156215,2461667,11572420,4165115,3122128,746184,0.143485436618741,0.674532232196904,0.242775868686654,0.181982331184355,0.0434935094949556,-0.108705240238871,78.0425050188279,23.2104772224421,1.39028742914808,23.3789131855438,39.5568783238376,62.9357915093814,169.198961516728,41.5202019209948,42.0665536659849
2036,33,RJ,Rio de Janeiro,17134167,2425344,11521101,4247582,3187722,781887,0.141550155312482,0.67240508394718,0.247901284025071,0.186044760740338,0.0456332076137696,-0.128513194781021,78.2472091722211,23.3249456830742,1.39311679373398,23.1840945065695,40.6030412644159,63.7871357709855,175.133176984378,41.8244676265849,42.4581301376647
2037,33,RJ,Rio de Janeiro,17108585,2397226,11458234,4332657,3253125,818367,0.140118309024387,0.669735924975677,0.253244613742165,0.190145765999935,0.047833704540732,-0.1493040192733,78.4494334461614,23.4380490832423,1.39595941941578,23.0975511195909,41.7456537435992,64.84320486319,180.736276012358,42.1229082942862,42.8479546788174
2038,33,RJ,Rio de Janeiro,17079440,2374015,11387298,4420644,3318127,855060,0.138998409783927,0.666725489828706,0.258828392499988,0.194276100387366,0.0500637023227928,-0.170353071279716,78.6491726847697,23.5497991221876,1.39880741083923,23.0827958320163,42.9823833876482,66.0651792196645,186.209606931717,42.4154726384472,43.2378974138237
2039,33,RJ,Rio de Janeiro,17046767,2352670,11311257,4510810,3382840,891704,0.138012680058336,0.663542652985167,0.264613812108771,0.198444666956497,0.052309273658753,-0.191300183144183,78.8464124386228,23.6602029187943,1.40165644053962,23.1032475074109,44.2962080907668,67.3994555981777,191.731522057917,42.7021087341664,43.624781177512
2040,33,RJ,Rio de Janeiro,17010519,2332446,11229724,4601199,3448349,928132,0.137117862188685,0.660163514117353,0.27049139417792,0.202718623693963,0.054562238812349,-0.212638560731193,79.0410964697129,23.7692214229332,1.40450441754862,23.1465234158927,45.6609758145234,68.8074992304161,197.269261539174,42.9828278608078,44.0084368041964
2041,33,RJ,Rio de Janeiro,16970634,2313128,11141740,4689022,3515766,964052,0.136301802277982,0.656530569217391,0.276302111046647,0.207167628504627,0.0568070703781603,-0.234472563711896,79.2331808898247,23.8768235955415,1.40735061863294,23.2044110217762,47.0384664308033,70.2428774525795,202.713468515361,43.2576443520024,44.3861479697617
2042,33,RJ,Rio de Janeiro,16927084,2294278,11047118,4772199,3585688,999212,0.13553887958493,0.652629714604122,0.28192682212719,0.211831405810948,0.0590303681366501,-0.256619758578258,79.4226776931202,23.9829849720537,1.41019512549233,23.2671071872147,48.3966047931938,71.6637119804085,208.004391795589,43.5266387878739,44.7594911827474
2043,33,RJ,Rio de Janeiro,16879962,2275637,10945872,4850281,3658453,1033171,0.134812921972218,0.648453592490315,0.287339568655427,0.216733485537467,0.0612069505843674,-0.278382265959098,79.6096079322246,24.0877309659374,1.41303846378351,23.3301900216977,49.7258470435442,73.0560370652419,213.139485779147,43.7898006523948,45.128074755528
2044,33,RJ,Rio de Janeiro,16829380,2257029,10838952,4923638,3733399,1066156,0.134112427195773,0.644049394570685,0.292562055167808,0.221838178233542,0.063350878047795,-0.29965707268772,79.7939463870937,24.1910369053814,1.41588137484637,23.3920212985918,51.0289610645482,74.42098236314,218.146864750076,44.0471190857893,45.4911588650299
2045,33,RJ,Rio de Janeiro,16775377,2238256,10728408,4991958,3808713,1097996,0.133425078911788,0.639533048944295,0.297576501559399,0.227041872143917,0.0654528360227016,-0.320885261370296,79.9756686836225,24.2928785080154,1.41872467431018,23.4491123933661,52.2983001966546,75.7474125900207,223.028911795612,44.2986768047001,45.8479038379733
2046,33,RJ,Rio de Janeiro,16718009,2219247,10616969,5054991,3881793,1128165,0.132745890973022,0.635061806701982,0.302368003271203,0.232192302324996,0.0674820189413703,-0.341977411297523,80.1548281176269,24.3932945819514,1.42156916725208,23.4995850704131,53.5272509255042,77.0268359959173,227.779557660774,44.5445441499643,46.1931510821166
2047,33,RJ,Rio de Janeiro,16657310,2199932,10506686,5112710,3950692,1156377,0.132070064134005,0.630755266006336,0.306934913260304,0.237174669859659,0.0694215932824688,-0.363075531302803,80.3314395848085,24.49230591909,1.42441559987397,23.5421097892402,54.7125911803394,78.2547009695797,232.403092459221,44.7848994825695,46.5172678666212
2048,33,RJ,Rio de Janeiro,16593374,2180267,10398080,5164594,4015027,1182549,0.131393832260998,0.626640489149464,0.31124435572898,0.241965678589538,0.0712663379973235,-0.383831482994557,80.5054854625163,24.5898986790147,1.42726463449685,23.574243773026,55.8424256958929,79.416669468919,236.878969410627,45.0199773716907,46.8247251514472
2049,33,RJ,Rio de Janeiro,16526238,2160161,10290897,5211032,4075180,1207147,0.130710994238374,0.62270052022729,0.315318707137099,0.246588485534336,0.0730442705714392,-0.404595231807592,80.6769551783081,24.6860672662506,1.43011683920305,23.5953072868566,56.9197857574703,80.5150930443269,241.233500651109,45.2500660464892,47.1103901655425
2050,33,RJ,Rio de Janeiro,16455926,2139504,10185536,5254080,4130886,1230910,0.130014196709441,0.618958544174299,0.31928194135049,0.25102725911626,0.0748004092872075,-0.42545677969783,80.8458381563465,24.7808092824895,1.4329726864581,23.6087316060241,57.9770659725709,81.585797578595,245.574675251834,45.4755403615694,47.3759851387438
2051,33,RJ,Rio de Janeiro,16382471,2118308,10082240,5296447,4181923,1254569,0.129303326708163,0.615428527234994,0.323299641427719,0.255268146056843,0.0765799615943163,-0.446374151172046,81.0121688614042,24.8741654984742,1.4358325570294,23.6214884592688,59.0612704505807,82.6827589098495,250.031959469539,45.6966272670344,47.629407439036
2052,33,RJ,Rio de Janeiro,16305949,2096673,9981001,5340035,4228275,1278702,0.128583316432549,0.612107949068159,0.327489985403487,0.259308734499292,0.078419354801122,-0.467096813417223,81.175976583594,24.9661683057239,1.43869674682922,23.6398244224055,60.2084778167602,83.8483022391657,254.69088408159,45.9134756278215,47.8726166513742
2053,33,RJ,Rio de Janeiro,16226415,2074570,9882415,5385319,4269430,1303231,0.127851407720066,0.609032555866468,0.331885940301662,0.263116036413465,0.0803153993041593,-0.487760632637824,81.3373091317185,25.0568781526937,1.4415654751727,23.6646762925245,61.4304799871694,85.0951562796939,259.587239765349,46.1263645728277,48.1080018300905
2054,33,RJ,Rio de Janeiro,16143853,2051918,9786187,5431534,4305748,1328274,0.127102123638019,0.606186577640418,0.336445952524469,0.266711298721563,0.0822773844633001,-0.50881232853961,81.4961300616228,25.1462380210995,1.44443889350785,23.6931061275338,62.7168880517195,86.4099941792534,264.705217265017,46.3356707968042,48.3366209596525
2055,33,RJ,Rio de Janeiro,16058256,2028699,9690394,5477722,4339163,1354615,0.126333706474726,0.603452454612755,0.341115623016597,0.27021383891252,0.0843562962254432,-0.530214193600498,81.6524700305376,25.2342207893822,1.44731709404439,23.7223823892767,64.0531768912754,87.7755592805521,270.011568990767,46.5416070711539,48.5589643693749
2056,33,RJ,Rio de Janeiro,15969727,2005013,9592472,5522331,4372242,1383044,0.125550862578928,0.600665997609101,0.345799962641816,0.27378313981197,0.086604110389614,-0.551298970448599,81.8064194283182,25.3208171210376,1.45020011794847,23.7493726593546,65.4119932725156,89.1613659318702,275.426194244127,46.7440579291055,48.7761965241637
2057,33,RJ,Rio de Janeiro,15878470,1981057,9490634,5564053,4406779,1413934,0.124763720937849,0.597704564734512,0.350414932924898,0.27753171432764,0.0890472444763255,-0.571437445361467,81.9579768640909,25.4060133128649,1.45308796292449,23.7726079276546,66.7684223410485,90.5410302687031,280.862842411904,46.9426016486475,48.9903621524361
2058,33,RJ,Rio de Janeiro,15784587,1956887,9384522,5603003,4443178,1447450,0.123974545548769,0.594537063275713,0.35496671531539,0.281488391175518,0.0917002136324504,-0.591259737241689,82.107146648915,25.4898143361802,1.45598059010328,23.7928157110225,68.1241266395589,91.9169423505814,286.322255705107,47.1370676977484,49.2038234488256
2059,33,RJ,Rio de Janeiro,15688132,1932496,9274968,5639059,4480668,1483032,0.123182033399515,0.59120920196235,0.35944744728053,0.285608764638135,0.0945320959818543,-0.611070786964529,82.2539092934307,25.5722038219564,1.45887793021684,23.80924865248,69.4758270635515,93.2850757160315,291.801845902915,47.3274343306137,49.4154970774854
2060,33,RJ,Rio de Janeiro,15589202,1907990,9162931,5669308,4518281,1519270,0.122391768353505,0.587774217051008,0.363668903642406,0.289834014595487,0.0974565599958228,-0.630604077018215,82.3982637205098,25.6531518817094,1.46177988907645,23.8144391145975,70.761057546371,94.5754966609685,297.135100288786,47.51335135692,49.6308752366406
2061,33,RJ,Rio de Janeiro,15487970,1883538,9049946,5689077,4554486,1554190,0.121612968000325,0.584320992357294,0.367322315319567,0.29406603964238,0.100348205736452,-0.649372559288153,82.5402771008352,25.7325639435604,1.46468635239225,23.7960015691021,71.8739336391103,95.6699352082124,302.042061269802,47.6942114428166,49.8536263587022
2062,33,RJ,Rio de Janeiro,15384637,1859371,8937292,5699185,4587974,1586304,0.120858945193182,0.580923163802955,0.370446504522661,0.298217891003863,0.103109615130991,-0.667182335709582,82.6799300844206,25.8104342897978,1.46759718998338,23.7586475274151,72.8229748708198,96.5816223982348,306.511449301941,47.8692172587497,50.0877783720704
2063,33,RJ,Rio de Janeiro,15279338,1835653,8824865,5701506,4618820,1615260,0.120139563638163,0.577568543872778,0.373151376060926,0.302291892489059,0.10571531305872,-0.684442538358232,82.8172522973413,25.886816074154,1.47051225943233,23.709772145542,73.6421361479759,97.3519082935179,310.598244875257,48.0377627617113,50.3267115622106
2064,33,RJ,Rio de Janeiro,15172186,1812505,8712781,5698355,4646900,1641311,0.11946235038247,0.574260096732271,0.375579036534353,0.30627755288526,0.108178940068359,-0.70128692748338,82.9522475254633,25.9617533509779,1.47343140923805,23.6578498291288,74.3781820536027,98.0360318827315,314.391132714117,48.1994813403949,50.5755060509419
2065,33,RJ,Rio de Janeiro,15063273,1790072,8603775,5691634,4669426,1664233,0.118836855708583,0.571175666802295,0.377848426434282,0.309987477489122,0.11048282800159,-0.717846459303884,83.0849228864533,26.0352914556727,1.47635448152062,23.61084456551,75.0720002870119,98.6828448525219,317.955590613115,48.3540374658283,50.8359632046501
2066,33,RJ,Rio de Janeiro,14952732,1768473,8502346,5681731,4681913,1683863,0.118270895245096,0.568614885895099,0.37997945793451,0.313114218859804,0.1126123975204,-0.733844497142155,83.2153627199318,26.1077091208721,1.47928131432739,23.5716947674171,75.7308869756967,99.3025817431138,321.278922550698,48.5010420838145,51.1127575636779
2067,33,RJ,Rio de Janeiro,14840716,1747778,8407711,5668420,4685227,1700229,0.11776911572191,0.566530011085719,0.381950574352343,0.315700873192372,0.114565159794177,-0.749134004408025,83.3435599577871,26.1788302562911,1.4822117435865,23.5406258022406,76.3473130511637,99.8879388534043,324.32150994005,48.6401667547577,51.368792614779
2068,33,RJ,Rio de Janeiro,14727366,1728102,8318001,5653127,4681263,1712989,0.117339516108991,0.564798959976957,0.383851871407284,0.317861523914052,0.116313331250137,-0.763777165468293,83.4695219009198,26.2486551764674,1.48514560475032,23.5239555156676,76.9537377263724,100.47769324204,327.129243528449,48.7711926219529,51.6063786502478
2069,33,RJ,Rio de Janeiro,14612771,1709531,8230931,5636725,4672309,1722474,0.116988831207989,0.563269690601461,0.385739638293107,0.31974147819055,0.117874563284404,-0.778109269505489,83.5932825448182,26.317193260259,1.48808273416668,23.5261469906826,77.5712291242776,101.09737611496,329.723473865054,48.8939989547499,51.8304789755557
2070,33,RJ,Rio de Janeiro,14497053,1692141,8144618,5618984,4660294,1730238,0.116723102274649,0.561811976544474,0.387594913255818,0.321464921180877,0.11935101568574,-0.7918963487486439,83.7149169985281,26.3845134215062,1.49102297021247,23.5479815550615,78.194270802602,101.742252357663,332.06358099,49.0086799020463,52.0565808276564
2000,35,SP,São Paulo,38014008,10216345,25418215,3454913,2379448,408932,0.26875211369451,0.668653907791044,0.0908852599810049,0.0625939785144466,0.0107574029026353,,71.8853179211545,20.0447168502798,2.03614934308961,41.9687381253145,14.1927801912274,56.1615183165419,33.8175051840947,29.5464893099407,27.2757399996636
2001,35,SP,São Paulo,38502642,10160851,25884753,3555850,2457038,423902,0.263900098076387,0.672285112278789,0.0923534026574073,0.0638147896448249,0.0110096860366102,1.28540510645445,72.4305997944571,20.2757054713635,1.88105224592527,40.9944129214219,14.346237651417,55.3406505728389,34.9955923967392,29.8168279984527,27.5771383087227
2002,35,SP,São Paulo,38980013,10101533,26339836,3660504,2538644,444349,0.259146475913181,0.675726711532908,0.0939072031607583,0.0651268125539106,0.0113994061520708,1.2398395933453,72.8685971558785,20.4568310735061,1.81670180493532,40.0568745088821,14.5154551657913,54.5723296746733,36.2371137133344,30.1002615622524,27.8923623559444
2003,35,SP,São Paulo,39447490,10042735,26782383,3769646,2622372,468768,0.254584892473514,0.678937569918897,0.0955611117462733,0.0664775376075892,0.0118833416270592,1.19927358669685,73.1725976262696,20.4918124968203,1.76125088257773,39.1757062550426,14.7050125669448,53.8807188219875,37.5360496916428,30.3921341509941,28.2227428947044
2004,35,SP,São Paulo,39908453,9986945,27214367,3886125,2707141,496153,0.25024635758244,0.681919867953789,0.0973759869870175,0.0678337744637709,0.0124322784448698,1.16854836644866,73.6280468577647,20.6561699771636,1.77264773671131,38.3591245805756,14.9263216139359,53.2854461945115,38.9120496808584,30.6893621258634,28.5667825169464
2005,35,SP,São Paulo,40365600,9933317,27639420,4012655,2792863,525663,0.246083719801019,0.684727094357572,0.0994077878193313,0.0691891858414095,0.0130225489030263,1.14548915238584,74.0320350964138,20.7602154151473,1.7397354424908,37.5982470305789,15.1881585917864,52.7864056223653,40.395922127523,30.9903124194859,28.9198350674309
2006,35,SP,São Paulo,40814959,9873782,28061541,4150322,2879636,556420,0.241915764266724,0.687530789875349,0.101686295948503,0.0705534458579267,0.0136327467583638,1.11322264502447,74.4373294593232,20.9434538796651,1.6889528565942,36.8550462461911,15.4915623260251,52.3466085722162,42.0337617338523,31.2977351759682,29.2933962701702
2007,35,SP,São Paulo,41251684,9801718,28481497,4298701,2968469,587639,0.237607705906018,0.690432346955824,0.1042066791746,0.0719599471381581,0.01424521238939,1.07001210022042,74.6412770601677,21.009578050174,1.65360620766721,36.1004100545591,15.8324151747626,51.9328252293217,43.8566075865476,31.6137161091411,29.682661906357
2008,35,SP,São Paulo,41682646,9727988,28893812,4457011,3060846,618433,0.233382208989324,0.693185648531046,0.106927256969243,0.0734321424796305,0.0148367020654111,1.04471371399044,74.8734273801061,21.1312062337238,1.66627942617297,35.3775288481956,16.2086996025514,51.5862284507471,45.8163702504567,31.9287277971749,30.078739857218
2009,35,SP,São Paulo,42104896,9655966,29289886,4624244,3159044,648216,0.229331192267997,0.695640858488286,0.109826752689283,0.0750279492437174,0.0153952642467042,1.01301150603539,74.9764494718102,21.1677290732315,1.65110274775546,34.7028749938095,16.6192136004697,51.3220885942792,47.8900194967546,32.2404267427712,30.4853893866299
2010,35,SP,São Paulo,42472858,9577999,29630136,4799443,3264723,677434,0.225508700167999,0.697625198662167,0.113000236527525,0.0768661011698342,0.0159498096407828,0.873917370559463,75.1141068851094,21.1921990301478,1.65608834671505,34.0909670104191,17.0826550494928,51.1736220599118,50.1090363446478,32.5589194633429,30.909711074919
2011,35,SP,São Paulo,42807026,9501524,29926179,4983053,3379323,706384,0.221961787300991,0.699095027064015,0.116407362660513,0.0789431856349937,0.0165015901828826,0.786780112607444,75.262569597788,21.2733256716471,1.68317883571743,33.5476780274192,17.5940046709944,51.1416826984135,52.4447762274768,32.8764114330204,31.3479896214928
2012,35,SP,São Paulo,43162273,9434123,30224779,5176082,3503371,734760,0.218573359192645,0.700259205533499,0.119921441579316,0.0811674352738559,0.0170231998671618,0.8298801229499111,75.4886358754687,21.4243461977891,1.70296951972679,33.0418202982705,18.1285712824724,51.1703915807429,54.8655344010249,33.1821257420804,31.7734573914081
2013,35,SP,São Paulo,43520300,9366271,30516830,5379172,3637199,763349,0.215216140513737,0.70120909092998,0.123601445762093,0.0835747685562829,0.0175400675087258,0.829490606298711,75.710107600666,21.5797334232436,1.68930880886286,32.55019130069,18.694000807719,51.2441921084091,57.4313085752057,33.4848405226986,32.1965931293215
2014,35,SP,São Paulo,43873200,9301971,30791778,5591446,3779451,792253,0.212019433275895,0.701835699242362,0.127445593209522,0.0861448674817428,0.0180577892654286,0.81088595437071,75.8722590956246,21.6341483068861,1.73369335756474,32.0981388991077,19.294299063592,51.3924379626997,60.1103357557232,33.7823674361569,32.6151210479641
2015,35,SP,São Paulo,44217931,9253638,31035388,5811692,3928905,821341,0.209273428012722,0.701873364450272,0.131432924801479,0.0888532075370057,0.0185748401479934,0.785743916559545,76.0701141477827,21.6827406938763,1.76037622834287,31.7420665140651,19.9354150252322,51.6774815392973,62.8044019011766,34.0701192238054,33.0267061289507
2016,35,SP,São Paulo,44530110,9204409,31240099,6040067,4085602,851372,0.20670079189115,0.701550007399488,0.135640064666357,0.0917492007093627,0.0191190185696824,0.706000920757699,76.3072374560011,21.7631431146832,1.67811453951695,31.4297754318722,20.6246755661837,52.0544509980559,65.6214538054535,34.3669604454155,33.4468629158137
2017,35,SP,São Paulo,44809066,9153990,31404814,6276610,4250262,883004,0.204288792808134,0.700858482522265,0.140074555448221,0.0948527246696015,0.0197059229040837,0.626443545726696,76.4828255907718,21.8802470312329,1.71449902368872,31.1588426706827,21.3646621304189,52.5235048011016,68.5669309230183,34.6734166027919,33.8768839308328
2018,35,SP,São Paulo,45062167,9112558,31526384,6519982,4423225,915805,0.202221921551176,0.699619794139061,0.144688603191231,0.0981582843097626,0.0203231460218058,0.564843284169325,76.713983268343,22.0066930580407,1.71400300780383,30.9638922708738,22.1544839830964,53.1183762539702,71.5494156525533,34.9800786766424,34.3102584395131
2019,35,SP,São Paulo,45306139,9065871,31636011,6767858,4604257,948260,0.200102485007606,0.698272059775387,0.14938059497853,0.101625455217007,0.0209300554169933,0.541412045275136,76.8136577847233,22.064388164412,1.66059360388698,30.7605350224159,22.9633681127536,53.7239031351695,74.6520439128243,35.2905232776512,34.7410296360053
2020,35,SP,São Paulo,45523191,9002007,31738703,7005704,4782481,976576,0.197745518322738,0.697198555347317,0.153893078365267,0.105055926329945,0.0214522747317955,0.479078563724,75.552614619638,21.1006333838933,1.58579858965181,30.4992736015135,23.7356939477183,54.2349675492318,77.8238008479665,35.5985949666841,35.1592589731946
2021,35,SP,São Paulo,45651915,8919276,31791662,7211912,4940977,996079,0.195375725202327,0.696392736208328,0.157976111188326,0.108231538589345,0.0218189970782168,0.282765766573778,72.9024328907252,19.7197104319454,1.51666245561587,30.2136055118155,24.4299945594158,54.6436000712313,80.8575942711045,35.8906136577184,35.550593417928
2022,35,SP,São Paulo,45736978,8826368,31806655,7418993,5103955,1011804,0.192981005435033,0.695425373316094,0.162209951868705,0.111593621248872,0.0221222311627148,0.186329532945106,75.9304063761815,21.3635732967364,1.49437503979482,29.9283962625718,25.1562774601338,55.0846737227057,84.0548796515169,36.199143218426,35.961502942284
2023,35,SP,São Paulo,45850570,8724289,31826753,7662213,5299528,1037516,0.190276565809324,0.694140836198983,0.167112709831088,0.115582597991693,0.0226282028773034,0.248359216037408,76.8168900249799,22.1625503511521,1.48480969818059,29.6099269116539,26.005278700823,55.6152056124769,87.826217127837,36.5459251433515,36.4063825386758
2024,35,SP,São Paulo,45973194,8612357,31849566,7919357,5511271,1075416,0.187334319212191,0.692785582833335,0.172260317610301,0.119880097954473,0.0233922402694057,0.267442694823639,77.0203958404404,22.2824630646735,1.45515357272677,29.2524594551633,26.8986375684918,56.1510970236551,91.9534222745295,36.9061171603609,36.8539319041472
2025,35,SP,São Paulo,46081801,8491346,31863402,8177572,5727053,1120442,0.184266799815398,0.691453053234616,0.177457734345062,0.124280146949986,0.0243141972684618,0.236239840112051,77.2214284713454,22.4009635042315,1.43895756895212,28.8694787246799,27.8026876862088,56.6721664108887,96.3047790067676,37.2698725685656,37.2957544139552
2026,35,SP,São Paulo,46179008,8355417,31878162,8434718,5945429,1171664,0.180935393848218,0.690317167488743,0.182652645981481,0.128747438663039,0.0253722210749958,0.2109444463769929,77.4201927037102,22.5181967277868,1.42645207046963,28.4305458055503,28.7003792217551,57.1309250273054,100.949096855369,37.6341513442645,37.732001141138
2027,35,SP,São Paulo,46265834,8204903,31895589,8689383,6165342,1227703,0.177342593672903,0.689398336578132,0.187814251873207,0.133259069748964,0.0265358450038964,0.188020496239338,77.6167819196975,22.6342543188356,1.41695389914321,27.9348674438269,29.5843549001912,57.5192223440181,105.904762067266,37.9976250941461,38.1610083538254
2028,35,SP,São Paulo,46343257,8048891,31907524,8941113,6386842,1287686,0.173679873212191,0.688504133406075,0.192932339649757,0.137815993381734,0.0277858330069464,0.167343789803942,77.8112553976357,22.7491873800567,1.40989450024845,27.4207802453786,30.4603820230759,57.8811622684545,111.085030223418,38.3592804666275,38.5816158454679
2029,35,SP,São Paulo,46412204,7884459,31918642,9190771,6609103,1352090,0.169879004237765,0.687720884791423,0.198024877249958,0.142400110970813,0.0291322084165622,0.148774610295521,78.0034718216786,22.8628312742206,1.40480495511057,26.8755018837321,31.32828559619,58.2037874799221,116.568188128063,38.7181528375597,38.9962981843617
2030,35,SP,São Paulo,46473352,7705690,31936348,9439101,6831314,1421450,0.165808784354526,0.687196998400288,0.20310781542076,0.146994217245186,0.0305863454824606,0.131749830281702,78.1933142501323,22.975045656297,1.40130132972426,26.2736722746131,32.1839895247503,58.4576617993634,122.495208086492,39.0731759353188,39.4023243618256
2031,35,SP,São Paulo,46525604,7536332,31937618,9686487,7051654,1494929,0.161982464537161,0.686452517628788,0.208196910243229,0.151565017834051,0.0321313184886326,0.1124343258046109,78.380842231132,23.0859082141885,1.39907113282359,25.7188250195331,33.0565405301919,58.7753655497251,128.530523867579,39.4241039407033,39.8039489506963
2032,35,SP,São Paulo,46567763,7375561,31923302,9933511,7268900,1571993,0.158383407852338,0.685523631444353,0.213313038034488,0.156092960703309,0.0337571078945751,0.0906146215748249,78.5661012708122,23.1954621218242,1.39786125551684,25.2081031239573,33.9506336766741,59.1587368006313,134.681429656673,39.7709488428723,40.2016881582097
2033,35,SP,São Paulo,46600148,7208791,31908758,10178962,7482599,1652261,0.154694594532189,0.684735121442104,0.218431967211778,0.160570284025707,0.0354561320277352,0.0695438172540142,78.7491029999166,23.3036964275131,1.39746750731998,24.6771652923357,34.8446678199442,59.5218331122799,141.202068418962,40.1131947477935,40.5953104189721
2034,35,SP,São Paulo,46622954,7051900,31877594,10423532,7693460,1736457,0.151253822312503,0.68373175153166,0.223570818785957,0.165014426155837,0.0372446799488509,0.0489397587321028,78.9297460320796,23.4105055722187,1.39772570925997,24.1938234063259,35.7612973068517,59.9551207131776,147.811681958054,40.4502712547987,40.9845789189401
2035,35,SP,São Paulo,46636153,6919358,31814679,10671202,7902116,1825014,0.148368970313653,0.682189180569847,0.228818230354463,0.1694418491165,0.0391330305482101,0.0283100894894028,79.1079544826871,23.5158787464273,1.39850422071225,23.822402248768,36.7394874671693,60.5618897159373,154.222429306303,40.7815417794002,41.3680610085074
2036,35,SP,São Paulo,46639530,6814018,31716685,10926690,8108827,1917290,0.146099628362464,0.680038692499689,0.234279590724864,0.173861679137847,0.0411086904177636,0.0072411633095015,79.2838010143768,23.6199843366922,1.39969773815115,23.5788780594586,37.8101571060578,61.3890351655164,160.356048369699,41.1065447486285,41.7465154930219
2037,35,SP,São Paulo,46632880,6727093,31591713,11192827,8314074,2012305,0.144256434515732,0.677455756539163,0.24002006738593,0.178287808945105,0.0431520635225618,-0.014258291196334,79.4573503942834,23.7229316982365,1.40122219357363,23.4287687511145,38.9817942838356,62.4105630349501,166.384305969904,41.4250978065262,42.1198143286535
2038,35,SP,São Paulo,46616254,6647230,31452234,11470330,8516790,2108704,0.14259468381994,0.674705307723782,0.246058595785067,0.182700008456278,0.0452353807751262,-0.0356529555969987,79.6286303157924,23.8247685278433,1.40301058615958,23.3246828784505,40.2486163050138,63.5732991834643,172.558042974292,41.7370131671241,42.4884624708227
2039,35,SP,São Paulo,46589672,6576285,31295582,11756687,8717805,2205829,0.14115327963674,0.671727888532892,0.2523453481278,0.187118831830368,0.0473458795760571,-0.0570230289203444,79.797592860071,23.9253885981752,1.40500959502642,23.2733652549661,41.6067233611851,64.8800886161512,178.77398865773,42.0421717499964,42.8523061001447
2040,35,SP,São Paulo,46552935,6514743,31117022,12047018,8921170,2303195,0.139942691046225,0.668422345443955,0.258781062891094,0.19163496350982,0.0494747538474212,-0.078852240041527,79.9641998525958,24.0246546902838,1.40717683887773,23.2742756698951,43.0386306769412,66.3129063468363,184.919313010506,42.3406172135011,43.2118519958131
2041,35,SP,São Paulo,46505614,6459229,30914771,12334161,9131614,2400076,0.138891382016803,0.664753528466477,0.265218754019676,0.196355089516719,0.0516083069024742,-0.101649874492338,80.1285143474013,24.1225146967808,1.4094786670386,23.3082303318564,44.5080156684646,67.816246000321,190.954075169033,42.6324752104122,43.5678790678041
2042,35,SP,São Paulo,46447414,6408198,30687209,12612459,9352007,2495957,0.137966733734627,0.660687137501347,0.271542760163138,0.201346128764025,0.0537372651144798,-0.125146181276092,80.2905994667398,24.2189515283094,1.41188838419758,23.364767478707,45.985965457017,69.350732935724,196.817560880609,42.9179152148277,43.9201006447074
2043,35,SP,São Paulo,46378404,6360515,30434744,12880519,9583145,2591005,0.137143895680412,0.656226635138199,0.277726654845648,0.206629469181389,0.0558666270620265,-0.148576624739538,80.4504948328646,24.3139829145537,1.41438482732176,23.4382145358964,47.464138934613,70.9023534705095,202.50748563599,43.1969625129834,44.2691109976495
2044,35,SP,São Paulo,46298636,6315112,30160812,13138261,9822712,2684782,0.13639952589532,0.651440616954677,0.283772096439299,0.212159857150003,0.057988360607427,-0.171993844376361,80.6081666192077,24.4075905792574,1.41695122736102,23.5241204379335,48.9407051068935,72.464825544827,208.044782103627,43.4696706831709,44.6111750510488
2045,35,SP,São Paulo,46207938,6270858,29870972,13382732,10066108,2776953,0.135709539776477,0.64644676419017,0.289619761868621,0.217843696033353,0.0600968820552001,-0.195897779796361,80.7635829398077,24.4997559104199,1.4195743004754,23.615183472025,50.3975168209741,74.0127002929991,213.411498075702,43.7362254294922,44.9464071549584
2046,35,SP,São Paulo,46106095,6226782,29572733,13610596,10306580,2866480,0.135053337308224,0.641406152483744,0.295201664769051,0.223540510208032,0.0621713897045499,-0.220401524950109,80.9167778058846,24.5905480978226,1.42224352372959,23.7041725334359,51.8129454133599,75.5171179467958,218.581540192029,43.9968751853741,45.2677414512357
2047,35,SP,São Paulo,45993054,6182150,29272106,13819647,10538798,2952738,0.134414861861532,0.636446233816089,0.300472480040138,0.229138904322379,0.0641996506689902,-0.245175827621058,81.0677884440842,24.6800345301209,1.42495055869608,23.7854983312273,53.1703680202924,76.9558663515197,223.541114337245,44.2518286348195,45.5791076306215
2048,35,SP,São Paulo,45868914,6136409,28970982,14008244,10761523,3035703,0.133781432017335,0.631603835224876,0.305397332930097,0.234614732757789,0.0661821424418289,-0.269910321675959,81.2166534218493,24.7682431217705,1.42768879341755,23.8545589317415,54.4553796900133,78.3099386217548,228.28080722781,44.5012728882136,45.8815779609584
2049,35,SP,São Paulo,45733763,6089033,28669934,14177143,10974796,3116236,0.133140870126956,0.626887710945631,0.309992925795325,0.239971418927413,0.0681386309716084,-0.294646173659141,81.3633613584345,24.8551398473056,1.4304529789174,23.908951405565,55.667397936051,79.5763493416161,232.830779534287,44.7454652047766,46.1743041969643
2050,35,SP,São Paulo,45587575,6039478,28372173,14329485,11175924,3195207,0.132480791092748,0.622366357499823,0.314328739793683,0.245152851407428,0.0700894267791169,-0.31965005809822,81.5079031109137,24.9407203080544,1.4332389411213,23.9484948656175,56.8210692959628,80.7695641615803,237.263634373699,44.9847425751425,46.4605087379025
2051,35,SP,São Paulo,45430418,5987472,28081099,14469721,11361847,3273230,0.131794340963361,0.618112274467737,0.318502924626403,0.250093384568903,0.0720493040587916,-0.344736476989616,81.6503330624518,25.0250516915014,1.43604335284132,23.975565831005,57.9409387453963,81.9165045764013,241.666616562048,45.2193764098759,46.7419761012487
2052,35,SP,São Paulo,45262421,5932980,27798914,14601230,11530527,3350970,0.131079599122636,0.614172052352215,0.322590565802921,0.254748348525148,0.0740342634345609,-0.369789685844402,81.7906908456848,25.1082002800249,1.4388635535357,23.9927587159459,59.0468513876722,83.0396101036181,246.102801627513,45.449550787396,47.0194100709133
2053,35,SP,São Paulo,45083662,5875767,27527489,14724549,11680406,3427872,0.13033029570668,0.610586801932815,0.326604990517407,0.259082902360505,0.0760335750897964,-0.3949391041190629,81.9290076244669,25.1902038122376,1.44169740702313,23.9990359160876,60.1410812067926,84.1401171228802,250.597904920328,45.6754943287437,47.2876268431734
2054,35,SP,São Paulo,44894205,5815643,27266383,14839230,11812179,3504716,0.129541062148222,0.607347496185755,0.330537760942643,0.263111441666024,0.0780661112052213,-0.420234274669173,82.0652778721712,25.2710404543041,1.44454318931285,23.9925877495304,61.2196326202389,85.2122203697693,255.160607348147,45.8974086299111,47.5462153788054
2055,35,SP,São Paulo,44694173,5752710,27012630,14946410,11928833,3584580,0.128712751883786,0.60438818277273,0.33441518204174,0.266899065343485,0.0802024013286922,-0.445563074343336,82.1995034004715,25.3506693494085,1.44739950030132,23.9745667575729,62.2895477663667,86.2641145239396,259.815113224898,46.1153727355018,47.7982656961124
2056,35,SP,São Paulo,44483910,5687452,26761862,15047074,12034596,3670978,0.127854138721169,0.601607682418205,0.338258799642388,0.270538178860626,0.0825237259944101,-0.470448351287311,82.3317347220168,25.4290941296641,1.45026519435981,23.9477874457712,63.357744352443,87.3055317982142,264.566171283731,46.3292137763969,48.0487254342387
2057,35,SP,São Paulo,44263923,5620448,26510795,15141747,12132680,3765939,0.126975821822209,0.598925562924009,0.342078739835147,0.274098615253781,0.085079196437243,-0.494531618286254,82.4620053842676,25.5063399758385,1.45313932585537,23.9150414812051,64.4282284264374,88.3432699076425,269.404627531471,46.5386013345451,48.3000590469173
2058,35,SP,São Paulo,44034460,5551830,26259079,15231624,12223551,3869894,0.126079211599279,0.596330215017965,0.345902368281569,0.277590573382755,0.0878833077548811,-0.518397341329191,82.5903522598279,25.5824410091927,1.45602110646057,23.877805545274,65.5095267705836,89.3873323158576,274.353213264815,46.7434634374987,48.5492219118737
2059,35,SP,São Paulo,43795709,5481712,26007255,15316428,12306742,3980934,0.125165504227823,0.5938311216745,0.349724398798978,0.281003374097677,0.0908978091894802,-0.542191274742554,82.7167710187187,25.6573924012809,1.45890987175679,23.8360498016116,66.6002045694482,90.4362543710598,279.409571316406,46.9437405385993,48.7990002323055
2060,35,SP,São Paulo,43548068,5410666,25754116,15390884,12383286,4095438,0.124245833362803,0.59139514524502,0.353422888932754,0.284359021392178,0.0940440802104011,-0.565445806574338,82.8412627342116,25.7311911828736,1.46180505515223,23.7867879382682,67.6625934571612,91.4493813954294,284.454520016575,47.1390284179771,49.0542189715037
2061,35,SP,São Paulo,43292186,5339540,25498571,15449318,12454075,4208208,0.12333726922452,0.588987837204617,0.356861582365002,0.287674893570863,0.0972047934932184,-0.587585194364992,82.9638757226626,25.8038435753689,1.4647061675482,23.7277792866904,68.6534809429076,92.381260229598,289.337995407844,47.3286399998374,49.317234265616
2062,35,SP,São Paulo,43028697,5269094,25240042,15492839,12519561,4315108,0.122455346486555,0.586586249637074,0.360058288541714,0.290958403876371,0.100284421812727,-0.608629464910826,83.0846257373016,25.8753694824469,1.46761278151424,23.6634923691651,69.5783141187467,93.2418064879118,294.032313714654,47.5118711589152,49.5788788973493
2063,35,SP,São Paulo,42757997,5199720,24977405,15523893,12580872,4415108,0.12160812865018,0.58415750859424,0.363064083661356,0.29423436275558,0.103258064216619,-0.629115029906668,83.203547422556,25.9458031452286,1.47052451899316,23.5982090536318,70.4530383059495,94.0512473595813,298.55247974891,47.6883143520497,49.8393676244746
2064,35,SP,São Paulo,42480420,5131763,24710886,15545368,12637771,4508196,0.120803019367511,0.581700604655039,0.365941956317758,0.29749637597745,0.106124091993441,-0.649181485278649,83.3206492344821,26.0151455919998,1.47344104176388,23.5366462371801,71.2982706416449,94.834916878825,302.924511517777,47.8577061149584,50.1015224312981
2065,35,SP,São Paulo,42196436,5065782,24445424,15559350,12685230,4592338,0.12005236650792,0.579324377063504,0.368736117903417,0.300623256428576,0.108832366790409,-0.668505631535654,83.435935782596,26.0834011304873,1.47636204405355,23.4838932314894,72.1298536240554,95.6137468555448,307.146063529777,48.0196174387808,50.3727293409256
2066,35,SP,São Paulo,41906531,5002304,24186418,15562240,12717809,4665271,0.119368124266836,0.57715151845902,0.371355958812243,0.303480357274144,0.111325630842601,-0.68703669665372,83.5494347434958,26.1506797133152,1.47928724682069,23.4387922736529,72.9184213259993,96.3572135996522,311.101444454395,48.1735107589793,50.6360039556398
2067,35,SP,São Paulo,41611174,4941685,23932827,15550703,12736662,4725556,0.118758605561093,0.575153851703391,0.373714594065527,0.306087542735516,0.113564592049241,-0.704799449995042,83.6611541206642,26.2169226852021,1.48221639333377,23.3994747614754,73.6344551244565,97.0339298859319,314.684222082144,48.3189244552437,50.887099982874
2068,35,SP,São Paulo,41310731,4884222,23682258,15534552,12744251,4772163,0.118231313795924,0.573271337173869,0.376041566536307,0.308497349030207,0.115518725630878,-0.722024809970512,83.7711115123891,26.2821412406844,1.485149245751,23.3784800533526,74.3566148446505,97.7350948980031,318.055813187853,48.4555370370958,51.1240184012365
2069,35,SP,São Paulo,41005580,4830148,23431928,15516087,12743504,4805863,0.117792456538842,0.571432668431955,0.378389648433213,0.310774875029203,0.11720022006761,-0.738672477134328,83.8793309734786,26.3463394320259,1.48808558247134,23.3799667898474,75.1044478902889,98.4844146801363,321.234194066103,48.5832028470272,51.3631183068323
2070,35,SP,São Paulo,40696206,4779591,23179919,15492911,12736696,4829337,0.117445616429207,0.569584275251604,0.380696691971728,0.312970108319188,0.118667990819586,-0.754468050445822,83.985853984952,26.4095595387055,1.49102519607732,23.4021752371656,75.8574987181561,99.2596739553217,324.147212596224,48.7019801796757,51.5931430462946
2000,41,PR,Paraná,9711359,2771539,6375002,834702,564818,95835,0.285391467867679,0.656447980143665,0.0859511011795568,0.0581605519886558,0.0098683407749626,,72.2233425835678,19.6094864596228,2.16482858752334,45.396976766051,13.6721681710329,59.0691449370839,30.1169133827812,28.8646357322389,26.5176863542292
2001,41,PR,Paraná,9818682,2751153,6483156,861424,584373,99000,0.280195753360787,0.660287806448971,0.0877331601125283,0.0595164401902414,0.0100828196696868,1.10512854071196,72.6884588296222,19.7547768158998,1.96882108715077,44.3297849456302,13.8802678974977,58.2100528431279,31.3113810827678,29.1712204346775,26.8665083713851
2002,41,PR,Paraná,9923096,2728352,6590113,889163,604631,103014,0.27494967296497,0.664118637973471,0.0896054013787632,0.060931689061559,0.0103812358562287,1.06342175049563,72.8654174785654,19.9116075084717,1.92551654817934,43.2688439019339,14.1012065343384,57.3700504362722,32.5897464843246,29.4859352363416,27.2238085343047
2003,41,PR,Paraná,10024500,2703721,6695374,918007,625405,107664,0.269711307297122,0.667901042446007,0.0915763379719687,0.0623876502568707,0.0107400867873709,1.02189881061314,72.989388492592,19.9447577467221,1.79697919513674,42.2273509036399,14.337649380612,56.5650002842519,33.9534663524824,29.8061947229288,27.5910700011419
2004,41,PR,Paraná,10123331,2677934,6798716,948335,646681,112813,0.264530913787171,0.67158882782752,0.0936781579106719,0.0638802583853082,0.0111438616400076,0.9858945583320902,73.1374423651593,20.1034437904311,1.80104509913479,41.2176149773544,14.5963667885577,55.813981765912,35.4129340006139,30.1303904811568,27.9639340125355
2005,41,PR,Paraná,10220308,2651036,6900542,980653,668730,118393,0.259389051680243,0.675179456431254,0.0959514135973202,0.0654314918885028,0.0115840931604018,0.957955439765823,73.3718801191607,20.2523800656278,1.80933880940078,40.2365958632606,14.8840447444298,55.1206406076903,36.9913120757319,30.4582433327841,28.3523904851625
2006,41,PR,Paraná,10316959,2624019,7001376,1015050,691564,124294,0.25434035358675,0.678627878621985,0.09838654975754,0.0670317677912649,0.0120475423038901,0.9456760011537828,73.6812772335962,20.3956296474519,1.76146225760563,39.2941333265448,15.2001605297482,54.4942938562929,38.6830278286857,30.7850925839678,28.7441038547089
2007,41,PR,Paraná,10408676,2592507,7101103,1051311,715066,130324,0.249071735924915,0.682229228770307,0.101003336063107,0.0686990353047784,0.0125207086857156,0.8889925800810159,73.7268947007078,20.411071161665,1.67500033011846,38.3231547506245,15.540769665823,53.8639244164475,40.5519059350659,31.1219070513867,29.1526205065125
2008,41,PR,Paraná,10498615,2559901,7199346,1089500,739368,136406,0.243832257874015,0.685742452694951,0.103775593256825,0.0704252894310345,0.01299276142615,0.864077237104888,73.7677067247706,20.509396236099,1.71194380798985,37.3751061070657,15.9069347227288,53.2820408297945,42.5602396342671,31.457610837239,29.5686750845344
2009,41,PR,Paraná,10589094,2528294,7295879,1129952,764921,142548,0.238763958465191,0.688999361040708,0.106709034786168,0.0722366804941008,0.0134617749167209,0.8618184398608839,73.884773804529,20.5860922442812,1.67570791115434,36.4788551126789,16.3032286958248,52.7820838085037,44.6922707564864,31.7874916399836,29.9811711895983
2010,41,PR,Paraná,10665196,2495495,7377554,1172933,792147,148779,0.23398491692042,0.691741061298827,0.109977631916,0.074274021780753,0.0139499545999905,0.718682825933925,74.0288715660796,20.7079958735568,1.69623322296712,35.6663962561,16.7639258583392,52.4303221144391,47.0020176357797,32.1275406471667,30.4229979010029
2011,41,PR,Paraná,10735283,2464178,7449803,1218616,821302,155155,0.229540106208658,0.69395497072597,0.113515032626527,0.0765049230653724,0.014452809488115,0.657156230415268,74.2364593020143,20.8176003576106,1.69302149748765,34.940543686066,17.2792329062832,52.2197765923492,49.4532456665062,32.4680473723888,30.8708097228845
2012,41,PR,Paraná,10816975,2436249,7528342,1266900,852384,161658,0.225224612241408,0.69597479886937,0.117121468802507,0.0788005888892227,0.0149448436369687,0.760967363412779,74.4575078329861,20.9245292944627,1.70125104606182,34.246676823414,17.8089821145471,52.0556589379611,52.0020736796608,32.7965737186228,31.3007382229244
2013,41,PR,Paraná,10907043,2413635,7607671,1317955,885737,168353,0.221291416931243,0.697500780000592,0.120835225459366,0.0812078030681643,0.0154352559167503,0.832654230965679,74.8681680326143,21.1431049390378,1.75478544454553,33.6373884687141,18.3675511497323,52.0049396184464,54.6045694564423,33.1109853513918,31.7117705170566
2014,41,PR,Paraná,11003738,2397693,7684527,1371718,921518,175231,0.217898045191552,0.698356049553343,0.124659274875501,0.0837459052551051,0.0159246794134866,0.886537258540199,75.1609688478109,21.2604506849495,1.80261340283389,33.1432764927546,18.9612385505936,52.1045150433482,57.2099096923585,33.4088594257697,32.1040245566166
2015,41,PR,Paraná,11101864,2386708,7755325,1428041,959831,182389,0.214982637149942,0.698560620090464,0.128630741648429,0.0864567427595942,0.0164286826068127,0.8917515120770771,75.3825271702808,21.4393998171089,1.81461867877852,32.7524404376766,19.5967951651648,52.3492356028414,59.8330838963124,33.698769323782,32.4857809250829
2016,41,PR,Paraná,11195664,2375679,7819035,1487074,1000950,190073,0.212196346728519,0.698398504992647,0.132825886879063,0.0894051482788337,0.0169773762413734,0.844903162207711,75.7830972012831,21.6358716856269,1.74082691862891,32.3974885280893,20.2794497301276,52.676938258217,62.5957463108442,33.9987416556981,32.8748568559647
2017,41,PR,Paraná,11285193,2365246,7875269,1548609,1044678,198286,0.209588440357201,0.697840878751475,0.137224857386134,0.0925706808913237,0.0175704571468118,0.7996756601484251,75.9920099927992,21.7625244242037,1.77450918473612,32.0870647906798,21.0085197558435,53.0955845465233,65.4734856332069,34.3061884719207,33.2699104791401
2018,41,PR,Paraná,11373980,2357592,7925285,1612887,1091103,207091,0.207279421978938,0.696790833112068,0.141804979435519,0.095929744908994,0.0182074348644889,0.7867565933520121,76.4193929727888,22.0121039431948,1.76212574066526,31.8442855616552,21.7854633909011,53.6297489525564,68.4124734050675,34.6135033646973,33.6642317137494
2019,41,PR,Paraná,11468227,2350971,7977150,1679972,1140106,216492,0.204998645387818,0.695587033636498,0.146489252436318,0.0994143209756835,0.0188775475058176,0.8286193575160141,76.6292159496216,22.1372944380765,1.73405289815984,31.6106121535765,22.588514839557,54.1991269931335,71.4586441091787,34.9195971617932,34.0471589425773
2020,41,PR,Paraná,11560987,2342846,8028660,1747214,1189481,225803,0.20265103662862,0.694461467693027,0.151130175996219,0.102887495678353,0.0195314638793383,0.808843424532846,75.8177301637613,21.5601570937627,1.65386769048678,31.3595086660598,23.3868434265252,54.746352092585,74.5765620104779,35.2219893509092,34.4150134489451
2021,41,PR,Paraná,11630298,2330373,8067462,1806268,1232463,232615,0.200370876137482,0.693659096267353,0.155307112509069,0.105970027595166,0.0200007772801694,0.599524936754969,71.9092766970933,19.4654546247277,1.60988273320068,31.0979405649338,24.1039588548021,55.2018994197359,77.5098235346874,35.4965208974009,34.7471138642198
2022,41,PR,Paraná,11686692,2319454,8092123,1864896,1275115,238673,0.198469678160424,0.692422030117676,0.159574326079613,0.1091082917219,0.0204226311431841,0.484888693307783,75.3820442636563,21.3078167910895,1.59689684527727,30.9163991724184,24.8575178257669,55.7739169981854,80.4023705578985,35.7768758687232,35.0929959500391
2023,41,PR,Paraná,11753862,2308799,8117169,1935736,1327894,248399,0.196428969474033,0.69059590796625,0.164689359122984,0.112975122559717,0.0211333942835129,0.574756312564761,76.641865286506,22.4095163461765,1.59383883805103,30.7457512504117,25.7777561158277,56.5235073662393,83.8416856556157,36.0997641456059,35.4866771070938
2024,41,PR,Paraná,11824665,2295720,8142974,2011685,1385971,260872,0.194146726355461,0.688643103208421,0.170126172707641,0.117210170436118,0.0220616820857081,0.602380732392471,76.8483144608165,22.5257820019612,1.55338873444719,30.5393188475588,26.7608809592857,57.3001998068445,87.6276288049065,36.4362527817913,35.8851364779767
2025,41,PR,Paraná,11890584,2280048,8164615,2088478,1445921,274587,0.191752398368322,0.686645416238597,0.175641330989294,0.121602185393081,0.023092810243803,0.557470338483168,77.0522551686446,22.6406707449813,1.5329159147833,30.3114918816101,27.7647154542015,58.0762073358116,91.5979839020933,36.7768341739985,36.2853815918024
2026,41,PR,Paraná,11952524,2260595,8184529,2165191,1507400,289361,0.189131182669033,0.684753195224707,0.181149270229451,0.12611562210626,0.0242091963170289,0.520916382239922,77.2539570663041,22.7542843595306,1.51506599774985,30.0341927671722,28.7666582787922,58.8008510459644,95.7796951687498,37.1180741406585,36.6853661855249
2027,41,PR,Paraná,12010610,2238474,8202147,2241113,1569989,304982,0.186374713690645,0.682908445116443,0.186594436086094,0.130716841192912,0.025392715274245,0.485972669872914,77.4534954481511,22.8666669471117,1.49957895611648,29.7233722430538,29.7584139631495,59.4817862062033,100.11789281448,37.4592459500392,37.0844789256386
2028,41,PR,Paraná,12064971,2211443,8219479,2316072,1634049,321338,0.183294514342388,0.681268027913204,0.191966644594504,0.135437457744407,0.0266339637285494,0.4526081522920219,77.6508472274839,22.9777878192662,1.4862128070045,29.3393818816322,30.7275027542449,60.0668846358772,104.731254660419,37.7997103349855,37.4844259520451
2029,41,PR,Paraná,12115795,2177978,8238637,2390128,1699180,338715,0.179763523565726,0.679991449178531,0.197273724093219,0.140245027255743,0.0279564816010835,0.421252566624486,77.8459412127399,23.087570820995,1.47474421698573,28.8562234082512,31.6670175466954,60.5232409549466,109.740686085902,38.1386885466451,37.8830934244427
2030,41,PR,Paraná,12163232,2140344,8258005,2462921,1764883,357351,0.175968361040881,0.678931800363588,0.202489025943105,0.145099838595531,0.0293796089723521,0.3915302297538,78.0386922112718,23.1959561965866,1.46496852821437,28.3115521536007,32.5784623133937,60.8900144669944,115.07126891752,38.4752315831845,38.2820458225706
2031,41,PR,Paraná,12207153,2104120,8272718,2533946,1830315,377064,0.172367791245018,0.677694299399704,0.207578785979008,0.149937909355277,0.0308887748027734,0.361096458572852,78.2291471860273,23.3030509900746,1.45669934820403,27.7988613421936,33.477564731387,61.2764260735806,120.427827310229,38.8091283037085,38.6807616579158
2032,41,PR,Paraná,12247384,2068623,8283940,2602927,1894821,397673,0.168903253135527,0.676384442587903,0.21252922256704,0.15471230427657,0.0324700360501475,0.329569064957247,78.4173568742539,23.4089286859775,1.44976782417571,27.3055481416303,34.3582897935726,61.6638379352029,125.828969319204,39.1403954509796,39.0797772003138
2033,41,PR,Paraná,12284035,2031078,8294708,2669394,1958249,419035,0.165342902393228,0.675242947451713,0.217305958506305,0.159414150155059,0.0341121626566515,0.299255743103988,78.6032771848005,23.5135557475777,1.44402170178912,26.782635022614,35.1997339509146,61.9823689735287,131.427448871978,39.4685702214297,39.4796404004405
2034,41,PR,Paraná,12317242,1994273,8302321,2733658,2020648,441219,0.161909053991145,0.674040584734797,0.221937508413003,0.164050361274058,0.0358212495946739,0.270326484742189,78.7868741958997,23.616866061232,1.43932424859137,26.2773919793246,36.0198442256484,62.297236204973,137.075415452147,39.7929898592558,39.8775934869601
2035,41,PR,Paraná,12347065,1961745,8303633,2796973,2081687,464310,0.158883507942981,0.672518772679985,0.226529381678966,0.168597719377034,0.0376048882872164,0.242124007955669,78.9681087466103,23.7187974516035,1.43555310524679,25.8520729218102,36.8587915128288,62.7108644346391,142.575768002467,40.1130171421305,40.2739156613195
2036,41,PR,Paraná,12373480,1934359,8298266,2860927,2140855,488185,0.156331040257066,0.670649324199821,0.231214419872178,0.173019635543113,0.0394541390134384,0.213937482308557,79.1470155467435,23.8194279135739,1.43259911277329,25.525329649782,37.7520950242235,63.2774246740054,147.900518983291,40.4282783824761,40.666532079646
2037,41,PR,Paraná,12396494,1909385,8289232,2926567,2197877,512717,0.154026210959324,0.668675514222005,0.236080217519566,0.17729827481867,0.0413598393223116,0.185994562564451,79.3236564464584,23.9188084872495,1.43036515159065,25.2546047624628,38.7084285756233,63.9630333380861,153.272755363638,40.7385223596285,41.0553666747879
2038,41,PR,Paraná,12416181,1884752,8279122,2994280,2252307,537836,0.151798044825539,0.666801007491756,0.24115949984943,0.181400947682705,0.0433173453254266,0.158811031570694,79.4979984475367,24.0169331132888,1.42876501802745,25.0061661246182,39.7269577661262,64.7331238907444,158.868646909514,41.0434160069026,41.438256220829
2039,41,PR,Paraná,12432618,1862100,8266052,3063494,2304466,563690,0.149775373135409,0.664868171772027,0.246407796008853,0.185356455092564,0.0453396058657959,0.132383701558481,79.6700314213116,24.1137759492549,1.42772235579728,24.8047695065315,40.8083682695033,65.6131377760348,164.518232103539,41.3425354981549,41.8158882320371
2040,41,PR,Paraná,12445823,1842063,8248175,3133028,2355585,590368,0.148006523955869,0.662726362089514,0.251733292366443,0.189267113954618,0.0474350310140197,0.106212545097106,79.839741177111,24.2092615710308,1.42716965357178,24.6570617176469,41.9373630321634,66.5944247498103,170.082565037135,41.6356727072207,42.1872861854077
2041,41,PR,Paraná,12455766,1823597,8224936,3201096,2407233,617644,0.14640584930706,0.660331608670234,0.2569971208515,0.193262542022707,0.0495869944891386,0.079890257156956,80.0071567286512,24.3033827697876,1.42704731487297,24.5401572558902,43.0771706858485,67.6173279417387,175.537467982235,41.9227727142594,42.5522829263349
2042,41,PR,Paraná,12462473,1806502,8195537,3266391,2460434,645237,0.144955339120895,0.65761723214967,0.262098140553645,0.197427428729434,0.0517743950177465,0.0538465478558291,80.1723223605123,24.3961453312739,1.42730280282339,24.4466126626953,44.2026610443354,68.6492737070307,180.813029822275,42.2037689469819,42.9112871140818
2043,41,PR,Paraná,12466036,1790652,8159800,3328587,2515584,673395,0.143642453784026,0.654562524927732,0.267012464908653,0.201795021288243,0.0540183744054646,0.0285898312477827,80.3352285201951,24.4875234687191,1.42788985959642,24.3732336690397,45.3066417923348,69.6798754613745,185.886872491137,42.4784703012249,43.2611619716306
2044,41,PR,Paraná,12466496,1775848,8118479,3388036,2572169,701856,0.142449650647624,0.651223808197588,0.271771314088578,0.206326541154788,0.0562993803551535,0.0036900262441186,80.4958746397046,24.5775243305675,1.42876779849962,24.3179837570447,46.3948515955661,70.7128353526108,190.784121163523,42.7467970149752,43.601860282846
2045,41,PR,Paraná,12463834,1761856,8072920,3444913,2629058,730296,0.141357466731344,0.647707599443317,0.276392721533358,0.210934933825338,0.0585932065526547,-0.0213532334988109,80.654255521039,24.6661591602106,1.4299008653296,24.2778037677766,47.4697828943244,71.747586662101,195.52750054488,43.0087907942291,43.9342034571362
2046,41,PR,Paraná,12458021,1748480,8024953,3499552,2684588,758163,0.140349739336609,0.644159533845705,0.280907537401005,0.215490726817686,0.0608574186863226,-0.0466389395109124,80.8104179741254,24.7535082152155,1.43125766481545,24.2507998278499,48.5375497798956,72.7883496077456,200.148243045388,43.2646994253742,44.2549544019642
2047,41,PR,Paraná,12449082,1735599,7975964,3552204,2737519,785024,0.13941582198591,0.64068691972629,0.285338629788124,0.2198972582878,0.0630587861819851,-0.0717529694323038,80.9644067800931,24.8396475158366,1.43281064750364,24.2358802107836,49.6029270748982,73.8388072856818,204.667322348077,43.5145814767707,44.5664453696411
2048,41,PR,Paraná,12437082,1723101,7926402,3602717,2787579,810835,0.138545440160321,0.637320072344944,0.289675423865502,0.224134487494735,0.0651949548937605,-0.0963926496748924,81.1162104730594,24.9245546961273,1.43453565223791,24.2305868548826,50.6621185769506,74.8927054318332,209.083332898072,43.7585344375795,44.8695349993709
2049,41,PR,Paraná,12422006,1710763,7876110,3651045,2835133,835701,0.137720348871189,0.634044936059442,0.293917504145466,0.22823471506937,0.0672758490053861,-0.121218144256019,81.2658457959878,25.0082276173973,1.43641149937884,24.2310909694034,51.7130681037557,75.9441590731591,213.416177459999,43.9968446320184,45.162978072412
2050,41,PR,Paraná,12403831,1698382,7825057,3697683,2880392,859462,0.136923987435817,0.63085807924987,0.298108140944519,0.232217933314312,0.0692900443419456,-0.146312922405611,81.4133122423813,25.0906505323216,1.4384196300335,24.2357122084271,52.7655033001958,77.0012155086229,217.71798099603,44.2298169815438,45.4477996155316
2051,41,PR,Paraná,12382563,1685882,7772998,3743242,2923683,881855,0.136149680805177,0.627737407837134,0.30229945125254,0.236112911357689,0.0712174854268862,-0.171463155213902,81.5586435139772,25.1718463053173,1.44054378678029,24.2452979022323,53.8329594895418,78.0782573917741,222.034638248703,44.4576452387119,45.7271899865456
2052,41,PR,Paraná,12358269,1673225,7719741,3788149,2965303,902796,0.135393152552352,0.624661997566164,0.306527475652132,0.239944849881484,0.0730519783960035,-0.196195246492992,81.7018756610356,25.25184432456,1.44276973164655,24.2605549308783,54.9254265868916,79.18598151777,226.398063619657,44.680519334868,46.0024724252937
2053,41,PR,Paraná,12330987,1660287,7665586,3832518,3005114,922060,0.134643479877158,0.62165226514309,0.310803831031531,0.243704254979751,0.0747758472213133,-0.2207590723263929,81.8430057955837,25.3306409803205,1.44508499739949,24.2796550311179,56.0458613122611,80.325516343379,230.834668945791,44.8987210837218,46.2535023957141
2054,41,PR,Paraná,12300662,1646881,7610704,3876071,3043077,939972,0.133885558354502,0.618723122381543,0.315110763957257,0.247391319263955,0.0764163749885982,-0.245925163979166,81.9820545595535,25.408250583005,1.44747866852873,24.2984872471676,57.188504671932,81.4869919190995,235.358292432787,45.1126811711435,46.4977190418705
2055,41,PR,Paraná,12267303,1632906,7554706,3918396,3079691,957518,0.133110431852869,0.615840824996334,0.319417886718866,0.251048743150797,0.0780544835323624,-0.271196785994121,82.1190431625536,25.4846725295433,1.44994118861636,24.3136652302464,58.3441842846658,82.6578495149122,239.964578487678,45.3227843153462,46.738734939759
2056,41,PR,Paraná,12231017,1618447,7497004,3958883,3115566,975916,0.132323174761347,0.612950174135152,0.323675700884072,0.254726651103502,0.0797902578338334,-0.295794438272212,82.2540077809414,25.5599076631956,1.45246419110015,24.3240627339398,59.499086746942,83.8231494808818,244.609987228497,45.5290187234635,46.9796388745433
2057,41,PR,Paraná,12191946,1603581,7437240,3997043,3151125,995958,0.131527895546781,0.610012544346899,0.327842905472186,0.258459560106319,0.0816898303191304,-0.319441956461997,82.3869887489672,25.6339760369541,1.45504035073082,24.3286703335082,60.6409912912766,84.9696616247848,249.257318464113,45.731403912058,47.2159434076704
2058,41,PR,Paraná,12150163,1588238,7375448,4032827,3186477,1017940,0.13071742329712,0.607024613579258,0.331915464837797,0.262257963123622,0.0837799459974323,-0.342709851241141,82.5180094750995,25.7069031311919,1.45766325330135,24.3255347063254,61.7669852711661,86.0925199774915,253.918304435481,45.9301476037811,47.456051403201
2059,41,PR,Paraná,12105699,1572364,7311962,4066272,3221373,1041468,0.129886262660256,0.604009896495857,0.33589733232257,0.266103840843887,0.0860312155456699,-0.365953938231112,82.6470746127839,25.7786919853406,1.46032728148402,24.313417079747,62.8766412202881,87.1900583000351,258.608820858275,46.1255478927735,47.6981665876403
2060,41,PR,Paraná,12058650,1556040,7247227,4096793,3255383,1065705,0.129039320321927,0.60099820460831,0.339738942584784,0.269962475069763,0.0883768083491933,-0.388651659024397,82.7741997182704,25.8493648896942,1.46302751484632,24.291046715821,63.9542621963756,88.2453089121965,263.283270352947,46.3175254278049,47.9418541753452
2061,41,PR,Paraná,12009170,1539440,7181817,4123897,3287913,1089395,0.128188709128108,0.598027757122266,0.34339567180746,0.273783533749626,0.0907135963601148,-0.410327855937442,82.8994135758603,25.9189419093833,1.4657596423331,24.2590689039563,64.9859049237508,89.2449738277071,267.882931455594,46.5057728385892,48.1969620568369
2062,41,PR,Paraná,11957422,1522691,7116291,4147586,3318440,1111618,0.127342749967342,0.59513589133176,0.34686289402515,0.277521358700897,0.0929646875388357,-0.430904050821168,83.0227509713528,25.9874541017392,1.46851988569672,24.2191169441774,65.9693072133695,90.1884241575469,272.385270550624,46.6899222926146,48.4661584885539
2063,41,PR,Paraná,11903496,1505820,7050785,4167981,3346891,1132173,0.126502331751949,0.592328925888663,0.35014763729916,0.281168742359388,0.0951126458983142,-0.450983497947965,83.1442287584043,26.0549204694785,1.47130493253283,24.171648852793,66.9050571496678,91.0767060024608,276.791449177192,46.8698944410953,48.7436804339903
2064,41,PR,Paraná,11847454,1488931,6985246,4185370,3373277,1151351,0.125675187259642,0.589598912981641,0.353271681831388,0.284725899758716,0.0971813015690966,-0.470802863293274,83.263853491561,26.1213357607609,1.47411187773703,24.1194572692431,67.7995507320165,91.9190080012597,281.098989812154,47.0456215318498,49.0272402634302
2065,41,PR,Paraná,11789419,1472178,6920217,4199960,3397024,1169317,0.124872820280626,0.58698541463324,0.35624825956224,0.288141765086134,0.0991835984453517,-0.489852081299491,83.3816256975436,26.1866885880076,1.47693817233822,24.0658880963618,68.6573005228957,92.7231886192575,285.28887131855,47.2167902421655,49.2975210388724
2066,41,PR,Paraná,11729475,1455686,6856192,4212847,3417597,1186290,0.12410495780928,0.584526758444005,0.359167567175854,0.291368283746715,0.101137518942664,-0.508455929846929,83.497548283129,26.2510156251096,1.4797815787897,24.0174877106562,69.5081226647607,93.5256103754169,289.406300534593,47.3829069075982,49.560424183265
2067,41,PR,Paraná,11667695,1439540,6793194,4219859,3434961,1202450,0.123378267944097,0.5822224526781,0.361670321344533,0.294399279377803,0.103058059025369,-0.526707290820772,83.61164117632,26.3143059607816,1.48264013191066,23.9592057381993,70.2338732978535,94.1930790360528,293.139405643469,47.5434623548182,49.8189610102041
2068,41,PR,Paraná,11604153,1423819,6731124,4224253,3449210,1217634,0.122699088852069,0.580061638277262,0.36402941257324,0.29723927287067,0.104930881211235,-0.544597711887396,83.7239039078753,26.3765673874757,1.48551210476861,23.9052994746042,70.9233638696317,94.8286633442359,296.684690961421,47.6980730088616,50.0789603365755
2069,41,PR,Paraná,11538884,1408660,6669629,4227930,3460595,1231795,0.122079396933014,0.578013350337866,0.366407184611614,0.29990725272912,0.106751658132624,-0.5624624218588,83.8343664991181,26.4378077526191,1.48839597888123,23.8663136739715,71.6319790237491,95.4982926977206,300.138429429387,47.8464169498541,50.3300791721214
2070,41,PR,Paraná,11471971,1394161,6608487,4229807,3469323,1245291,0.121527591030347,0.576055064992755,0.368707957856588,0.302417343976898,0.108550745116075,-0.579891434908264,83.9430840115517,26.4980591507176,1.49129041819215,23.8399501505044,72.3290839625082,96.1690341130126,303.394442966056,47.9882718497109,50.5644007328749
2000,42,SC,Santa Catarina,5522167,1589810,3635749,438190,296608,49092,0.287896037914101,0.658391714701855,0.0793510953218184,0.0537122473840433,0.0088899882962612,,73.3938190550063,19.80322910267,1.99342352083768,45.498970140809,12.5406141148949,58.0395842557039,27.5624131185488,28.5737408883143,26.4134980571228
2001,42,SC,Santa Catarina,5607362,1576481,3723202,453631,307679,51168,0.281144859204738,0.663984597391786,0.0808991821822811,0.0548705434034756,0.0091251465484126,1.54278202741787,73.6654879151042,19.983139017465,1.80887445060025,44.0696344957719,12.6809979733035,56.7506324690754,28.7749107030151,28.9119446898559,26.7662016006922
2002,42,SC,Santa Catarina,5690106,1559550,3811194,469919,319362,53717,0.274081010090146,0.669793146208524,0.0825852804851087,0.05612584370133,0.0094404216722851,1.47563150015997,73.9008723863594,20.2107774586315,1.74585206231902,42.6032409113496,12.8370827263124,55.440323637662,30.131704658395,29.2708056756763,27.1414064182641
2003,42,SC,Santa Catarina,5771181,1540337,3899311,487270,331533,56614,0.266901523275739,0.675652175871802,0.0844315920779473,0.0574463008524598,0.0098097772362364,1.42484164618375,74.0373546555509,20.2743230837852,1.68410253284335,41.1461613955007,13.0161711775966,54.1623325730973,31.6339865886491,29.6430976606001,27.5383603843373
2004,42,SC,Santa Catarina,5851686,1519965,3987606,506076,344115,59717,0.259748216155139,0.681445655149644,0.0864837928761044,0.0588061286952171,0.0102050930278897,1.39494845162542,74.3173299004647,20.4800168847604,1.72177705867706,39.7309473304502,13.2285144073744,52.9594617378246,33.2952403509291,30.0220903855743,27.9446950084945
2005,42,SC,Santa Catarina,5932928,1499186,4076452,526845,357290,63025,0.252689060106578,0.687089410152963,0.0888001674721149,0.0602215297404587,0.0106229167116136,1.38835200658409,74.7121480157642,20.7488113969348,1.69597054660916,38.3728058354239,13.4849984527363,51.8578042881601,35.1420704302201,30.403779887435,28.3673364711562
2006,42,SC,Santa Catarina,6018706,1481401,4166218,549711,371087,66481,0.246132806619895,0.692211581692144,0.0913337518064514,0.0616556116879608,0.011045729763175,1.44579539815755,74.9400527231687,20.9345681362079,1.6402939605912,37.1502464894871,13.7855308238502,50.9357773133373,37.107508365392,30.7679213771199,28.7771337740128
2007,42,SC,Santa Catarina,6103561,1461090,4256945,574523,385526,70019,0.239383205967795,0.69745268376936,0.0941291485413187,0.0631641102628449,0.0114718276756798,1.40985454348492,75.1156886049413,21.0596724116516,1.57075408863857,35.9171257843021,14.12316479955,50.0402905838521,39.3215339233038,31.1401260673892,29.202808691044
2008,42,SC,Santa Catarina,6189784,1440502,4348425,601172,400857,73610,0.232722498878798,0.70251643676096,0.097123259874658,0.0647610643602426,0.0118921758820663,1.41266712989352,75.1522311839621,21.1279991217766,1.59354522010443,34.7267068616792,14.4926725665424,49.2193794282215,41.7335067913824,31.507940503255,29.6325083736509
2009,42,SC,Santa Catarina,6279130,1421215,4440390,629705,417525,77262,0.226339476965758,0.707166438662681,0.100285389854964,0.066494084371561,0.0123045708561536,1.44344293758878,75.4288895331747,21.264671388676,1.55558515505042,33.6126871654908,14.8929452416034,48.5056324070943,44.307511530627,31.8665405876292,30.0575562849614
2010,42,SC,Santa Catarina,6365736,1402451,4527357,660232,435928,81067,0.220312466618157,0.711207156564457,0.103716522331432,0.0684803768173861,0.0127348982112987,1.37926750998945,75.5806419887166,21.3475108081922,1.55128266049797,32.5919992154408,15.3433387876003,47.9353380030411,47.0770101771827,32.2289986578143,30.5044351870141
2011,42,SC,Santa Catarina,6454695,1387438,4611066,692762,456191,85065,0.214950202914313,0.714373955702012,0.107326837286657,0.070675841383675,0.0131787791677221,1.39746605891291,75.6877619759186,21.4534445647641,1.5990466844121,31.7165295651269,15.8363879716402,47.5529175367671,49.9310239448538,32.5798924658717,30.9457718651212
2012,42,SC,Santa Catarina,6553841,1377622,4697835,727441,478384,89268,0.21020070520478,0.716806373544918,0.110994606063833,0.0729929212503019,0.0136207149364777,1.53602920045022,76.0761295896844,21.6337343897871,1.59834813195289,30.9663013079097,16.3514789904104,47.3177802983201,52.8041073676233,32.9101787791312,31.3704183571086
2013,42,SC,Santa Catarina,6659762,1371513,4785632,764410,502617,93673,0.205940242308959,0.718589042671495,0.114780378037533,0.0754707150195457,0.014065517656637,1.61616676388701,76.4227105323458,21.841744288084,1.60206543010929,30.3174582472984,16.897374110794,47.2148323580923,55.7347979931652,33.2297320835189,31.7831195484864
2014,42,SC,Santa Catarina,6771778,1369783,4873178,803670,528817,98278,0.20227819045456,0.719630501767778,0.11867931878452,0.0780913077776619,0.0145128797783979,1.68198202878722,76.6832893992662,21.9995286336224,1.63583441216436,29.7887382905732,17.4774510283636,47.2661893189368,58.6713369927938,33.5358205776976,32.1850909337676
2015,42,SC,Santa Catarina,6889914,1374394,4958601,845192,556919,103087,0.199479122671197,0.719689824865739,0.122670907067926,0.0808310524630641,0.0149620154910497,1.74453444870757,76.8677736212506,22.1518277535066,1.69007751882939,29.4282114660897,18.0970587076539,47.5252701737437,61.4956118842195,33.8229407507844,32.5730409920543
2016,42,SC,Santa Catarina,7011473,1384850,5039682,888844,586941,108192,0.197511992130612,0.718776496750398,0.126769938356748,0.0837115111189903,0.0154307090678378,1.76430358927557,77.1907769378661,22.2999392145665,1.63980757449093,29.2299408646963,18.7607737718454,47.9907146365417,64.1834133660685,34.1038074310491,32.9551437111605
2017,42,SC,Santa Catarina,7135459,1399940,5116739,934478,618780,113636,0.196194806809205,0.717086174834723,0.130962563165173,0.0867190183560721,0.015925534713324,1.7683302781027703,77.2525158205985,22.3787042720948,1.67659595280427,29.1590927884182,19.4640703963994,48.6231631848176,66.7512893409718,34.381687709228,33.3384193832172
2018,42,SC,Santa Catarina,7266127,1420877,5192647,982481,652603,119477,0.195548054692686,0.714637522850894,0.135213849138613,0.08981442245642,0.0164430101483225,1.83124869752598,77.5952578639789,22.567779581551,1.68445906060424,29.2195043605814,20.2041470610675,49.4236514216489,69.1460977973463,34.6468896015718,33.7089960731427
2019,42,SC,Santa Catarina,7403723,1444433,5270821,1033046,688469,125700,0.195095494523499,0.711914937930552,0.139530611828671,0.0929895675459495,0.0169779447448264,1.8936635707028,77.8343784525596,22.6755709904116,1.64649493786662,29.3211826291999,20.9702564468995,50.2914390760994,71.5191358823843,34.9062717500371,34.0675060620091
2020,42,SC,Santa Catarina,7541975,1467885,5348827,1084795,725263,131903,0.194628727886263,0.709207734048442,0.143834340474478,0.0961635380652946,0.0174891855250117,1.86733080100376,77.2282718919401,22.1899834558279,1.63224445384573,29.4206896966405,21.7424505867061,51.1631402833466,73.9019064844998,35.1591325879494,34.4130705554696
2021,42,SC,Santa Catarina,7671648,1486806,5425073,1133998,759769,136985,0.193805294507777,0.707158748680857,0.147816740288397,0.0990359568113657,0.0178560069492239,1.71935070057909,74.5213206987426,20.4967626286182,1.59237517281439,29.4367832386033,22.4516536246219,51.8884368632252,76.2707441320522,35.3885130026821,34.7318150501416
2022,42,SC,Santa Catarina,7796817,1506878,5495328,1183863,794611,141675,0.193268355535342,0.704816850260818,0.151839269794328,0.10191479420384,0.0181708766538961,1.6315790296948,76.9241816236086,21.8825506001541,1.6152763406545,29.5114682977692,23.1853775776154,52.6968458753845,78.5639580642892,35.6177481143908,35.0527526063765
2023,42,SC,Santa Catarina,7927212,1526405,5565887,1238763,834920,148147,0.192552564508178,0.702124151593271,0.156267171863197,0.105323283898551,0.0186884115121432,1.67241324248086,78.0982652214886,22.9219368146779,1.58437573682115,29.5697789480291,23.9975288858444,53.5673078338736,81.1555910783835,35.8752017733347,35.3970094920048
2024,42,SC,Santa Catarina,8058441,1543099,5636447,1296704,878895,156422,0.191488527371485,0.699446332113122,0.160912513971375,0.109065140515392,0.0194109505796469,1.65542437870969,78.2686614023803,23.0223935847601,1.57206365232889,29.5689986544382,24.8475560098248,54.416554664263,84.0324567639536,36.148350158548,35.7473317449529
2025,42,SC,Santa Catarina,8186962,1558396,5703712,1355143,924854,165848,0.190350950694531,0.696682359097306,0.165524525458894,0.112966690208163,0.0202575753985422,1.5948618349380397,78.4371219286252,23.1218450314946,1.56021168895379,29.5518868863734,25.6975971773931,55.2494840637666,86.9575512257475,36.4246784094027,36.098144805752
2026,42,SC,Santa Catarina,8312691,1569812,5770176,1413217,972703,176338,0.188845224729272,0.694140561702582,0.17000716133921,0.117014213568145,0.0212131065620026,1.53572228623999,78.6037655399519,23.2203387893752,1.54924291452247,29.4542505697359,26.5160717508915,55.9703223206275,90.0246016720474,36.7037115899051,36.44998643327
2027,42,SC,Santa Catarina,8435555,1577421,5836081,1470303,1022053,187720,0.186996706203682,0.691843156733612,0.17429831232207,0.121160137062707,0.0222534261231182,1.47802919656221,78.7687704218639,23.318050381656,1.53911787737887,29.2774773373552,27.2893303446229,56.5668076819781,93.2092954258882,36.9849043720301,36.8034221165969
2028,42,SC,Santa Catarina,8555475,1582508,5901511,1526198,1071456,199803,0.184970209135086,0.68979349480888,0.178388458852372,0.125236296056034,0.0233538172924355,1.42160177961024,78.9323287487971,23.4151604819379,1.52979729671485,29.0540685679896,28.0202446624779,57.0743132304675,96.4417241492618,37.2678424050097,37.1590833979941
2029,42,SC,Santa Catarina,8672401,1584209,5966520,1581125,1121672,212633,0.182672480204732,0.687989404548982,0.182316869342181,0.129338115246285,0.0245183542596796,1.3666804005622,79.0941394322019,23.5113343782329,1.52124230416356,28.7668372293273,28.7108364579548,57.4776736872822,99.8053287160974,37.5520448143484,37.5176343399972
2030,42,SC,Santa Catarina,8786264,1581030,6033104,1635291,1172130,226326,0.179943375250277,0.68665180103853,0.186119037625093,0.133404823711193,0.0257590712047806,1.31293513757031,79.2541043547375,23.606437012959,1.51341464990656,28.3850301520141,29.3592052916879,57.744235443702,103.432003187795,37.8368651340319,37.8776781091255
2031,42,SC,Santa Catarina,8896575,1575572,6099040,1688896,1221963,240770,0.177098714954912,0.685549214163878,0.189836650621166,0.13735207088121,0.0270632237686975,1.25549380259915,79.4123012979848,23.7005843747104,1.50627687600124,27.9748236317243,29.9869302909195,57.9617539226439,107.192562447162,38.12226952507,38.2412280701754
2032,42,SC,Santa Catarina,9002882,1568621,6163699,1742167,1270562,255914,0.174235428166225,0.684636208716276,0.193512144222261,0.141128363117499,0.0284257863204249,1.19492051716532,79.5688174492514,23.7938486726334,1.49979245971711,27.55788994349,30.6067854817577,58.1646754252477,111.063602999067,38.4084157717495,38.6073494713526
2033,42,SC,Santa Catarina,9105158,1558383,6229032,1794980,1317743,271700,0.171153866852173,0.684121242047639,0.197138808574217,0.144724891100187,0.0298402290218358,1.13603621595839,79.723681028868,23.8862440009158,1.4939259296772,27.0938550487283,31.2073013728758,58.301156421604,115.182211304923,38.6948118857465,38.9752578589664
2034,42,SC,Santa Catarina,9203360,1547470,6292153,1847530,1363737,288225,0.168141852540811,0.683679982093496,0.200745162636255,0.148178165365693,0.0313173667008571,1.07853153124855,79.8766722874961,23.9774983135248,1.48864295754834,26.6421158468139,31.8081179541213,58.4502338009352,119.390359748493,38.9808742676588,39.3430308470703
2035,42,SC,Santa Catarina,9297441,1536994,6351694,1900675,1408753,305597,0.165313659962994,0.683165830253722,0.204429907111,0.151520509783283,0.032868936732161,1.02224622311851,80.0277312853428,24.067537010705,1.48391042792791,26.2295870897366,32.4359889770455,58.6655760667821,123.661836025385,39.2660909598673,39.7093066004017
2036,42,SC,Santa Catarina,9387376,1527241,6407114,1955455,1453021,323624,0.162690937275763,0.682524488206289,0.208306879366502,0.154784574517948,0.0344743834698855,0.967309176793907,80.1769847231528,24.156533091087,1.47969648894547,25.8649240941084,33.117035978241,58.9819600723494,128.038403893033,39.5498663311238,40.0733941848025
2037,42,SC,Santa Catarina,9473141,1517368,6459025,2012540,1496748,342201,0.160175806524995,0.681825067313999,0.212446959250369,0.157999126161006,0.0361232879358599,0.913620590034947,80.3245341890299,24.2445872286399,1.47597058594582,25.5310199011212,33.8627141153645,59.3937340164856,132.633612940302,39.8315307457157,40.4304589944926
2038,42,SC,Santa Catarina,9554784,1507199,6507748,2072201,1539837,361354,0.157742864726194,0.681098390083962,0.216875755642409,0.161158745189844,0.0378191699571649,0.8618366389774981,80.4704609606661,24.331776153672,1.47270348045459,25.2234668098318,34.678959544692,59.9024263545238,137.486887929198,40.1106318049681,40.7835275867276
2039,42,SC,Santa Catarina,9632270,1498448,6551323,2134184,1582499,381309,0.155565406700601,0.680143206118599,0.221566048293912,0.1642913871808,0.0395866187305796,0.810965480747661,80.6146900131387,24.4180076644375,1.4698672564544,24.9756401969586,35.5718795033967,60.5475197003553,142.426297075374,40.3868665434005,41.1307619750656
2040,42,SC,Santa Catarina,9705548,1490255,6589698,2198094,1625595,402168,0.153546713694064,0.678961971029354,0.226478092736237,0.167491315276582,0.0414369183481448,0.760755252915457,80.7571086937774,24.5031160879962,1.46743531582454,24.7665899033753,36.5301862211969,61.2967761245722,147.497844328655,40.6600266157048,41.4711119373696
2041,42,SC,Santa Catarina,9775189,1482752,6622266,2263253,1670171,423858,0.151685251303069,0.677456568870433,0.231530357111254,0.170858179826497,0.0433605938463185,0.717538051432021,80.8977688460408,24.5871048273563,1.46538236462427,24.5929134025434,37.5382970564508,62.1312104589941,152.638674572686,40.9291777376376,41.8044633257467
2042,42,SC,Santa Catarina,9841857,1476062,6648842,2329098,1716953,446111,0.149977997038567,0.675567832371472,0.236652290314724,0.174454170589961,0.045327929475098,0.682012388711861,81.0366868630735,24.6699622616585,1.46368439173225,24.4514839820518,38.5823240755665,63.0338080576183,157.791339388183,41.1933095553004,42.1260565878907
2043,42,SC,Santa Catarina,9905616,1470286,6669112,2395559,1766218,467881,0.14842953734528,0.673265751468662,0.241838468198242,0.178304711186059,0.0472339125603092,0.647835057957047,81.1738752552932,24.7516903753153,1.46231864119443,24.3434063973618,39.6630766298921,64.0064830272539,162.931497681403,41.4520829396173,42.4238856362918
2044,42,SC,Santa Catarina,9966509,1465410,6683338,2462665,1817761,489770,0.147033429659272,0.670579638266518,0.247094042658267,0.18238693207421,0.0491415800657984,0.614732087333092,81.3092492747157,24.8322264046483,1.46126357948175,24.2680469803926,40.7831732531978,65.0512202335904,168.052968111314,41.7054405910836,42.7036514774679
2045,42,SC,Santa Catarina,10024514,1461370,6691934,2529908,1871210,511399,0.145779635800798,0.667556950890587,0.252372134948388,0.186663413308615,0.0510148422157922,0.581999173431735,81.442805273042,24.9116092503746,1.46049885871786,24.2219929735883,41.93285328139,66.1548462549783,173.118922654769,41.9533702082714,42.964319533351
2046,42,SC,Santa Catarina,10079580,1458019,6695668,2596625,1925893,532183,0.144650769178875,0.664280456130117,0.257612420358785,0.191068774691009,0.0527981324618685,0.54931341309914,81.5745732066717,24.9899132815996,1.46000527680691,24.1997425366842,43.0979681775873,67.2977107142715,178.092672317713,42.1960674948758,43.202604209938
2047,42,SC,Santa Catarina,10131642,1455254,6695154,2662341,1981234,551747,0.14363456584826,0.660816282296591,0.262774878938676,0.195549151855148,0.0544578065431053,0.516509616472116,81.704611044696,25.0672280919308,1.45976473527143,24.1975827591637,44.2687095727719,68.4662923319355,182.946825777493,42.4337396643111,43.4279500727468
2048,42,SC,Santa Catarina,10180730,1453000,6690537,2726667,2037193,570037,0.142720610408095,0.657176548243594,0.267826275718932,0.200102841348312,0.055991760905161,0.484501919827007,81.8329689813397,25.143618119423,1.4597601955019,24.2123770405343,45.436400184434,69.6487772249683,187.657742601514,42.6664411098222,43.644102974072
2049,42,SC,Santa Catarina,10226856,1451158,6681895,2789533,2093803,587310,0.141896786265495,0.653367466990833,0.272765452060731,0.204735746743672,0.0574282066746613,0.453071636316849,81.9595804792112,25.2190077517844,1.45997563402036,24.241864365583,46.5996677338496,70.8415320994326,192.228068893945,42.8943843542923,43.8585543692571
2050,42,SC,Santa Catarina,10269934,1449591,6669743,2851257,2150600,603812,0.141149008357795,0.649443608887847,0.277631482344482,0.209407382754358,0.0587941460967519,0.42122427459621,82.0844547786151,25.2933893362988,1.46039599727231,24.2849742824948,47.7670618248757,72.0520361073705,196.6938950366,43.1179289954541,44.089372787389
2051,42,SC,Santa Catarina,10309898,1448135,6654820,2912404,2206943,619764,0.140460652472023,0.645478742854682,0.282486208883929,0.214060604673296,0.0601134948182805,0.389135899023296,82.2076295750388,25.3667818740877,1.4610071563815,24.3410256466285,48.9532401725967,73.2942658192252,201.114122647405,43.3373624064952,44.3035976116696
2052,42,SC,Santa Catarina,10346687,1446612,6637706,2973230,2262369,635404,0.139814029360316,0.641529602664119,0.287360582184423,0.218656367975566,0.0614113483862032,0.356831852264694,82.3291412178663,25.4392147707134,1.46179586223175,24.4077920040089,50.1654758982224,74.5732679022313,205.530577653165,43.5529784558091,44.5133381643606
2053,42,SC,Santa Catarina,10380278,1444850,6618907,3033754,2316521,650736,0.139191840526814,0.637642556393962,0.292261344060342,0.223165603079224,0.0626896505083968,0.324654645491829,82.4490426521972,25.5107505908711,1.46274970117781,24.4820367915951,51.404974249679,75.8870110412741,209.970169913832,43.7652069626652,44.7230612718147
2054,42,SC,Santa Catarina,10410637,1442707,6598600,3093571,2369330,666009,0.138580088807246,0.633832492670718,0.297154823475259,0.227587418522037,0.0639738951612663,0.292468082261377,82.5672707384451,25.5813291082755,1.46385705163187,24.5593944803169,52.66227344975,77.2216679300669,214.428224164713,43.9744495941987,44.9346818294339
2055,42,SC,Santa Catarina,10437712,1440067,6576524,3152036,2421121,681907,0.137967688704191,0.630073334079346,0.301985339315743,0.231958977216463,0.0653310802214125,0.260070541312696,82.6838341301091,25.6509357463497,1.46510704172463,24.6350209191207,53.9214305985912,78.5564515177118,218.881204832831,44.1810454245145,45.1419115224489
2056,42,SC,Santa Catarina,10461472,1436849,6552189,3208277,2472434,699225,0.137346732849832,0.626316162773269,0.306675485056023,0.236337104376898,0.0668381084421007,0.2276360949602819,82.7987819950527,25.7195649365907,1.46648950819788,24.7036369569486,55.1596655357161,79.8633024926646,223.285606211926,44.3851053656694,45.3608274628529
2057,42,SC,Santa Catarina,10481916,1432993,6525392,3261566,2523531,718484,0.136710979175945,0.622538093226467,0.311161241895089,0.240750927597588,0.0685451018687805,0.1954218297386839,82.9121429543179,25.7872350061051,1.46799495664888,24.7607500280353,56.3567445381372,81.1174945661724,227.605159271539,44.5867880452391,45.589169021071
2058,42,SC,Santa Catarina,10499003,1428366,6496251,3311869,2574386,739882,0.136047775203036,0.618749323150017,0.315446047591376,0.245202901646947,0.0704716438313238,0.163014090172053,83.0239359460775,25.8539506310285,1.46961452321602,24.8033259891699,57.5100264501018,82.3133524392717,231.864172067943,44.7862936128316,45.8242223508479
2059,42,SC,Santa Catarina,10512737,1422898,6465263,3359182,2624576,763195,0.135349909352816,0.614993317154229,0.319534484692236,0.249656773492954,0.0725971742658453,0.130812420950832,83.1341356163102,25.9196831128361,1.47133993776802,24.8295788772561,58.6177466213734,83.4473254986296,236.080309340515,44.9836443164135,46.0614678047875
2060,42,SC,Santa Catarina,10523081,1416594,6433045,3402580,2673442,788099,0.134617798722636,0.611327138886416,0.323344465370931,0.254055062390948,0.0748924198150713,0.0983949279811824,83.2427414451207,25.9844415672281,1.47316348863613,24.8355031033991,59.6534971555462,84.4890002589453,240.19443820883,45.1786978547443,46.3071442143264
2061,42,SC,Santa Catarina,10530026,1409526,6400421,3439498,2720079,814008,0.13385778914506,0.607825754656256,0.326637180193097,0.258316456198684,0.0773035128308325,0.0659977814482238,83.3497684361839,26.0482255770265,1.47507798890969,24.8112216823722,60.5438618046605,85.3550834870327,244.018059971934,45.3710895870532,46.5645471534086
2062,42,SC,Santa Catarina,10533611,1401794,6368075,3470379,2763742,840409,0.133078200818314,0.604548145930204,0.329457676004933,0.262373653251482,0.0797835614016884,0.0340454999826267,83.4552441306888,26.1110250310014,1.47707674429893,24.7603877318801,61.2985428790353,86.0589306109155,247.566974890747,45.5604335493308,46.829498350105
2063,42,SC,Santa Catarina,10533841,1393388,6336078,3496197,2804375,867193,0.132277295622746,0.601497402514429,0.331901440319823,0.266225301862825,0.0823244816396982,0.0021834867454328,83.5591918276407,26.172848868129,1.47915352255539,24.6868320643146,61.9425660352755,86.6293980995901,250.913385216465,45.7463983935205,47.0950374946363
2064,42,SC,Santa Catarina,10530711,1384372,6304399,3518279,2841940,894299,0.131460449346678,0.598667934197415,0.33409700446627,0.269871616455907,0.0849229458485757,-0.0297137577831341,83.6616044384319,26.2336775272893,1.48130252442954,24.5976766416847,62.5131750549923,87.110851696677,254.142600399315,45.9285586699701,47.3566860921904
2065,42,SC,Santa Catarina,10524257,1374874,6273858,3537882,2875525,921311,0.130638580946854,0.596133104693281,0.33616453874131,0.273228314359864,0.0875416668369083,-0.0612874097485005,83.7624901995201,26.2935058294715,1.48351835613566,24.5010024946979,63.0469815473614,87.5479840420593,257.324089334732,46.1063205697086,47.6213247923697
2066,42,SC,Santa Catarina,10514541,1365050,6246849,3559809,2902642,947685,0.12982497286377,0.594115235272752,0.338560570547017,0.276059791863477,0.0901308958707755,-0.092320056418238,83.8618603337405,26.3524554052857,1.48579600328735,24.4208883439165,63.6853581294964,88.106246473413,260.782315666093,46.2791657762331,47.8879082771772
2067,42,SC,Santa Catarina,10501611,1355025,6222840,3577371,2923746,973046,0.12903020308027,0.592560512858456,0.340649734597863,0.278409284061274,0.0926568314137707,-0.1229725577179259,83.9597392635773,26.4104598276126,1.4881308062608,24.3306282842375,64.2347440348415,88.5653723190791,264.007748934522,46.4465881472852,48.1472353324111
2068,42,SC,Santa Catarina,10485507,1344890,6200807,3593127,2939810,997063,0.128261799834762,0.591369306224296,0.342675561610898,0.280368893940942,0.0950896318127488,-0.153347900622103,84.0561535260647,26.4675216804345,1.49051843693918,24.2432163014264,64.7703195499226,89.013535851349,267.168839087212,46.6080576742736,48.393077570971
2069,42,SC,Santa Catarina,10466243,1334752,6179315,3608135,2952176,1019657,0.127529238524273,0.590404312225504,0.3447402281793,0.282066449250223,0.0974234020746509,-0.183720253107456,84.1511095434804,26.5236416854088,1.49295487678773,24.1655978720184,65.3250487565893,89.4906466286077,270.322501858023,46.7631728023131,48.626942622778
2070,42,SC,Santa Catarina,10443901,1324725,6157057,3620833,2962119,1041095,0.126841972171126,0.589536132140663,0.346693539128722,0.283621895688211,0.0996844952858132,-0.2134672393904859,84.2446616830439,26.5788819935197,1.49543639620755,24.0931677052523,65.8531670359597,89.946334741212,273.327143369379,46.911533630968,48.8490534505319
2000,43,RS,Rio Grande do Sul,10269487,2663607,6850204,1089722,755676,135171,0.259370989027982,0.667044420037729,0.106112603287779,0.0735845909342891,0.013162390682222,,72.8160669673863,19.782231850553,2.11774649887682,40.8769554083864,16.7233820911034,57.6003374994897,40.911515850499,30.9816039496423,29.1998119613141
2001,43,RS,Rio Grande do Sul,10352540,2636189,6939043,1118070,777308,139087,0.254641759413632,0.670274444725642,0.107999582711103,0.075083795860726,0.013435060381317,0.808735626229429,73.0435475991566,19.9105597534363,1.91163955156909,39.9526634285506,16.9448679133247,56.8975313418753,42.4123611774421,31.263787534267,29.4917495144882
2002,43,RS,Rio Grande do Sul,10430916,2607625,7023873,1147255,799418,144359,0.249990029638816,0.673370680005476,0.109986026155325,0.076639290355708,0.0138395324053995,0.75707024556293,73.207717173507,20.0304582462235,1.83349887530265,39.0594808056757,17.1846736596387,56.2441544653144,43.9961650927568,31.5557231982311,29.7910435253468
2003,43,RS,Rio Grande do Sul,10504486,2578661,7104010,1177653,821815,150567,0.245481882692785,0.676283446900686,0.1121095311089,0.0782346704065292,0.0143335904298411,0.705307184910708,73.3376481202176,20.0821270366139,1.7508588814874,38.2127337596019,17.4514372188498,55.6641709784516,45.6691670599586,31.8554163430748,30.0962337679152
2004,43,RS,Rio Grande do Sul,10573529,2549502,7179596,1210005,844431,157406,0.241121199932397,0.6790160598226,0.114437194998945,0.0798627402450024,0.0148867989107516,0.657271569498974,73.5485688070765,20.204201258503,1.80210108933681,37.4155234603,17.7575740142899,55.1730974745899,47.4604452163599,32.1615420925218,30.4075308522009
2005,43,RS,Rio Grande do Sul,10638582,2519498,7251474,1245209,867610,164716,0.23682648683819,0.681620351283658,0.117046519921546,0.0815531618781526,0.015482890482961,0.615243973889901,73.8884153887104,20.3752088960922,1.73581936506528,36.6532414395083,18.1150951973959,54.7683366369042,49.4229009112133,32.4747485144167,30.7274606741573
2006,43,RS,Rio Grande do Sul,10699033,2486974,7320730,1283419,891329,172284,0.232448483895694,0.684242211422285,0.119956541866915,0.0833093046820213,0.0161027636796709,0.56822422386742,74.0969650339292,20.4659840510466,1.65566754901459,35.8941148623684,18.5233898716054,54.4175047339738,51.6056460582218,32.7960199767587,31.0586750320796
2007,43,RS,Rio Grande do Sul,10751080,2447625,7387751,1324435,915704,179905,0.227663174304349,0.687163615190288,0.123190879427927,0.0851732105053632,0.0167336676873393,0.486464524410768,74.2604336390332,20.5803997521181,1.55603837564352,35.0711847795249,18.9773779126582,54.0485626921831,54.1110259945866,33.1352623178323,31.4212291985191
2008,43,RS,Rio Grande do Sul,10798740,2405624,7451937,1368128,941179,187448,0.222768952674108,0.690074675378794,0.126693299403449,0.0871563719470975,0.0173583214337969,0.443304300591207,74.2984751451481,20.6486323472458,1.58084953494771,34.243816501893,19.4751649397835,53.7189814416765,56.8720631320605,33.4784719328366,31.7947022715961
2009,43,RS,Rio Grande do Sul,10845002,2364032,7512390,1414484,968580,194957,0.217983546706584,0.692705266444395,0.130427269630748,0.0893111868490204,0.017976667961887,0.428401832065584,74.5588991530297,20.8099754451801,1.55188961855899,33.4541383086303,20.0167947689983,53.4709330776287,59.8335386323028,33.8175128967242,32.1762165097308
2010,43,RS,Rio Grande do Sul,10879460,2320373,7560464,1463513,998623,202752,0.213280162802198,0.694930079250257,0.1345207390808,0.0917897579475452,0.0186362190770498,0.317731614987249,74.7446070589382,20.9046622471008,1.54468775471828,32.7016954512771,20.6257168200909,53.327412271368,63.0723163905114,34.1670710678655,32.5908333333333
2011,43,RS,Rio Grande do Sul,10908380,2279097,7597787,1515124,1031496,210924,0.208930840326428,0.696509197516038,0.138895418018074,0.0945599621575339,0.0193359600600639,0.265822016901573,74.8995756186145,21.0516875899803,1.61019495084393,32.0360706023017,21.2973030262607,53.3333736285624,66.4791362544025,34.5121728432636,33.013034561795
2012,43,RS,Rio Grande do Sul,10944672,2242962,7634749,1569144,1066961,219238,0.204936429342058,0.69757677525649,0.143370582508092,0.097486795401452,0.0200314819850243,0.332698347508975,75.0225665242874,21.1237711733805,1.62877591768946,31.4467752559177,21.9997123055013,53.446487561419,69.9585637206515,34.8376449289663,33.4275407520744
2013,43,RS,Rio Grande do Sul,10985031,2210264,7669690,1625604,1105077,227697,0.201206896912717,0.698194661444287,0.147983560537972,0.100598441642996,0.0207279342224888,0.36875476944398,75.2695157297392,21.3270216865884,1.65784128930691,30.9164023816494,22.7383821015131,53.6547844831626,73.5479562622384,35.1506056742125,33.8302804245951
2014,43,RS,Rio Grande do Sul,11027344,2181120,7700339,1684567,1145885,236292,0.197791961509499,0.698294983814779,0.15276271421296,0.103913054675722,0.0214278252315335,0.385187806934728,75.4838197078283,21.4796686401868,1.68401260145332,30.455521676059,23.5220284914511,53.9775501675101,77.2340357247653,35.4536405139805,34.2316918202865
2015,43,RS,Rio Grande do Sul,11070711,2158295,7723501,1745469,1188915,244777,0.194955409819658,0.69765175877141,0.157665483273839,0.107392831408931,0.0221103233568287,0.39326786214342,75.5772778375121,21.5547815826151,1.75572805136006,30.1145662162703,24.3544287407176,54.468994956988,80.8725869262543,35.7418700569458,34.6248447169247
2016,43,RS,Rio Grande do Sul,11109776,2137584,7738090,1807980,1234102,253239,0.192405679466445,0.69651179285703,0.162737754568589,0.111082527676526,0.0227942489569547,0.352868031691922,75.759950014478,21.6820207434111,1.67030350672869,29.8369729985656,25.2362716234528,55.0732446220184,84.5805357824535,36.0312952304349,35.0222983274811
2017,43,RS,Rio Grande do Sul,11141074,2116118,7743704,1871689,1281252,261794,0.189938420658547,0.695059022137363,0.167998973887078,0.11500255720409,0.0234980936308295,0.281715850976649,75.847906046354,21.6956807340095,1.67914159365109,29.5825389993132,26.1655129048028,55.748051904116,88.4491791100496,36.3313021706884,35.4334046837408
2018,43,RS,Rio Grande do Sul,11167531,2096581,7740758,1936430,1330192,270567,0.187738990829755,0.693148557187797,0.173398220251191,0.119112451982448,0.0242280052770841,0.237472617092394,76.1189288614761,21.801832747909,1.67213570001998,29.3864338455846,27.1416997919972,56.5281336375818,92.3613254150448,36.6317532496664,35.8469747089012
2019,43,RS,Rio Grande do Sul,11194346,2077273,7736041,2002505,1381032,279718,0.185564480497565,0.691066811763724,0.178885394466099,0.12336870773871,0.0249874356215182,0.240115742682967,76.4253509472475,21.8934254414149,1.61744471936489,29.1974579482549,28.1465438238836,57.3440017721385,96.4006656804378,36.933845353717,36.2563635942137
2020,43,RS,Rio Grande do Sul,11220286,2057957,7729488,2068756,1432841,288983,0.183413952193375,0.688885113980161,0.184376405378615,0.127700933826464,0.0257554040957601,0.231724122159527,76.2662197172631,21.7121061261716,1.58282951253474,29.0115714605319,29.1638078581837,58.1753793187157,100.524743714276,37.2347415208489,36.6564961998332
2021,43,RS,Rio Grande do Sul,11227789,2038051,7710973,2127374,1478765,295624,0.18151846280688,0.686775731179131,0.189473991718227,0.131705806013989,0.0263296718525793,0.066869953225801,73.2852263861481,19.9812066582239,1.51822477542436,28.857914998434,30.1226897962212,58.9806047946552,104.382765691339,37.5126509769644,37.0290835610862
2022,43,RS,Rio Grande do Sul,11220506,2020391,7678017,2182861,1522098,300324,0.180062378648521,0.684284380757873,0.19454211779754,0.135653240593606,0.0267656378420011,-0.064865843132611,75.4425121700769,21.1072076672859,1.490729691432,28.7917609936878,31.1070541268707,59.8988151205586,108.041512756689,37.7935398813565,37.4107164774022
2023,43,RS,Rio Grande do Sul,11222292,2004411,7643099,2246270,1574782,308950,0.178609770624397,0.681063992988242,0.200161428699235,0.140326236387362,0.0275300268430014,0.0159172857266965,76.9655792371121,22.411516600012,1.50900397490555,28.7510447728653,32.2202429252005,60.9712876980658,112.06633769222,38.1126668242102,37.8334534371345
2024,43,RS,Rio Grande do Sul,11229915,1987280,7608930,2314385,1633705,321920,0.176963049141512,0.677559002004913,0.206091052336549,0.145477948853575,0.0286662899941807,0.0679273004124292,77.1629634591006,22.5247006575405,1.46999305008906,28.6837224407318,33.4050445639231,62.0887670046549,116.459935187794,38.4499922750974,38.2639987430184
2025,43,RS,Rio Grande do Sul,11233263,1968733,7570861,2380658,1693669,336823,0.175259227884186,0.67396810704067,0.211929338786068,0.150772665075143,0.0299844310597909,0.0298132265471374,77.3574470858353,22.6361028166329,1.45517589769557,28.5992098632862,34.5831241487349,63.1823340120211,120.923355274687,38.7905777688994,38.6929252036237
2026,43,RS,Rio Grande do Sul,11233317,1945526,7533401,2443686,1754390,353398,0.173192477342178,0.670630144239676,0.217539129359565,0.156177378418147,0.031459808354024,0.0004807151759989,77.5497266484182,22.7462746149009,1.44309257749244,28.4263026356258,35.7049753035642,64.13127793919,125.605414679629,39.1303588245573,39.1173147756778
2027,43,RS,Rio Grande do Sul,11230228,1916935,7498040,2502530,1815253,371250,0.170694219209085,0.66766587463763,0.222838752694959,0.161639906153286,0.0330580999780236,-0.0274985563035401,77.740063506041,22.8555132083026,1.4333429056206,28.1456717844976,36.7437539670665,64.8894257515641,130.548505817881,39.4685601218426,39.5328317289369
2028,43,RS,Rio Grande do Sul,11224137,1884779,7465522,2556930,1873836,390079,0.167921952485077,0.665131047491669,0.227806378343386,0.166947000023253,0.0347535850640455,-0.0542375453107423,77.9286492820482,22.9639858387039,1.42557818720261,27.7891486647555,37.699331271928,65.4884799366834,135.662059053077,39.8046608839504,39.9431979489104
2029,43,RS,Rio Grande do Sul,11215207,1849071,7434775,2607318,1931361,410005,0.164871767413655,0.662919106174322,0.232480595320265,0.172209126412023,0.036557952073466,-0.0795606824827599,78.1153210535984,23.0714947212451,1.41949674473062,27.3579048881032,38.576538086985,65.9344429750882,141.006916446151,40.1379318277407,40.3431245134232
2030,43,RS,Rio Grande do Sul,11203555,1808290,7408314,2654209,1986951,431131,0.161403233170186,0.661246720349032,0.236907749370624,0.177350046480782,0.0384816248056978,-0.103894649470138,78.2998839489459,23.1778099730426,1.41483913168379,26.825025633966,39.3737865402691,66.198812174235,146.780051872211,40.4674143162594,40.7368439441487
2031,43,RS,Rio Grande do Sul,11189162,1767288,7382549,2698258,2039325,453208,0.15794641278766,0.659794629839125,0.241149247816771,0.182258957373215,0.0405041950415947,-0.128468151403727,78.4823723487071,23.2829742465214,1.41138333922392,26.2847848538644,40.1310544802083,66.4158393340726,152.677888380388,40.7926921605032,41.1239595093668
2032,43,RS,Rio Grande do Sul,11172010,1729025,7355365,2740089,2087620,476044,0.154764003970637,0.658374365937732,0.245263743945807,0.186861630091631,0.0426104165678334,-0.15329119374623,78.6627989164731,23.3869552115051,1.40894019790892,25.7951935999007,40.8791811778073,66.674374777708,158.475961886034,41.1135645241993,41.5076947698611
2033,43,RS,Rio Grande do Sul,11152222,1690229,7330389,2779613,2131604,499440,0.151559841617213,0.657303002038518,0.249242975973757,0.191137156344269,0.0447839004639613,-0.177121216325438,78.8411430291057,23.4897142422811,1.40734909687813,25.293817472218,41.5961528676909,66.8899703399088,164.451858298491,41.4296628958785,41.8883586628082
2034,43,RS,Rio Grande do Sul,11129878,1653580,7304605,2817152,2171693,523457,0.148571260170147,0.656305936147728,0.253116161740497,0.195122803682125,0.0470316925306818,-0.2003546916479969,79.0172047324161,23.5910261655162,1.40647408543503,24.8317126550462,42.305004275323,67.1367169303691,170.366840431065,41.7405144962056,42.2679275524924
2035,43,RS,Rio Grande do Sul,11105054,1620478,7276169,2854116,2208407,548154,0.145922568228844,0.655212392483638,0.257010546729444,0.198865039287517,0.0493607685293561,-0.223039282191595,79.1909041367228,23.6908570502383,1.40620038184501,24.4399031138111,43.0455202203165,67.4854233341276,176.128031358648,42.0455001839703,42.6452827775824
2036,43,RS,Rio Grande do Sul,11077764,1591474,7243944,2892099,2242346,573224,0.143663829632045,0.653917523428013,0.261072451083089,0.202418646939942,0.0517454605460091,-0.245743964865008,79.3623920854075,23.7894604695693,1.40643128738136,24.1344844272785,43.858283753079,67.9927681803575,181.724552207576,42.3440831561315,43.0195708650053
2037,43,RS,Rio Grande do Sul,11048022,1566507,7207419,2932186,2274096,598421,0.141790720547081,0.652371890642506,0.265403707559598,0.205837388810413,0.0541654424656287,-0.268483784272711,79.531833275974,23.8870346817892,1.40708548673644,23.9185876904336,44.7707849155234,68.689372605957,187.179884928698,42.6359567350608,43.3911454258635
2038,43,RS,Rio Grande do Sul,11015931,1542065,7170259,2974787,2303607,623652,0.139984990828283,0.650899047933398,0.270044084335677,0.209115961238319,0.0566136443665088,-0.290468284730061,79.6992990167749,23.9837038292453,1.40809470609423,23.7274389186529,45.772439448728,69.499878367381,192.909313161248,42.9210408089884,43.7585736567456
2039,43,RS,Rio Grande do Sul,10981590,1518750,7131607,3019466,2331233,649093,0.138299645133355,0.649414793304066,0.274957087270605,0.212285561562579,0.0591073788039801,-0.311739425383106,79.8646980524155,24.0793227883392,1.40940169528862,23.5707255236154,46.8615666264289,70.4322921500444,198.812576131687,43.1991997515842,44.1221075803119
2040,43,RS,Rio Grande do Sul,10945030,1497910,7088748,3065281,2358372,674826,0.136857550870121,0.647668211051043,0.280061452549696,0.215474238078836,0.061655929677671,-0.332920824762173,80.0279584730116,24.173750648024,1.410958498935,23.4714476501209,48.031311977629,71.5027596277499,204.637194490991,43.4703204102684,44.480814798076
2041,43,RS,Rio Grande do Sul,10906243,1478475,7041160,3110789,2386608,700706,0.135562264658875,0.645608208069452,0.285230120033086,0.218829527271674,0.0642481558498192,-0.354380024540824,80.1891247902852,24.2669639717213,1.41272498204021,23.4047794048389,49.2448843030822,72.6496637079211,210.405248651482,43.7343939613302,44.834568726593
2042,43,RS,Rio Grande do Sul,10865232,1460258,6987943,3154858,2417031,726352,0.134397314295728,0.643147150470418,0.290362690828875,0.222455535233854,0.066851034566036,-0.37603233304081,80.3482386129218,24.3589531819194,1.41466757752408,23.3636943698325,50.4767911507562,73.8404855205887,216.047986040823,43.9914657137556,45.1828122152508
2043,43,RS,Rio Grande do Sul,10822129,1443160,6928917,3197368,2450052,750154,0.1333526887362,0.64025451923554,0.295447226696337,0.22639279202826,0.0693166751200249,-0.3967057491271239,80.5053698900801,24.4497866335573,1.41675822573638,23.3460554959791,51.723946595712,75.0700020916911,221.553258127997,44.2414945340238,45.5256645099668
2044,43,RS,Rio Grande do Sul,10777061,1427011,6864756,3238454,2485294,773045,0.132411888547351,0.636978486064058,0.300495097875014,0.230609625388592,0.071730595196594,-0.416443012276047,80.6604363120931,24.5393870257748,1.41897347902806,23.3492364351309,52.9886792255247,76.3379156606556,226.939666197387,44.484571628573,45.863520853221
2045,43,RS,Rio Grande do Sul,10730094,1411641,6796553,3277457,2521900,794513,0.131559052511562,0.633410387644321,0.305445320423102,0.235030559844117,0.0740452972732578,-0.435805271956802,80.8133910672361,24.6277215138444,1.42129374747439,23.3676863881386,54.253586660213,77.6212730483516,232.173548373843,44.7207848318943,46.1955805555005
2046,43,RS,Rio Grande do Sul,10681274,1396900,6725860,3313549,2558514,813759,0.130780279580881,0.629687057929607,0.310220391312871,0.239532662489512,0.0761855748668183,-0.454982034640139,80.9642501895092,24.7148684162009,1.42370266478589,23.3954269301143,55.4956643344931,78.8910912646075,237.207316200157,44.9503471215138,46.5184242602837
2047,43,RS,Rio Grande do Sul,10630673,1382664,6653926,3346215,2594083,830280,0.130063637551451,0.625917662973925,0.314769817489448,0.244018699474624,0.0781022988854986,-0.473735623671856,81.1130653058604,24.8009022863162,1.42618655618675,23.4278593932625,56.6982683570453,80.1261277503078,242.012159136276,45.1735015271376,46.8329318557137
2048,43,RS,Rio Grande do Sul,10578433,1368868,6581030,3375114,2628535,844043,0.129401774345974,0.622117661472167,0.319056139978388,0.248480564181859,0.0797890386978865,-0.491408210938293,81.2599148675988,24.8858902260762,1.42873399253908,23.4618132880026,57.8480134634775,81.3098267514801,246.562415075814,45.3905089723591,47.1359605607975
2049,43,RS,Rio Grande do Sul,10524642,1355400,6507222,3400516,2662020,855477,0.128783477860815,0.618284403402985,0.323100396193999,0.2529321187362,0.0812832398479682,-0.508496863382313,81.4047256598408,24.9697267525228,1.43133541722738,23.4956557132372,58.947434840899,82.4430905541362,250.886527962225,45.6018022275722,47.4266933688742
2050,43,RS,Rio Grande do Sul,10469314,1342120,6433290,3423320,2693904,865066,0.128195600972518,0.614490118454753,0.326986085239205,0.257314280572729,0.082628718557873,-0.525699591492046,81.5474575882032,25.0523523426312,1.43398283429103,23.5299727869164,60.0174548035248,83.5474275904412,255.068101213006,45.8077638133692,47.7078591711681
2051,43,RS,Rio Grande do Sul,10412471,1328910,6360150,3444787,2723411,873365,0.127626766019324,0.610820428695552,0.330832806160997,0.261552805285124,0.0838768242427758,-0.542948659291331,81.6881113301897,25.1337747700949,1.43666954801646,23.567357017678,61.0910634120112,84.6584204296892,259.218983979351,46.0088631219237,47.9795132817205
2052,43,RS,Rio Grande do Sul,10354134,1315711,6288379,3465829,2750044,880898,0.127071080980795,0.607330270208981,0.334729007756709,0.265598648810224,0.0850769364197914,-0.560260864111894,81.8267267371636,25.2140310360734,1.43938994569418,23.6103868324159,62.1941774333461,85.8045642657621,263.41871429212,46.2055238033427,48.2378288731933
2053,43,RS,Rio Grande do Sul,10294379,1302445,6218475,3486619,2773459,887709,0.126520016408955,0.604065092221687,0.338691532534405,0.269414891369358,0.0862323992540007,-0.577112484733155,81.9634181481159,25.2932276396364,1.44213931653095,23.6579559934354,63.3318711100091,86.9898271034446,267.697983408129,46.3982793911124,48.4865086430744
2054,43,RS,Rio Grande do Sul,10233271,1289025,6150328,3506900,2793918,894141,0.125964122322178,0.601012911707312,0.342695898505962,0.273022965970509,0.0873758742439246,-0.593605500632921,82.0981184900938,25.3712790644074,1.44491370080753,23.7068783189446,64.4965393042856,88.2034176232302,272.058338666822,46.5878043296225,48.7246605560415
2055,43,RS,Rio Grande do Sul,10170813,1275392,6083144,3526553,2812277,901245,0.125397251920766,0.598098106808177,0.346732655491749,0.276504641271057,0.0886109104552409,-0.610342479936277,82.2308424576322,25.4481658711272,1.44770976431019,23.7553242135959,65.6852245203272,89.4405487339231,276.507379691891,46.7745275623492,48.9494483747687
2056,43,RS,Rio Grande do Sul,10107042,1261502,6015804,3545323,2829736,910199,0.124814164223321,0.595209162087186,0.350777507405233,0.279976673689493,0.0900559233849033,-0.627000024481816,82.3616369713777,25.5238999955267,1.45052469386004,23.800950036574,66.8901480826162,90.6910981191902,281.039823955888,46.9587977372608,49.1379756187662
2057,43,RS,Rio Grande do Sul,10042053,1247394,5947524,3562916,2847135,921772,0.124217030123223,0.592261761613885,0.354799561404426,0.283521208262892,0.0917911905065627,-0.64300712315235,82.4905405634021,25.5985074648989,1.45335611043854,23.8427996176418,68.1018926197254,91.9446922373672,285.628758836422,47.1406455432968,49.3130838817817
2058,43,RS,Rio Grande do Sul,9975898,1233029,5878276,3579408,2864593,936201,0.123600802654558,0.589247805059755,0.358805593240829,0.287151392285687,0.0938462883241188,-0.658779634005113,82.6175940504352,25.672011437837,1.45620199697635,23.8798937379405,69.3218753855215,93.201769123462,290.293902252096,47.3202655039175,49.4866052328452
2059,43,RS,Rio Grande do Sul,9908602,1218375,5808442,3594661,2881785,953105,0.122961342074291,0.586201968754018,0.3627818535854,0.290836689171691,0.0961896542014706,-0.674585886904622,82.7427810770668,25.7443954974494,1.45906063835249,23.9104939470905,70.5448815695842,94.4553755166747,295.037324304914,47.4978424807052,49.6576281361783
2060,43,RS,Rio Grande do Sul,9840218,1203458,5738220,3607551,2898540,971750,0.122299932786042,0.58313951987649,0.366612914469984,0.294560547337468,0.0987528934826444,-0.690147812981079,82.8660705215428,25.8156113895583,1.46193057155384,23.9293694097819,71.731976141775,95.6613455515569,299.76542596418,47.673166590415,49.8278600698506
2061,43,RS,Rio Grande do Sul,9770762,1188379,5667858,3617450,2914525,991007,0.121626030804967,0.580083518562831,0.370232127238387,0.298290450632202,0.101425763927112,-0.705838021068228,82.9874578594014,25.8855833780159,1.46481054428373,23.935448877155,72.8599962980367,96.7954451751917,304.402046821763,47.8457561447101,50.01259594568
2062,43,RS,Rio Grande do Sul,9700311,1173228,5597699,3624270,2929384,1009971,0.120947462406102,0.577063869395528,0.373624103392149,0.30198866819837,0.104117383452964,-0.721038952744935,83.1069339286798,25.9543139524101,1.46769948059233,23.9296909753646,73.9222564678686,97.8519474432331,308.914379813642,48.0148901411511,50.2193590420004
2063,43,RS,Rio Grande do Sul,9628864,1158045,5527726,3628011,2943093,1028429,0.120268081468385,0.574078728290274,0.376784945763072,0.305653190241341,0.106806888123043,-0.736543395361244,83.2245582961974,26.0218827270917,1.47059645233921,23.9126762820248,74.9154416198206,98.8281179018454,313.287566545341,48.1799723207224,50.4345584868722
2064,43,RS,Rio Grande do Sul,9556419,1142878,5458073,3628756,2955468,1046370,0.119592705175443,0.571142077382752,0.379719223278092,0.309265217441805,0.10949394328566,-0.752373281001784,83.3403607493023,26.0883409885603,1.4735006554974,23.8856709340127,75.8394786808603,99.725149614873,317.510355436013,48.3405579014482,50.6579871383638
2065,43,RS,Rio Grande do Sul,9483000,1127840,5389772,3626480,2965388,1063225,0.118932827164399,0.56836148898028,0.38241906569651,0.31270568385532,0.112119055151323,-0.768268950953277,83.4543308616726,26.1536945067297,1.47641139047469,23.8510535709754,76.6911696287336,100.542223199709,321.54206270393,48.4960271011283,50.8906103001426
2066,43,RS,Rio Grande do Sul,9408657,1113053,5323358,3620552,2972246,1078334,0.118300943482157,0.565793609013486,0.384810712092066,0.315905447504357,0.114610831280171,-0.783960771907621,83.5664695792827,26.2180588734746,1.47932804576632,23.8083555006447,77.4441011565219,101.252456657167,325.281186071104,48.6456515526073,51.1403458717551
2067,43,RS,Rio Grande do Sul,9333403,1098610,5258838,3607769,2975955,1091249,0.11770733568453,0.563442722873961,0.386543793298114,0.318849941441509,0.11691866299998,-0.799837851459562,83.676803164843,26.2813443391744,1.48225008436949,23.7433391311564,77.9716941169961,101.715033248153,328.393970562802,48.7886898272795,51.38567192313
2068,43,RS,Rio Grande do Sul,9257282,1084590,5196151,3591810,2976541,1101634,0.117160738972843,0.561304171137922,0.387998334716389,0.321535089889235,0.119001884138346,-0.8155760551644459,83.7853745963347,26.3436093226972,1.48517703248625,23.6764448418449,78.4086994600603,102.085144301905,331.167537963654,48.9244386203207,51.61906149581
2069,43,RS,Rio Grande do Sul,9180335,1071069,5135144,3575233,2974122,1109634,0.116669925443897,0.559363465494451,0.38944472069919,0.323966609061652,0.120870752537898,-0.8312050988616321,83.8922419281517,26.404896110161,1.48810847012206,23.6228761458066,78.8532637499551,102.476139895762,333.80043675991,49.0524346878409,51.8405731261209
2070,43,RS,Rio Grande do Sul,9102614,1058122,5075749,3556693,2968743,1115907,0.116243751520168,0.557614439105075,0.390733145445913,0.326141809374758,0.122591927989037,-0.846603092370812,83.9974606950477,26.4652527385965,1.49104402325408,23.5777493599869,79.2525021731143,102.830251533101,336.132600966618,49.1723579622293,52.059741926285
2000,50,MS,Mato Grosso do Sul,2162474,664004,1386030,166523,112440,21527,0.307057564622742,0.640946434500484,0.0770057813411861,0.0519960008767736,0.0099548017687149,,72.594727430625,20.8218707033486,2.23734358412388,49.8521337560729,12.5022241875991,62.3543579436719,25.0786139842531,27.6254082130005,24.7809792198899
2001,50,MS,Mato Grosso do Sul,2194851,660380,1417433,172803,117038,22459,0.300876916018445,0.645799190924578,0.078731084706889,0.0533238930569774,0.01023258526433,1.49722031340029,72.9332531043539,21.1054137437818,2.0746961710794,48.4978717279102,12.6905383691179,61.1884100970281,26.1672067597444,27.9313493262185,25.1241667325376
2002,50,MS,Mato Grosso do Sul,2227484,657044,1448617,179257,121823,23405,0.294971366797696,0.650337780204033,0.0804751010557203,0.0546908529982707,0.0105073706477802,1.48679796487323,73.1771826954424,21.008961796101,2.04664952589012,47.2291567680169,12.8852207078436,60.1143774758605,27.2823433438248,28.2361713933748,25.4792208454439
2003,50,MS,Mato Grosso do Sul,2260241,654140,1479422,185816,126679,24319,0.289411615840966,0.654541705950826,0.0822107023100634,0.0560466782082088,0.0107594721093901,1.47058295368228,73.1364688914529,20.954648375874,2.07339829467795,46.0569533579528,13.0830079878334,59.1399613457862,28.406151588345,28.5365069477104,25.8363361145979
2004,50,MS,Mato Grosso do Sul,2293097,651655,1509859,192538,131583,25247,0.284181175065861,0.658436603423231,0.0839641759594121,0.0573822215109086,0.0110100008852656,1.45365029658342,72.9650796814988,20.8895346189393,2.04817665371982,44.9757195783848,13.2885270521718,58.2642466305566,29.5460021023394,28.8330223274462,26.2029615223653
2005,50,MS,Mato Grosso do Sul,2326157,649513,1540073,199526,136571,26225,0.279221479891512,0.662067521667712,0.0857749498421646,0.0587109984407759,0.0112739595822638,1.44171833986961,73.327529828621,21.0079740625996,2.02771576483557,43.9716393680126,13.5077901697766,57.4794295377891,30.7193235547248,29.1267988360201,26.5759336594678
2006,50,MS,Mato Grosso do Sul,2359753,647865,1570175,206863,141713,27274,0.274547802248795,0.665398031065116,0.0876629884568427,0.0600541666860896,0.0115579893319343,1.44427052860148,73.532967504802,21.1074176623138,1.93647058779689,43.0467932426372,13.7448215145928,56.7916147572299,31.9299545429989,29.4159291247855,26.9469278945775
2007,50,MS,Mato Grosso do Sul,2392064,644807,1600249,214561,147008,28386,0.269560931480094,0.668982518862372,0.0896970147955908,0.0614565496575342,0.0118667393514555,1.36925347695289,73.677715194394,21.1824820902502,1.82179860953218,42.0701169703581,13.9989273802502,56.0690443506083,33.2752280915064,29.7224555864726,27.3434030767799
2008,50,MS,Mato Grosso do Sul,2425369,642728,1630170,222703,152471,29551,0.265002150188281,0.672132776497102,0.0918223165217334,0.0628650733146173,0.0121841253846322,1.39231224582619,73.9386565926311,21.2818364501273,1.9709756059848,41.2021503418726,14.2764007287469,55.4785510706195,34.6496496185011,30.0159530364246,27.728421221423
2009,50,MS,Mato Grosso do Sul,2459515,641710,1659697,231345,158108,30768,0.260909162985385,0.674806618378014,0.0940612275184335,0.0642842186366011,0.0125097834329126,1.40786824602772,73.8583226568513,21.2467652646978,1.89656373051849,40.4491761531964,14.5824666238039,55.0316427770004,36.0513315983856,30.2948861869108,28.1016982125283
2010,50,MS,Mato Grosso do Sul,2490254,639886,1686420,240573,163948,32037,0.256956117729356,0.67720802777548,0.0966058080822278,0.065835854495164,0.0128649527317294,1.24979924903894,74.2109849154433,21.3273173276056,1.90357362965507,39.7495333256719,14.9443252091105,54.6938585347824,37.5962280781264,30.5872465218407,28.4939986360537
2011,50,MS,Mato Grosso do Sul,2520122,638812,1711252,250460,170058,33364,0.253484553525583,0.679035380033189,0.0993840774375209,0.0674800664412279,0.0132390416019542,1.19939572429157,74.38592608925,21.3588625892943,1.95645674300734,39.1704939142165,15.3576355888034,54.5281295030199,39.2071532782728,30.8725585507368,28.8807759421669
2012,50,MS,Mato Grosso do Sul,2552390,638863,1737034,261006,176493,34771,0.250299914981645,0.68055195326733,0.102259450945976,0.0691481317510255,0.0136229181277156,1.28041420216958,74.6987680056677,21.5581620773048,1.96877988482219,38.6599020526819,15.7944135051839,54.4543155578658,40.8547685497517,31.1433241001571,29.249047532656
2013,50,MS,Mato Grosso do Sul,2585456,639284,1762791,272239,183381,36282,0.247261604916115,0.681810481400573,0.10529631910193,0.0709279136833116,0.0140331144680087,1.29549167642875,74.9282380525029,21.6888181386433,1.96496938487382,38.1905368972354,16.2634346774931,54.4539715747285,42.584985702755,31.4117269835573,29.6110183639399
2014,50,MS,Mato Grosso do Sul,2619176,640594,1787808,284059,190774,37877,0.244578447572824,0.682584140966472,0.108453574712047,0.0728374114607037,0.0144614184002908,1.30421867554504,75.1059775312612,21.7802600496338,2.03407981078819,37.8037949322612,16.7633605445308,54.567155476792,44.3430628447972,31.6712374426155,29.9616085284394
2015,50,MS,Mato Grosso do Sul,2652939,642982,1811367,296233,198590,39473,0.242365919457628,0.682777478110126,0.111662198037723,0.0748566024322459,0.0148789700780908,1.28906953942767,75.0120616987508,21.5654515051186,2.05275609589288,37.519577248145,17.2859223538913,54.8054996020363,46.0717407330221,31.9174311961187,30.2988556140114
2016,50,MS,Mato Grosso do Sul,2684756,644322,1833596,308708,206838,41074,0.23999275911852,0.682965602833181,0.114985495888639,0.0770416380482994,0.0152989694407983,1.19931140520004,75.2916311671014,21.6225563680397,1.94913599039556,37.2069253450026,17.8266076735003,55.0335330185029,47.9120688103153,32.1736012509144,30.6431027894536
2017,50,MS,Mato Grosso do Sul,2715557,645493,1854428,321625,215636,42768,0.237701878472814,0.682890471457605,0.11843794845772,0.0794076500695806,0.0157492551251916,1.14725509506264,75.4802014393788,21.6739974628263,2.05086596827065,36.9182453605759,18.3949797505089,55.3132251110848,49.8262568300508,32.4323687552867,30.9881458966565
2018,50,MS,Mato Grosso do Sul,2746161,647246,1873902,335086,225013,44579,0.235691206742795,0.682371499704497,0.122019794178127,0.0819372935527087,0.0162332070115336,1.12698794390984,75.9592939021514,21.9137050711031,2.03191981347655,36.6955073309261,18.9976465972608,55.6931539281869,51.7710422312382,32.6858876810209,31.325931684016
2019,50,MS,Mato Grosso do Sul,2777028,648500,1893614,349152,234914,46453,0.233523032536942,0.681885094424687,0.125728656679011,0.0845918730383705,0.0167275951124728,1.12400547527984,76.0487581093988,21.995712706583,2.00150503781175,36.4453606208019,19.6221596784491,56.067520299251,53.8399383191982,32.9447628903994,31.6599511599512
2020,50,MS,Mato Grosso do Sul,2806866,649058,1913102,363076,244706,48114,0.231239396536921,0.681579384267008,0.129352808434745,0.0871812191960713,0.0171415379287789,1.07445801770814,74.7839733804355,20.9997102036446,1.92412734963195,36.1646195643695,20.2300956354486,56.3947151998181,55.9389145500094,33.1999008858991,31.9806593506258
2021,50,MS,Mato Grosso do Sul,2831943,648928,1929723,375413,253292,49232,0.229145854983663,0.681413079288672,0.13256375569706,0.0894410657276647,0.0173845306914722,0.8934163583156349,71.3390086057822,19.2451997305193,1.92357924879785,35.8999381501016,20.7685652040659,56.6685033541676,57.8512562256522,33.4259566665007,32.2626467521871
2022,50,MS,Mato Grosso do Sul,2854377,649743,1942513,388039,262121,50337,0.227630407616093,0.680538345145018,0.135945251801006,0.0918312472388896,0.0176350215826431,0.7921769611888291,74.5262455780285,21.0404333423943,1.85504119045862,35.7670807196981,21.3607876274018,57.1278683470999,59.7219208210015,33.6646616757352,32.5589310031775
2023,50,MS,Mato Grosso do Sul,2878009,648972,1956223,402670,272814,52031,0.225493387963693,0.679713996724819,0.139912696589899,0.0947926153114879,0.018078817682641,0.8279214693784229,75.1442291393015,21.7011309863656,1.84797882682931,35.5334935420975,22.0475950342949,57.5810885763924,62.0473610571797,33.9474268496033,32.9009307908325
2024,50,MS,Mato Grosso do Sul,2901895,646729,1970733,418084,284433,54072,0.222864369661893,0.67911933409031,0.14407275246003,0.0980162962477967,0.0186333413166224,0.8299487597154929,75.3853505683758,21.8338804382001,1.80672343890468,35.2041443985625,22.7580478171361,57.9621922156986,64.6459336136156,34.2415011570026,33.2485222511607
2025,50,MS,Mato Grosso do Sul,2924631,644245,1983781,433732,296605,56307,0.220282490338097,0.678301296813171,0.14830315345765,0.101416212848732,0.0192526852105445,0.783488031096913,75.623718722632,21.9652193862567,1.77547682680072,34.8871526555597,23.4874535240494,58.3746061796092,67.3240770203882,34.5433075146916,33.6027963676514
2026,50,MS,Mato Grosso do Sul,2946317,640161,1996896,449431,309260,58700,0.217274991116027,0.677760064514443,0.152539933754582,0.10496494436953,0.0199231786667898,0.741495251879631,75.8597361364131,22.095238092943,1.74638657589252,34.4779652344855,24.2055770240612,58.6835422585466,70.2059325700878,34.8504977570302,33.9612737625538
2027,50,MS,Mato Grosso do Sul,2967004,634569,2010122,465078,322313,61212,0.213875343612614,0.677492177293998,0.15675004145596,0.108632479093388,0.020630912529946,0.702130829778325,76.0932830295728,22.2239289787614,1.7193729176824,33.9822005112038,24.9056822021713,58.8878827133751,73.2903750419576,35.1622151503672,34.3250084071292
2028,50,MS,Mato Grosso do Sul,2986726,628151,2023106,480630,335469,63877,0.210314237060916,0.677365784474371,0.160922026325816,0.112319978464714,0.0213869635179123,0.664710933992674,76.3243284866528,22.3512085658203,1.69435100082754,33.4488496734462,25.5934012976951,59.0422509711413,76.5150417654354,35.477581137339,34.6914865106307
2029,50,MS,Mato Grosso do Sul,3005542,620380,2036282,496153,348880,66819,0.206412021525568,0.677509081556671,0.165079376698113,0.1160788969177609,0.0222319302142509,0.62998748462364,76.552788892291,22.4769367268588,1.67123233709292,32.8415587220601,26.2652533683005,59.1068120903606,79.9756600793062,35.7956198915204,35.0599182323898
2030,50,MS,Mato Grosso do Sul,3023495,611115,2049924,511652,362456,70120,0.202122047498011,0.677998144531411,0.169225350132876,0.119879807970577,0.023191703640985,0.597329865960949,76.7785331432655,22.6010526541817,1.64992610237465,32.1516282182406,26.9187385044046,59.0703667226452,83.7243399360186,36.1151379446634,35.4294455962014
2031,50,MS,Mato Grosso do Sul,3040577,602278,2062254,527111,376045,73753,0.198080167020931,0.67824429376398,0.173358872345611,0.12367553921509,0.024256251362817,0.564975301761694,77.0015748347068,22.7236288462588,1.63034029048759,31.5132786518124,27.5802799096687,59.0935585614811,87.5195507722347,36.4357521615141,35.7993514164085
2032,50,MS,Mato Grosso do Sul,3056770,593024,2074210,542530,389536,77672,0.194003474255505,0.678562665820458,0.177484730614341,0.127433859924037,0.0254098280210811,0.532563391750984,77.2220026591255,22.8447576041792,1.61238272136313,30.8671174922549,28.2388862054032,59.1060036976582,91.4853361752644,36.7569539088646,36.1698554990634
2033,50,MS,Mato Grosso do Sul,3072122,582458,2086766,557841,402898,81846,0.189594684065281,0.679258831517759,0.181581655936841,0.13114648441696,0.0266415200958816,0.502229477520388,77.4398094988908,22.9644353154961,1.5959619084609,30.1506918594509,28.8764032729707,59.0270951324216,95.7736008433226,37.0779861607059,36.5396024123297
2034,50,MS,Mato Grosso do Sul,3086658,572088,2098388,573103,416182,86260,0.185342205064507,0.679825234930465,0.185671039681105,0.134832560005028,0.0279460827859776,0.473158292541775,77.6549145163205,23.082584178736,1.58098779261104,29.4667898037927,29.5190698579991,58.9858596617918,100.177420257023,37.3980615928295,36.9081084709357
2035,50,MS,Mato Grosso do Sul,3100394,562688,2108312,588571,429394,90927,0.181489191373742,0.680014217547834,0.18983748517124,0.138496591078424,0.0293275628839431,0.445012048629945,77.8672077170509,23.1991461916941,1.56737235123998,28.8686006869714,30.1965230730555,59.0651237600269,104.59988483849,37.7164215257803,37.2744509860984
2036,50,MS,Mato Grosso do Sul,3113338,553912,2116915,604553,442511,95809,0.177915793273972,0.679950265599174,0.194181614717066,0.142133941126855,0.0307737226089811,0.4174953247877419,78.0766391924805,23.3141913918028,1.55503009307558,28.3349353129334,30.9254360769216,59.260371389855,109.142426955906,38.0325913858373,37.638597986231
2037,50,MS,Mato Grosso do Sul,3125500,545786,2124181,621253,455533,100877,0.174623580227164,0.679629179331307,0.19876915693489,0.145747240441529,0.0322754759238522,0.390641812742465,78.2832670354501,23.4277609513182,1.54387844906572,27.8681066408777,31.7214894756648,59.5895961165425,113.827214329426,38.3461145416733,38.0002243762341
2038,50,MS,Mato Grosso do Sul,3136904,538389,2130116,638733,468399,106120,0.171630690642748,0.679050426790237,0.203618918526037,0.149318882567015,0.0338295338333593,0.364869620860664,78.4870933277313,23.5398925774239,1.53383807046548,27.47188207668,32.5920434007456,60.0639254774255,118.637825067005,38.6565766756012,38.3580652418448
2039,50,MS,Mato Grosso do Sul,3147565,531448,2134953,656867,481164,111569,0.16884417001714,0.678287183902477,0.208690527439465,0.152868646080383,0.0354461305803057,0.339857388048848,78.6880838420138,23.6505651080779,1.52483304493673,27.125073369912,33.5264514482583,60.6515248181702,123.599486685433,38.9633720034376,38.7136424882102
2040,50,MS,Mato Grosso do Sul,3157479,525171,2138229,675423,494079,117257,0.166326046824064,0.677195002722108,0.213912111529483,0.156478950453827,0.0371362723235847,0.314973638352178,78.8862103382917,23.7596260796191,1.51679104113728,26.8370905801823,34.5152116756989,61.3523022558812,128.610109849935,39.2662969413257,39.0670164479597
2041,50,MS,Mato Grosso do Sul,3166644,519419,2139790,694030,507435,123141,0.16402822672836,0.675727994684594,0.219168937209235,0.160243778587047,0.0388869099273553,0.29026321315202,79.0815206577756,23.8671013354652,1.50964339172278,26.5932996961389,35.5330624950402,62.1263621911791,133.616598545683,39.5650139390471,39.4177166857579
2042,50,MS,Mato Grosso do Sul,3175048,514144,2139475,712400,521429,129155,0.16193266999428,0.673840206510264,0.224374560636564,0.164227123495456,0.0406781251810996,0.265391373327728,79.2740909463879,23.9729482811642,1.50332512400206,26.3866022343295,36.5613824759918,62.9479847103214,138.560403311135,39.8593174024456,39.7649994380128
2043,50,MS,Mato Grosso do Sul,3182709,509310,2137271,730467,536128,135112,0.160024054979579,0.671525734837838,0.229511086310436,0.168450210182583,0.0424518861133707,0.241287690768766,79.4639377640798,24.0771544557062,1.49777494672497,26.2134753043339,37.596117620174,63.8095929245079,143.422866230783,40.1491217073254,40.1088599905505
2044,50,MS,Mato Grosso do Sul,3189633,504840,2133376,748236,551417,141117,0.158275262389121,0.668846854794893,0.234583727971212,0.172877882815985,0.044242394030912,0.217550520641385,79.6510573596025,24.1797206825901,1.49293520068083,26.0689460728499,38.6374374727932,64.7063835456431,148.212502971238,40.4343308462133,40.4484838236952
2045,50,MS,Mato Grosso do Sul,3195805,500657,2128064,765624,567084,147114,0.156660684866567,0.665892944031316,0.239571563346324,0.177446371102117,0.0460334720047062,0.193501885640135,79.8354272955642,24.280637494277,1.48875177997681,25.9471766093606,39.6794235262168,65.6266001355775,152.923858050522,40.7150361176605,40.7838318201372
2046,50,MS,Mato Grosso do Sul,3201207,496724,2121694,782530,582789,153007,0.155167722674604,0.662779382901512,0.244448422110785,0.182052894423885,0.0477966591976089,0.16903409313147,80.017150558634,24.380000304504,1.48517403007309,25.8447527072722,40.7153556824751,66.5601083897473,157.538190222337,40.9913479509447,41.114517225748
2047,50,MS,Mato Grosso do Sul,3205847,492988,2114598,798893,598261,158728,0.153777769182372,0.65960664997425,0.249198729696083,0.186615580843378,0.0495120322336032,0.144945328433921,80.1962082669889,24.4778764266393,1.48215462789305,25.7574063489111,41.7401876522363,67.4975940011473,162.05120611455,41.2631878564386,41.4417958201911
2048,50,MS,Mato Grosso do Sul,3209727,489404,2106887,814625,613436,164272,0.152475272819153,0.656406915603726,0.25379884332842,0.191117811577122,0.0511794305247767,0.121028857584293,80.3726423844419,24.5742652628332,1.47964944861439,25.6810890287968,42.7468045828877,68.4278936116845,166.452460543845,41.5306501144801,41.7553512102515
2049,50,MS,Mato Grosso do Sul,3212831,485893,2098601,829743,628337,169690,0.15123515678229,0.65319370984655,0.25825914901842,0.195571133371161,0.0528163479498299,0.0967060438473499,80.5464591901428,24.6691698928694,1.47761742308839,25.6111258990246,43.735251252507,69.3463771515316,170.766609109413,41.7941955241343,42.0462815610081
2050,50,MS,Mato Grosso do Sul,3215143,482401,2089864,844342,642878,175004,0.150040293697668,0.650006547142693,0.26261413566986,0.199953159159639,0.0544311714906615,0.0719614570451999,80.7175989094413,24.7625904204268,1.47602038923376,25.5454882440161,44.7120313492904,70.2575195933065,175.029073322816,42.0539450344821,42.3438466947961
2051,50,MS,Mato Grosso do Sul,3216656,478910,2080777,858575,656969,180214,0.148884431533866,0.646875823836929,0.266915392880059,0.204239744629205,0.0560252635034645,0.0470585600702567,80.8860805450794,24.8545876132835,1.47482294021105,25.4851740474922,45.6890298966938,71.174203944186,179.276899626235,42.3100057948379,42.6474975331023
2052,50,MS,Mato Grosso do Sul,3217365,475385,2071425,872553,670555,185337,0.147756005302476,0.643826547500828,0.271201122657827,0.208417447196697,0.0576052142047918,0.0220415238682659,81.0519167016562,24.9452123962554,1.4739922717004,25.4294497725774,46.6748902203723,72.1043399929497,183.546599072331,42.562519950332,42.9558230591745
2053,50,MS,Mato Grosso do Sul,3217259,471783,2061922,886289,683554,190348,0.14664128688427,0.64089400324935,0.275479530867736,0.21246470986638,0.0591646491625325,-0.0032946215303475,81.2151592014568,25.034516363968,1.47349803018094,25.3757690861651,47.6707829820239,73.0465520681889,187.859460811432,42.8118416950578,43.2528337531486
2054,50,MS,Mato Grosso do Sul,3216333,468061,2052286,899740,695986,195309,0.145526287234562,0.638082561724796,0.279740934785049,0.216391151040642,0.0607241227820627,-0.0287822646544811,81.3758313600429,25.1224504652293,1.47331216373719,25.3206869018226,48.6732174503877,73.9939043522103,192.22708151288,43.0582595147953,43.557163448339
2055,50,MS,Mato Grosso do Sul,3214575,464193,2042434,912836,707948,200407,0.144402603765661,0.635366728105582,0.283967865114362,0.220230668128757,0.0623432335534246,-0.0546585195003169,81.5339332801842,25.2089531111013,1.4734087765961,25.2615716831034,49.6769060475221,74.9384777306255,196.650100281564,43.3019982423804,43.8677029244498
2056,50,MS,Mato Grosso do Sul,3212007,460192,2032229,925510,719586,205867,0.14327241503521,0.632697562614278,0.288140717003419,0.224030022350512,0.0640929487389037,-0.0798861435804099,81.6895251973823,25.2939992123341,1.47376398832109,25.1979817171831,50.6766394441235,75.8746211613066,201.11388290105,43.5429813820456,44.187194943656
2057,50,MS,Mato Grosso do Sul,3208634,456048,2021576,937681,731010,211834,0.142131511415761,0.630042566400531,0.292236821027266,0.227825922183708,0.0660199948015261,-0.1050122244440899,81.8426273956167,25.3775612227855,1.47435579835386,25.1279268060863,51.6655692722209,76.7934960783071,205.610155071396,43.7811997254907,44.5072886297376
2058,50,MS,Mato Grosso do Sul,3204455,451749,2010478,949361,742228,218350,0.140975298451687,0.627400915288247,0.296262859050915,0.231623786260066,0.0681395120231053,-0.130242339886688,81.9932976951578,25.4596701152836,1.47516395639549,25.0506142751387,52.6444468473864,77.6950611225251,210.152319097552,44.0167869419293,44.8299494626266
2059,50,MS,Mato Grosso do Sul,3199467,447290,1998983,960549,753194,225325,0.139801410672465,0.624786253460342,0.300221568154946,0.235412335867193,0.0704257927961126,-0.155658294468175,82.1415645230204,25.5403304861706,1.47616983895206,24.9655620474786,53.6131942568435,78.5787563043221,214.748597107022,44.249847552733,45.1602354552282
2060,50,MS,Mato Grosso do Sul,3193683,442698,1987145,971210,763840,232594,0.138616763154014,0.622211096091879,0.304103444205327,0.239172140754107,0.0728293947771272,-0.180780111187273,82.2874526317556,25.6195618919783,1.47735633223205,24.8738183197314,54.5692573499459,79.4430756696773,219.384320688144,44.4801847897866,45.5004002769484
2061,50,MS,Mato Grosso do Sul,3187126,437998,1975039,981522,774089,239894,0.13742726205365,0.619692789051955,0.307964605101901,0.242879948894396,0.0752696943892397,-0.20531154782738,82.4310742753508,25.6973144195841,1.47870772146986,24.7791645875834,55.528324751104,80.3074893386875,224.092804076731,44.7073313072655,45.8395528158901
2062,50,MS,Mato Grosso do Sul,3179822,433216,1962740,991440,783866,247017,0.136239072501543,0.61724838685939,0.311791037359953,0.246512540639067,0.077682650160921,-0.2291719875524229,82.5723776979417,25.7736561103193,1.48020958665865,24.6823377389945,56.4869647657259,81.1693025047203,228.855813266361,44.930926322291,46.1671791015063
2063,50,MS,Mato Grosso do Sul,3171802,428378,1950257,1000910,793167,253917,0.135058241340412,0.614873500931016,0.315565095173028,0.250068257728572,0.0800544926827084,-0.252215375577625,82.7113963259206,25.8486300640732,1.48184870460265,24.5839057821056,57.4405714961257,82.0244772782313,233.651121206038,45.1506197423421,46.4931697921049
2064,50,MS,Mato Grosso do Sul,3163052,423515,1937541,1009882,801996,260594,0.133894415899581,0.612554267207747,0.319274548758604,0.253551316892672,0.0823868845659192,-0.275868418016001,82.8481910857519,25.9223426091674,1.48361295714231,24.4855187884289,58.386325596723,82.8718443851519,238.452475118945,45.3661707110727,46.8212371715594
2065,50,MS,Mato Grosso do Sul,3153623,418665,1924633,1018278,810325,266995,0.132756832379774,0.610292669732558,0.322891480687451,0.256950497887668,0.0846629416388706,-0.298098165948579,82.9827073065771,25.994797130423,1.48549124536203,24.3880630053359,59.316704336277,83.7047673416129,243.220235749346,45.5772532100381,47.1578507190338
2066,50,MS,Mato Grosso do Sul,3143519,413860,1911347,1026218,818312,273049,0.131655001926185,0.608027818505312,0.326455160601861,0.260317179568503,0.0868609351494297,-0.32039340149409,83.1149824754434,26.0662489624856,1.48747340955764,24.2955288736152,60.2438241183581,84.5393529919733,247.962596046972,45.7832177887266,47.4865200659703
2067,50,MS,Mato Grosso do Sul,3132773,409124,1897721,1031920,825928,278709,0.130594843609799,0.605763966939194,0.329395075864099,0.263641189451007,0.0889655905486928,-0.341846192117812,83.245002711794,26.1364286681854,1.48955015471811,24.1837788440111,60.9979494351637,85.1817282791747,252.22670877289,45.9837492215363,47.8056907991576
2068,50,MS,Mato Grosso do Sul,3121396,404498,1883787,1037764,833111,283918,0.129588812185317,0.603507853537327,0.332467908589618,0.266903334277355,0.0909586608043324,-0.363160688629527,83.3727961018973,26.205411812505,1.49171298126061,24.0896795610118,61.8035249122464,85.8932044732583,256.556027471088,46.1783679481873,48.1083299324355
2069,50,MS,Mato Grosso do Sul,3109417,400011,1869578,1044105,839828,288687,0.128645016091441,0.601263194997647,0.335788027144638,0.270091788910912,0.0928428062238034,-0.383770594951749,83.4984244404325,26.2732482127587,1.49395412074894,24.0203422684548,62.6976744744644,86.7180167429191,261.019071975521,46.3667591062891,48.3961667631731
2070,50,MS,Mato Grosso do Sul,3096870,395697,1855166,1049434,846007,293107,0.127773203266524,0.599045487863553,0.338869245399387,0.273181308869923,0.0946462072996283,-0.4035161575304921,83.6219064405635,26.339926365555,1.49626647632208,23.9563877828156,63.5350984628927,87.4914862457083,265.211512849478,46.5487327527471,48.6721614324286
2000,51,MT,Mato Grosso,2628097,857375,1670814,155087,99908,17793,0.326234153457806,0.635750506925734,0.0590111399997793,0.0380153396164601,0.0067702980521647,,70.3102561887949,19.8302975263082,2.28197820781282,53.0673697957769,9.59913594345258,62.6665057392295,18.0885843417408,25.9448338474569,23.2219532276086
2001,51,MT,Mato Grosso,2681943,857181,1720158,161893,104604,18422,0.319611938061323,0.641384995877988,0.0603640718687906,0.0390030660606881,0.0068689006440479,2.04885892720095,70.4806961481927,19.8647514688152,2.12743533767515,51.5483179973888,9.73576391164908,61.2840819090379,18.8866762095753,26.2476197294275,23.6019368953096
2002,51,MT,Mato Grosso,2733393,855507,1768268,168868,109618,19057,0.312983533652131,0.646913195431466,0.0617796270057032,0.0401032709164032,0.0069719209787981,1.9183852900676903,70.878256440073,19.9955365089795,2.09160926939271,50.0583961081744,9.88099598716924,59.9393920953436,19.7389384306616,26.5636002579944,23.9972726941039
2003,51,MT,Mato Grosso,2782719,852728,1815146,176046,114845,19720,0.306436977646683,0.652292236478063,0.0632640234245714,0.0412707858752537,0.0070865940829814,1.80457036364694,71.0545007784458,19.9497054170823,2.07368537224041,48.6177160629324,10.0371448363546,58.654860899287,20.6450356971977,26.8897596199976,24.4149903779819
2004,51,MT,Mato Grosso,2830188,849148,1860820,183507,120220,20426,0.300032365341101,0.657489891130907,0.0648391555613973,0.0424777435279918,0.0072171883987918,1.70584956655702,71.3916848464357,20.162150851656,2.11008749443133,47.2396334309301,10.2088250952834,57.4484585262134,21.610720392676,27.2234770269678,24.8394795078339
2005,51,MT,Mato Grosso,2876158,844853,1905512,191443,125793,21233,0.293743598230695,0.662519931102533,0.0665620595252417,0.0437364706667714,0.0073824177948499,1.6242737231590298,71.845308542441,20.4301648325664,2.15646238893464,45.9193678656334,10.4052912664102,56.3246591320436,22.6599183526602,27.5639033043386,25.2747791433761
2006,51,MT,Mato Grosso,2923828,842718,1949502,199961,131608,22164,0.28822420470698,0.666763571591763,0.0683901378603666,0.0450122237012574,0.0075804732699734,1.65741937682145,72.8290935595075,20.8298190142294,2.03386142792219,44.798046300426,10.6297268318459,55.4277731322718,23.7281035886263,27.8822584639042,25.6899663346406
2007,51,MT,Mato Grosso,2967696,837216,1992828,209014,137652,23193,0.282109757872774,0.671506785061543,0.0704297205643705,0.0463834570656833,0.0078151535736814,1.50036185439089,73.1272088263608,20.8717608013876,1.91254374718114,43.5717311677646,10.8778401491361,54.4495713169007,24.96536138822,28.2296461632189,26.1312743316896
2008,51,MT,Mato Grosso,3010046,830431,2035729,218571,143886,24292,0.275886481469054,0.676311591251429,0.0726138404529366,0.0478019272795167,0.0080703085600685,1.4270329575536,73.1987448593311,20.9204983598506,1.93985666858942,42.3463726464067,11.1456448707933,53.4920175172,26.3201879505943,28.5839924041028,26.5793246557253
2009,51,MT,Mato Grosso,3053540,824489,2078704,228722,150347,25439,0.270010872626525,0.680752176162749,0.0749038820516515,0.0492369512107259,0.0083309863306195,1.44496130623917,73.116031264087,20.8261305143536,1.93405824796826,41.2176696933354,11.4342190709628,52.6518887642983,27.7410614332029,28.9270224067803,27.016252095665
2010,51,MT,Mato Grosso,3093944,817793,2119030,239572,157121,26635,0.264320556545303,0.684896042074453,0.0774325585724887,0.0507834013802448,0.0086087530996036,1.3231855485764,73.5236668427946,20.9536529813907,1.84115641113116,40.1552309043744,11.7634523384558,51.9186832428303,29.2949438305292,29.2796130117416,27.465902325344
2011,51,MT,Mato Grosso,3133302,811493,2157508,251248,164301,27906,0.25898971755675,0.688573268711411,0.0801863337782314,0.0524370137318394,0.0089062592753587,1.27209800823802,73.6421552374243,21.0560903717822,1.89694550392744,39.1919388030587,12.1342959709953,51.326234774054,30.9612036086571,29.6326696245686,27.9156924536614
2012,51,MT,Mato Grosso,3176859,807220,2197688,263807,171951,29279,0.254093744796354,0.691780151401117,0.0830401978809887,0.0541261038025295,0.0092163360098764,1.39013092258582,73.8993049218811,21.2915539416608,1.87896526205514,38.3325925334974,12.5274475836629,50.8600401171603,32.6809296102673,29.9704245608634,28.3493177354913
2013,51,MT,Mato Grosso,3223484,804713,2238575,277279,180196,30797,0.249640761362551,0.694458232148818,0.0860184198215347,0.0559010064886316,0.0095539484607337,1.46764461375213,73.9563669360083,21.4363579249265,1.92454451909919,37.5772125228579,12.9479353646897,50.5251478875476,34.4568809003955,30.2969011169281,28.7686850132291
2014,51,MT,Mato Grosso,3274085,805562,2279419,291591,189104,32463,0.246041871240362,0.696200312453708,0.0890603023440137,0.0577578163059298,0.0099151365954152,1.56976116524854,74.224477147713,21.5656946951544,2.03053488401903,37.0044631619178,13.3945846723738,50.3990478342916,36.1972138705649,30.5965468214784,29.1609109403635
2015,51,MT,Mato Grosso,3327512,809195,2319609,306713,198708,34272,0.243183195131978,0.697100115641957,0.0921748742003034,0.0597166892260644,0.0102995871990845,1.63181469021116,74.5215647746943,21.6257793976029,2.03745078474733,36.5886026612359,13.8683507535707,50.4569534148066,37.9034719690557,30.8760524379777,29.5312054716443
2016,51,MT,Mato Grosso,3380091,812539,2358502,322633,209050,36255,0.240389681816259,0.697762870881287,0.0954509804617686,0.0618474473024543,0.0107260425828772,1.5801295382255502,75.0344556587012,21.7695898038999,1.88718645289576,36.1945798489834,14.3716989343491,50.5662787833325,39.706770998069,31.1701539988125,29.9101858051557
2017,51,MT,Mato Grosso,3433278,817062,2396111,339343,220105,38396,0.237983058756093,0.69790765559911,0.0988393599353155,0.0641092856447978,0.011183481209503,1.57353751718519,75.2218394044895,21.7684432000354,2.01112142830953,35.8852689631789,14.9039054879214,50.7891744511003,41.5320991552661,31.4631072694958,30.2843361428691
2018,51,MT,Mato Grosso,3490648,825420,2433361,356828,231867,40644,0.236466123195464,0.697108674377938,0.102223999669975,0.0664252024265982,0.0116436833504839,1.67099780443063,75.6402654069122,21.9061082483344,2.03934329884371,35.7572344481026,15.457806272743,51.2150407208456,43.229870853626,31.728147610415,30.6275144817455
2019,51,MT,Mato Grosso,3551996,835460,2472156,375228,244380,42994,0.235208598207881,0.695990648638118,0.105638632475937,0.0688007531540013,0.0121041802975003,1.75749602939053,75.9129048531477,22.1081734744868,2.0391610886347,35.6834726571643,16.0264262540426,51.7098989112069,44.9127426806789,31.9815596639185,30.9488761421997
2020,51,MT,Mato Grosso,3611987,844887,2510622,393165,256478,45004,0.233911971443973,0.695080574763973,0.108850059537867,0.0710074537920541,0.0124596240241175,1.6889377127677,73.4304217839083,20.2843341025357,1.96673986855991,35.5901488456929,16.5617424234446,52.1518912691375,46.5346253404301,32.2219927701844,31.2480519265203
2021,51,MT,Mato Grosso,3666669,850616,2548760,409443,267293,46396,0.231986034190706,0.695115921289868,0.111666201666963,0.0728980445194262,0.0126534464932613,1.51390356609811,70.9605343553294,19.1399944863994,1.98077388798838,35.3449873473475,17.013267625415,52.3582549727625,48.1348810744214,32.4337653603311,31.5128520284427
2022,51,MT,Mato Grosso,3720967,858636,2582875,427203,279456,48056,0.230756144840844,0.694140797271247,0.114809671786931,0.0751030578879092,0.0129149223844232,1.48085360309316,74.9105276448048,21.6141009598627,1.97238959443704,35.2604052025191,17.5433488506559,52.803754053175,49.7536790910234,32.6611227672807,31.7928833011804
2023,51,MT,Mato Grosso,3778389,867064,2617141,447976,294184,50434,0.229479812692658,0.692660549244665,0.118562699605573,0.077859638062677,0.0133480168399813,1.5432010012451,75.4741870271278,22.1689098546032,1.97872911459304,35.1985853405263,18.1856488869421,53.3842342274684,51.6658516557025,32.923414449915,32.1084320682247
2024,51,MT,Mato Grosso,3836399,874268,2652153,469797,309978,53165,0.227887662362544,0.691313129838685,0.122457804832083,0.0807992077987717,0.013858047611836,1.53531041933481,75.7099524326101,22.2926533568639,1.95365461352889,35.0782840502116,18.8496806607782,53.9279647109898,53.736039749825,33.191639868533,32.4264642047556
2025,51,MT,Mato Grosso,3893659,881706,2685425,492230,326528,56149,0.226446640550701,0.689691881081523,0.126418363806384,0.0838614783677769,0.014420625945929,1.49254548340774,75.9425202271227,22.4146768032865,1.93999055603019,34.9921796959428,19.5350838167529,54.5272635126956,55.8269990223499,33.4633692883737,32.7466911064559
2026,51,MT,Mato Grosso,3950330,888649,2717922,515118,343759,59346,0.2249556366177,0.688024038498049,0.13039872618237,0.0870203248842502,0.0150230487073232,1.45546900742977,76.1721969319475,22.5351728990125,1.92654775397292,34.89601474615,20.2279700129154,55.1239847590655,57.9664186872432,33.7364356901828,33.067973278163
2027,51,MT,Mato Grosso,4006413,894226,2750595,538351,361592,62727,0.22319865675356,0.686548041851901,0.134372317581837,0.0902533013945392,0.0156566484783271,1.4197041766131,76.3991418758819,22.6542331669446,1.91334015636276,34.742928453872,20.9162899267863,55.6592183806583,60.2030135558572,34.0104524920421,33.3903652668416
2028,51,MT,Mato Grosso,4061869,898638,2783259,561904,379972,66320,0.221237563299063,0.685216337602222,0.138336317591729,0.0935460990987154,0.0163274591081101,1.38418081211298,76.6234506377678,22.7719825586863,1.90037968629484,34.5453685753464,21.600667659237,56.1460362345833,62.5284040959764,34.2851300718955,33.7115104457256
2029,51,MT,Mato Grosso,4116731,900137,2817663,585833,398931,70233,0.218653344121829,0.684441854471424,0.142305387454269,0.0969048014067472,0.0170603811616547,1.35065901928397,76.8451225029671,22.8884247652674,1.88767642457789,34.2158409676896,22.2685755186427,56.4844164863323,65.0826485301682,34.5599923823053,34.0310109205331
2030,51,MT,Mato Grosso,4171009,899338,2853278,610149,418393,74527,0.215616413198821,0.684073805642711,0.14628330938629,0.100309781158468,0.0178678588322394,1.31847332264363,77.0640501370544,23.0034289814142,1.87523878177375,33.7903650617955,22.9248151997241,56.7151802615195,67.8442365384316,34.8341458865229,34.3462537262977
2031,51,MT,Mato Grosso,4224343,899987,2886136,634824,438220,79181,0.213047804120073,0.683215354434997,0.150277569790143,0.10373684144493,0.018743979833077,1.27868340730024,77.2803113948829,23.1171232679827,1.86307365848521,33.4625875431116,23.6035116890225,57.0660992321341,70.5370188680503,35.1084900066117,34.6584746022972
2032,51,MT,Mato Grosso,4276351,900352,2917692,659867,458307,84165,0.210542118736278,0.682285434474392,0.154306089467399,0.10717244678933,0.0196814994840227,1.23115002735337,77.4939637028284,23.2296050900186,1.85118659396602,33.1483153248811,24.2943641914311,57.4426795163122,73.289891064828,35.3839144635228,34.9695939203193
2033,51,MT,Mato Grosso,4327036,897778,2950618,685177,478640,89462,0.20748105631661,0.681902808296488,0.158347885249857,0.110616135386902,0.0206751226474658,1.18523947168976,77.7050027169252,23.3408967273486,1.83958190331033,32.7168913745622,24.9692702219796,57.6861615965418,76.3192014061383,35.65981101151,35.2779204892966
2034,51,MT,Mato Grosso,4376435,894274,2982906,710813,499255,95083,0.204338462698521,0.681583526317654,0.162418269664693,0.114078010983826,0.0217261309718984,1.14163598361556,77.9133616090081,23.4508643757022,1.82826280361587,32.2685566735033,25.6486374139949,57.9171940874982,79.4849229654446,35.9354296362222,35.5841649982424
2035,51,MT,Mato Grosso,4424535,891599,3012764,737044,520172,101082,0.201512475322266,0.680922176002676,0.166581120953953,0.117565348675059,0.0228457905746028,1.09906807709927,78.1190251877244,23.5593783973248,1.8172315296119,31.8896080392233,26.3616763451521,58.2512843843754,82.6654134874534,36.2101818609187,35.8879211464052
2036,51,MT,Mato Grosso,4471290,889395,3040548,764231,541347,107443,0.198912394409667,0.680015834356528,0.170919578018872,0.121071771233805,0.0240295306276265,1.05672121477172,78.3220048298917,23.6664430508117,1.80648943930901,31.5649772293645,27.1228577999364,58.6878350293009,85.9270627786304,36.4839900789258,36.1881526196247
2037,51,MT,Mato Grosso,4516616,886735,3067106,792565,562775,114148,0.196327294594006,0.679071676671207,0.175477614213827,0.124601028734787,0.0252729034303558,1.01371192653574,78.5223188851321,23.7720744665275,1.79603711026712,31.2525992874956,27.9336175455959,59.1862168330916,89.3801417559925,36.7568236927824,36.4798223565514
2038,51,MT,Mato Grosso,4560545,883754,3092421,822104,584370,121158,0.193782541341002,0.678081457369678,0.180264420151539,0.12813600128932,0.0265665616719054,0.972608696422284,78.7200299535759,23.8763361703884,1.78587442709815,30.957999948856,28.7983936592698,59.7563936081259,93.0240768358616,37.0280668209611,36.7640765502517
2039,51,MT,Mato Grosso,4603091,880927,3115981,852690,606183,128493,0.191377272358943,0.676932304836033,0.185242916118756,0.131690422805024,0.0279145035368625,0.932914816102026,78.9150587447412,23.9790880267944,1.77600066082293,30.6999470983184,29.7158991508548,60.4158462491732,96.7946265695114,37.2971459829927,37.0398598029158
2040,51,MT,Mato Grosso,4644239,878428,3137333,884021,628478,136173,0.189143581973279,0.67553220236943,0.190347869694045,0.135324215657291,0.0293208424458776,0.893921063042202,79.1073688323098,24.0802816331039,1.76641454069409,30.4820267958456,30.6761075581496,61.1581343539953,100.636705569495,37.563876234621,37.3068293904902
2041,51,MT,Mato Grosso,4684079,876057,3156424,915602,651598,144138,0.187028656006869,0.673862246986014,0.195471084070102,0.139109097007117,0.0307718977412635,0.857836989009386,79.2969878449127,24.1799852421806,1.75711431907903,30.2880287095235,31.6552229620871,61.9432516716106,104.513975688797,37.82785644734,37.5687826537176
2042,51,MT,Mato Grosso,4722754,873826,3173196,947062,675732,152332,0.185024669927758,0.67189525433677,0.200531723651073,0.143080075735471,0.0322549088942596,0.82566925109504,79.4838836370777,24.2781874806183,1.74809782997333,30.1125551627815,32.6363105670627,62.7488657298442,108.381073577577,38.0884932816742,37.82578746321
2043,51,MT,Mato Grosso,4760300,871786,3187576,978293,700938,160717,0.183136777093881,0.66961662080121,0.205510787135265,0.147246602104909,0.0337619477764006,0.795002238100895,79.6681257046742,24.3749414979256,1.73936254168687,29.9560067774922,33.6157632014888,63.571769978981,112.217103738762,38.3454057517383,38.0789296927475
2044,51,MT,Mato Grosso,4796692,869902,3199714,1009293,727076,169311,0.181354566855658,0.667066803538772,0.210414385580729,0.15157862960557,0.035297450826528,0.764489633006327,79.849720838752,24.4702440549672,1.73090560421363,29.816723033477,34.5944828735042,64.4112059069812,116.02375899814,38.5984651505663,38.3626482505693
2045,51,MT,Mato Grosso,4831901,868115,3209934,1039907,753852,178072,0.179663242272555,0.664321143996949,0.215216950843985,0.156015613730497,0.0368534040742971,0.734026700067458,80.0286601313626,24.5640739684071,1.7227238917639,29.6905241290765,35.5660066644345,65.2565307935109,119.789083243579,38.8476640974225,38.632030072876
2046,51,MT,Mato Grosso,4865883,866409,3218675,1069957,780799,186895,0.178057918778565,0.661478091437875,0.219889586329963,0.16046398978356,0.0384092671360984,0.703284276726701,80.2050135868917,24.6564912927753,1.71481404090411,29.5751483947695,36.5233244934233,66.0984728881928,123.493292428864,39.0931469170138,38.8815191953008
2047,51,MT,Mato Grosso,4898611,864776,3226256,1099330,807579,195718,0.176534940210603,0.658606286557557,0.224416676482374,0.164858773231841,0.0399537746516308,0.672601457947097,80.3788124678854,24.7475310615455,1.70717248471693,29.4692290522592,37.4621954980482,66.9314245503075,127.123093147821,39.334950662545,39.1211481343976
2048,51,MT,Mato Grosso,4930087,863189,3232817,1127869,834081,204547,0.175085956900963,0.655732241641983,0.228772636263823,0.169181801457053,0.0414895315234802,0.642549490049316,80.5500872683331,24.8372065096025,1.69979548336185,29.3698701169672,38.37556553542,67.7454356523872,130.663041350156,39.5729497268507,39.3665657241988
2049,51,MT,Mato Grosso,4960272,861551,3238401,1155584,860320,213416,0.173690273436618,0.65286762500121,0.23296786950393,0.173442101562172,0.0430250599160691,0.612261000667935,80.7188020041364,24.9254853048739,1.69267915138561,29.2732210563083,39.2636836137767,68.536904670085,134.128333668001,39.8073637897277,39.6037680442645
2050,51,MT,Mato Grosso,4989125,859785,3243194,1182661,886146,222354,0.172331821712224,0.650052664545386,0.237047778919149,0.17761551374239,0.0445677348232405,0.58168181099747,80.8849444843721,25.0123219427548,1.68581948210223,29.178101856361,40.1353863111659,69.3134881675269,137.553109207534,40.0383666474582,39.8313843919921
2051,51,MT,Mato Grosso,5016637,857920,3247321,1209369,911396,231348,0.171014964806104,0.647310339576095,0.241071658164623,0.181674695617801,0.0461161531121347,0.551439380652918,81.0485613338002,25.0977634985025,1.6792123693345,29.08846294164,41.004622038498,70.093084980138,140.96524151436,40.2658735324083,40.055215339051
2052,51,MT,Mato Grosso,5042800,855983,3250849,1235897,935968,240413,0.16974359482827,0.644651582454192,0.24508150233997,0.185604822717538,0.0476745062266994,0.521524678783813,81.209701979739,25.181808145474,1.67285362678254,29.0073265286758,41.8817521315386,70.8890786602144,144.38335808071,40.4898647576743,40.2865426064782
2053,51,MT,Mato Grosso,5067585,853905,3253977,1262296,959703,249501,0.168503340348509,0.642115919121238,0.249092220456095,0.189380740530253,0.0492346946326505,0.491492821448403,81.3683607190746,25.264461637916,1.66673900526077,28.9323585138362,42.7696294348685,71.7019879487048,147.826280441033,40.7104295241224,40.5206576222349
2054,51,MT,Mato Grosso,5090934,851556,3256760,1288427,982618,258667,0.167269110147568,0.639717584238963,0.253082636702813,0.193013305613469,0.0508093406828688,0.460752015013077,81.524540556283,25.3457334849519,1.66086420802185,28.8570023697445,43.6614162688571,72.5184186386016,151.302674163531,40.9280556377278,40.7648338037905
2055,51,MT,Mato Grosso,5112806,848896,3259004,1314118,1004906,268112,0.16603328974344,0.637419843428442,0.257024811815664,0.196546866828117,0.0524393063222035,0.429626469327626,81.6782577223727,25.4256396055015,1.6552249043653,28.7781646977143,44.5495139996312,73.3276786973454,154.803179659228,41.1430011230624,41.0274372697974
2056,51,MT,Mato Grosso,5133213,845982,3260406,1339098,1026825,278085,0.164805551610658,0.635158915088854,0.26086936193764,0.200035533300488,0.0541736725127128,0.399135034656117,81.829571768059,25.5042125366286,1.64981674170951,28.6955167897785,45.4218992155374,74.1174160053159,158.289183457804,41.3550573490716,41.3085581499211
2057,51,MT,Mato Grosso,5152176,842852,3260768,1363167,1048556,288731,0.163591461161265,0.632891422963812,0.264580829536879,0.203517115874924,0.0560405933337681,0.36941775063688,81.978542222738,25.5814717858205,1.64463535628786,28.6085228994925,46.2693264479795,74.877849347472,161.73266480948,41.5639644297866,41.5746853307987
2058,51,MT,Mato Grosso,5169662,839431,3260072,1386305,1070159,300077,0.162376379732369,0.630616082830947,0.268161632230502,0.207007537436683,0.058045767789074,0.339390579824905,82.1251771282546,25.6574349287208,1.63967638261412,28.5139979741339,47.0903480590205,75.6043460331544,165.14817775374,41.7699613630446,41.8277662852431
2059,51,MT,Mato Grosso,5185637,835669,3258471,1408543,1091497,312017,0.16115069373348,0.628364654139887,0.271623910427976,0.210484652126634,0.060169464233613,0.309014399780883,82.2694613622258,25.732108141673,1.63493546184726,28.41034532582,47.886415597882,76.2967609237019,168.552740379265,41.9733294096752,42.0760729722307
2060,51,MT,Mato Grosso,5200094,831575,3256118,1429813,1112401,324322,0.159915378452774,0.626165219321035,0.274959068047616,0.213919402226191,0.0623684879542562,0.278789278925617,82.4114423412026,25.8055639912137,1.63040824917279,28.2973186157445,48.654509842087,76.9518284578314,171.940354147251,42.1740335847775,42.3486608135141
2061,51,MT,Mato Grosso,5213059,827219,3253228,1449434,1132612,336649,0.158682071313599,0.624053554736288,0.27803905537996,0.217264373950113,0.064578014559206,0.249322416094788,82.55114876976,25.8779291041269,1.62609042030549,28.1711384597362,49.3608172711812,77.5319557309173,175.217687214631,42.3716813870704,42.6249655419561
2062,51,MT,Mato Grosso,5224557,822640,3249984,1467480,1151933,348741,0.157456412093887,0.622059248276935,0.280881230695732,0.220484339629178,0.066750348402745,0.220561478394932,82.6886324087382,25.9491926072898,1.62197767720781,28.0339976629248,50.0089114198056,78.0429090827303,178.386657590197,42.565949610656,42.8996878646851
2063,51,MT,Mato Grosso,5234598,817813,3246429,1484201,1170356,360523,0.156232245532513,0.620186879680159,0.283536768248488,0.223580874787328,0.0688731016211751,0.192188543449712,82.8239075634454,26.0193424510401,1.61806575310804,27.887112526018,50.6106900944696,78.4978026204876,181.484153467847,42.7569219260008,43.1596306810197
2064,51,MT,Mato Grosso,5243192,812777,3242501,1499932,1187914,372006,0.155015685101747,0.618421183126614,0.286072300995272,0.226563131771638,0.0709502913492392,0.164176886171585,82.9569467635943,26.0882939549284,1.61435041689367,27.7352572937635,51.1837809671648,78.9190382609283,184.544100042201,42.9445263495977,43.4093972161673
2065,51,MT,Mato Grosso,5250347,807581,3238222,1514935,1204544,383084,0.153814785956052,0.616763425350743,0.288539976500601,0.229421788693204,0.0729635584086157,0.136462673882631,83.0877699393366,26.1560069458537,1.61082747694742,27.5829103524076,51.7425698409505,79.3254801933582,187.589232535188,43.1285307428252,43.6545857566427
2066,51,MT,Mato Grosso,5256097,802253,3234250,1532596,1219594,393651,0.152632837635987,0.615333012309324,0.291584420911562,0.232034150054689,0.0748941657659666,0.109516570999979,83.2163816961378,26.2224438568565,1.60749278448616,27.4626803338847,52.4637415241705,79.9264218580552,191.03649347525,43.3086575457036,43.8969850682289
2067,51,MT,Mato Grosso,5260473,796803,3230507,1546898,1233163,403640,0.151469839309127,0.614109605733173,0.294060629148748,0.234420554957701,0.07673074265375,0.0832556933405115,83.3428572673531,26.2877625727269,1.60434223645633,27.3179734309024,53.0345875508953,80.3525609817977,194.138074279339,43.4847396802531,44.1355098134446
2068,51,MT,Mato Grosso,5263493,791268,3226749,1559872,1245476,412946,0.150331348403047,0.613043277534519,0.296356810961846,0.236625374062433,0.0784547447863995,0.0574092861991725,83.4672103508494,26.3519528981871,1.60137177803424,27.1693712953066,53.5605402229743,80.7299115182809,197.135736564603,43.6566031340785,44.3671506273742
2069,51,MT,Mato Grosso,5265186,785724,3222585,1573094,1256877,421601,0.14923005569034,0.612055300610463,0.298772730915869,0.238714643699197,0.0800733345412679,0.0321649520575118,83.5894417326627,26.4149936778137,1.59857740477361,27.0345668545759,54.1257679688188,81.1603348233947,200.209488319053,43.8241680350894,44.5914317696143
2070,51,MT,Mato Grosso,5265603,780239,3217720,1584543,1267644,429779,0.148176571610127,0.611082909212867,0.300923370029985,0.240740519177006,0.0816200917539739,0.0079199481271885,83.7096230972047,26.4769219146437,1.59595516443895,26.8971784194888,54.6239495646233,81.5211279841121,203.084311345626,43.98732092032,44.8083462698808
2000,52,GO,Goiás,5142445,1539531,3351911,380121,251003,45862,0.299377241759513,0.651812707768386,0.0739183404003349,0.0488100504721003,0.0089183258158327,,71.1042031539728,19.7987700754989,2.02176763589571,47.7700863815951,11.7947693196553,59.5648557012504,24.6907012590198,27.5793401776781,25.0227705481974
2001,52,GO,Goiás,5253910,1545795,3446391,395177,261724,47795,0.294218020483792,0.655966889421402,0.075215791667539,0.0498150900948056,0.0090970343991427,2.16754870494482,71.4124084464431,19.8910086347574,2.00475393063718,46.659339836725,11.9282944624982,58.5876342992232,25.5646447297345,27.8388451648391,25.3485239645303
2002,52,GO,Goiás,5363945,1550201,3540636,410555,273108,49598,0.289003895453812,0.660080593667534,0.076539748263638,0.0509155108786537,0.0092465526771807,2.09434497355303,71.6357879830931,19.9706415047627,1.97330416772424,45.5514225040102,12.063831894144,57.6152543981542,26.4839849800123,28.1108137760548,25.6894661935777
2003,52,GO,Goiás,5472469,1553085,3634370,426359,285014,51362,0.283799688952098,0.664118883085496,0.0779098063415252,0.052081427962406,0.0093855259847063,2.02321239311738,71.6849702668015,19.9738969011516,1.9276091473425,44.4624644827907,12.2060105495953,56.668475032386,27.452393140105,28.3930922221761,26.044093292175
2004,52,GO,Goiás,5579832,1554580,3727871,442958,297381,53222,0.278606954474615,0.668097354902441,0.0793855442242705,0.0532956906229435,0.0095382800055628,1.96187497818627,72.1836167421052,20.2494561888374,1.8519562975833,43.3962148277054,12.3652050892529,55.7614199169582,28.4937410747597,28.6858489646283,26.4184700625219
2005,52,GO,Goiás,5686497,1554449,3821837,460746,310211,55285,0.273357921405744,0.672089864814841,0.0810245745315614,0.0545522137794146,0.0097221540783368,1.9116166938359505,72.7125219369974,20.4703079923823,1.84164485192777,42.3405374986858,12.5499346008582,54.890472099544,29.6404706748179,28.9896243680424,26.80392310457
2006,52,GO,Goiás,5793069,1552748,3916855,479862,323466,57593,0.268035474806187,0.676127800307574,0.0828338139939296,0.0558367248862391,0.0099417079271798,1.8741239114344,73.3399426833734,20.7948896905631,1.76180475721421,41.2914487300619,12.7607294747795,54.0521782048415,30.9040488218307,29.3013150715105,27.2012863529562
2007,52,GO,Goiás,5896546,1546515,4012901,500236,337130,60120,0.262274728290087,0.680551122640271,0.0848354273840991,0.0571741490696418,0.0101957993713608,1.78622074068167,73.5426503267802,20.8519166652454,1.67848892848588,40.1713597737022,12.9938347366548,53.165194510357,32.3460166891365,29.6322720114453,27.618356193742
2008,52,GO,Goiás,5998618,1538213,4109195,521796,351210,62834,0.256427897225661,0.685023617106474,0.0869860357835755,0.0585484856678655,0.0104747460164991,1.73104729446696,73.7131168797411,20.9822294773982,1.68635778447998,39.0547271892183,13.2482305301186,52.302957719337,33.9222201346628,29.9683623794681,28.0405776800596
2009,52,GO,Goiás,6099136,1528515,4204746,544558,365875,65692,0.25061172598873,0.689400269152877,0.0892844494695642,0.0599880048583931,0.0107707058835874,1.67568596633425,73.786797093479,20.9951981616998,1.61823122758099,37.9655012850022,13.525819143913,51.4913204289153,35.6266049073774,30.3072841792674,28.468710200806
2010,52,GO,Goiás,6184917,1516092,4287534,568527,381291,68641,0.245127299202237,0.693224177462689,0.0919215245734098,0.0616485233350747,0.0110981279134385,1.40644510960242,73.9564766725222,21.0750449193228,1.63828787756207,36.9751661952375,13.8655044096795,50.840670604917,37.4995053070658,30.6624468848976,28.9221250368418
2011,52,GO,Goiás,6263998,1504708,4361775,593680,397515,71673,0.240215274653664,0.696324456042291,0.0947765308992755,0.0634602693040451,0.0114420534617029,1.27861052945415,73.7881428874388,21.0612970211492,1.69067277127953,36.1221525778938,14.2519342905361,50.3740868684298,39.4548311034433,31.01104023341,29.3768102109346
2012,52,GO,Goiás,6351217,1495250,4441261,620216,414706,74884,0.235427320464724,0.699277162156481,0.0976530954618619,0.0652955173787953,0.0117904962151348,1.3923855020388,73.915516344804,21.2222282149367,1.6692134556811,35.300705825248,14.6424093389814,49.9431151642294,41.4790837652566,31.3441669525699,29.8104121831272
2013,52,GO,Goiás,6441772,1486883,4521802,648399,433087,78431,0.230818942365548,0.70195002244724,0.100655378675309,0.0672310351872125,0.0121753765889262,1.42578973447136,74.1151574994151,21.3550263523836,1.70484005262495,34.5265633961765,15.0563219698641,49.5828853660406,43.6079368719664,31.6701050580492,30.2338262556585
2014,52,GO,Goiás,6535659,1482173,4600861,678211,452625,82356,0.226782486662783,0.703962829150052,0.103770866870502,0.0692546841871646,0.0126010246250608,1.45747163979104,74.3473294988556,21.4431415246794,1.78058357311355,33.8761106444738,15.500991366257,49.3771020107308,45.7578838637595,31.9778560968374,30.639916088956
2015,52,GO,Goiás,6630429,1481152,4675795,709831,473482,86709,0.223387053839201,0.705202483881511,0.107056572055896,0.0714104622792884,0.0130774343560575,1.45004505284012,74.783066008744,21.6461086359172,1.80052168340932,33.3634421952649,15.9891797309845,49.3526219262494,47.9242508533898,32.2736551435812,31.0358986873539
2016,52,GO,Goiás,6720503,1479033,4745735,743355,495735,91575,0.220077723348981,0.706157708731028,0.110610024279433,0.0737645679199905,0.0136262122046519,1.35849429953929,75.1031201684554,21.8190428735129,1.69203781892824,32.8811735582572,16.5259225253245,49.4070960835817,50.2595276778814,32.5845709763094,31.4449636596836
2017,52,GO,Goiás,6805532,1475902,4810160,778800,519470,96937,0.216867983281836,0.70680146680671,0.114436314457121,0.0763305499114544,0.0142438533828068,1.26521779694169,75.5645722893633,22.0459318062683,1.72161839887121,32.4314905193119,17.1133617384082,49.54485225772,52.7677311908243,32.9102641792001,31.8680896990047
2018,52,GO,Goiás,6888446,1475202,4868711,815850,544533,102559,0.214155993964386,0.706793810969847,0.118437453091742,0.0790501950657666,0.0148885539641307,1.21833238018718,75.6976794625684,22.0397521153212,1.74671413994505,32.0877871246189,17.7459230163871,49.833710141006,55.3042905310595,33.2313412923612,32.2890673149353
2019,52,GO,Goiás,6974736,1475643,4928238,854299,570855,108209,0.211569728230574,0.706584163185531,0.122484779352222,0.0818461085838948,0.0155144223379924,1.25267730922185,76.0191445916298,22.1709112289638,1.70294591704,31.7698266058732,18.392613321495,50.1624399273681,57.8933387004851,33.5463312159772,32.694926752194
2020,52,GO,Goiás,7060290,1474940,4988522,891976,596828,113195,0.208906433021873,0.706560495390416,0.12633702015073,0.084533071587711,0.0160326275549588,1.22662707233649,74.4576655823299,20.8627715626871,1.63536550369264,31.4260061098902,19.0050057804897,50.4310118903799,60.4754091691865,33.8510178760363,33.0783618822603
2021,52,GO,Goiás,7133954,1472034,5041643,926060,620277,116817,0.206341952863727,0.706710892725128,0.129810200626469,0.0869471544111442,0.0163747901934888,1.04335657600467,71.6808560223634,19.5471978532735,1.59749900542054,31.0827178168274,19.5542097950531,50.6369276118804,62.910231693018,34.1317977379725,33.4274193548387
2022,52,GO,Goiás,7201254,1469954,5085584,962182,645716,120629,0.204124726054657,0.706208113198062,0.133613117937515,0.089667160747281,0.0167511102927351,0.943375861408691,75.454296142239,21.6325996426762,1.58037264382133,30.8223449283494,20.1752609182662,50.9976058466157,65.4566061250896,34.4320955766871,33.798520809753
2023,52,GO,Goiás,7274463,1469059,5128770,1004620,676634,126078,0.201947415225014,0.705037608961651,0.138102290162174,0.093014975813335,0.0173315885997358,1.01661460628941,76.5698649800385,22.5241308517067,1.62034236573938,30.6003977683645,20.9261653929858,51.5265631613503,68.3852724771435,34.764848071947,34.2025210011557
2024,52,GO,Goiás,7350483,1468463,5171907,1049662,710113,132556,0.199777756101198,0.703614578797067,0.142801772346117,0.0966076651017355,0.0180336448638817,1.04502559157975,76.7779855058477,22.6395328157932,1.56439913842794,30.3881252175439,21.7215280821495,52.1096532996934,71.4803164941847,35.1033562012183,34.6020369394963
2025,52,GO,Goiás,7423629,1466456,5212280,1095819,744893,139647,0.197538966454277,0.702120216406289,0.147612306595602,0.100340817139434,0.0188111501800534,0.995118279982421,76.9837309589687,22.7536014918846,1.54761234598578,30.165587612011,22.5414359867642,52.7070235987752,74.725665140993,35.4486101069975,35.0042854312565
2026,52,GO,Goiás,7495033,1460474,5253717,1142787,780842,147260,0.194858915230927,0.700959822324998,0.152472577505663,0.104181262444075,0.0196476786693267,0.961847635435453,77.1873193138815,22.8663655186361,1.53255031075671,29.8557250828534,23.3614117747107,53.2171368575641,78.2476784934206,35.7944261219397,35.4055362995247
2027,52,GO,Goiás,7564776,1452154,5294755,1190351,817867,155308,0.191962590828863,0.699922244888679,0.157354427943405,0.108115164282459,0.0205304162344001,0.930522920979793,77.3887379682853,22.9778353136651,1.51908390885403,29.5017076467346,24.182963514199,53.6846711609336,81.9714024821059,36.1400669365491,35.8052624856304
2028,52,GO,Goiás,7632921,1442049,5334939,1238420,855933,163758,0.18892492140296,0.69893806054065,0.162247192129985,0.11213701805639,0.0214541720004701,0.900819799555208,77.5878500959003,23.0878775600069,1.50708994152965,29.1178793858073,25.0061989495305,54.1240783353377,85.8791899581776,36.4850314840151,36.2041937073154
2029,52,GO,Goiás,7699569,1427480,5377063,1287088,895026,172756,0.18539739042536,0.698358960092442,0.167163642536355,0.116243649482198,0.0224371000506652,0.8731650700957159,77.7846939298793,23.1965407393427,1.49645158143751,28.6355007752255,25.8192124735782,54.4547132488038,90.1650460952168,36.8286257321676,36.6017187025861
2030,52,GO,Goiás,7764794,1409088,5420663,1336464,935043,182450,0.181471395120077,0.698107766928524,0.172118410353192,0.1204208379514,0.0234970818285714,0.847125339093657,77.9792221551902,23.3038030979669,1.48705863996587,28.0737210917505,26.626809386756,54.7005304785065,94.8460280692192,37.1699701241269,36.9961462740334
2031,52,GO,Goiás,7828105,1392390,5460007,1386638,975708,192760,0.177870634080662,0.697487706156215,0.177135845776213,0.124641659763123,0.0246240948479868,0.81535968629689,78.1714627187138,23.4097839179677,1.47880768587921,27.5771195408587,27.4631977290107,55.0403172698693,99.5868973491622,37.5093919920594,37.3901284397536
2032,52,GO,Goiás,7888942,1377294,5494836,1437667,1016812,203626,0.174585388002599,0.696523817769227,0.182238251973459,0.128890794228174,0.0258115727051866,0.777161266998849,78.361414266267,23.5145042138433,1.47160204272277,27.1442482736928,28.3341029459905,55.4783512196833,104.383450447036,37.8473966471043,37.7839185124873
2033,52,GO,Goiás,7947319,1359742,5529325,1489393,1058252,215060,0.171094428196477,0.69574720732866,0.187408231631321,0.133158364474863,0.0270606980794404,0.739985158973155,78.5490824971749,23.6179655935604,1.46535168943682,26.6711048483146,29.2141868555548,55.8852917038695,109.534970604718,38.1836073272005,38.1778443659754
2034,52,GO,Goiás,8003283,1342002,5561172,1541804,1100109,227186,0.167681437729992,0.694861346275022,0.19264644271607,0.137457215994986,0.0283866008486767,0.704187160475134,78.7344416152526,23.7201442664574,1.45997308558063,26.2136542463224,30.1164357218521,56.3300899681745,114.888353370561,38.5174330334189,38.5712512167357
2035,52,GO,Goiás,8056841,1327167,5587183,1595204,1142491,240129,0.164725479874805,0.693470679140869,0.197993729800551,0.141803840984326,0.0298043612875071,0.669200376895329,78.9174534408379,23.8209857693606,1.45538893960714,25.8481790720366,31.0685231387076,56.9167022107442,120.196177270833,38.848293270278,38.9631013141998
2036,52,GO,Goiás,8107945,1315076,5607405,1649892,1185464,253842,0.16219596950892,0.691593862563202,0.203490773556061,0.146210167927878,0.031307809808774,0.634293267050934,79.0981073313847,23.9205101608123,1.45152793584388,25.5703262915623,32.0804856797921,57.6508119713543,125.45982133352,39.1758354305561,39.3535435137418
2037,52,GO,Goiás,8156542,1304474,5622989,1706018,1229079,268259,0.159929783969726,0.689383932553771,0.209159469785112,0.150686283476503,0.0328888148923894,0.599375057428242,79.2764406000504,24.0187198832626,1.44832443328023,25.3490346965148,33.1519903615394,58.5010250580542,130.782062348502,39.4999623615007,39.7422592843667
2038,52,GO,Goiás,8202616,1292791,5636650,1763605,1273175,283261,0.157607158496753,0.687177115203247,0.215005188588616,0.1552157263,0.034533007518577,0.564871731182159,79.452428946741,24.1155851691441,1.44571814696157,25.1211763197065,34.2699107305945,59.391087050301,136.418415660381,39.82027087456,40.1292524218011
2039,52,GO,Goiás,8246208,1281571,5646891,1822351,1317746,298842,0.15541337303158,0.684786389089385,0.220992606541091,0.159800237879035,0.0362399299168782,0.531440213707435,79.6260869761928,24.2111176284572,1.44365382075987,24.9222038603065,35.4385384243506,60.3607422846571,142.196647708164,40.1362779110107,40.5141247988557
2040,52,GO,Goiás,8287291,1272357,5651843,1881677,1363091,314999,0.15353111167449,0.681989204916299,0.227055741134226,0.164479683409211,0.0380098876701687,0.4982047505956769,79.7973835794845,24.3052446988047,1.44208089852084,24.7865439038022,36.6565905428074,61.4431344466096,147.889075157365,40.4477872202147,40.8957103967659
2041,52,GO,Goiás,8325830,1263869,5652460,1940726,1409501,331628,0.151800961585812,0.678906487401256,0.233097000539286,0.169292551012932,0.0398312240341203,0.465037368664856,79.966333910745,24.3979278361005,1.4409531990698,24.6789885642819,37.8956638388982,62.5746524031801,153.554363624711,40.7546189388926,41.2719160404165
2042,52,GO,Goiás,8361856,1255980,5648735,1998840,1457141,348662,0.15020349549191,0.67553602932172,0.23904262402988,0.17426047518637,0.041696723789551,0.4327016045247099,80.1329744679044,24.4891703976966,1.44022859927037,24.5931299485651,39.1389447812782,63.7320747298433,159.145846271437,41.0567157578413,41.6414434529917
2043,52,GO,Goiás,8395379,1248639,5640695,2055808,1506045,366042,0.148729318831228,0.671880924017844,0.244873757337221,0.179389757150928,0.0436004139896484,0.4009038184824119,80.2973009797588,24.5789692321108,1.43986872825207,24.5267271297279,40.3817611392177,64.9084882689456,164.643904282983,41.353774618156,42.0048602224628
2044,52,GO,Goiás,8426419,1241776,5628724,2111600,1555919,383766,0.14736698946492,0.667985297194455,0.250592808166791,0.184647713340625,0.0455431898176438,0.36972720350088,80.459346519203,24.6673671369041,1.43983867503039,24.477931687155,41.6239326179573,66.1018643051123,170.046771720504,41.645475260606,42.3583680865852
2045,52,GO,Goiás,8454944,1235268,5613452,2165922,1606224,401775,0.146100080615555,0.663925390871897,0.256172246676028,0.189974528512548,0.0475195341329286,0.338518651873354,80.6190969157309,24.754363557552,1.44010671101292,24.4425826821013,42.857685593719,67.3002682758203,175.340250051001,41.9318000213839,42.7053405307992
2046,52,GO,Goiás,8480887,1228990,5595749,2218433,1656148,419872,0.14491290828424,0.659807046126189,0.261580304041311,0.195280045589571,0.0495080290540364,0.306838223884154,80.7765743684702,24.8400266349862,1.44064402829656,24.4163860117009,44.0736836500668,68.4900696617677,180.508629036851,42.2128407087608,43.0453226250344
2047,52,GO,Goiás,8504198,1222854,5576289,2268908,1705055,437921,0.143794159072966,0.655710156325147,0.266798585827846,0.200495684601887,0.0514946853307037,0.274865117292555,80.9318229176466,24.9244005335988,1.44142449419147,24.3964012707594,45.2655754607141,69.6619767314735,185.542018916404,42.4886356126704,43.3768343595387
2048,52,GO,Goiás,8524915,1216821,5555334,2317083,1752760,455870,0.142737024357428,0.651658579587011,0.271801302417678,0.205604396055562,0.0534750199855365,0.243609097530428,81.0847946422502,25.0074294387176,1.44242442204028,24.3802508149151,46.4251230862845,70.8053739011996,190.421023305811,42.7590557794418,43.7020896052498
2049,52,GO,Goiás,8543021,1210789,5532980,2363004,1799252,473798,0.141728435409441,0.647660821622702,0.276600514033619,0.210610742967856,0.0554602405870242,0.212389214437914,81.2355514295752,25.0891732535577,1.44362235811837,24.3657364886457,47.5527385742816,71.9184750629273,195.162328035686,43.0240954575671,44.0209222886422
2050,52,GO,Goiás,8558477,1204650,5509569,2407066,1844258,491821,0.14075518342808,0.643755775706355,0.281249339105544,0.215489040865565,0.0574659486728772,0.180919606776109,81.3840979418352,25.1696548387557,1.4449988841887,24.3522984029348,48.6594359420235,73.0117343449582,199.814551944548,43.2838819336665,44.3337419617558
2051,52,GO,Goiás,8571243,1198343,5485426,2449855,1887474,510028,0.139809710213559,0.639980222238478,0.285822604726059,0.220210067547962,0.0595045549402811,0.149162053014806,81.5304705028198,25.2489539204879,1.44653643513031,24.3415000269142,49.7630023694685,74.1045023963827,204.436876587087,43.5385806936053,44.6325414287461
2052,52,GO,Goiás,8581327,1191885,5460737,2491791,1928705,528488,0.138892854217069,0.636351114460502,0.290373621702098,0.224756031322428,0.0615858130100391,0.117649213772153,81.6747028893882,25.327124319914,1.44821913095118,24.3358499819607,50.8772674900682,75.2131174720289,209.063038799884,43.7881554915691,44.9172528383048
2053,52,GO,Goiás,8588731,1185219,5435815,2532888,1967697,547112,0.137996986982128,0.632900832497839,0.2949082932042,0.229102180520033,0.0637011451400678,0.0862803619999575,81.8168034978339,25.4041740889175,1.45003262242638,24.3340278370903,52.0033572700336,76.3373851071239,213.706327691338,44.0326282194657,45.1924779346283
2054,52,GO,Goiás,8593405,1178201,5410691,2572987,2004513,565922,0.137105256880131,0.629632956901252,0.299414143753262,0.233261786218618,0.0658553856125715,0.0544201465850991,81.9567914938628,25.4801012078117,1.45196394956145,24.3318504726244,53.1365488163789,77.4683992890034,218.382686825083,44.2723301182709,45.4594872479637
2055,52,GO,Goiás,8595328,1170779,5385001,2612058,2039548,585160,0.13621109049009,0.626503258514393,0.303892765930515,0.237285650995518,0.0680788446933032,0.0223776256326857,82.094685580273,25.5548768435284,1.45400141206398,24.3279208210467,54.2766313744795,78.6045521955262,223.10427501689,44.5074132133177,45.7184409173618
2056,52,GO,Goiás,8594509,1163014,5358117,2650006,2073378,605058,0.135320586667604,0.623434916410001,0.308337102212587,0.241244496922395,0.0704005313159833,-0.0095284321901423,82.2305365617692,25.6284895227384,1.45613445100708,24.323259971946,55.422191706391,79.745451678337,227.856758388119,44.7376984537453,45.9697354209292
2057,52,GO,Goiás,8591041,1154989,5329629,2686723,2106423,625749,0.134441099745654,0.620370569759823,0.312735441490734,0.245188330494523,0.0728373895550027,-0.0403513452600923,82.3643687431643,25.7009269144628,1.45835354088276,24.3189932725233,56.5705808125737,80.8895740850971,232.618925375047,44.9629363891989,46.2362593910637
2058,52,GO,Goiás,8584928,1146661,5299555,2722289,2138712,647255,0.133566757927382,0.617309195837169,0.317100970444947,0.249124046235449,0.0753943422705467,-0.0711555211993509,82.4961997461519,25.7722097566724,1.4606500912678,24.3143839941577,57.72480278746,82.0391867816177,237.41009766618,45.1831551761413,46.504712998825
2059,52,GO,Goiás,8576156,1137954,5268110,2756636,2170092,669364,0.132688118079942,0.614274040724073,0.321430253834002,0.253037841195986,0.0780494198099941,-0.102179074769182,82.6260479023906,25.8423591135822,1.46301635735591,24.3071228729874,58.8827755498908,83.1898984228782,242.244941359668,45.3985368269887,46.7737741295171
2060,52,GO,Goiás,8564760,1128898,5235323,2789030,2200539,691663,0.131807312755991,0.611263246138829,0.325640181394458,0.25692944110518,0.0807568454924598,-0.13288004555887,82.7539093933348,25.9113427732179,1.46544535864683,24.2939275618314,60.0200308511261,84.3139584129575,247.057750124458,45.6089363858415,47.0423861852433
2061,52,GO,Goiás,8550848,1119625,5201241,2818879,2229982,713544,0.130937305867208,0.608271951507032,0.32966075411468,0.260790742625761,0.0834471621995854,-0.162433039571452,82.8798313965627,25.9791454864963,1.46793080512192,24.2745337294877,61.1159748709116,85.3905086003993,251.769922965279,45.8139273438143,47.3293971201723
2062,52,GO,Goiás,8534528,1110233,5165984,2846154,2258311,734547,0.130087217477053,0.605304007438959,0.333486983697282,0.264608775083988,0.0860676770877077,-0.19085826341434,83.0038158924409,26.0457707146748,1.47046703027708,24.2507384547571,62.1683342649342,86.4190727196912,256.35645850916,46.0130581327989,47.6244443715453
2063,52,GO,Goiás,8515843,1100725,5129510,2870946,2285608,754542,0.129256140584085,0.602349056928363,0.337129982316489,0.268394802487552,0.0886044986973104,-0.218934192962983,83.1258757055859,26.1112459938285,1.47304893042515,24.2227847009312,63.1786384846348,87.401423185566,260.823184719162,46.2061882775434,47.9229963309546
2064,52,GO,Goiás,8494839,1091116,5091893,2893434,2311830,773555,0.128444576760078,0.599410183053499,0.340610810869988,0.272145240186424,0.0910617611469741,-0.2466461629224479,83.2460313017614,26.1755879826443,1.47567190972119,24.1917092230675,64.151853683877,88.3435629069445,265.181153974463,46.3933404741396,48.202742413526
2065,52,GO,Goiás,8471590,1081496,5053825,2913714,2336269,791410,0.127661513364079,0.596561566364756,0.343939449383174,0.275776920271165,0.0934192990926143,-0.273683821435577,83.3642914141545,26.2388210730581,1.47833183040388,24.1600579039313,65.0908546638132,89.2509125677445,269.415143467937,46.5742319918693,48.4665233123483
2066,52,GO,Goiás,8446205,1071960,5015867,2932226,2358378,807918,0.126916171227196,0.593860437912648,0.347164910157876,0.279223390860156,0.095654557283419,-0.29964859017021,83.4807141303735,26.3011363980433,1.4810249677853,24.1322695828181,66.0111089124112,90.1433784952293,273.538751445949,46.7485812859148,48.7264476875293
2067,52,GO,Goiás,8418786,1062558,4978078,2946161,2378150,822982,0.126212734235079,0.59130591987966,0.349950812385539,0.282481345885262,0.0977554245944724,-0.324631002917875,83.5952965119769,26.3624232874571,1.48374796955805,24.093919661538,66.8053569254163,90.8992765869543,277.270605463419,46.9161780570263,48.9904439782506
2068,52,GO,Goiás,8389411,1053327,4940378,2957793,2395706,836472,0.125554344637544,0.588882580672231,0.352562653087326,0.285563074690226,0.0997056885161545,-0.348922041729061,83.7080498588168,26.422667933012,1.48649781902396,24.0579486379503,67.5558796799939,91.6138283179441,280.804821294812,47.0769576076318,49.2475261521063
2069,52,GO,Goiás,8358153,1044356,4902558,2967181,2411239,848486,0.124950572213741,0.586559973238107,0.355004389127598,0.288489454548152,0.10151596889887,-0.372588731199364,83.8189985041198,26.4819158660484,1.48927180188133,24.0268751598945,68.2641622816462,92.2910374415407,284.115857044916,47.2308941939685,49.4838347133871
2070,52,GO,Goiás,8325116,1035706,4864515,2974167,2424895,859408,0.124407395644697,0.584317984277937,0.357252319367082,0.291274620077366,0.103230753781689,-0.3952667533126061,83.9281841903136,26.5401874396313,1.4920674762387,24.001104920395,68.9223526925367,92.9234576129316,287.16324903013,47.3780652425744,49.69856877426
2000,53,DF,Distrito Federal,2185722,663430,1444351,123216,77941,13304,0.303528994080674,0.660811850729416,0.0563731343693297,0.0356591551899098,0.0060867759028824,,74.2590422953485,21.3078321857846,2.15689147301271,47.4191537843548,8.80695544773836,56.2261092320932,18.5725698265077,26.2872487901023,24.1286496547843
2001,53,DF,Distrito Federal,2246785,670327,1493856,129561,82602,14074,0.298349419281329,0.664886048286774,0.0576650636353723,0.0367645324318971,0.0062640617593583,2.79372216594791,74.4468990654678,21.3698694280986,2.05074879301772,46.3285914615899,8.95440380344973,55.2829952650396,19.3280294542813,26.5520621688324,24.4518205947
2002,53,DF,Distrito Federal,2304285,675791,1540910,135963,87584,14842,0.293275788368192,0.668715024400194,0.0590044200261686,0.0380091872316141,0.0064410435341114,2.55921238569778,74.8643236586311,21.5836056343148,1.95839587225296,45.2781885267375,9.10955953343683,54.3877480601743,20.1190900737062,26.8348094962212,24.8002725500338
2003,53,DF,Distrito Federal,2358214,680102,1585322,142531,92790,15651,0.288397066593617,0.672255359352459,0.0604402314633023,0.0393475740539239,0.0066368022579799,2.34037890278329,74.9705955440395,21.6084111541114,1.93348134753591,44.2895555493328,9.28189395414504,53.5714495034778,20.9572975818333,27.1331893543164,25.1753809205087
2004,53,DF,Distrito Federal,2408645,683358,1627232,149416,98055,16517,0.283710550952922,0.675579838456892,0.0620332178465486,0.0407096105901866,0.006857382470227,2.13852517201578,75.2680982210225,21.7812840639072,1.885593017344,43.3638286382578,9.4814867460598,52.8453153843176,21.8649668255878,27.4451386567967,25.5731266297417
2005,53,DF,Distrito Federal,2455721,685398,1667015,156761,103308,17505,0.279102552773707,0.678829150379868,0.0638350203463667,0.0420682968464251,0.0071282527616125,1.954459872667,75.6421238359152,21.8890965376207,1.87115762128779,42.4773265607395,9.71521391802732,52.1925404787669,22.8715286592608,27.7695593269757,25.9865654966949
2006,53,DF,Distrito Federal,2499801,686208,1705050,164608,108543,18603,0.274505050602028,0.682074293113732,0.0658484415359463,0.0434206562842402,0.0074417923666723,1.79499218355832,76.0410496839134,22.0852205821756,1.82113645082115,41.6139625284645,9.98238310233265,51.5963456307971,23.9880619287446,28.1016428907741,26.4164630308416
2007,53,DF,Distrito Federal,2539867,684606,1741448,172944,113813,19775,0.269544035179795,0.68564535072112,0.0680917544107625,0.0448106140990847,0.0077858407546536,1.6027675802994,76.1872489296851,22.1666641223735,1.76362385614585,40.6942330131598,10.2801077323715,50.9743407455313,25.2618294318192,28.4511716558387,26.8627283419708
2008,53,DF,Distrito Federal,2576812,681289,1776290,181787,119233,20998,0.264392202457921,0.689336280644455,0.0705472498575759,0.0462715168976239,0.0081488288629515,1.45460372531319,76.2696012294684,22.2794303302286,1.75338291229116,39.7546063104235,10.6076431842477,50.3622494946713,26.6828027459712,28.8111585168029,27.3209881068006
2009,53,DF,Distrito Federal,2612218,677164,1810050,191212,125004,22257,0.259229513003892,0.69291690050371,0.0731990974719568,0.0478535864923984,0.008520345545433,1.37402340566561,76.3554013817784,22.3537116120648,1.73564290021858,38.8317290213219,10.9649842130193,49.7967132343412,28.2371774045874,29.1753107895283,27.7823975274119
2010,53,DF,Distrito Federal,2643977,672266,1840436,201263,131275,23542,0.254263180050356,0.69608623675622,0.0761213127043087,0.0496505831934241,0.008904010889656,1.21578673755407,76.4632765166403,22.4863963951842,1.74411777586102,37.9715190731386,11.367913658012,49.3394327311505,29.9380007318532,29.5482335890214,28.2554781518955
2011,53,DF,Distrito Federal,2673022,666619,1868291,212010,138112,24880,0.24938777159335,0.698943368217695,0.0793147231859671,0.0516688601889547,0.0093078171447896,1.09853451826547,76.7416130595576,22.6403444281308,1.71370591616079,37.1501114861683,11.8151374866041,48.9652489727724,31.8037739698388,29.9292602155912,28.7372000298107
2012,53,DF,Distrito Federal,2702947,660597,1896833,223472,145517,26301,0.244398798792577,0.701764777481763,0.082677166810892,0.0538364237256594,0.0097304904609672,1.11951940537713,77.0064237197616,22.8776524611143,1.71512101400538,36.3189284822841,12.2862555927335,48.6051840750177,33.8287942573157,30.3123324282718,29.2171201496026
2013,53,DF,Distrito Federal,2733626,654901,1925221,235579,153504,27862,0.239572275066158,0.704273737519324,0.0861782116500209,0.0561539874145183,0.0101923233097724,1.13502040550555,77.1665435157275,22.9760548683997,1.75637108159202,35.5316941794085,12.7813531863455,48.313047365754,35.971696485423,30.6896239646535,29.690024358466
2014,53,DF,Distrito Federal,2764386,649570,1952785,248187,162031,29599,0.23497803852284,0.706408222296018,0.0897801537122529,0.0586137391811418,0.0107072601293741,1.12524537006891,77.4813021826466,23.0685625176198,1.76497823228431,34.799095053168,13.2960004371517,48.0950954903197,38.2078913742938,31.060427161764,30.1574028436019
2015,53,DF,Distrito Federal,2794821,645174,1978566,261227,171081,31528,0.230846268866593,0.707940150728794,0.0934682400053528,0.0612135804046127,0.0112808655724284,1.10096780985001,77.6129148512373,23.085106708912,1.82531653739178,34.1647514853687,13.8330985691742,47.997850054543,40.489387359069,31.4228356663987,30.6165237948797
2016,53,DF,Distrito Federal,2823570,640677,2002144,274727,180749,33676,0.226903175766848,0.709082473606109,0.0972977471782177,0.0640143506270431,0.0119267452197041,1.02865264000807,78.1480889507503,23.3359200707072,1.73317857291505,33.5755379773039,14.3974371202505,47.9729750975544,42.8807339735936,31.7934044489777,31.0837645786669
2017,53,DF,Distrito Federal,2850314,635778,2023393,288829,191143,36081,0.223055424770745,0.709884244332379,0.101332344436438,0.0670603308968766,0.0126586053326055,0.947169717768648,78.5573391157558,23.6321178212533,1.77760610786025,33.015302951072,14.9985953210951,48.0138982721671,45.4292221498699,32.1782659735033,31.5606206611733
2018,53,DF,Distrito Federal,2875413,631208,2042036,303578,202169,38655,0.219519074303413,0.710171373642673,0.105577181434458,0.0703095520539136,0.0134432862340123,0.8805696495193251,78.8390273546657,23.7135463334228,1.76434528701872,32.5259825819181,15.6432946671359,48.169277249054,48.0947643249135,32.5674284007202,32.0465072621282
2019,53,DF,Distrito Federal,2899708,625972,2060131,318993,213605,41214,0.215874150086836,0.710461536127086,0.110008662941234,0.0736643137860778,0.0142131552556326,0.844922103363932,79.0624810869805,23.6983979533662,1.70419381938837,32.0232378374037,16.3189227432967,48.3421605807004,50.9596275871764,32.9647592102377,32.5309329299042
2020,53,DF,Distrito Federal,2921417,619103,2077862,334073,224452,43366,0.211918736695241,0.711251423538646,0.114353069075726,0.0768298397661135,0.0148441663754267,0.748661589373834,76.686469073099,21.7824734711956,1.59250274660703,31.4546338583537,16.9731755410034,48.4278093993571,53.9608110443658,33.3614773241889,33.0087486851687
2021,53,DF,Distrito Federal,2938025,610236,2093580,348214,234209,44979,0.207702793543282,0.712580730252465,0.118519753916321,0.0797164762042529,0.0153092638762434,0.568491249280734,74.9516166957002,20.9022319112698,1.55047073678375,30.8266168243184,17.5903413611508,48.4169581854691,57.0621857773058,33.7493955973826,33.4643079154579
2022,53,DF,Distrito Federal,2952426,600619,2106805,363942,245002,46867,0.203432363757805,0.713584354019373,0.123268796576104,0.0829832822228229,0.0158740642441165,0.490159205588792,78.7814072540497,23.6298511825653,1.47778931598302,30.2142751142557,18.3081849119533,48.522460026209,60.5944866879003,34.1708249419291,33.9536527886881
2023,53,DF,Distrito Federal,2967543,590413,2119340,382223,257790,49454,0.198956847466069,0.714173307682483,0.128801166486888,0.0868698448514478,0.0166649649221595,0.512019606926639,79.5950667762747,24.2850351448387,1.47402965008054,29.5960162553944,19.1599407892197,48.7559570446141,64.7382425522473,34.6334253623284,34.4758289498903
2024,53,DF,Distrito Federal,2982818,580034,2131318,401534,271466,52486,0.194458394712651,0.71453169452511,0.13461565539701,0.0910099107622389,0.0175961121328891,0.514735591025972,79.7497011538369,24.3772840631246,1.44415192538687,28.983585259213,20.0641599000625,49.0477451592755,69.2259419275422,35.0993895705336,34.9974008533865
2025,53,DF,Distrito Federal,2996899,569143,2141908,421412,285848,55874,0.189910637629096,0.714708103276086,0.140616016755987,0.0953812590948177,0.0186439382842064,0.4720703710384019,79.8932832821468,24.4580083241347,1.42677725987798,28.3671693388571,21.0039753900627,49.3711447289199,74.0432545072152,35.5669073265399,35.5129693943998
2026,53,DF,Distrito Federal,3009996,558023,2151068,441633,300905,59571,0.185389947362056,0.714641481251138,0.146722121889863,0.0999685713868058,0.0197910562007391,0.437018398017419,80.0299834329335,24.5317980977546,1.41410822218589,27.7576429857636,21.9680750519813,49.7257180377449,79.1424367812796,36.0328472197305,36.0267760038283
2027,53,DF,Distrito Federal,3022201,546970,2158690,462031,316541,63496,0.180983991468469,0.714277442168804,0.152878977936941,0.104738566362727,0.0210098534147795,0.405482266421608,80.1645125193913,24.6038984947106,1.40509270529853,27.1691833896285,22.950079475462,50.1192628650904,84.4709947529115,36.4955669725475,36.5355549236625
2028,53,DF,Distrito Federal,3033601,535232,2165682,482565,332687,67630,0.176434540995998,0.71389810327726,0.159073325727411,0.109667355726742,0.0222936371658633,0.377208531133433,80.2988282650806,24.6764627335863,1.39889633386804,26.5517877730176,23.9390833632635,50.4908711362811,90.1599680138706,36.9541511886369,37.0398864458426
2029,53,DF,Distrito Federal,3044254,522794,2172027,503301,349433,72022,0.171731399548132,0.713484157366632,0.16532818877794,0.114784443085235,0.0236583412553617,0.35116681462064,80.4340368718218,24.7507247052469,1.39486450537795,25.90450009142,24.9386198015122,50.8431198929321,96.2713803142347,37.4075694735065,37.5408968668693
2030,53,DF,Distrito Federal,3054218,509457,2178109,524363,366652,76712,0.166804399685943,0.71314784995701,0.171684863359459,0.120047750357047,0.0251167401933981,0.327305146022638,80.5695383835306,24.8260534313678,1.392487955475,25.2156753273365,25.9534507557422,51.1691260830787,102.925860278689,37.854957308221,38.0358121287834
2031,53,DF,Distrito Federal,3063518,496626,2182745,545881,384147,81707,0.162109705247366,0.712496221664113,0.178187626121342,0.125394073088521,0.0266709710861826,0.304496928510023,80.7040234767055,24.9010946140516,1.39137310602571,24.5731468062272,27.0102933630742,51.5834401693014,109.917926165767,38.2958928264825,38.5279711884754
2032,53,DF,Distrito Federal,3072159,484702,2185687,567944,401770,86968,0.157772433002328,0.7114498305589,0.184868035801532,0.130777736438772,0.0283084306508875,0.282061342548001,80.8365305993061,24.9748116610277,1.39121739274435,24.0009348788545,28.1228197095042,52.1237545883587,117.173851149779,38.7302382461324,39.0154386502396
2033,53,DF,Distrito Federal,3080129,472650,2188017,590477,419462,92422,0.153451365186328,0.710365377553992,0.191705282473559,0.13618325725968,0.0300058861171074,0.25942667680936,80.9666918767289,25.0467682945325,1.3917892188914,23.43329357135,29.2749833664022,52.7082769377522,124.929017243203,39.1577969623999,39.4999890796313
2034,53,DF,Distrito Federal,3087432,461568,2188581,613459,437283,98019,0.149499001111603,0.708867758059125,0.198695550217786,0.141633240829272,0.0317477437559758,0.237100459104145,81.0937486375078,25.1161129739943,1.39291194340198,22.9361386003314,30.4838737729234,53.4200123732549,132.90761057959,39.5783171904677,39.9794281729428
2035,53,DF,Distrito Federal,3094049,452732,2185969,637077,455348,103736,0.146323474515109,0.706507556926215,0.205903978896262,0.147168968558675,0.0335275879599838,0.2143205097310699,81.2176938304442,25.1828736980009,1.39445125101351,22.5887119307069,31.786462699078,54.3751746297849,140.718349928876,39.9914697537111,40.4559250923235
2036,53,DF,Distrito Federal,3099934,445878,2180293,661529,473763,109518,0.143834675189859,0.703335296815997,0.213400994988926,0.152830027994144,0.0353291392655457,0.190203839693548,81.3394697099766,25.2481393300717,1.39630528327208,22.3775135794898,33.2005036820078,55.5780172614976,148.365472169517,40.397203940471,40.9272743146499
2037,53,DF,Distrito Federal,3105046,440491,2171957,686909,492598,115380,0.141862954687306,0.699492696726554,0.221223453694406,0.15864434858614,0.0371588697880804,0.164906736724069,81.4600394999766,25.3129556527889,1.39839698189559,22.2735009197804,34.7336682095785,57.0071691293589,155.941665096449,40.7956175206422,41.3951676442266
2038,53,DF,Distrito Federal,3109385,436087,2161501,713244,511797,121392,0.140248634376251,0.695153864831792,0.229384267306879,0.164597500791957,0.0390405176586367,0.139740280820311,81.5790723994713,25.3769842321187,1.40066818135227,22.2487237596515,36.3889974459887,58.6377212056402,163.555437332459,41.186944685203,41.8582795228193
2039,53,DF,Distrito Federal,3112919,432121,2149454,740303,531344,127657,0.138815369111757,0.690494677182413,0.237816338941039,0.17068995370583,0.0410087766498261,0.113655915880462,81.6963602772316,25.4399668482073,1.40307507086653,22.2685964148323,38.150214249457,60.4188106642893,171.318450156322,41.5710473031903,42.3171526360824
2040,53,DF,Distrito Federal,3115617,428749,2135448,767608,551420,134265,0.137612870901654,0.685401318583125,0.246374313659221,0.176985810515221,0.0430941928998333,0.0866710633974144,81.8116642344933,25.5016339960595,1.40558472059758,22.3392870168711,39.9949980721737,62.3342850890447,179.034353432894,41.9480764163246,42.7719707421764
2041,53,DF,Distrito Federal,3117386,425696,2119463,794473,572227,141206,0.136555434585258,0.679884685438377,0.254852302538088,0.183559879976365,0.0452962834887948,0.0567784807953053,81.9249914294905,25.5619228958534,1.40817243011175,22.4379182771396,41.8757053094085,64.3136235865481,186.629190784034,42.3185531082773,43.2232852064774
2042,53,DF,Distrito Federal,3118159,422781,2101498,820391,593880,148415,0.135586735634713,0.673954727773664,0.26310107983589,0.190458536591623,0.0475969955348653,0.0247964159715952,82.0367046214719,25.6212065807523,1.41081970946523,22.5484763361026,43.7544900311309,66.3029663672335,194.046326585159,42.683122316726,43.6717487905786
2043,53,DF,Distrito Federal,3117914,419896,2081629,845203,616389,155826,0.134672091661284,0.66763515606909,0.271079638501896,0.197692752269626,0.049977645310294,-0.0078572003544441,82.1469803638908,25.6796753467696,1.4135127452876,22.662597183205,45.6172364753092,68.2798336585142,201.28865242822,43.0417776115698,44.1169144410823
2044,53,DF,Distrito Federal,3116662,416957,2060162,868903,639543,163515,0.13378319496949,0.661015535210427,0.278792823860913,0.205201269820083,0.0524647844392494,-0.040155052384383,82.2558363158364,25.7373346094732,1.41624123766262,22.774554539486,47.4602387369033,70.2347932763893,208.391512793885,43.394426472938,44.5563926337122
2045,53,DF,Distrito Federal,3114389,413890,2037611,891302,662888,171382,0.13289605119977,0.654257062942362,0.286188398430639,0.212846885857868,0.0550290923837709,-0.0729305904843103,82.3632443623281,25.7941199664863,1.41899751984143,22.877000127681,49.2650606871446,72.1420608148256,215.347556113943,43.7410413406932,44.9910338375175
2046,53,DF,Distrito Federal,3111067,410629,2014682,912189,685756,179273,0.131989764283444,0.647585538980678,0.293207764410088,0.220424696735879,0.0576242813157029,-0.106666187171867,82.4693638382292,25.8501716595489,1.42177589326712,22.9626299245799,51.0101781127796,73.9728080373595,222.14432005533,44.0816324431457,45.4158911874317
2047,53,DF,Distrito Federal,3106713,407152,1991885,931467,707676,187099,0.131055556145676,0.641155137278532,0.299823961852929,0.227789306575792,0.0602241018079237,-0.139951984319209,82.5741357102253,25.9053718274144,1.42457212622348,23.0277349507436,52.6819841026552,75.7097190533987,228.776230989901,44.4163931460679,45.8346996386631
2048,53,DF,Distrito Federal,3101324,403443,1969387,948980,728494,194818,0.130087343341102,0.63501491620998,0.305991892494947,0.234897740448918,0.062817686897596,-0.173463078179414,82.6774809357346,25.9595813714912,1.42738307662952,23.0683726523114,54.2615047964407,77.3298774487521,235.220340915569,44.7451810903988,46.2447215370341
2049,53,DF,Distrito Federal,3094891,399494,1947199,964764,748198,202488,0.129081767338494,0.629165615202603,0.311727941307141,0.241752617458902,0.065426536831184,-0.207427537400151,82.7793103177119,26.012693065807,1.43020640888089,23.0836924986407,55.7463078538315,78.8300003524722,241.496493063726,45.067856347768,46.6470298954688
2050,53,DF,Distrito Federal,3087388,395285,1925502,979124,766601,210204,0.128032174770388,0.623666996179295,0.317136686415831,0.248300829050317,0.0680847370009859,-0.2424318013138469,82.8796105983794,26.0647170582417,1.43304038182664,23.0758812571549,57.159136218249,80.235017475404,247.700772860088,45.3843365330176,47.0425014900738
2051,53,DF,Distrito Federal,3078816,390821,1904488,992544,783507,218063,0.126938732291894,0.618578050783158,0.322378472763556,0.254483216924948,0.0708269022897114,-0.277645699212403,82.978481452055,26.1157819153641,1.43588369046503,23.0511527611237,58.5415915883148,81.5927443494386,253.963835106097,45.6945062647459,47.4293875474142
2052,53,DF,Distrito Federal,3069173,386144,1884219,1005360,798810,226130,0.125813696393133,0.613917495038566,0.327567067741049,0.260268808568302,0.0736778278708955,-0.31320481639695,83.0761020439212,26.1660968270832,1.43873534813616,23.0166975726439,59.9260044740649,82.9427020467089,260.358829866578,45.9979994610926,47.8098463475483
2053,53,DF,Distrito Federal,3058470,381272,1864842,1017641,812356,234363,0.124661023322119,0.609730355373765,0.332728782692,0.265608621304116,0.076627529451,-0.348725861983012,83.1722887357408,26.2154917917745,1.44159459918577,22.9743238707679,61.320039022462,84.2943628932299,266.906827671584,46.2945685260931,48.182606460057
2054,53,DF,Distrito Federal,3046699,376210,1846286,1029291,824203,242756,0.123481184061832,0.605995538121751,0.337838099530016,0.270523277816417,0.0796783666519075,-0.384865635432097,83.2672009028651,26.2641497986527,1.44446085450756,22.9228892552879,62.7158331901452,85.6387224454332,273.594800776162,46.5843974084739,48.5515367535351
2055,53,DF,Distrito Federal,3033867,370993,1828223,1040327,834651,251460,0.122283870716811,0.602604860397638,0.342904616451545,0.275111268885551,0.0828843189236707,-0.421177149432883,83.360899423359,26.3121226850764,1.44733364422174,22.8648538378241,64.1169100186312,86.9817638564553,280.416881181047,46.8672084175081,48.9141193073096
2056,53,DF,Distrito Federal,3020003,365662,1810156,1050719,844185,260628,0.121080012172173,0.599388808554164,0.347919853059749,0.279531179273663,0.0863005765226061,-0.456974547664746,83.4534044348699,26.3594133303091,1.45021258315232,22.8022563920924,65.5216129486874,88.3238693407798,287.347058212229,47.1427432356855,49.2600474797372
2057,53,DF,Distrito Federal,3005159,360283,1791733,1060422,853143,270337,0.119888165651135,0.59621903533224,0.352867186062368,0.283892799016624,0.0899576361849739,-0.491522690540369,83.5448066339927,26.4061271362345,1.45309734583237,22.7386216324362,66.9266510734928,89.665272705929,294.330290355082,47.4103739602464,49.5954570893253
2058,53,DF,Distrito Federal,2989362,354878,1772874,1069528,861610,280598,0.11871362518156,0.593060994285737,0.357778014171586,0.288225380532702,0.0938655137785253,-0.525662702040064,83.6350358686103,26.4521970452068,1.45598764857467,22.6765480946429,68.3423687311336,91.0189168257766,301.379065481658,47.6698248656402,49.921600353019
2059,53,DF,Distrito Federal,2972623,349467,1753658,1078066,869498,291236,0.117561830073978,0.589936228038335,0.362664892251725,0.292501941887686,0.0979727331720168,-0.55995225737131,83.7240195834018,26.4975618150076,1.45888323675731,22.6179057530629,69.7736701421924,92.3915758952553,308.488641273711,47.920966769079,50.2391870958224
2060,53,DF,Distrito Federal,2954991,344094,1734067,1085754,876830,301898,0.116445024705659,0.586826491180515,0.367430560702215,0.296728484113826,0.102165454987849,-0.593146187727134,83.8117339900075,26.542223002764,1.46178387593723,22.5614253876522,71.1903080563593,93.7517334440115,315.539939667649,48.1633284162287,50.548956243964
2061,53,DF,Distrito Federal,2936530,338822,1714118,1092340,883590,312079,0.115381760104613,0.583722284464998,0.37198325915281,0.300895955430389,0.10627475285456,-0.624739635416827,83.8983048529517,26.5863296019246,1.46468934575417,22.5075861849063,72.5629879205616,95.0705741054679,322.393469137187,48.3960524837138,50.8504121908569
2062,53,DF,Distrito Federal,2917294,333697,1693854,1097811,889743,321403,0.114385797249095,0.58062505870166,0.376311403650095,0.304989144049246,0.110171617944575,-0.655058861990176,83.9837364591207,26.6298773632029,1.46759943585214,22.4592909073043,73.8875585043876,96.3468494116919,328.984378043554,48.6183908786704,51.1419797959542
2063,53,DF,Distrito Federal,2897313,328751,1673192,1102240,895370,329774,0.113467547344729,0.57749784024025,0.380435251558944,0.30903461241502,0.113820633117651,-0.684915541594366,84.0680769388232,26.6729079052209,1.4705139432438,22.4201096348551,75.1703923149213,97.5905019497764,335.281109411074,48.8296659698141,51.4204447268107
2064,53,DF,Distrito Federal,2876631,324001,1652112,1105723,900518,337198,0.112632103318083,0.574321836898789,0.384381243197337,0.313046059783128,0.117219761589165,-0.713833817747689,84.1512831108568,26.7153428957934,1.47343267069354,22.3926624171422,76.4197698953699,98.8124323125121,341.271477557168,49.029564097724,51.6933880126183
2065,53,DF,Distrito Federal,2855286,319480,1630884,1108330,904922,343567,0.111890717777484,0.57118061027862,0.388167770233875,0.316928671943896,0.120326650290023,-0.742013834933986,84.2333316460891,26.7571380004326,1.47635542580667,22.3807615679703,77.6426363735712,100.023397941542,346.916864905471,49.2177105901125,51.9639918981771
2066,53,DF,Distrito Federal,2833335,315214,1609766,1110411,908355,348767,0.111251934557686,0.568152371675075,0.391909534170862,0.320595693767239,0.123094162885787,-0.768784633133068,84.3142134901583,26.7983352420781,1.47928202059682,22.3919699369899,78.8806643413771,101.272634278367,352.27210720336,49.3938016507049,52.2365641308711
2067,53,DF,Distrito Federal,2810837,311215,1588795,1111092,910827,352757,0.110719689544431,0.565239108493306,0.395288663127745,0.324041201962262,0.125498917226435,-0.794046591737296,84.3939591725026,26.8389081522492,1.48221227136603,22.4132715893787,80.0193009873751,102.432572576754,357.017495943319,49.5575410456031,52.5118177327735
2068,53,DF,Distrito Federal,2787832,307476,1567924,1110755,912432,355468,0.110292155337911,0.562416960562903,0.398429675819777,0.327290884099185,0.127506965986473,-0.818439489732059,84.4726350058158,26.8789134002623,1.4851459987791,22.4500420195371,81.1006271169487,103.550669136486,361.249333281297,49.7089767245659,52.7824361325328
2069,53,DF,Distrito Federal,2764372,304019,1547058,1109744,913295,356992,0.109977600699182,0.559641755885243,0.401445246877048,0.330380643415575,0.129140361716875,-0.841514122802234,84.5502808066056,26.9183971508197,1.4880830280482,22.5097715178856,82.1661931765596,104.675964694445,365.024554386403,49.8482501631474,53.0403538841559
2070,53,DF,Distrito Federal,2740519,300834,1526179,1108129,913506,357639,0.109772637956533,0.556894150341596,0.404350051942716,0.333333211701871,0.130500463598318,-0.862872290704719,84.6269454989485,26.9573861896042,1.49102318916932,22.5926660238097,83.2206080705581,105.813274094368,368.352313900689,49.9758137053602,53.2773095121131
