ano,codigo,sigla,local,populacao_total,populacao_0_14,populacao_15_64,populacao_60_mais,populacao_65_mais,populacao_80_mais,proporcao_0_14,proporcao_15_64,proporcao_60_mais,proporcao_65_mais,proporcao_80_mais
2000,0,BR,Brasil,174695935,52259915,111908697,15229921,10527323,2032255,0.299147859393523,0.640591305115371,0.0871795957931133,0.0602608354911063,0.0116330983889236
2001,0,BR,Brasil,177003743,51985452,114176772,15648261,10841519,2097640,0.293696907867084,0.645052867610828,0.0884063847169605,0.0612502245220882,0.0118508228382492
2002,0,BR,Brasil,179228254,51668727,116386875,16075850,11172652,2173094,0.288284496706641,0.649377943502145,0.089694842421441,0.0623375597912146,0.0121247289503808
2003,0,BR,Brasil,181377654,51329911,118532883,16518858,11514860,2256815,0.283000192515446,0.65351425815663,0.0910743833967552,0.0634855493279233,0.012442629785034
2004,0,BR,Brasil,183469593,50980818,120624088,16991330,11864687,2348541,0.27787066601276,0.657460923238653,0.0926111500121985,0.0646684107485865,0.0128007097067033
2005,0,BR,Brasil,185518369,50617799,122678705,17505740,12221865,2447828,0.272845213510906,0.661275245471784,0.0943612219876728,0.0658795410173103,0.0131945316962117
2006,0,BR,Brasil,187535030,50231567,124716555,18066993,12586908,2553428,0.267851648835953,0.665030714528374,0.0963392972502257,0.0671176366356728,0.0136157388835568
2007,0,BR,Brasil,189458827,49754471,126742367,18671742,12961989,2662602,0.26261363372634,0.668970504076857,0.0985530328444396,0.0684158621968033,0.0140537236620809
2008,0,BR,Brasil,191335196,49241553,128741904,19316301,13351739,2772225,0.257357527676194,0.672860543650317,0.100955294184349,0.0697819286734888,0.014488839784605
2009,0,BR,Brasil,193174036,48713507,130694593,19999039,13765936,2880622,0.252174194879896,0.676563971568105,0.103528607747265,0.0712618335519997,0.0149120557795873
2010,0,BR,Brasil,194749329,48121543,132415855,20718042,14211931,2987938,0.247094782031316,0.679929711080032,0.106383123918234,0.0729755068886527,0.0153424816164578
2011,0,BR,Brasil,196158610,47523873,133940245,21475117,14694492,3095583,0.242272684334376,0.682816038510876,0.10947832980668,0.0749112771547474,0.0157810202672215
2012,0,BR,Brasil,197670620,46963290,135492473,22273483,15214857,3204689,0.237583561988119,0.685445682317382,0.112679785190131,0.0769707556944983,0.0162122676602117
2013,0,BR,Brasil,199226702,46410157,137041821,23115563,15774724,3318206,0.232951489605043,0.687868742614632,0.116026430031452,0.0791797677803249,0.0166554280459855
2014,0,BR,Brasil,200811131,45905974,138534751,23998696,16370406,3437363,0.228602736170038,0.689875856533072,0.119508793563839,0.0815214072968893,0.0171173927604641
2015,0,BR,Brasil,202403642,45501725,139904894,24917618,16997023,3561931,0.224806849078338,0.6912172756259,0.123108545645636,0.0839758752957617,0.0175981566576752
2016,0,BR,Brasil,203871925,45102859,141113877,25871388,17655189,3694903,0.221231339234179,0.692169247923666,0.126900199720977,0.0865994128421557,0.0181236479716371
2017,0,BR,Brasil,205211557,44705195,142157814,26861890,18348548,3838238,0.217849304656852,0.692737855889861,0.130898524394511,0.0894128394532867,0.0187038101367751
2018,0,BR,Brasil,206529038,44400860,143049781,27889518,19078397,3988955,0.214986039880745,0.692637618347886,0.135039209353215,0.0923763417713687,0.0193142573975481
2019,0,BR,Brasil,207900099,44121683,143936438,28950761,19841978,4140204,0.21222540639579,0.692334629431802,0.139253233352236,0.0954399641724076,0.0199143916713575
2020,0,BR,Brasil,209164889,43788711,144790679,29979443,20585499,4269699,0.209350198349973,0.692232236931505,0.143329232469796,0.0984175647185221,0.0204130770724144
2021,0,BR,Brasil,210103642,43395390,145458036,30903117,21250216,4356906,0.206542778539746,0.692315633443422,0.147085108596071,0.101141588016832,0.0207369370589016
2022,0,BR,Brasil,210862983,42984314,145928636,31864499,21950033,4440286,0.203849501645341,0.69205430902967,0.151114712248949,0.104096189324989,0.0210576836997511
2023,0,BR,Brasil,211695158,42526495,146375852,32981491,22792811,4572930,0.200885534661119,0.691446386317442,0.155797096691272,0.107668079021439,0.0216014860387123
2024,0,BR,Brasil,212583750,42054707,146815459,34169617,23713584,4751208,0.197826536600281,0.690624090505507,0.160734849206489,0.111549372894212,0.0223498174248972
2025,0,BR,Brasil,213421037,41584042,147170695,35370902,24666300,4956211,0.194845093925769,0.689579139286068,0.16573296848895,0.115575766788163,0.0232226919598371
2026,0,BR,Brasil,214211951,41060882,147504526,36570129,25646543,5184146,0.191683432265644,0.68859148759632,0.170719368500593,0.119725080138036,0.0242010120154314
2027,0,BR,Brasil,214959713,40484197,147827324,37756883,26648192,5429437,0.188333880963081,0.68769781061254,0.175646322155259,0.123968308424379,0.0252579282146697
2028,0,BR,Brasil,215667282,39885987,148119414,38928026,27661881,5688584,0.184942225033466,0.686795941537391,0.180500378355953,0.128261833429143,0.0263766666285524
2029,0,BR,Brasil,216337693,39228421,148417733,40088628,28691539,5964318,0.181329570709622,0.686046573492859,0.185305794122525,0.132623855797519,0.0275694813848274
2030,0,BR,Brasil,216973093,38485050,148758847,41243737,29729196,6259435,0.177372454196429,0.685609652990475,0.190086874043871,0.137017892813096,0.0288488997112651
2031,0,BR,Brasil,217562970,37780666,149021283,42397965,30761021,6571278,0.173653935685838,0.684957017271827,0.194876752234077,0.141389047042334,0.0302040278269781
2032,0,BR,Brasil,218096284,37115134,149203771,43555940,31777379,6898087,0.170177745898688,0.684118813321918,0.199709684187008,0.145703440779394,0.031628631508458
2033,0,BR,Brasil,218574144,36385497,149413458,44713297,32775189,7238414,0.166467526003442,0.683582491806533,0.204568098411494,0.149949982190025,0.0331165153733829
2034,0,BR,Brasil,218997707,35667255,149571434,45872706,33759018,7594670,0.162865883340048,0.682981735511961,0.209466604141202,0.154152381147991,0.0346792215500229
2035,0,BR,Brasil,219367247,35038916,149594746,47051618,34733585,7968781,0.15972719938451,0.681937472643763,0.214487890254647,0.158335327971728,0.0363262114512473
2036,0,BR,Brasil,219681891,34483378,149495429,48270206,35703084,8357822,0.156969597462178,0.680508658767873,0.219727742602143,0.16252174376995,0.0380451113287258
2037,0,BR,Brasil,219940741,33997686,149271248,49540659,36671807,8758972,0.154576572968807,0.678688483640236,0.225245485555584,0.166734943390956,0.0398242361109441
2038,0,BR,Brasil,220144140,33559616,148948749,50866243,37635775,9170052,0.152443830664764,0.676596474473497,0.231058809923353,0.170959694861739,0.0416547631020294
2039,0,BR,Brasil,220292836,33144508,148550344,52236970,38597984,9592604,0.150456585887341,0.674331252424387,0.237125141917915,0.175212161688272,0.0435447841799086
2040,0,BR,Brasil,220386440,32761971,148048781,53633215,39575688,10027368,0.148656927349977,0.671769011741376,0.243359868238717,0.179574060908648,0.045499024350137
2041,0,BR,Brasil,220425299,32404644,147431686,55026158,40588969,10471907,0.147009640667426,0.668851019682636,0.249636308761455,0.184139339649937,0.0475077363964469
2042,0,BR,Brasil,220410205,32067857,146692237,56392977,41650111,10922339,0.145491707155755,0.665541947116287,0.255854655187132,0.188966345727958,0.0495545975287306
2043,0,BR,Brasil,220341694,31748291,145830811,57728377,42762592,11372247,0.144086624840054,0.661839383879839,0.261994795229268,0.194073991280107,0.0516118706067495
2044,0,BR,Brasil,220220282,31442626,144860448,59031923,43917208,11824827,0.142778066191015,0.657797940700121,0.268058520604383,0.199423993108864,0.0536954493592012
2045,0,BR,Brasil,220045691,31147307,143802877,60290459,45095507,12275056,0.141549270328588,0.653513715022031,0.273990636790066,0.20493701464938,0.055784123489153
2046,0,BR,Brasil,219817347,30859621,142687553,61488537,46270173,12713966,0.140387560040928,0.649118711272591,0.279725589627829,0.210493728686481,0.0578387746623109
2047,0,BR,Brasil,219535230,30577486,141538223,62615945,47419521,13135618,0.139282820347331,0.644717583596947,0.285220486024043,0.215999596055722,0.0598337588003529
2048,0,BR,Brasil,219199916,30299046,140361911,63664610,48538959,13539040,0.138225627787193,0.64033743060376,0.290440850351421,0.221436941609047,0.0617657171000011
2049,0,BR,Brasil,218811421,30021715,139161280,64637653,49628426,13928785,0.137203601451864,0.635987277830438,0.295403469821623,0.226809120717698,0.0636565721128423
2050,0,BR,Brasil,218369418,29743299,137950440,65549776,50675679,14309681,0.136206339112925,0.631729668299981,0.300178370214826,0.232063992587094,0.0655296933566036
2051,0,BR,Brasil,217873978,29462867,136744894,66422062,51666217,14686218,0.135228939547797,0.627632979648446,0.304864594706211,0.237138080803757,0.0674069392536634
2052,0,BR,Brasil,217325473,29180494,135554533,67269889,52590446,15062771,0.134270932887835,0.623739735286346,0.309535224156627,0.241989331825819,0.0693097352651339
2053,0,BR,Brasil,216724289,28895041,134388530,68095122,53440718,15437488,0.133326269673447,0.620089841429818,0.314201616783248,0.246583888896736,0.0712310007855188
2054,0,BR,Brasil,216070026,28604397,133245397,68892807,54220232,15813467,0.132384845457463,0.616676914733189,0.318844812838593,0.250938239809348,0.0731867686265748
2055,0,BR,Brasil,215362623,28307817,132111528,69662989,54943278,16204079,0.131442571629526,0.613437588007089,0.323468334614405,0.255119840363386,0.075240906589441
2056,0,BR,Brasil,214603069,28006285,130966514,70403991,55630270,16624302,0.130502723612028,0.610273257555324,0.328066095830158,0.259224018832648,0.0774653506935635
2057,0,BR,Brasil,213793298,27701373,129795745,71113256,56296180,17083001,0.12957082031636,0.607108577369904,0.332626217310142,0.263320602313736,0.079904286803228
2058,0,BR,Brasil,212934075,27392997,128598484,71792720,56942594,17582138,0.128645436386825,0.603935673517731,0.337159376675621,0.267418890095444,0.0825708050719454
2059,0,BR,Brasil,212025649,27080473,127380577,72439658,57564599,18114185,0.12772262755814,0.600779092533281,0.341655164559831,0.271498279908578,0.0854339325710542
2060,0,BR,Brasil,211069036,26764647,126142315,73032189,58162074,18664777,0.12680517951482,0.597635339557812,0.346010908961559,0.275559480927368,0.0884297259025715
2061,0,BR,Brasil,210066029,26447788,124885198,73541875,58733043,19212830,0.125902260950532,0.594504492680252,0.350089328341614,0.279593246369217,0.09146090917918
2062,0,BR,Brasil,209018787,26132079,123612099,73971580,59274609,19741512,0.125022632534941,0.591392289536155,0.353899192803181,0.283585077928904,0.0944485052436937
2063,0,BR,Brasil,207928784,25818785,122321645,74330256,59788354,20246769,0.124171288377274,0.58828625189286,0.357479395445317,0.287542459729866,0.0973735747908765
2064,0,BR,Brasil,206797115,25509014,121016520,74629781,60271581,20728302,0.123352852383845,0.585194430783041,0.360884052952093,0.291452716833114,0.100234967011024
2065,0,BR,Brasil,205625259,25204406,119717570,74878965,60703283,21176878,0.122574464453319,0.582212373043139,0.364152562599325,0.295213162503542,0.102987726814243
2066,0,BR,Brasil,204415091,24906613,118452256,75087501,61056222,21581742,0.121843318309606,0.579469233022527,0.367328559905589,0.298687448667868,0.105578027015628
2067,0,BR,Brasil,203168549,24616757,117217993,75204572,61333799,21936242,0.121164211297291,0.576949501175007,0.370158532755973,0.301886287527702,0.107970658391619
2068,0,BR,Brasil,201887385,24336140,116005914,75277542,61545331,22235218,0.120543143396503,0.574607046398664,0.372868973462606,0.304849810204833,0.110136737865023
2069,0,BR,Brasil,200573375,24066316,114803980,75315921,61703079,22482172,0.119987590576267,0.572378961065994,0.375503084594354,0.307633448357739,0.112089513376339
2070,0,BR,Brasil,199228708,23808343,113603532,75292150,61816833,22689672,0.119502571888385,0.570216677809305,0.377918176330291,0.310280750302311,0.113887562830554
2000,1,NO,Norte,13340960,5027955,7791525,766846,521480,111595,0.376881049039949,0.584030309662873,0.0574805711133232,0.039088641297178,0.0083648403113419
2001,1,NO,Norte,13637976,5063835,8037139,790473,537002,113880,0.371303997015393,0.589320512075985,0.0579611666716527,0.0393754909086216,0.0083502126708538
2002,1,NO,Norte,13930752,5095145,8281917,815367,553690,116137,0.365748022791591,0.59450609701472,0.0585300061331937,0.0397458801936895,0.008336735877575
2003,1,NO,Norte,14220524,5123417,8525520,841722,571587,118475,0.36028327788765,0.599522211699091,0.059190645858057,0.040194510413259,0.0083312682429986
2004,1,NO,Norte,14508485,5149109,8768781,869766,590595,121012,0.354903285904765,0.604389844976922,0.0599487816956767,0.0407068691183125,0.0083407743813361
2005,1,NO,Norte,14795552,5171470,9013325,899904,610757,123810,0.349528696191937,0.609191532698476,0.0608226039826023,0.0412797711095875,0.0083680554804579
2006,1,NO,Norte,15083626,5189945,9261264,932479,632417,127008,0.344078075125968,0.613994539509267,0.0618206126298809,0.0419273853647657,0.008420256508614
2007,1,NO,Norte,15367681,5198689,9513362,967494,655630,130596,0.338287149505511,0.619049939935635,0.0629564083221144,0.042662910558854,0.0084980941496638
2008,1,NO,Norte,15647620,5199806,9767725,1004936,680089,134471,0.332306510510864,0.624230713680419,0.0642229297490609,0.0434627758087172,0.0085937030679426
2009,1,NO,Norte,15919181,5192738,10020702,1045161,705741,138615,0.326193790999675,0.629473463490364,0.0656541941447867,0.0443327455099606,0.0087074203126404
2010,1,NO,Norte,16158154,5168774,10256116,1089024,733264,143300,0.319886417718262,0.634733150828987,0.0673977980405435,0.0453804314527513,0.0088685873398656
2011,1,NO,Norte,16374290,5136191,10475432,1136668,762667,148575,0.313674119610682,0.639748776893532,0.0694178495678286,0.0465771034957852,0.0090736758662513
2012,1,NO,Norte,16591669,5100122,10697924,1187647,793623,154244,0.30739053436999,0.644776845536154,0.0715809241372884,0.0478326200938555,0.0092964728262117
2013,1,NO,Norte,16808083,5059221,10922189,1242063,826673,160379,0.300999287069204,0.649817650234117,0.0738967674064913,0.0491830626966799,0.0095417782027849
2014,1,NO,Norte,17025334,5021102,11141900,1299803,862332,167023,0.294919441815356,0.654430626735429,0.0763452276472227,0.0506499314492156,0.0098102627531418
2015,1,NO,Norte,17236948,4985658,11350475,1360593,900815,174148,0.289242503951396,0.658496794212061,0.0789346814760943,0.0522607018365432,0.0101031806790854
2016,1,NO,Norte,17429371,4943699,11543475,1424371,942197,181861,0.283641848004727,0.662300148410405,0.081722455732912,0.0540580035848683,0.010434168852106
2017,1,NO,Norte,17606346,4897488,11722179,1491444,986679,190318,0.278166065803773,0.665792834015644,0.084710592419347,0.0560411001805826,0.0108096251203969
2018,1,NO,Norte,17783329,4858733,11890429,1561723,1034167,199343,0.273218417091648,0.66862784802553,0.0878194965633262,0.058153734882822,0.0112095434999825
2019,1,NO,Norte,17970930,4823890,12062680,1634716,1084360,208662,0.268427399138498,0.671232930070954,0.0909644631635647,0.060339670790549,0.0116110852359895
2020,1,NO,Norte,18137222,4780568,12226390,1701969,1130264,215709,0.263577740846972,0.674104887727569,0.0938384610388515,0.0623173714254587,0.0118931664397117
2021,1,NO,Norte,18272491,4732288,12369833,1761235,1170370,220008,0.25898428408037,0.676964788216341,0.0963872413454739,0.0640509277032891,0.0120403944924641
2022,1,NO,Norte,18403491,4682071,12504063,1828263,1217357,225991,0.254412111267368,0.679439732385557,0.0993432713391171,0.0661481563470757,0.0122797897420658
2023,1,NO,Norte,18535113,4621937,12638166,1908027,1275010,235158,0.249361144979262,0.681849956889931,0.102941212173889,0.0687888981308072,0.0126871630078543
2024,1,NO,Norte,18669345,4562408,12769650,1992741,1337287,246031,0.244379650169837,0.683990252470025,0.106738667050183,0.0716300973601377,0.0131783412862101
2025,1,NO,Norte,18801282,4510219,12888989,2080168,1402074,257853,0.239888907575558,0.685537773434811,0.110639689357353,0.0745733189896306,0.0137146498839813
2026,1,NO,Norte,18929341,4455569,13004609,2169970,1469163,270412,0.23537898123342,0.687008015757125,0.114635263847801,0.077613003009455,0.0142853361878789
2027,1,NO,Norte,19053881,4397028,13118440,2261893,1538413,283581,0.230768104408755,0.688491756613784,0.118710356173632,0.0807401389774608,0.0148831096404979
2028,1,NO,Norte,19175267,4336740,13228452,2355908,1610075,297513,0.226163213268425,0.689870550433535,0.122861809433996,0.0839662362980396,0.015515455404089
2029,1,NO,Norte,19293882,4267926,13341902,2452363,1684054,312791,0.221206183390154,0.69150946398449,0.127105732273059,0.0872843526253555,0.0162119266615189
2030,1,NO,Norte,19409992,4192728,13456976,2551693,1760288,329786,0.216008744362182,0.693301470706428,0.131462856862589,0.09068978493139,0.0169905273531282
2031,1,NO,Norte,19521320,4123132,13559753,2654206,1838435,348396,0.211211741828934,0.694612505711704,0.135964473713868,0.0941757524593624,0.0178469488743589
2032,1,NO,Norte,19625458,4056911,13650326,2760134,1918221,368435,0.206716755349098,0.695541780477174,0.140640488492039,0.0977414641737278,0.018773319837937
2033,1,NO,Norte,19722458,3982650,13740252,2869226,1999556,389748,0.201934768982649,0.696680505036441,0.145480142485283,0.10138472598091,0.0197616341735903
2034,1,NO,Norte,19812493,3904855,13824906,2981560,2082732,412465,0.197090542820633,0.697787300164598,0.150488885977146,0.105122157014768,0.0208184300683412
2035,1,NO,Norte,19895607,3833432,13894021,3097963,2168154,436655,0.192677308111283,0.698346172599811,0.155710906432762,0.108976519288906,0.0219473072623519
2036,1,NO,Norte,19971690,3761861,13953687,3219318,2256142,462271,0.188359673117298,0.698673322087415,0.161194070206377,0.112967004795288,0.0231463136069106
2037,1,NO,Norte,20040651,3694057,13999620,3346049,2346974,489195,0.184328193729834,0.698561139555796,0.166963089173101,0.11711066671437,0.0244101351797404
2038,1,NO,Norte,20102400,3635468,14026543,3478127,2440389,517192,0.180847460999682,0.697754646211398,0.173020485116205,0.121397892788921,0.0257278732887615
2039,1,NO,Norte,20157022,3577394,14043152,3614805,2536476,546154,0.177476315697825,0.696687834145342,0.179332294224812,0.125835850156834,0.027094974644568
2040,1,NO,Norte,20204507,3520380,14048118,3754702,2636009,576037,0.17423736199057,0.695296252464858,0.185834873377509,0.130466385544572,0.0285103219791505
2041,1,NO,Norte,20245833,3466066,14039843,3895957,2739924,606718,0.1711989820325,0.693468280608657,0.192432536611361,0.135332737358843,0.0299675493717645
2042,1,NO,Norte,20281965,3414238,14019041,4037089,2848686,638117,0.168338620049882,0.691207237563027,0.199048218454178,0.140454142387091,0.0314622868149117
2043,1,NO,Norte,20312875,3364565,13986004,4177683,2962306,670370,0.165637065161874,0.688529024079555,0.205666750767678,0.145833910758571,0.0330022214974493
2044,1,NO,Norte,20338549,3316681,13941779,4317523,3080089,703411,0.163073629293811,0.68548542966364,0.212282744457336,0.151440941042549,0.0345851122417828
2045,1,NO,Norte,20359031,3270370,13887885,4455268,3200776,737227,0.160634855362222,0.682148624853511,0.218834973039729,0.157216519784267,0.036211301019189
2046,1,NO,Norte,20374328,3225593,13826207,4589339,3322528,771639,0.15831653441527,0.678609228240558,0.22525106104113,0.163074237344172,0.0378731018760472
2047,1,NO,Norte,20384446,3182278,13758313,4718673,3443855,806508,0.156113048154461,0.674941717817595,0.231483995199085,0.168945234027945,0.0395648721579188
2048,1,NO,Norte,20389379,3140220,13684750,4842526,3564409,841822,0.154012537605976,0.671170514805772,0.23750237807635,0.174816947588252,0.0412872800098522
2049,1,NO,Norte,20388991,3099041,13606000,4961219,3683950,877816,0.151995800086429,0.667320908621716,0.243328323603655,0.180683291291855,0.0430534301574806
2050,1,NO,Norte,20383307,3058592,13523480,5076233,3801235,914841,0.150053767035938,0.663458584026625,0.249038735471138,0.186487648937437,0.0448818731916269
2051,1,NO,Norte,20372387,3018891,13438741,5189530,3914755,953174,0.14818543354787,0.659654708110542,0.254733527298495,0.192159858341588,0.0467875462998028
2052,1,NO,Norte,20356208,2979997,13352733,5302606,4023478,993047,0.146392540300237,0.655953849557835,0.260490853699274,0.197653610141928,0.0487834964154424
2053,1,NO,Norte,20334783,2941849,13266237,5415589,4126697,1034301,0.144670784045249,0.652391372949492,0.266321455212972,0.202937843005259,0.0508636359679865
2054,1,NO,Norte,20307949,2904186,13179000,5527890,4224763,1077005,0.143007351456319,0.648957706167176,0.272203263854957,0.208034942376505,0.0530336667676288
2055,1,NO,Norte,20275622,2866863,13089715,5639434,4319044,1121750,0.141394577192256,0.645588825832322,0.278138643539518,0.213016596975422,0.0553250598181402
2056,1,NO,Norte,20237870,2829917,12996478,5749973,4411475,1169167,0.13983274919742,0.642186060094269,0.284119475023804,0.217981190708311,0.0577712476658858
2057,1,NO,Norte,20194797,2793392,12897884,5859143,4503521,1219512,0.138322360952675,0.638673614792959,0.290131314516308,0.223004024254366,0.0603874354369593
2058,1,NO,Norte,20146369,2757338,12793766,5966842,4595265,1272712,0.136865258449302,0.635040785761444,0.296174561281986,0.228093955789254,0.0631732695852042
2059,1,NO,Norte,20092594,2721687,12684737,6072608,4686170,1328226,0.135457223691476,0.631314055318094,0.302231160396711,0.233228720990431,0.0661052525124431
2060,1,NO,Norte,20033445,2686336,12570899,6174762,4776210,1385076,0.134092563710335,0.627495620448705,0.308222674632346,0.23841181584096,0.0691381836723539
2061,1,NO,Norte,19968940,2651308,12452509,6270326,4865123,1441883,0.132771594285926,0.623593891313209,0.314003948131448,0.243634514400865,0.0722062863627213
2062,1,NO,Norte,19899225,2616644,12329989,6359492,4952592,1497529,0.131494769268652,0.61962156817665,0.31958490845749,0.248883662554697,0.0752556443781102
2063,1,NO,Norte,19824422,2582501,12203368,6442910,5038553,1551729,0.130268665588333,0.615572448972283,0.324998630477095,0.254158885439384,0.0782736061611279
2064,1,NO,Norte,19744655,2548972,12073072,6521515,5122611,1604394,0.129096811263605,0.611460266082137,0.330292679208626,0.259442922654258,0.0812571300941951
2065,1,NO,Norte,19659999,2516050,11940749,6595859,5203200,1654622,0.127978134688613,0.607362645338894,0.335496405671231,0.264659219972493,0.0841618557559438
2066,1,NO,Norte,19570594,2483732,11809358,6667086,5277504,1701361,0.126911426398197,0.603423585405737,0.340668556100035,0.269664988196066,0.086934561107343
2067,1,NO,Norte,19476591,2452012,11678793,6731632,5345786,1744019,0.125895337638912,0.599632297048287,0.345626809126916,0.2744723653128,0.0895443663626761
2068,1,NO,Norte,19378202,2421012,11548422,6791077,5408768,1782166,0.124934810773466,0.595949097857479,0.350449283168789,0.279116091369055,0.0919675623156369
2069,1,NO,Norte,19275671,2390904,11417326,6844361,5467441,1816301,0.12403739408086,0.592317953548803,0.355077703909763,0.283644652370338,0.0942276406357008
2070,1,NO,Norte,19169147,2361757,11284932,6885471,5522458,1847651,0.123206160399312,0.588702877598049,0.359195482198556,0.288090962002639,0.096386709330363
2000,2,ND,Nordeste,48974858,16170921,29832071,4223867,2971866,675989,0.330188216165936,0.6091303215213,0.0862456201506495,0.0606814623127646,0.0138027761101421
2001,2,ND,Nordeste,49533198,16029451,30464461,4318153,3039286,696030,0.323610258316049,0.615031175657182,0.0871769474686452,0.0613585660267685,0.0140517880553563
2002,2,ND,Nordeste,50065252,15879190,31073034,4411871,3113028,714093,0.317169880618997,0.620650706002638,0.0881224167212821,0.0621794133783647,0.014263245893579
2003,2,ND,Nordeste,50575534,15726144,31657608,4508514,3191782,731623,0.310943706496505,0.625947083425753,0.0891441699854321,0.0631092100777423,0.014465947111898
2004,2,ND,Nordeste,51070449,15573510,32222578,4613593,3274361,750193,0.304941709049787,0.630943698967675,0.0903378194305674,0.0641145919825377,0.0146893754546783
2005,2,ND,Nordeste,51553879,15420156,32773747,4731130,3359976,770767,0.29910758024629,0.635718352056496,0.0917705920828964,0.0651740676972144,0.0149507081707664
2006,2,ND,Nordeste,52032456,15267180,33316956,4862753,3448320,793651,0.293416478361121,0.640311039709523,0.0934561497539151,0.0662724819293558,0.01525299901277
2007,2,ND,Nordeste,52482875,15089746,33853605,5006544,3539524,818019,0.287517518809707,0.645040977652234,0.0953938594255745,0.0674415035380588,0.0155863984204371
2008,2,ND,Nordeste,52917626,14903325,34380149,5159311,3634152,842410,0.281632532041403,0.649691824799548,0.0974970230146001,0.0686756431590487,0.0159192704525331
2009,2,ND,Nordeste,53339516,14711774,34892606,5318918,3735136,866052,0.275813788786535,0.654160528940683,0.0997181526731514,0.0700256822727825,0.0162365927729828
2010,2,ND,Nordeste,53692489,14497378,35352507,5481802,3842604,887157,0.270007561020313,0.658425557436907,0.102096254096173,0.0715668815427797,0.0165229255808946
2011,2,ND,Nordeste,53988268,14272900,35757633,5648113,3957735,906039,0.264370399880211,0.662322284537818,0.104617414287119,0.0733073155819705,0.0167821460766254
2012,2,ND,Nordeste,54290315,14048226,36160276,5820794,4081813,924995,0.258761180516267,0.666053899300455,0.10721606606998,0.0751849201832776,0.0170379376137346
2013,2,ND,Nordeste,54593052,13813190,36566208,6000720,4213654,945610,0.25302102545943,0.669796002612201,0.109917283979654,0.0771829719283692,0.017321068622432
2014,2,ND,Nordeste,54895712,13582685,36962542,6187754,4350485,969295,0.247427066798951,0.673322936407128,0.112718348566096,0.0792499967939208,0.0176570257436501
2015,2,ND,Nordeste,55204481,13381583,37333355,6380848,4489543,996435,0.242400304424563,0.676273996670669,0.115585689502271,0.0813256989047683,0.0180498934497727
2016,2,ND,Nordeste,55483846,13185535,37667407,6579657,4630904,1027875,0.237646377289707,0.67888961770963,0.118586894643172,0.0834640050006627,0.0185256624063155
2017,2,ND,Nordeste,55729786,12989385,37963147,6786474,4777254,1063867,0.233077963012454,0.681200301038299,0.121774628741621,0.0857217359492462,0.0190897377571125
2018,2,ND,Nordeste,55987936,12832333,38225458,7004192,4930145,1102826,0.229198179407792,0.682744546968118,0.125101807646562,0.0880572736240893,0.019697564846827
2019,2,ND,Nordeste,56272587,12691267,38492152,7233983,5089168,1141427,0.225531962836541,0.684030254375901,0.128552522385367,0.0904377827875587,0.0202838906268873
2020,2,ND,Nordeste,56524887,12532961,38752272,7459032,5239654,1171861,0.221724653779494,0.685578937999469,0.131960139964543,0.0926964082210372,0.0207317707685112
2021,2,ND,Nordeste,56713897,12359662,38978029,7673443,5376206,1191873,0.217930042790041,0.687274743260898,0.135300929858514,0.0947952139490608,0.0210155369855822
2022,2,ND,Nordeste,56848401,12176832,39148515,7905831,5523054,1211532,0.214198320195497,0.6886476015394,0.139068660875791,0.0971540782651037,0.0213116284484413
2023,2,ND,Nordeste,56970423,11971200,39298855,8173561,5700368,1241559,0.210130088028309,0.689811536066706,0.143470252976707,0.100058375904985,0.0217930451385274
2024,2,ND,Nordeste,57112096,11769414,39440157,8467135,5902525,1283916,0.206075679659874,0.690574497563528,0.148254670954468,0.103349822776597,0.0224806317736964
2025,2,ND,Nordeste,57244485,11578750,39547519,8769374,6118216,1333232,0.202268393191065,0.690852909236584,0.15319159566201,0.106878697572351,0.0232901387793077
2026,2,ND,Nordeste,57366981,11383296,39636720,9074519,6346965,1388477,0.19842940663027,0.690932646429485,0.158183659690929,0.110637946940244,0.0242034176419359
2027,2,ND,Nordeste,57480567,11181772,39711931,9378607,6586864,1447716,0.194531344828244,0.690875770240749,0.163161351557301,0.114592884931006,0.0251861816185634
2028,2,ND,Nordeste,57586115,10987039,39764596,9680589,6834480,1509136,0.190793197283755,0.690524026494929,0.168106304792397,0.118682776221317,0.0262065951141174
2029,2,ND,Nordeste,57684426,10786158,39806050,9982126,7092218,1572425,0.186985617227083,0.690065807363672,0.173047158343918,0.122948575409245,0.027259090694601
2030,2,ND,Nordeste,57776130,10560994,39858286,10284680,7356850,1637824,0.182791647692568,0.689874624693623,0.178009153607208,0.127333727613809,0.0283477623025287
2031,2,ND,Nordeste,57858209,10344809,39890195,10589781,7623205,1705012,0.178795873200983,0.689447455934905,0.183029879130894,0.131756670864112,0.029468800183566
2032,2,ND,Nordeste,57927552,10141482,39898421,10898917,7887649,1774253,0.175071820746024,0.688764148017165,0.188147377607119,0.136164031236811,0.0306288275396136
2033,2,ND,Nordeste,57984557,9911844,39923556,11210947,8149157,1845675,0.170939376151481,0.688520496931623,0.193343669073819,0.140540126916896,0.031830457892435
2034,2,ND,Nordeste,58029645,9679819,39940529,11526539,8409297,1920314,0.166808171926608,0.688278017209997,0.19863190615762,0.144913810863396,0.0330919480896359
2035,2,ND,Nordeste,58063028,9475238,39918386,11850501,8669404,1998999,0.163188836793011,0.687500934329501,0.204097192450935,0.149310228877488,0.0344280873536254
2036,2,ND,Nordeste,58084585,9285705,39867974,12188396,8930906,2080902,0.159865220694957,0.686377874611655,0.209838737764934,0.153756904693388,0.0358253743226365
2037,2,ND,Nordeste,58094114,9120788,39778157,12543597,9195169,2165722,0.157000208317146,0.684719229903394,0.215918552437171,0.15828056177946,0.0372795426400685
2038,2,ND,Nordeste,58091703,8979874,39650718,12916630,9461111,2254341,0.154581007893675,0.682553892420747,0.222348964360711,0.162865099685578,0.0388065917089743
2039,2,ND,Nordeste,58077616,8842812,39505429,13304750,9729375,2348866,0.152258522457258,0.680217814036995,0.229085677345985,0.167523663505747,0.0404435677938296
2040,2,ND,Nordeste,58051791,8714046,39333137,13703277,10004608,2450565,0.150108133614689,0.677552515132565,0.236052613777239,0.172339351252746,0.0422134262834371
2041,2,ND,Nordeste,58013546,8593312,39127993,14105335,10292241,2559250,0.148125956651572,0.674463046958033,0.243138645584602,0.177410996390395,0.0441146969364707
2042,2,ND,Nordeste,57962156,8479009,38887604,14505111,10595543,2673566,0.146285258954136,0.670913690650155,0.25025140541701,0.18280105039571,0.0461260619774047
2043,2,ND,Nordeste,57897526,8369984,38612512,14901327,10915030,2790992,0.144565486269655,0.666911259731547,0.257374157921705,0.188523253998798,0.0482057212600069
2044,2,ND,Nordeste,57819583,8265332,38306172,15292872,11248079,2913165,0.142950391046577,0.662512076574471,0.264492948695254,0.194537532378952,0.0503837082325551
2045,2,ND,Nordeste,57728113,8164087,37973861,15674180,11590165,3037672,0.141423070593006,0.657805340008256,0.27151727616664,0.200771589398739,0.0526203238273179
2046,2,ND,Nordeste,57622789,8065508,37622545,16038408,11934736,3160860,0.139970802176896,0.652910864831621,0.278334462429439,0.207118332991484,0.0548543389664808
2047,2,ND,Nordeste,57503504,7969036,37258229,16380810,12276239,3280180,0.138583485277697,0.647929715726541,0.284866292669748,0.213486798995762,0.0570431325367581
2048,2,ND,Nordeste,57370187,7874108,36882535,16698610,12613544,3395105,0.137250868643674,0.642886783687841,0.291067728261022,0.219862347668485,0.0591789076790006
2049,2,ND,Nordeste,57222719,7780060,36496999,16992841,12945660,3506912,0.135961033239263,0.63780609586203,0.296959691831491,0.226232870898707,0.0612853087250188
2050,2,ND,Nordeste,57060905,7686453,36107144,17267134,13267308,3616764,0.134706117962903,0.632782532979454,0.302608835243675,0.232511349057643,0.0633842733479253
2051,2,ND,Nordeste,56884656,7593114,35719561,17527127,13571981,3725930,0.133482638973856,0.627929630092164,0.308116955124067,0.23858773093398,0.0654997368710466
2052,2,ND,Nordeste,56694045,7500206,35338659,17777014,13855180,3835640,0.132292659661169,0.623322237811749,0.313560515923674,0.244385102527082,0.0676550773542442
2053,2,ND,Nordeste,56489160,7407601,34967221,18016923,14114338,3945341,0.131133141296489,0.619007629074321,0.318944785158781,0.249859229629189,0.0698424441078607
2054,2,ND,Nordeste,56269870,7314758,34604513,18245596,14350599,4055724,0.129994222485319,0.614974106035788,0.324251611030912,0.255031671478893,0.072076299447644
2055,2,ND,Nordeste,56036176,7221499,34247016,18464229,14567661,4170448,0.12887208791692,0.611159048397592,0.329505514437673,0.259968863685488,0.0744242076761269
2056,2,ND,Nordeste,55788262,7128027,33889111,18674138,14771124,4293586,0.127769296702593,0.607459522578423,0.334732385102802,0.264771180718983,0.0769621753049055
2057,2,ND,Nordeste,55526615,7034757,33526627,18876031,14965231,4427635,0.126691623467413,0.603793820314817,0.339945645885311,0.269514556217771,0.0797389684208195
2058,2,ND,Nordeste,55251549,6941857,33159552,19070238,15150140,4572898,0.1256409480936,0.60015606078302,0.345153001954751,0.27420299112338,0.0827650641975667
2059,2,ND,Nordeste,54963075,6849091,32789277,19255436,15324707,4727357,0.124612587632697,0.596569187586393,0.350334037897261,0.27881822478091,0.0860096892322709
2060,2,ND,Nordeste,54661440,6756498,32414798,19426255,15490144,4887646,0.123606293577337,0.593010319523232,0.355392302142058,0.28338338689943,0.0894167076461945
2061,2,ND,Nordeste,54347032,6664518,32034849,19574486,15647665,5048768,0.122628922955719,0.589449834169417,0.360175805000722,0.287921242874864,0.0928986885613183
2062,2,ND,Nordeste,54020344,6573612,31648901,19700726,15797831,5206488,0.121687710837236,0.58587003814711,0.364690865352505,0.292442251015654,0.0963801341213229
2063,2,ND,Nordeste,53681870,6484200,31256766,19807205,15940904,5359860,0.120789383827352,0.582259261832719,0.368973826731446,0.296951354339929,0.0998448824528654
2064,2,ND,Nordeste,53331923,6396502,30859870,19896886,16075551,5508127,0.11993758409949,0.578637863855012,0.373076478041116,0.301424552045498,0.103280112363471
2065,2,ND,Nordeste,52970842,6310692,30463524,19972041,16196626,5647441,0.119135202721527,0.575099863430527,0.377038390290266,0.305764933847946,0.10661414443818
2066,2,ND,Nordeste,52599125,6227042,30075787,20038185,16296296,5773060,0.118386798259477,0.57179253457163,0.380960424721894,0.309820667168893,0.109755818181386
2067,2,ND,Nordeste,52217337,6145731,29696247,20078814,16375359,5881872,0.117695220650567,0.568704738811173,0.384523898643089,0.31360004053826,0.112642128801015
2068,2,ND,Nordeste,51826019,6067023,29322791,20105466,16436205,5972277,0.117065194608137,0.565792850112605,0.387941547275703,0.317141955279258,0.11523703952642
2069,2,ND,Nordeste,51425753,5991271,28952531,20117849,16481951,6045575,0.116503320816712,0.562996734340477,0.391201836169516,0.320499944842811,0.117559289797857
2070,2,ND,Nordeste,51017220,5918642,28583384,20105130,16515194,6105206,0.116012632597386,0.5602693365103,0.394085173594328,0.323718030892314,0.119669515508685
2000,3,SD,Sudeste,74758366,20311743,49571040,7051647,4875583,866087,0.271698594910435,0.663083513623077,0.0943258577909528,0.0652178914664882,0.011585151553473
2001,3,SD,Sudeste,75676496,20194660,50451933,7247076,5029903,895725,0.266855114433417,0.666679030699307,0.0957638947765235,0.0664658548672761,0.0118362377666112
2002,3,SD,Sudeste,76559025,20060322,51308313,7447632,5190390,934872,0.262024261672611,0.670179812242907,0.0972796087724471,0.0677959260844819,0.0122111272968798
2003,3,SD,Sudeste,77407786,19917576,52136800,7654940,5353410,980820,0.257307139620296,0.673534313460406,0.0988910857106803,0.0691585469192983,0.0126708184109542
2004,3,SD,Sudeste,78230351,19772057,52941029,7875136,5517265,1031988,0.252741509494186,0.676732602158464,0.100665993432651,0.07052588834735,0.0131916575447808
2005,3,SD,Sudeste,79032587,19622240,53728728,8113523,5681619,1086869,0.248280370728596,0.67983005541752,0.102660475988215,0.0718895738538838,0.0137521627629373
2006,3,SD,Sudeste,79807799,19452509,54508429,8372287,5846861,1144076,0.243741955595092,0.682996269575108,0.10490562457436,0.0732617748298008,0.0143353909559641
2007,3,SD,Sudeste,80548781,19251670,55282175,8650680,6014936,1202265,0.239006348215251,0.686319200783436,0.107396783571436,0.0746744510013131,0.0149259242048616
2008,3,SD,Sudeste,81271966,19039734,56042938,8948397,6189294,1260205,0.234271852116879,0.689572810383349,0.110104350127324,0.0761553374997721,0.0155060233192833
2009,3,SD,Sudeste,81977704,18823576,56779429,9264982,6374699,1317032,0.229618238637179,0.692620386147921,0.113018315321444,0.0777613752148999,0.016065734165963
2010,3,SD,Sudeste,82575202,18591035,57408437,9600603,6575730,1374028,0.225140654212387,0.69522611643142,0.116264965358486,0.0796332293561934,0.0166397170908525
2011,3,SD,Sudeste,83107250,18362437,57949698,9956436,6795115,1432002,0.22094867776277,0.697288118665941,0.119802255519224,0.0817632035712889,0.0172307710819453
2012,3,SD,Sudeste,83689735,18156179,58500531,10333056,7033025,1490051,0.216946307692335,0.699016802956778,0.12346861894114,0.0840368893508863,0.0178044655058353
2013,3,SD,Sudeste,84289393,17956553,59042042,10731315,7290798,1549122,0.213034551097076,0.700468230919637,0.127315129674739,0.0864972179832876,0.0183786114108094
2014,3,SD,Sudeste,84893919,17775692,59551392,11149136,7566835,1608949,0.209387105806719,0.701480067141205,0.131330207526407,0.0891328270520766,0.0189524646635762
2015,3,SD,Sudeste,85494023,17636584,59998300,11583471,7859139,1669113,0.206290257273307,0.701783562109365,0.13548866451167,0.0919261806173281,0.0195231542677551
2016,3,SD,Sudeste,86032875,17498941,60366211,12034039,8167723,1731083,0.203398305589578,0.701664462567362,0.139877215541152,0.09493723184306,0.0201211804208566
2017,3,SD,Sudeste,86509018,17362783,60652684,12500599,8493551,1796155,0.200704890673941,0.701114004091458,0.144500530568963,0.0981811052346011,0.0207626330933499
2018,3,SD,Sudeste,86949467,17255668,60857194,12980463,8836605,1863214,0.198456282658984,0.699914514714622,0.149287436115048,0.101629202626394,0.0214286994996761
2019,3,SD,Sudeste,87386818,17148274,61043455,13468867,9195089,1929335,0.196234104782257,0.698543057146216,0.154129276111186,0.105222838071527,0.0220781010701179
2020,3,SD,Sudeste,87778972,17018506,61214934,13935387,9545532,1985761,0.193879076186948,0.697375836208244,0.158755413540273,0.108745087604808,0.0226222858932547
2021,3,SD,Sudeste,88016928,16866396,61292960,14341669,9857572,2022377,0.191626728894696,0.696376951488241,0.162942167215834,0.111996319617063,0.0229771368525836
2022,3,SD,Sudeste,88178052,16699736,61292813,14757419,10185503,2056202,0.189386538046905,0.695102824453414,0.167359322022673,0.115510637499681,0.023318750566184
2023,3,SD,Sudeste,88387852,16518235,61291202,15241645,10578415,2112720,0.186883543679736,0.693434681498992,0.172440495555883,0.119681774821273,0.0239028322579895
2024,3,SD,Sudeste,88617693,16327292,61291190,15747890,10999211,2189768,0.184244155396824,0.691636037060906,0.177705935089057,0.12411980754227,0.0247102799211891
2025,3,SD,Sudeste,88825643,16126346,61271605,16253888,11427692,2279891,0.181550568679812,0.6897963575676,0.182986437824041,0.128653073752587,0.0256670362633907
2026,3,SD,Sudeste,89015421,15898777,61255488,16754577,11861156,2381283,0.17860699664612,0.688144675516392,0.188221061157482,0.133248327837488,0.0267513535660299
2027,3,SD,Sudeste,89188478,15644648,61246523,17246626,12297307,2491445,0.175411088414358,0.686708915472243,0.193372803155134,0.137879996113399,0.0279346060821892
2028,3,SD,Sudeste,89346200,15379408,61232868,17728810,12733924,2609130,0.172132759983077,0.685343842267494,0.198428248767155,0.142523397749429,0.029202473076639
2029,3,SD,Sudeste,89489886,15092288,61226814,18203193,13170784,2735919,0.168647974364388,0.684175796134102,0.203410617821102,0.14717622950151,0.0305723822242885
2030,3,SD,Sudeste,89620404,14772666,61242188,18672315,13605550,2873208,0.164835967487939,0.683350947625721,0.208348926880535,0.151813084886339,0.0320597528214669
2031,3,SD,Sudeste,89734008,14474464,61225886,19138424,14033658,3019427,0.161304106688291,0.682304149392279,0.213279495996657,0.156391743919429,0.0336486363118875
2032,3,SD,Sudeste,89826776,14195100,61179595,19603698,14452081,3173337,0.158027490600353,0.681084168043613,0.218238913528412,0.160888341356034,0.0353272948368981
2033,3,SD,Sudeste,89899108,13898685,61140795,20066249,14859628,3334026,0.15460314689663,0.680104579013176,0.223208543960191,0.165292274090195,0.0370863079086391
2034,3,SD,Sudeste,89951281,13617326,61075873,20527088,15258082,3502442,0.151385570595709,0.678988362600417,0.228202286524413,0.169626066803874,0.0389370997395801
2035,3,SD,Sudeste,89983233,13376843,60956615,20993494,15649775,3679192,0.148659284113519,0.677421925927022,0.233304509074485,0.173918789959458,0.0408875284576628
2036,3,SD,Sudeste,89994489,13178477,60779283,21473806,16036729,3863004,0.146436489016566,0.675366721622254,0.238612455480468,0.17819678936118,0.0429248951010767
2037,3,SD,Sudeste,89984615,13012095,60551562,21972975,16420958,4052052,0.144603552507281,0.672910163587409,0.244185908891203,0.18248628390531,0.0450304977134147
2038,3,SD,Sudeste,89953691,12859237,60293671,22492532,16800783,4243746,0.142953967280787,0.670274563830849,0.25004568183867,0.186771468888364,0.0471770080007056
2039,3,SD,Sudeste,89901937,12718937,60005502,23028060,17177498,4436931,0.141475672543073,0.667455051608065,0.256146427634813,0.191069275848862,0.0493530078222897
2040,3,SD,Sudeste,89829115,12592612,59678052,23570104,17558451,4630710,0.140184081742317,0.664350884454333,0.262388246839569,0.19546503380335,0.0515502128680662
2041,3,SD,Sudeste,89734783,12475401,59307351,24104897,17952031,4823618,0.139025254008805,0.66091819712764,0.268623784380244,0.200056548863555,0.0537541613044297
2042,3,SD,Sudeste,89618705,12365057,58890366,24621737,18363282,5014392,0.137974064677681,0.657121367687694,0.274738817080653,0.204904567634625,0.0559525157164456
2043,3,SD,Sudeste,89481210,12260013,58427295,25118082,18793902,5201758,0.137012150372128,0.652956022834291,0.280707893869562,0.21003182679358,0.0581324056748897
2044,3,SD,Sudeste,89322678,12158869,57923948,25594341,19239861,5385871,0.136122978757981,0.648479751133301,0.286537994304201,0.215397270108718,0.060296792713716
2045,3,SD,Sudeste,89143066,12060053,57390663,26045978,19692350,5565606,0.135288739115166,0.643804006023306,0.292181760945938,0.220907254861528,0.0624345364113906
2046,3,SD,Sudeste,88942311,11962369,56841520,26467955,20138422,5738315,0.134495819430642,0.639083011908697,0.297585645149247,0.226421168660661,0.0645172689520064
2047,3,SD,Sudeste,88720514,11864885,56287609,26857104,20568020,5902413,0.133733276162038,0.634437363606798,0.302715829621997,0.231829360231164,0.0665281650645081
2048,3,SD,Sudeste,88478052,11766892,55732232,27210419,20978928,6057691,0.132992213707418,0.629898949402729,0.307538631162449,0.237108836889854,0.0684654653111034
2049,3,SD,Sudeste,88215192,11667566,55175873,27529404,21371753,6206177,0.132262547249231,0.625469057529229,0.312071009265615,0.24226839522154,0.070352700700351
2050,3,SD,Sudeste,87931994,11566040,54623597,27820956,21742357,6350353,0.13153392154396,0.621202755847889,0.316391733366128,0.247263322608151,0.0722189127202097
2051,3,SD,Sudeste,87628651,11461941,54080612,28094629,22086098,6492477,0.130801294658753,0.617156733361101,0.320610082197888,0.252041971980146,0.0740908016488808
2052,3,SD,Sudeste,87305465,11355346,53550085,28357460,22400034,6634618,0.13006454979651,0.613364638742832,0.324807387487141,0.256570811460657,0.0759931580457191
2053,3,SD,Sudeste,86962657,11245830,53035548,28610605,22681279,6776017,0.129317920909431,0.60986577261548,0.328998744829059,0.260816306475089,0.0779186979073098
2054,3,SD,Sudeste,86600266,11132812,52536229,28852334,22931225,6917962,0.128554016219765,0.606652051161136,0.333166805746301,0.264793932619098,0.0798838423891215
2055,3,SD,Sudeste,86218421,11016229,52045761,29083002,23156431,7066072,0.127771175489284,0.603650129477551,0.337317729351596,0.268578695033165,0.0819554790965147
2056,3,SD,Sudeste,85817674,10896693,51555020,29302064,23365961,7226571,0.126974928264777,0.600750609950114,0.341445562833595,0.27227446178511,0.0842084230807747
2057,3,SD,Sudeste,85398961,10775084,51057372,29508564,23566505,7402989,0.126173478855322,0.597868772665747,0.345537740207401,0.275957748478931,0.0866871085234866
2058,3,SD,Sudeste,84962686,10651450,50552212,29704053,23759024,7596225,0.125366210762216,0.594993100853709,0.349612923018936,0.279640688384075,0.0894066013873431
2059,3,SD,Sudeste,84509059,10525678,50041674,29887705,23941707,7802892,0.124550883947246,0.592145677542096,0.353662735731089,0.283303438510657,0.0923320185117669
2060,3,SD,Sudeste,84038674,10398456,49525473,30048441,24114745,8016024,0.123734175053738,0.58931763963815,0.357554915728442,0.286948185308112,0.0953849414615942
2061,3,SD,Sudeste,83552536,10270953,49004118,30174043,24277465,8225603,0.122928082039305,0.586506650139261,0.361138565560715,0.290565267821434,0.0984482745083883
2062,3,SD,Sudeste,83051673,10144324,48478582,30266242,24428767,8423789,0.122144727897294,0.583715899377488,0.364426638341169,0.294139372725219,0.101428287904568
2063,3,SD,Sudeste,82536735,10019164,47947534,30329655,24570037,8608629,0.121390360304415,0.580923560884738,0.367468558091134,0.297686078810847,0.104300575979895
2064,3,SD,Sudeste,82008239,9895950,47411813,30370004,24700476,8780408,0.120670192661984,0.578134753021584,0.370328693437741,0.301195054316433,0.107067388680301
2065,3,SD,Sudeste,81466896,9775550,46881886,30391486,24809460,8935906,0.119994138478039,0.575471612420338,0.373053196969724,0.304534249101623,0.109687571746934
2066,3,SD,Sudeste,80913543,9658763,46369482,30387571,24885298,9071627,0.119371401150979,0.573074423400295,0.375556054936316,0.307554175448726,0.112115063358429
2067,3,SD,Sudeste,80349043,9546139,45872980,30353056,24929924,9185518,0.118808372117139,0.570921298963075,0.377764997151242,0.310270328919786,0.114320191716534
2068,3,SD,Sudeste,79774090,9438237,45387781,30305625,24948072,9275640,0.118312060971175,0.568953917243055,0.379893083079982,0.31273402178577,0.116273842797831
2069,3,SD,Sudeste,79189361,9335550,44908256,30248289,24945555,9343444,0.117888942177473,0.56709961329275,0.381974151805569,0.315011444529777,0.117988627285425
2070,3,SD,Sudeste,78595747,9238460,44430343,30177943,24926944,9394589,0.11754401927117,0.56530212760749,0.383964071236577,0.31715385312134,0.119530500804325
2000,4,SU,Sul,25503013,7024956,16860955,2362614,1617102,280098,0.27545592358048,0.661135803836198,0.0926405832910802,0.0634082725833218,0.0109829375846689
2001,4,SU,Sul,25778584,6963823,17145401,2433125,1669360,289255,0.27013985717757,0.665102513000714,0.094385517839149,0.0647576298217156,0.011220748199358
2002,4,SU,Sul,26044118,6895527,17425180,2506337,1723411,301090,0.264763314311508,0.669063932209184,0.0962342821515399,0.0661727534793077,0.0115607677710568
2003,4,SU,Sul,26300167,6822719,17698695,2582930,1778753,314845,0.259417326133328,0.672949909405518,0.0982096425471367,0.0676327644611534,0.0119712167607149
2004,4,SU,Sul,26548546,6747401,17965918,2664416,1835227,329936,0.254153315966908,0.676719470813957,0.100360147783611,0.0691272132191345,0.0124276485800767
2005,4,SU,Sul,26791818,6669720,18228468,2752707,1893630,346134,0.248946152142419,0.68037443371704,0.10274431544735,0.070679414140541,0.0129193920322988
2006,4,SU,Sul,27034698,6592394,18488324,2848180,1953980,363059,0.243849367209502,0.683873886810202,0.105352758148066,0.0722767459802954,0.0134293713952344
2007,4,SU,Sul,27263317,6501222,18745799,2950269,2016296,380248,0.238460419177901,0.687583209335827,0.108213868473891,0.0739563714862722,0.0139472390685257
2008,4,SU,Sul,27487139,6406027,18999708,3058800,2081404,397464,0.233055430032205,0.691221738282766,0.111281134060551,0.0757228316850291,0.0144599989107633
2009,4,SU,Sul,27713226,6313541,19248659,3174141,2151026,414767,0.227816891472685,0.694565800459319,0.114535240321715,0.0776173080679961,0.0149663918592516
2010,4,SU,Sul,27910392,6218319,19465375,3296678,2226698,432598,0.222795831746111,0.697423920093992,0.118116506568593,0.0797802481598969,0.0154995315006683
2011,4,SU,Sul,28098358,6130713,19658656,3426502,2308989,451144,0.218187589466972,0.699637181645988,0.121946698807098,0.0821752288870403,0.0160558848314197
2012,4,SU,Sul,28315488,6056833,19860926,3563485,2397729,470164,0.213905301579122,0.701415635146391,0.125849323169002,0.0846790632744878,0.0166044816179753
2013,4,SU,Sul,28551836,5995412,20062993,3707969,2493431,489723,0.209983414026334,0.702686615319589,0.129867970662202,0.0873299706540763,0.0171520668583274
2014,4,SU,Sul,28802860,5948596,20258044,3859955,2596220,509801,0.206527962848134,0.703334460536211,0.134012907051591,0.0901375766156555,0.0176996659359522
2015,4,SU,Sul,29062489,5919397,20437427,4018702,2705665,530253,0.20367825343521,0.703223560789993,0.138277970617038,0.0930981857747972,0.0182452714218662
2016,4,SU,Sul,29316913,5898113,20596807,4183898,2821993,551504,0.201184654059587,0.702557155318502,0.142712774704485,0.0962581906219117,0.0188118032754676
2017,4,SU,Sul,29561726,5881304,20735712,4354776,2944710,573716,0.198949953057545,0.701437798320707,0.147311290281224,0.0996122486217483,0.0194073918417348
2018,4,SU,Sul,29807638,5875050,20858690,4531798,3073898,597135,0.19709881071422,0.699776681399579,0.152034790545967,0.1031245078862,0.0200329526277795
2019,4,SU,Sul,30066296,5872677,20984012,4715523,3209607,621910,0.195324259429895,0.697924746034563,0.156837510014536,0.106750994535542,0.0206846230742889
2020,4,SU,Sul,30323248,5868688,21106975,4900765,3347585,646689,0.19353757882401,0.696065771054605,0.161617416445626,0.110396650121385,0.0213265082948898
2021,4,SU,Sul,30529735,5855230,21203508,5067640,3470997,665224,0.191787776736352,0.69451988364786,0.165990304206702,0.113692339615788,0.0217893800912455
2022,4,SU,Sul,30704015,5846723,21265468,5231620,3591824,680672,0.190422099520209,0.692595675191013,0.170388791172751,0.116982225288777,0.0221688271061618
2023,4,SU,Sul,30903366,5839615,21326155,5420769,3737596,705496,0.188963720003834,0.69009165538796,0.175410309673063,0.120944624608206,0.0228290989402255
2024,4,SU,Sul,31113021,5826099,21388351,5622774,3898571,739214,0.187255972346755,0.687440509232453,0.180720927099943,0.125303518420792,0.0237589914524854
2025,4,SU,Sul,31310809,5807177,21439188,5824279,4064444,777258,0.185468762560559,0.684721624407725,0.186014963714288,0.129809613031717,0.0248239513709148
2026,4,SU,Sul,31498532,5775933,21488106,6022094,4234493,819097,0.183371498074894,0.682193887638954,0.191186497199298,0.134434614286151,0.0260042912476048
2027,4,SU,Sul,31676393,5732830,21536268,6213946,4407295,863952,0.180981148958469,0.679883849149112,0.196169620701448,0.139135001892419,0.0272743175019959
2028,4,SU,Sul,31844583,5678730,21586512,6399200,4579341,911220,0.178326404839404,0.677870770045882,0.200950974927196,0.143802825114714,0.0286145998520376
2029,4,SU,Sul,32003403,5611258,21639932,6578571,4752213,961353,0.175333166913531,0.676175967911912,0.205558483889979,0.148490865174557,0.0300390867808651
2030,4,SU,Sul,32153051,5529664,21699423,6752421,4923964,1014808,0.171979449166426,0.674879127333826,0.210008717368688,0.153141423499748,0.0315617948666831
2031,4,SU,Sul,32292890,5446980,21754307,6921100,5091603,1071042,0.168674280933047,0.673656244455049,0.214322719335433,0.157669474611904,0.0331664957828178
2032,4,SU,Sul,32422276,5366269,21803004,7085183,5253003,1129631,0.165511791954396,0.672469878425561,0.218528242742736,0.162018329620043,0.0348411999206965
2033,4,SU,Sul,32541415,5279690,21854129,7243987,5407596,1190175,0.162245249630356,0.671578940251984,0.222608236304414,0.166175810117661,0.0365741624941632
2034,4,SU,Sul,32650480,5195323,21899079,7398340,5556078,1252901,0.159119345259243,0.670712314183436,0.226592074603497,0.170168340557321,0.0383731265206515
2035,4,SU,Sul,32749560,5119217,21931496,7551764,5698847,1318061,0.156314069563072,0.669672997133397,0.230591311761135,0.174012933303531,0.0402466781233091
2036,4,SU,Sul,32838620,5053074,21949324,7708481,5836222,1385033,0.153875954592489,0.668399707417669,0.23473827462908,0.177724337989842,0.04217695506084
2037,4,SU,Sul,32917657,4993260,21955676,7871293,5968721,1453339,0.151689410944406,0.66698781143506,0.239120694404222,0.181322777620534,0.044150742563482
2038,4,SU,Sul,32986896,4934016,21957129,8041268,6095751,1522842,0.149575031248772,0.665631861815674,0.243771587360023,0.184793106935554,0.046165058997973
2039,4,SU,Sul,33046478,4879298,21948982,8217144,6218198,1594092,0.147649561929111,0.664185212112468,0.248654153099159,0.188165225958421,0.0482378787839358
2040,4,SU,Sul,33096401,4830228,21926621,8396403,6339552,1667362,0.145944207045352,0.662507714962724,0.253695348929329,0.191548077991924,0.0503789520800162
2041,4,SU,Sul,33137198,4784824,21888362,8575138,6464012,1742208,0.144394344989579,0.660537502295758,0.258776798207259,0.195068152714662,0.0525755979730091
2042,4,SU,Sul,33169562,4742822,21832322,8750347,6594418,1817700,0.142987176013961,0.658203505973338,0.263806528406977,0.198809318012701,0.054800241257331
2043,4,SU,Sul,33193781,4704098,21757829,8921514,6731854,1891430,0.141716244979745,0.65547907904797,0.268770647128147,0.202804675972285,0.0569814568578373
2044,4,SU,Sul,33210066,4668269,21666573,9089155,6875224,1964671,0.140567892879225,0.652409814542374,0.273686749071803,0.207022292578401,0.0591589007983302
2045,4,SU,Sul,33218442,4634867,21561407,9252278,7022168,2036208,0.139526923026673,0.649079417993174,0.278528354821698,0.211393658980153,0.0612975166023741
2046,4,SU,Sul,33218875,4603399,21446481,9409726,7168995,2104105,0.138577811560446,0.645611297793799,0.283264439268338,0.215810890645755,0.0633406459430068
2047,4,SU,Sul,33211397,4573517,21325044,9560760,7312836,2167051,0.137709262877439,0.642100180248365,0.287875875862735,0.220190556874196,0.0652502211816022
2048,4,SU,Sul,33196245,4544969,21197969,9704498,7453307,2224915,0.136912141719643,0.638565265438907,0.292337220670591,0.224522592841449,0.0670230925214584
2049,4,SU,Sul,33173504,4517321,21065227,9841094,7590956,2278488,0.136172561089718,0.63500156631027,0.296655246307415,0.228825872600012,0.0686839714007902
2050,4,SU,Sul,33143079,4490093,20928090,9972260,7724896,2328340,0.135476037093597,0.631446764496443,0.300885141057655,0.233077198409961,0.0702511676721405
2051,4,SU,Sul,33104932,4462927,20787968,10100433,7854037,2374984,0.134811544092584,0.627941721795411,0.305103571878655,0.237246734112005,0.0717410928377681
2052,4,SU,Sul,33059090,4435548,20645826,10227208,7977716,2419098,0.134170299303459,0.624512834442811,0.309361449453085,0.241316866253729,0.0731749724508448
2053,4,SU,Sul,33005644,4407582,20502968,10352891,8095094,2460505,0.133540251479414,0.621195817297187,0.31367032256665,0.245263931223399,0.0745480076074262
2054,4,SU,Sul,32944570,4378613,20359632,10476542,8206325,2500122,0.132908488409471,0.617996592458181,0.318005121936635,0.249094919132349,0.0758887428186193
2055,4,SU,Sul,32875828,4348365,20214374,10596985,8313089,2540670,0.132266326493739,0.614870414822708,0.322333630654109,0.252863258683553,0.0772807912244826
2056,4,SU,Sul,32799531,4316798,20064997,10712483,8417736,2585340,0.131611577007,0.611746460642989,0.326604761513206,0.25664196235001,0.0788224685285896
2057,4,SU,Sul,32715915,4283968,19910156,10821525,8521791,2636214,0.130944465407738,0.608577079381702,0.330772500173081,0.26047845521056,0.0805789475856017
2058,4,SU,Sul,32625064,4249633,19749975,10924104,8625456,2694023,0.13025669466886,0.60536203086069,0.334837779935083,0.26438127447045,0.0825752556378127
2059,4,SU,Sul,32527038,4213637,19585667,11020115,8727734,2757768,0.129542597761284,0.602134968453014,0.338798601950783,0.268322433785702,0.0847838650417539
2060,4,SU,Sul,32421949,4176092,19418492,11106924,8827365,2825554,0.128804471316638,0.598930434441187,0.342574223406495,0.272265094242175,0.087149418438725
2061,4,SU,Sul,32309958,4137345,19250096,11180845,8922517,2894410,0.128051698488745,0.595794522543174,0.346049505852035,0.276153778968082,0.0895825986527126
2062,4,SU,Sul,32191344,4097713,19082065,11242235,9011566,2961998,0.127292386425369,0.592770062660323,0.349231613318164,0.279937550914308,0.0920122502496323
2063,4,SU,Sul,32066201,4057253,18914589,11292189,9094359,3027795,0.126527398739876,0.589860613672321,0.352152380009094,0.283611987587803,0.09442325269526
2064,4,SU,Sul,31934584,4016181,18747718,11332405,9170685,3092020,0.125762746745034,0.587066297779235,0.35486308511174,0.287170955475731,0.0968235565554886
2065,4,SU,Sul,31796676,3974892,18583847,11364322,9237937,3153853,0.125009670822195,0.584458796888077,0.357405975391893,0.290531532289727,0.0991881352629438
2066,4,SU,Sul,31652673,3933789,18426399,11393208,9292485,3212309,0.124279835702975,0.58214353650322,0.35994457719258,0.293576627793804,0.101486184121006
2067,4,SU,Sul,31502709,3893175,18274872,11404999,9334662,3266745,0.123582229071157,0.580104777655788,0.362032325537464,0.296312993273055,0.103697272510755
2068,4,SU,Sul,31346942,3853299,18128082,11409190,9365561,3316331,0.122924239308574,0.578304639731684,0.363965008133808,0.298771120959741,0.105794402528961
2069,4,SU,Sul,31185462,3814481,17984088,11411298,9386893,3361086,0.122316000962243,0.576681788456429,0.365917234126594,0.301002210581328,0.107777335477666
2070,4,SU,Sul,31018486,3777008,17841293,11407333,9400185,3402293,0.12176635571446,0.575182586280968,0.367759180767237,0.303051058004572,0.109685978870793
2000,5,CO,Centro-Oeste,12118738,3724340,7853106,824947,541292,98486,0.307320778780761,0.648013514278467,0.0680720220207748,0.0446657069407722,0.0081267537923503
2001,5,CO,Centro-Oeste,12377489,3733683,8077838,859434,565968,102750,0.301651086096703,0.652623322872676,0.0694352465189022,0.0457255910306202,0.0083013606394641
2002,5,CO,Centro-Oeste,12629107,3738543,8298431,894643,592133,106902,0.296025918538817,0.657087710160346,0.0708397672139447,0.046886371300837,0.0084647315126873
2003,5,CO,Centro-Oeste,12873643,3740055,8514260,930752,619328,111052,0.290520329016425,0.661371454839939,0.0722990376539104,0.0481082161436355,0.0086263072542869
2004,5,CO,Centro-Oeste,13111762,3738741,8725782,968419,647239,115412,0.285144056153551,0.665492707997598,0.0738587994504476,0.0493632358488508,0.0088021731938087
2005,5,CO,Centro-Oeste,13344533,3734213,8934437,1008476,675883,120248,0.279830924019597,0.66952039460654,0.0755722212234778,0.050648681373863,0.0090110309592699
2006,5,CO,Centro-Oeste,13576451,3729539,9141582,1051294,705330,125634,0.27470647520475,0.67334106682225,0.0774351117239697,0.0519524579730005,0.0092538175109238
2007,5,CO,Centro-Oeste,13796173,3713144,9347426,1096755,735603,131474,0.269143044234079,0.677537604087742,0.0794970460286342,0.0533193516781792,0.0095297442268953
2008,5,CO,Centro-Oeste,14010845,3692661,9551384,1144857,766800,137675,0.263557337191297,0.681713629691857,0.0817122022262041,0.0547290331168463,0.0098263166853962
2009,5,CO,Centro-Oeste,14224409,3671878,9753197,1195837,799334,144156,0.258139230951528,0.685666237521714,0.0840693627411866,0.056194531526758,0.0101344105052097
2010,5,CO,Centro-Oeste,14413092,3646037,9933420,1249935,833635,150855,0.252967024702264,0.689194240902646,0.0867221967361341,0.0578387343950902,0.0104665258502478
2011,5,CO,Centro-Oeste,14590444,3621632,10098826,1307398,869986,157823,0.24821945103247,0.692153439607458,0.0896064574868318,0.0596271093600716,0.0108168743870988
2012,5,CO,Centro-Oeste,14783413,3601930,10272816,1368501,908667,165235,0.243646714057167,0.694887980197807,0.0925700310205769,0.0614653057450265,0.0111770536343671
2013,5,CO,Centro-Oeste,14984338,3585781,10448389,1433496,950168,173372,0.23930192978829,0.697287327608333,0.0956662883605535,0.0634107426033769,0.0115702141796321
2014,5,CO,Centro-Oeste,15193306,3577899,10620873,1502048,994534,182295,0.235491801455193,0.699049502458517,0.0988624858868768,0.0654586960862896,0.0119983761269601
2015,5,CO,Centro-Oeste,15405701,3578503,10785337,1574004,1041861,191982,0.232284334221468,0.700087389726699,0.102170229060008,0.067628276051833,0.0124617503611163
2016,5,CO,Centro-Oeste,15608920,3576571,10939977,1649423,1092372,202580,0.229136352803397,0.700879817437722,0.105671820984411,0.0699838297588815,0.0129784764096427
2017,5,CO,Centro-Oeste,15804681,3574235,11084092,1728597,1146354,214182,0.22615040442765,0.701317033858513,0.109372470092879,0.0725325617138366,0.013551807847308
2018,5,CO,Centro-Oeste,16000668,3579076,11218010,1811342,1203582,226437,0.223682911238456,0.701096354227211,0.113204148726791,0.0752207345343332,0.0141517216656205
2019,5,CO,Centro-Oeste,16203468,3585575,11354139,1897672,1263754,238870,0.221284418866381,0.700722771199351,0.117115175590806,0.0779928099342684,0.0147419058685462
2020,5,CO,Centro-Oeste,16400560,3587988,11490108,1982290,1322464,249679,0.218772285824386,0.700592418795456,0.120867214290244,0.0806352953801577,0.0152238094308975
2021,5,CO,Centro-Oeste,16570591,3581814,11613706,2059130,1375071,257424,0.21615487341399,0.700862509973241,0.124264125522137,0.082982616612769,0.0155349920832637
2022,5,CO,Centro-Oeste,16729024,3578952,11717777,2141366,1432295,265889,0.213936688715373,0.700445943529043,0.128003044289972,0.0856173677555845,0.0158938740239718
2023,5,CO,Centro-Oeste,16898404,3575508,11821474,2237489,1501422,277997,0.211588502677531,0.699561568062877,0.132408303174667,0.0888499292595916,0.0164510802321923
2024,5,CO,Centro-Oeste,17071595,3569494,11926111,2339077,1575990,292279,0.209089660339295,0.698593833792332,0.13701572700149,0.0923165058683738,0.017120778697011
2025,5,CO,Centro-Oeste,17238818,3561550,12023394,2443193,1653874,307977,0.206600591757509,0.697460463936681,0.14172624828454,0.0959389443058103,0.017865320000478
2026,5,CO,Centro-Oeste,17401676,3547307,12119603,2548969,1734766,324877,0.203848583320365,0.696461823562282,0.146478362199135,0.0996895931173526,0.0186692936933201
2027,5,CO,Centro-Oeste,17560394,3527919,12214162,2655811,1818313,342743,0.200902041263994,0.695551705730521,0.151238690885865,0.103546253005485,0.0195179561460865
2028,5,CO,Centro-Oeste,17715117,3504070,12306986,2763519,1904061,361585,0.197801120929656,0.694716608419803,0.155997784265269,0.107482270650541,0.0204110986114289
2029,5,CO,Centro-Oeste,17866096,3470791,12403035,2872375,1992270,381830,0.194266895241132,0.694221893803772,0.160772392580897,0.111511210955096,0.0213717647100967
2030,5,CO,Centro-Oeste,18013516,3428998,12501974,2982628,2082544,403809,0.190356951968733,0.694032969465817,0.165577225456707,0.115610078565451,0.0224170006566181
2031,5,CO,Centro-Oeste,18156543,3391281,12591142,3094454,2174120,427401,0.186780104560653,0.693476836422,0.170431893340048,0.119743059017347,0.0235397784699433
2032,5,CO,Centro-Oeste,18294222,3355372,12672425,3208008,2266425,452431,0.183411571150716,0.692700952246015,0.175356350218118,0.123887476603269,0.0247308139149071
2033,5,CO,Centro-Oeste,18426606,3312628,12754726,3322888,2359252,478790,0.179774180877368,0.692190737675728,0.180330984447163,0.128035081446903,0.0259836238968804
2034,5,CO,Centro-Oeste,18553808,3269932,12831047,3439179,2452829,506548,0.176240478504467,0.691558681646377,0.185362433415286,0.132200839849157,0.0273015652635836
2035,5,CO,Centro-Oeste,18675819,3234186,12894228,3557896,2547405,535874,0.173175055937306,0.690423697081236,0.190508164595084,0.136401246981458,0.0286934672048385
2036,5,CO,Centro-Oeste,18792507,3204261,12945161,3680205,2643085,566612,0.170507372965193,0.688846943092798,0.195833637310871,0.140645683942009,0.0301509532496117
2037,5,CO,Centro-Oeste,18903704,3177486,12986233,3806745,2739985,598664,0.168088010688276,0.686967644013046,0.201375614006652,0.144944345298678,0.031669137434653
2038,5,CO,Centro-Oeste,19009450,3151021,13020688,3937686,2837741,631931,0.165760766355681,0.684958691598126,0.207143604891251,0.149280542046193,0.0332429923011976
2039,5,CO,Centro-Oeste,19109783,3126067,13047279,4072211,2936437,666561,0.16358464143732,0.682753906729344,0.213095617045992,0.153661451833336,0.0348806158604731
2040,5,CO,Centro-Oeste,19204626,3104705,13062853,4208729,3037068,702694,0.161664434392005,0.680193043072018,0.219151833521778,0.158142522535976,0.0365898299711747
2041,5,CO,Centro-Oeste,19293939,3085041,13068137,4344831,3140761,740113,0.159896898191707,0.677318250047333,0.225191496666388,0.16278485176096,0.0383598704235563
2042,5,CO,Centro-Oeste,19377817,3066731,13062904,4478693,3248182,778564,0.158259880357008,0.674116387826348,0.231124744340397,0.167623731816644,0.040178106749589
2043,5,CO,Centro-Oeste,19456302,3049631,13047171,4609771,3359500,817697,0.156742581401132,0.670588429394239,0.236929453500465,0.172668989204629,0.0420273595670955
2044,5,CO,Centro-Oeste,19529406,3033475,13021976,4738032,3473955,857709,0.155328585006631,0.666788124533844,0.242610143902994,0.177883290459526,0.0439188473013465
2045,5,CO,Centro-Oeste,19597039,3017930,12989061,4862755,3590048,898343,0.153999285300193,0.662807325127026,0.24813723134398,0.183193389572782,0.0458407517584672
2046,5,CO,Centro-Oeste,19659044,3002752,12950800,4983109,3705492,939047,0.15274150665719,0.658770589251441,0.253476669567452,0.188487904091369,0.0477666665784969
2047,5,CO,Centro-Oeste,19715369,2987770,12909028,5098598,3818571,979466,0.151545223424426,0.654769788990508,0.258610325781881,0.193684987585066,0.0496803280729871
2048,5,CO,Centro-Oeste,19766053,2972857,12864425,5208557,3928771,1019507,0.150402156667292,0.650834286440495,0.263510221286971,0.198763556892213,0.0515786839183321
2049,5,CO,Centro-Oeste,19811015,2957727,12817181,5313095,4036107,1059392,0.149297095580413,0.646972454465357,0.268188934287314,0.20373044995423,0.0534748976768732
2050,5,CO,Centro-Oeste,19850133,2942121,12768129,5413193,4139883,1099383,0.148216689530493,0.643226370322053,0.272703109848181,0.208556940147454,0.0553841629171956
2051,5,CO,Centro-Oeste,19883352,2925994,12718012,5510343,4239346,1139653,0.147157984227207,0.639631184922945,0.277133503445496,0.213210830849849,0.0573169453520714
2052,5,CO,Centro-Oeste,19910665,2909397,12667230,5605601,4334038,1180368,0.146122542868357,0.636203260915695,0.28153760811103,0.217674196215948,0.0592832032481085
2053,5,CO,Centro-Oeste,19932045,2892179,12616556,5699114,4423310,1221324,0.145101970219313,0.632978502707575,0.285927209174974,0.221919527073113,0.061274395075869
2054,5,CO,Centro-Oeste,19947371,2874028,12566023,5790445,4507320,1262654,0.144080540738927,0.629958855229594,0.290286123419472,0.225960604031479,0.0632992688610444
2055,5,CO,Centro-Oeste,19956576,2854861,12514662,5879339,4587053,1305139,0.143053648080713,0.627094647899519,0.294606599849593,0.229851704019768,0.0653989441876202
2056,5,CO,Centro-Oeste,19959732,2834850,12460908,5965333,4663974,1349638,0.142028460101568,0.624302370392548,0.298868391619687,0.233669169505883,0.0676180421660972
2057,5,CO,Centro-Oeste,19957010,2814172,12403706,6047993,4739132,1396651,0.141011704659165,0.621521259948259,0.303051058249708,0.237467035392576,0.0699829784120968
2058,5,CO,Centro-Oeste,19948407,2792719,12342979,6127483,4812709,1446280,0.139997093502253,0.618745095786345,0.307166532144647,0.241257810711402,0.07250102727501
2059,5,CO,Centro-Oeste,19933883,2770380,12279222,6203794,4884281,1497942,0.138978441882096,0.615997495319903,0.311218541816464,0.245024062798001,0.075145519816686
2060,5,CO,Centro-Oeste,19913528,2747265,12212653,6275807,4953610,1550477,0.137959732700303,0.61328424576499,0.315152945274187,0.248756021534707,0.0778604876042055
2061,5,CO,Centro-Oeste,19887563,2723664,12143626,6342175,5020273,1602166,0.13695312995363,0.610614080769977,0.318901566773164,0.252432789276394,0.0805612029990804
2062,5,CO,Centro-Oeste,19856201,2699786,12072562,6402885,5083853,1651708,0.135966895177985,0.607999586627875,0.322462740984542,0.25603351819414,0.0831834850986853
2063,5,CO,Centro-Oeste,19819556,2675667,11999388,6458297,5144501,1698756,0.135001359263548,0.605431726119394,0.325854776968768,0.259566914617058,0.0857111027108781
2064,5,CO,Centro-Oeste,19777714,2651409,11924047,6508971,5202258,1743353,0.134060437925232,0.602903197002444,0.329106336556389,0.263036365072323,0.0881473460481833
2065,5,CO,Centro-Oeste,19730846,2627222,11847564,6555257,5256060,1785056,0.13315303358001,0.600458997044526,0.332233954894788,0.266387969375464,0.0904703224585504
2066,5,CO,Centro-Oeste,19679156,2603287,11771230,6601451,5304639,1823385,0.132286516759154,0.598157258370227,0.335453969672277,0.269556224870619,0.0926556504760672
2067,5,CO,Centro-Oeste,19622869,2579700,11695101,6636071,5348068,1858088,0.131463956672187,0.595993429910784,0.338180466882799,0.272542613417029,0.0946899253111255
2068,5,CO,Centro-Oeste,19562132,2556569,11618838,6666184,5386725,1888804,0.130689691696181,0.593945383867157,0.340769809752843,0.275364924436662,0.0965540974777187
2069,5,CO,Centro-Oeste,19497128,2534110,11541779,6694124,5421239,1915766,0.129973501738307,0.5919732896045,0.343338977925364,0.278053208657193,0.0982588820261117
2070,5,CO,Centro-Oeste,19428108,2512476,11463580,6716273,5452052,1939933,0.129321702350018,0.590051280340834,0.345698767991201,0.280627017309148,0.0998518744079454
2000,11,RO,Rondônia,1376519,478093,849797,75520,48629,7420,0.347320305785826,0.617352176032441,0.0548630276806931,0.0353275181817323,0.0053904087048562
2001,11,RO,Rondônia,1397209,476045,870448,78354,50716,7738,0.340711375320371,0.622990547584506,0.0560789402301302,0.0362980770951232,0.0055381836217774
2002,11,RO,Rondônia,1418120,473847,891386,81264,52887,8066,0.334137449581136,0.628568809409641,0.0573040363297887,0.0372937410092235,0.0056878120328322
2003,11,RO,Rondônia,1439286,471499,912660,84280,55127,8417,0.327592292289371,0.634106077596808,0.0585568121971589,0.0383016301138203,0.0058480385413323
2004,11,RO,Rondônia,1460771,468964,934395,87479,57412,8807,0.321038684365996,0.639658782930384,0.0598854988221973,0.0393025327036202,0.0060290079690793
2005,11,RO,Rondônia,1482624,466187,956645,90949,59792,9250,0.314433733704567,0.645237767633601,0.0613432670724337,0.040328498661832,0.0062389385306052
2006,11,RO,Rondônia,1504503,462621,979540,94795,62342,9766,0.307490912281331,0.651072148078136,0.0630075180973385,0.0414369396405325,0.0064911801438747
2007,11,RO,Rondônia,1526378,458230,1003033,99025,65115,10342,0.300207419132089,0.657132767898908,0.0648758040275738,0.0426598129690024,0.0067755169427232
2008,11,RO,Rondônia,1548087,453469,1026592,103569,68026,10966,0.292922167810982,0.663135857351686,0.0669012788040982,0.0439419748373315,0.0070835812199185
2009,11,RO,Rondônia,1569789,449350,1049428,108338,71011,11600,0.286248661444309,0.668515322759938,0.0690143707211606,0.0452360157957534,0.0073895281467764
2010,11,RO,Rondônia,1587848,445160,1068544,113403,74144,12250,0.280354290838922,0.672951063325961,0.0714193046185781,0.0466946458351177,0.0077148442420181
2011,11,RO,Rondônia,1603348,440952,1084898,118859,77498,12943,0.275019521650945,0.676645369564187,0.0741317543041186,0.0483351087848677,0.0080724833286348
2012,11,RO,Rondônia,1619871,436817,1102001,124693,81053,13666,0.269661596509846,0.680301703036847,0.0769771173136626,0.0500367004533077,0.0084364742624567
2013,11,RO,Rondônia,1635974,432041,1119066,130920,84867,14426,0.264087937827863,0.684036543368049,0.0800257216801734,0.0518755188040886,0.0088179885499402
2014,11,RO,Rondônia,1651873,427551,1135334,137570,88988,15245,0.25882800917504,0.687301021325489,0.0832812207718148,0.0538709694994712,0.0092289177194614
2015,11,RO,Rondônia,1666906,423499,1150007,144588,93400,16124,0.254062916565181,0.689905129623386,0.0867403440865892,0.0560319538114327,0.0096730109556267
2016,11,RO,Rondônia,1680084,418981,1163013,151914,98090,17068,0.249380983331786,0.692235031105588,0.0904204789760512,0.0583839855626266,0.0101590158587309
2017,11,RO,Rondônia,1691568,414254,1174205,159609,103109,18091,0.244893495265931,0.694151816539447,0.0943556510882211,0.0609546881946218,0.010694810968285
2018,11,RO,Rondônia,1701892,410331,1183090,167696,108471,19177,0.241102843188639,0.695161620126306,0.0985350421765893,0.0637355366850541,0.0112680475611848
2019,11,RO,Rondônia,1712560,406725,1191633,176207,114202,20306,0.237495328630822,0.695819708506563,0.102890993600224,0.066684962862615,0.0118571028168356
2020,11,RO,Rondônia,1722753,402731,1200175,184580,119847,21288,0.233771759503539,0.696661099995182,0.107142463255034,0.0695671405012791,0.0123569658563938
2021,11,RO,Rondônia,1729622,399034,1205954,191859,124634,21891,0.230705899901828,0.697235580953526,0.110925392947129,0.0720585191446455,0.0126565226390506
2022,11,RO,Rondônia,1734648,395676,1209218,199567,129754,22492,0.228101609087262,0.697097047931338,0.115047548551637,0.0748013429814003,0.0129663193915999
2023,11,RO,Rondônia,1740255,392058,1211942,208833,136255,23470,0.225287673358215,0.696416329790749,0.120001379108234,0.0782959968510362,0.0134865292730088
2024,11,RO,Rondônia,1746227,387476,1215450,218596,143301,24653,0.221893259009281,0.696043526987041,0.125181892159496,0.0820632140036776,0.0141178666920166
2025,11,RO,Rondônia,1751950,382314,1218924,228573,150712,25952,0.218221981220925,0.695752732669311,0.130467764490996,0.0860252861097634,0.0148132081395017
2026,11,RO,Rondônia,1757338,376413,1222458,238652,158467,27344,0.214194992653661,0.695630550298235,0.135803129506105,0.0901744570481034,0.0155598979820615
2027,11,RO,Rondônia,1762414,370221,1225676,248757,166517,28793,0.210064718051491,0.695452941249899,0.141145610509222,0.09448234069861,0.0163372510658676
2028,11,RO,Rondônia,1767197,364388,1228076,258866,174733,30322,0.206195460947478,0.69492874874731,0.146483951704309,0.0988757903052122,0.0171582455153557
2029,11,RO,Rondônia,1771714,358029,1230506,269007,183179,31997,0.202080584112334,0.694528575153778,0.151834325404665,0.103390840733888,0.0180599126044045
2030,11,RO,Rondônia,1775998,351193,1233012,279211,191793,33840,0.197744028991024,0.694264295342675,0.157213577943218,0.107991675666301,0.0190540755113463
2031,11,RO,Rondônia,1779940,344649,1234809,289499,200482,35854,0.193629560546985,0.69373630571817,0.162645370068654,0.112634133734845,0.0201433756194029
2032,11,RO,Rondônia,1783410,338209,1236022,299887,209179,38019,0.189641753718999,0.693066653209301,0.168153705541631,0.1172915930717,0.0213181489393914
2033,11,RO,Rondônia,1786424,330849,1237719,310350,217856,40334,0.18520183338334,0.692847274779112,0.173726953959418,0.121950891837548,0.0225780665732211
2034,11,RO,Rondônia,1789002,323367,1239101,320887,226534,42813,0.180752732529086,0.692621360959909,0.179366484777546,0.126625906511004,0.0239312197526889
2035,11,RO,Rondônia,1791165,316754,1239161,331594,235250,45475,0.176842446117471,0.691818453352985,0.185127556646093,0.131339100529544,0.0253885041299936
2036,11,RO,Rondônia,1792920,310693,1238210,342559,244017,48292,0.173288824933628,0.690610847109743,0.191062066349865,0.136100327956629,0.0269348325636392
2037,11,RO,Rondônia,1794263,304890,1236520,353829,252853,51251,0.169924921820268,0.689152036239949,0.19720018748645,0.140923041939783,0.0285638170101039
2038,11,RO,Rondônia,1795207,299588,1233897,365398,261722,54344,0.166882147852587,0.687328536486322,0.203540873002389,0.145789315661091,0.0302717179690142
2039,11,RO,Rondônia,1795757,294677,1230445,377204,270635,57594,0.164096255785165,0.685195714119449,0.210052919186727,0.150708030095386,0.0320722681298193
2040,11,RO,Rondônia,1795921,289989,1226254,389153,279678,61006,0.161470911025596,0.682799521805246,0.21668714826543,0.155729567169157,0.0339692002042406
2041,11,RO,Rondônia,1795653,285579,1221149,401100,288925,64572,0.159039079376695,0.680058452273351,0.223372778593637,0.160902468349954,0.0359601771611776
2042,11,RO,Rondônia,1794936,281422,1215089,412905,298425,68262,0.156786648660454,0.676953941533291,0.230038842610544,0.166259409806255,0.0380303253152202
2043,11,RO,Rondônia,1793786,277514,1208089,424532,308183,71983,0.154708532678926,0.673485577432314,0.236668142130667,0.17180588988876,0.0401290900921292
2044,11,RO,Rondônia,1792198,273819,1200253,435960,318126,75777,0.152783899993193,0.669710043198352,0.243254372563746,0.177506056808455,0.0422816005820785
2045,11,RO,Rondônia,1790158,270277,1191702,447073,328179,79610,0.150979410755922,0.665696547455588,0.249739408476794,0.18332404178849,0.0444709349677515
2046,11,RO,Rondônia,1787673,266863,1182594,457742,338216,83426,0.149279538260073,0.661527024237654,0.256054658765893,0.189193437502272,0.0466673714935561
2047,11,RO,Rondônia,1784738,263563,1173072,467853,348103,87178,0.147676017432251,0.657279667940056,0.262140997726277,0.195044314627693,0.0488463852957689
2048,11,RO,Rondônia,1781377,260365,1163204,477363,357808,90857,0.146159403652343,0.65298025067125,0.267974157070626,0.200860345676407,0.0510038021148808
2049,11,RO,Rondônia,1777583,257241,1153017,486274,367325,94487,0.14471391771861,0.648643129462872,0.273559096818545,0.206642952818518,0.0531547612685315
2050,11,RO,Rondônia,1773347,254168,1142634,494648,376545,98099,0.143326714963287,0.64433751544396,0.278934692420604,0.212335769592753,0.0553185586351684
2051,11,RO,Rondônia,1768669,251120,1132215,502558,385334,101703,0.141982473826363,0.640150870513363,0.28414474387237,0.217866655660273,0.0575025626615268
2052,11,RO,Rondônia,1763550,248104,1121850,510072,393596,105324,0.140684414958464,0.636131666241388,0.289230245811006,0.223183918800147,0.0597227183805393
2053,11,RO,Rondônia,1758012,245099,1111619,517200,401294,108949,0.139418274733051,0.632315934134693,0.294195944054989,0.228265791132256,0.061972842051135
2054,11,RO,Rondônia,1752049,242089,1101528,523928,408432,112588,0.138174788490505,0.628708443656542,0.299037298614365,0.233116767852954,0.0642607598303472
2055,11,RO,Rondônia,1745653,239064,1091527,530310,415062,116305,0.136948179277325,0.625282917051671,0.303788897335267,0.237768903671004,0.0666254977363772
2056,11,RO,Rondônia,1738846,236040,1081532,536408,421274,120166,0.135745201127644,0.621982625258361,0.308485052730374,0.242272173613995,0.0691067524093566
2057,11,RO,Rondônia,1731629,233016,1071485,542260,427128,124203,0.134564620943632,0.618772843374649,0.313150218666932,0.246662535681719,0.0717261029931931
2058,11,RO,Rondônia,1724012,229984,1061401,547913,432627,128420,0.133400463569859,0.615657547627279,0.317812753043482,0.250941988802862,0.0744890406795312
2059,11,RO,Rondônia,1716005,226943,1051297,553334,437765,132771,0.132250780155069,0.612642154306077,0.322454771402181,0.255107065538853,0.0773721521790438
2060,11,RO,Rondônia,1707630,223899,1041130,558380,442601,137198,0.13111681101878,0.609692966274896,0.326991210039646,0.259190222706324,0.0803441026451866
2061,11,RO,Rondônia,1698884,220876,1030827,563137,447181,141610,0.130012408145583,0.606767148316189,0.331474662190002,0.263220443538229,0.0833547199220194
2062,11,RO,Rondônia,1689794,217873,1020368,567579,451553,145913,0.128934651206005,0.603841651704291,0.335886504508834,0.267223697089704,0.0863495787060435
2063,11,RO,Rondônia,1680361,214904,1009707,571625,455750,150079,0.12789156615751,0.600886952267995,0.340179878014308,0.271221481574495,0.0893135463153453
2064,11,RO,Rondônia,1670609,211960,998904,575271,459745,154106,0.126875887775057,0.597928060964594,0.344348079053806,0.275196051260349,0.0922454027243957
2065,11,RO,Rondônia,1660563,209075,988076,578453,463412,157917,0.125906093294864,0.595024699454342,0.34834751828145,0.279069207250794,0.0950984696154256
2066,11,RO,Rondônia,1650219,206253,977140,580720,466826,161418,0.124985229233211,0.592127469141974,0.351904807786118,0.282887301624815,0.0978161080438415
2067,11,RO,Rondônia,1639602,203500,966131,582120,469971,164550,0.124115486563203,0.589247268544439,0.355037381022956,0.286637244892358,0.100359721444594
2068,11,RO,Rondônia,1628725,200819,955129,582951,472777,167283,0.123298285468695,0.586427420221339,0.357918617323366,0.290274294309966,0.102707946399791
2069,11,RO,Rondônia,1617635,198230,944165,584094,475240,169637,0.122543095321256,0.583669987358088,0.361078982588779,0.293786917320656,0.104867290828895
2070,11,RO,Rondônia,1606337,195741,933286,585301,477310,171673,0.12185550105613,0.581002616511977,0.364369992100039,0.297141882431893,0.10687234372364
2000,12,AC,Acre,587326,234672,329587,33089,23067,4921,0.399560039909692,0.561165349397098,0.0563383878799849,0.0392746106932096,0.0083786517198285
2001,12,AC,Acre,605327,239806,341784,34192,23737,5040,0.396159431183476,0.564627052816081,0.0564851724770248,0.0392135160004427,0.00832607830148
2002,12,AC,Acre,623537,244942,354144,35360,24451,5189,0.392826728806791,0.567959880488247,0.0567087438275515,0.0392133907049622,0.0083218798563677
2003,12,AC,Acre,641931,250030,366688,36615,25213,5356,0.38949669045427,0.571226502536877,0.0570388406230576,0.039276807008853,0.0083435758671882
2004,12,AC,Acre,660422,254968,379448,37918,26006,5529,0.386068301782799,0.574553845874305,0.0574148044735033,0.0393778523428959,0.008371919772509
2005,12,AC,Acre,678929,259554,392540,39278,26835,5706,0.38229918003208,0.578175332030301,0.057852882996602,0.0395254879376194,0.0084044134217274
2006,12,AC,Acre,697370,263529,406093,40732,27748,5887,0.377889785909919,0.582320719273843,0.0584080186988256,0.0397894948162382,0.0084417167357356
2007,12,AC,Acre,715533,266556,420206,42314,28771,6091,0.372527891795347,0.5872629214865,0.0591363361298501,0.0402091867181528,0.0085125354106659
2008,12,AC,Acre,733604,269036,434677,44013,29891,6301,0.366731915311258,0.59252266890584,0.0599955834482909,0.0407454157829019,0.0085891025675977
2009,12,AC,Acre,750670,270505,449079,45830,31086,6503,0.360351419398671,0.598237574433506,0.061052126766755,0.0414110061678234,0.0086629277845125
2010,12,AC,Acre,765021,270027,462652,47767,32342,6705,0.352966781304043,0.604757255029601,0.062438808869299,0.0422759636663569,0.0087644652891881
2011,12,AC,Acre,778363,269143,475568,49841,33652,6912,0.345780824628098,0.610984848971495,0.0640331053762833,0.043234326400407,0.0088801754451329
2012,12,AC,Acre,791681,268103,488586,52020,34992,7123,0.338650289700018,0.617150089493117,0.0657082840184367,0.0441996208068654,0.008997310785531
2013,12,AC,Acre,803838,265943,501517,54297,36378,7337,0.330841537722775,0.623903074997699,0.0675471923447262,0.0452553872795265,0.0091274610058245
2014,12,AC,Acre,815526,263547,514114,56691,37865,7563,0.323161983799413,0.630407859467387,0.0695146445361644,0.0464301567332004,0.0092737693218855
2015,12,AC,Acre,826677,261171,526057,59187,39449,7798,0.31592871218142,0.636351319802051,0.071596282465824,0.0477199680165288,0.0094329466042964
2016,12,AC,Acre,836294,257993,537149,61798,41152,8046,0.308495576914339,0.642296847759281,0.0738950656108976,0.0492075753263804,0.0096210184456662
2017,12,AC,Acre,844496,254287,547266,64502,42943,8313,0.30111095848885,0.648038593433243,0.0763792842121218,0.0508504480779068,0.0098437411189632
2018,12,AC,Acre,851504,250754,555957,67264,44793,8602,0.294483643059809,0.652911789022717,0.0789943441252184,0.0526045679174731,0.0101021251808565
2019,12,AC,Acre,857919,247248,563952,70082,46719,8911,0.288195039391831,0.657348770688142,0.0816883645192611,0.0544561899200274,0.0103867614541699
2020,12,AC,Acre,863657,243327,571803,72710,48527,9179,0.281740320520762,0.662071864177561,0.0841885146533867,0.0561878153016765,0.010628061834733
2021,12,AC,Acre,868346,239322,578907,75067,50117,9364,0.2756067281936,0.666677798941896,0.0864482591040898,0.0577154728645033,0.0107837198536067
2022,12,AC,Acre,872566,235340,585253,77725,51973,9618,0.269710256874552,0.670726340471666,0.0890763564016934,0.0595634026537821,0.0110226618960629
2023,12,AC,Acre,876582,230741,591561,80939,54280,10018,0.263228083624806,0.674849586233804,0.0923347730161012,0.0619223301413901,0.0114284801650045
2024,12,AC,Acre,880631,226516,597343,84391,56772,10490,0.257220106946042,0.678312482753844,0.0958301490635692,0.0644674103001144,0.0119119131622666
2025,12,AC,Acre,884372,223312,601710,87963,59350,10982,0.252509125119294,0.680381106593153,0.0994638003012307,0.0671097682875532,0.0124178513114391
2026,12,AC,Acre,887794,219598,606165,91656,62031,11503,0.247352426351158,0.682776635120309,0.103240166074562,0.0698709385285325,0.0129568345809951
2027,12,AC,Acre,890930,215269,610868,95448,64793,12050,0.241622798648603,0.685652071430977,0.10713299585826,0.0727251299204202,0.0135251927760879
2028,12,AC,Acre,893806,211318,614807,99336,67681,12627,0.23642490652334,0.687852845024535,0.111138211200193,0.075722248452125,0.0141272267136269
2029,12,AC,Acre,896444,206978,618788,103342,70678,13264,0.230887818982558,0.690269553926403,0.11527992824984,0.0788426270910397,0.0147962393635297
2030,12,AC,Acre,898869,202151,622946,107485,73772,13962,0.224894840071245,0.69303313386044,0.119578047524166,0.0820720260683147,0.0155328529518762
2031,12,AC,Acre,901074,197733,626378,111788,76963,14721,0.219441466516623,0.695146014644746,0.124060842949636,0.0854125188386304,0.0163371709759687
2032,12,AC,Acre,903058,193525,629288,116275,80245,15532,0.214299635239376,0.696841177421605,0.128756956917496,0.0888591873390192,0.0171993382484846
2033,12,AC,Acre,904839,188848,632381,120930,83610,16382,0.208708952642404,0.698887868449525,0.133648085460507,0.0924031789080709,0.0181048783264205
2034,12,AC,Acre,906441,183981,635384,125755,87076,17281,0.202970739408301,0.700965644757905,0.138734898355216,0.0960636158337939,0.0190646716112797
2035,12,AC,Acre,907854,179597,637598,130796,90659,18224,0.197825861867657,0.702313367567913,0.144071623851412,0.09986077056443,0.0200737122929458
2036,12,AC,Acre,909092,175426,639282,136106,94384,19225,0.192968368437958,0.703209356148773,0.149716420340296,0.10382227541327,0.0211474746230305
2037,12,AC,Acre,910156,171521,640369,141707,98266,20281,0.188452309274454,0.703581583816401,0.155695287401281,0.107966106909145,0.022282993245114
2038,12,AC,Acre,911045,168066,640687,147604,102292,21387,0.18447606869035,0.703244076856796,0.162016146293542,0.112279854452854,0.0234752399716809
2039,12,AC,Acre,911771,164642,640669,153745,106460,22528,0.180573850232131,0.702664375155604,0.168622384348702,0.116761774612266,0.0247079584676415
2040,12,AC,Acre,912339,161414,640101,160051,110824,23704,0.176923270845596,0.701604337861256,0.17542930862322,0.121472391293149,0.0259815704469501
2041,12,AC,Acre,912727,158393,638908,166389,115426,24921,0.173538199264402,0.699999013943928,0.182298759651024,0.126462786791669,0.027303892620685
2042,12,AC,Acre,912899,155525,637087,172660,120287,26166,0.170363862815054,0.697872382377459,0.189133737686206,0.131763754807487,0.028662535505023
2043,12,AC,Acre,912861,152789,634657,178847,125415,27475,0.167373784179629,0.695239472384076,0.195919203471284,0.137386743436295,0.0300976819033785
2044,12,AC,Acre,912599,150158,631683,184937,130758,28830,0.164538860989328,0.692180245650061,0.202648698935677,0.143280893360611,0.0315910931307179
2045,12,AC,Acre,912134,147634,628257,190875,136243,30231,0.161855604549332,0.688777087577045,0.209262016326549,0.149367307873624,0.0331431565976052
2046,12,AC,Acre,911457,145203,624511,196592,141743,31665,0.159308667331536,0.685178785175823,0.215689824094828,0.155512547492641,0.0347410793926647
2047,12,AC,Acre,910569,142848,620556,202047,147165,33134,0.156877732494737,0.681503543388804,0.221890927540911,0.161618724116459,0.0363882363664917
2048,12,AC,Acre,909477,140554,616425,207226,152498,34638,0.154543765262893,0.677779646983926,0.227851831327235,0.167676587753181,0.0380856250350476
2049,12,AC,Acre,908166,138302,612140,212133,157724,36183,0.152287136933116,0.674039768060024,0.23358394830901,0.17367309500686,0.0398418350830135
2050,12,AC,Acre,906638,136090,607765,216873,162783,37781,0.150104010641513,0.67035023901491,0.23920572488689,0.179545750343577,0.0416715381442207
2051,12,AC,Acre,904908,133923,603358,221563,167627,39452,0.147996260393322,0.666761703952225,0.244845884885535,0.185242035654453,0.0435978022075172
2052,12,AC,Acre,902958,131804,598958,226289,172196,41201,0.145969136991975,0.663328748402473,0.250608555436687,0.190702114605552,0.0456289218324662
2053,12,AC,Acre,900792,129727,594584,231072,176481,43025,0.144014378458068,0.660068029023348,0.256520928249807,0.195917592518584,0.0477635236547394
2054,12,AC,Acre,898402,127672,590231,235892,180499,44929,0.142110102159167,0.656978724446295,0.262568427051587,0.200911173394538,0.0500099064783916
2055,12,AC,Acre,895789,125644,585799,240773,184346,46940,0.140260708716003,0.653947525589173,0.268783162106255,0.205791765694823,0.0524007327618446
2056,12,AC,Acre,892957,123654,581178,245733,188125,49094,0.138476992733133,0.650846569319687,0.275190182729963,0.21067643794718,0.054979131133974
2057,12,AC,Acre,889908,121691,576280,250783,191937,51402,0.136745596173987,0.647572558062182,0.281807782377504,0.215681845763832,0.0577610269825645
2058,12,AC,Acre,886642,119768,571082,255930,195792,53858,0.135080449606493,0.644095362051425,0.288650887280323,0.220824188342082,0.0607437951281351
2059,12,AC,Acre,883156,117888,565601,261125,199667,56429,0.133484910933063,0.640431588530226,0.295672565209318,0.226083500536712,0.06389471395767
2060,12,AC,Acre,879455,116029,559834,266287,203592,59056,0.131932844773183,0.636569238903639,0.302786384749646,0.231497916323177,0.0671506785452354
2061,12,AC,Acre,875539,114201,553749,271311,207589,61649,0.130435080561803,0.632466400697171,0.309878828927095,0.237098518741027,0.0704126258224933
2062,12,AC,Acre,871410,112402,547338,276194,211670,64137,0.128988650577799,0.628106172754501,0.316950689113047,0.242905176667699,0.0736014046200985
2063,12,AC,Acre,867081,110648,540593,280905,215840,66505,0.127609761948422,0.623463090530181,0.323966273047155,0.248927147521396,0.0766998700236771
2064,12,AC,Acre,862554,108938,533555,285420,220061,68760,0.12629702024453,0.618575764531844,0.330901021849067,0.255127215223627,0.0797167481688103
2065,12,AC,Acre,857837,107264,526320,289718,224253,70863,0.125040071715256,0.61354313232001,0.337730827651407,0.261416795964735,0.082606602419807
2066,12,AC,Acre,852936,105628,518986,293676,228322,72773,0.123840475721508,0.608470037611263,0.344311882720392,0.267689486667229,0.0853205867732163
2067,12,AC,Acre,847860,104032,511567,297165,232261,74464,0.122699502276319,0.60336258344538,0.350488288160781,0.273937914278301,0.0878258203005213
2068,12,AC,Acre,842617,102488,504077,300507,236052,75931,0.121630586612898,0.598227901881875,0.356635339662029,0.280141511505227,0.0901133017729289
2069,12,AC,Acre,837209,100992,496551,303325,239666,77200,0.120629376893942,0.593102797509344,0.362304991943469,0.286267825596715,0.0922111444095799
2070,12,AC,Acre,831656,99548,489011,305019,243097,78350,0.119698529199573,0.587996719797609,0.36676101657416,0.292304751002818,0.0942096251334686
2000,13,AM,Amazonas,2850718,1108874,1635810,152950,106034,23478,0.388980600676742,0.57382385770883,0.0536531498380408,0.0371955416144284,0.0082358198881825
2001,13,AM,Amazonas,2921349,1121582,1691214,156918,108553,23968,0.383926056078887,0.578915425715996,0.0537142258593547,0.0371585182051169,0.0082044288443455
2002,13,AM,Amazonas,2990832,1132892,1746701,161146,111239,24450,0.378788243538922,0.584018426979516,0.0538799905845598,0.0371933294815623,0.0081749827472756
2003,13,AM,Amazonas,3059850,1143508,1802156,165753,114186,24952,0.373713744137785,0.588968740297727,0.0541703024658071,0.0373175155644885,0.0081546481036652
2004,13,AM,Amazonas,3129049,1153982,1857722,170735,117345,25453,0.368796397883191,0.593701792461543,0.054564501866222,0.0375018096552659,0.0081344203941836
2005,13,AM,Amazonas,3198932,1164292,1913939,176110,120701,25948,0.363962722558654,0.598305622001343,0.0550527488549303,0.0377316554400031,0.0081114571988401
2006,13,AM,Amazonas,3270286,1174473,1971463,181948,124350,26466,0.359134644492867,0.60284115823509,0.0556367241274922,0.0380241972720429,0.0080928701648724
2007,13,AM,Amazonas,3342171,1183170,2030682,188285,128319,27014,0.354012406905571,0.607593686858033,0.0563361360026163,0.0383939062363954,0.0080827701514973
2008,13,AM,Amazonas,3414261,1190388,2091287,195189,132586,27592,0.348651728734271,0.612515270508025,0.0571687401753996,0.0388330007577042,0.0080813974092783
2009,13,AM,Amazonas,3485454,1195878,2152421,202790,137155,28229,0.343105374507883,0.617543941191018,0.0581818035756604,0.0393506843010982,0.0080990883827472
2010,13,AM,Amazonas,3551196,1197454,2211574,211288,142168,28999,0.337197383642018,0.622768779870218,0.0594977016193981,0.0400338364877636,0.008165981263777
2011,13,AM,Amazonas,3611905,1196406,2267914,220668,147585,29899,0.331239609015187,0.62789968174689,0.0610946301190092,0.0408607092379229,0.00827790321174
2012,13,AM,Amazonas,3673149,1195665,2324196,230784,153288,30856,0.325514973664286,0.632752986606315,0.0628300131576476,0.0417320397293984,0.0084004215456546
2013,13,AM,Amazonas,3735289,1194812,2381040,241697,159437,31893,0.319871367382818,0.637444652876926,0.0647063721173917,0.0426839797402557,0.0085382951627036
2014,13,AM,Amazonas,3798063,1194743,2437118,253408,166202,33000,0.314566398714292,0.641673926946446,0.066720325597548,0.0437596743392619,0.0086886394459491
2015,13,AM,Amazonas,3859110,1194633,2490824,265859,173653,34184,0.309561790153688,0.645440010779687,0.0688912728582497,0.0449981990666242,0.0088580009380401
2016,13,AM,Amazonas,3914566,1192266,2540472,279051,181828,35476,0.304571694537785,0.64897922272865,0.0712852970163231,0.0464490827335648,0.0090625627464194
2017,13,AM,Amazonas,3966332,1188764,2586797,293064,190771,36909,0.299713690129823,0.65218872247709,0.0738879145769946,0.0480975873930876,0.0093055750249853
2018,13,AM,Amazonas,4018483,1186279,2631750,307894,200454,38456,0.29520567836171,0.654911318524926,0.0766194606273064,0.0498830031133639,0.0095697804370455
2019,13,AM,Amazonas,4073280,1184100,2678381,323404,210799,40073,0.290699387226019,0.657548953177783,0.0793964569094194,0.0517516595961977,0.0098380175190509
2020,13,AM,Amazonas,4121226,1179721,2721908,336940,219597,40983,0.286254866876992,0.660460746389545,0.0817572246705228,0.0532843867334623,0.0099443709226332
2021,13,AM,Amazonas,4160013,1173566,2759961,347848,226486,41071,0.28210632995618,0.663450090180007,0.0836170463890377,0.0544435798638129,0.0098728056859437
2022,13,AM,Amazonas,4199791,1165627,2798474,361392,235690,41838,0.277544049215782,0.666336491506363,0.0860499962974348,0.0561194592778545,0.0099619242957566
2023,13,AM,Amazonas,4240571,1153291,2839214,378526,248066,43612,0.271965968733928,0.669535777139447,0.089262978971464,0.0584982541266259,0.0102844640497707
2024,13,AM,Amazonas,4281209,1139934,2879855,396582,261420,45704,0.266264506124321,0.672673303265503,0.0926331790856274,0.0610621906101758,0.0106754890966547
2025,13,AM,Amazonas,4321616,1128194,2918079,415209,275343,47976,0.261058363352968,0.675228664462553,0.0960772544344523,0.0637129721844791,0.011101402808579
2026,13,AM,Amazonas,4360926,1116107,2955012,434363,289807,50393,0.25593348752077,0.677611131213875,0.0996033869870757,0.0664553812653551,0.0115555732887923
2027,13,AM,Amazonas,4399268,1101477,2993001,454029,304790,52933,0.250377335502179,0.680340683950148,0.103205578746282,0.0692819805476729,0.012032228998097
2028,13,AM,Amazonas,4436790,1085019,3031653,474197,320118,55636,0.244550452015985,0.683298736248504,0.106878396318059,0.0721508117355115,0.0125396964922838
2029,13,AM,Amazonas,4473602,1066037,3071643,494958,335922,58643,0.238295002550517,0.686615170504663,0.110639703755497,0.0750898269448199,0.01310867618532
2030,13,AM,Amazonas,4509800,1046009,3111590,516495,352201,62045,0.231941327775068,0.689961860836401,0.114527251762828,0.0780968113885316,0.0137578163111446
2031,13,AM,Amazonas,4544701,1028562,3147238,538981,368901,65821,0.226321159521826,0.692507163837621,0.1185954807588,0.0811716766405535,0.0144830209952206
2032,13,AM,Amazonas,4577617,1012363,3179271,562518,385983,69941,0.221155024546615,0.694525339275872,0.122884461500383,0.0843196361775133,0.0152789104025086
2033,13,AM,Amazonas,4608601,995052,3210119,587092,403430,74378,0.21591194377643,0.696549560267856,0.127390503104955,0.0875384959557141,0.0161389540990856
2034,13,AM,Amazonas,4637694,977198,3239184,612685,421312,79156,0.210707735352958,0.698447116174547,0.132109837345888,0.0908451484724952,0.0170679652430712
2035,13,AM,Amazonas,4664945,960034,3265109,639432,439802,84293,0.205797496004776,0.699924436408146,0.137071712528229,0.0942780675870777,0.0180694520514175
2036,13,AM,Amazonas,4690325,941916,3289338,667435,459071,89770,0.200821051846087,0.70130278818632,0.142300373641485,0.0978761599675929,0.0191393986557435
2037,13,AM,Amazonas,4713821,924914,3309659,696723,479248,95564,0.196213220654751,0.702118090610568,0.147804297193296,0.10166868873468,0.0202731499562669
2038,13,AM,Amazonas,4735419,911258,3323850,727295,500311,101614,0.192434502627962,0.701912544592147,0.153586197968965,0.105652952779891,0.0214582912304064
2039,13,AM,Amazonas,4755111,897758,3335106,758960,522247,107886,0.188798536984731,0.701372901705134,0.159609313010779,0.109828561310136,0.0226884293552769
2040,13,AM,Amazonas,4772914,884078,3343663,791350,545173,114355,0.18522814364558,0.700549601354644,0.165800179932008,0.114222254999776,0.0239591578645666
2041,13,AM,Amazonas,4789170,871107,3348835,823982,569228,121005,0.181891016606218,0.699251644857042,0.172051106976783,0.11885733853674,0.025266382275008
2042,13,AM,Amazonas,4804207,858793,3350972,856502,594442,127825,0.178758533926619,0.697507830116396,0.178281660219886,0.123733635956985,0.0266068885041798
2043,13,AM,Amazonas,4818001,846992,3350187,888807,620822,134682,0.175797389830347,0.695347925415541,0.184476300440784,0.128854684754113,0.0279539169875639
2044,13,AM,Amazonas,4830534,835573,3346754,920881,648207,141678,0.172977356126673,0.692833131906328,0.190637515438252,0.134189511967,0.0293296765947616
2045,13,AM,Amazonas,4841815,824477,3341087,952452,676251,148812,0.17028263161645,0.690048463231247,0.196713835617429,0.139668905152303,0.0307347554584386
2046,13,AM,Amazonas,4851866,813737,3333647,983203,704482,156072,0.167716297193698,0.687085546055889,0.202644302212798,0.145198156750413,0.0321674176492096
2047,13,AM,Amazonas,4860682,803355,3324794,1012946,732533,163451,0.165276189637586,0.684018004057867,0.208395858852729,0.150705806304547,0.0336271741290625
2048,13,AM,Amazonas,4868238,793251,3314672,1041493,760315,170939,0.162944169944033,0.68087714692667,0.213936335898122,0.156178683129296,0.0351131148477129
2049,13,AM,Amazonas,4874493,783310,3303384,1068967,787799,178608,0.160695686710392,0.677687710291101,0.219298089052544,0.161616602998507,0.0366413491618513
2050,13,AM,Amazonas,4879447,773483,3291218,1095882,814746,186590,0.158518578027387,0.674506352871545,0.224591434234248,0.166975069101068,0.0382399890807298
2051,13,AM,Amazonas,4883136,763793,3278496,1122898,840847,195016,0.156414443505157,0.67139149923328,0.22995427528539,0.172194057261563,0.0399366308863812
2052,13,AM,Amazonas,4885542,754247,3265376,1150481,865919,203977,0.15438348498488,0.668375381892122,0.235486871262185,0.177241133122998,0.0417511506399904
2053,13,AM,Amazonas,4886650,744832,3252034,1178727,889784,213454,0.15242180225717,0.665493538518208,0.241213714917172,0.182084659224622,0.0436810493896637
2054,13,AM,Amazonas,4886424,735506,3238350,1207433,912568,223447,0.150520298688775,0.662723906071188,0.247099514900876,0.186755795240036,0.0457281234702515
2055,13,AM,Amazonas,4884829,726215,3223868,1236478,934746,234036,0.148667435441445,0.65997561020048,0.253126158561538,0.191356954358075,0.0479107866416614
2056,13,AM,Amazonas,4881887,716953,3207973,1265629,956961,245310,0.146859810560957,0.65711742201325,0.25924995805925,0.196022767425793,0.0502490123183925
2057,13,AM,Amazonas,4877631,707733,3190225,1294673,979673,257254,0.145097691891822,0.654052141295641,0.265430697812114,0.200850166812537,0.0527415870532232
2058,13,AM,Amazonas,4872060,698593,3170509,1323592,1002958,269855,0.143387601958925,0.650753274795466,0.271669889122876,0.205859123245609,0.0553882751854452
2059,13,AM,Amazonas,4865172,689541,3149013,1352298,1026618,282982,0.141730035443762,0.64725625322188,0.277954818452462,0.211013711334358,0.0581648500813538
2060,13,AM,Amazonas,4856956,680549,3125852,1380169,1050555,296373,0.140118419849799,0.643582523704147,0.284163373108589,0.216299056446054,0.061020318075766
2061,13,AM,Amazonas,4847420,671597,3101295,1405857,1074528,309673,0.138547309702894,0.639782606004844,0.29002170226636,0.221670084292263,0.0638840867925618
2062,13,AM,Amazonas,4836566,662701,3075528,1429536,1098337,322607,0.1370189096975,0.635890836597702,0.295568384676235,0.227090253704798,0.0667016639491739
2063,13,AM,Amazonas,4824451,653931,3048537,1451677,1121983,335109,0.135545163584416,0.631893038192325,0.300899936593822,0.232561798223259,0.0694605458735097
2064,13,AM,Amazonas,4811129,645356,3020378,1472848,1145395,347178,0.13413816174956,0.627789859718997,0.306133549942228,0.238071978531442,0.0721614406930265
2065,13,AM,Amazonas,4796579,636960,2991650,1493474,1167969,358632,0.132794643849293,0.62370493637236,0.311362327191942,0.243500419778346,0.0747682879819138
2066,13,AM,Amazonas,4780850,628732,2963683,1514252,1188435,369274,0.131510505454051,0.619907129485343,0.316732798560925,0.248582365060606,0.0772402397063284
2067,13,AM,Amazonas,4763958,620667,2936310,1534467,1206981,379016,0.130283894190503,0.616359338180563,0.322099187272432,0.253356767628934,0.0795590557263519
2068,13,AM,Amazonas,4745963,612820,2909055,1554181,1224088,387749,0.129124479057253,0.612953577598477,0.327474318699914,0.25792194334427,0.0817008055056476
2069,13,AM,Amazonas,4726928,605234,2881370,1573163,1240324,395625,0.128039606272827,0.609565028280524,0.332808750207323,0.262395365446649,0.0836960072165263
2070,13,AM,Amazonas,4706869,597933,2852800,1589557,1256136,403047,0.127034128207095,0.606092925042103,0.337710057365098,0.266872946750802,0.0856295341977863
2000,14,RR,Roraima,339804,136007,193686,14981,10111,1926,0.400251321349955,0.569993290249673,0.0440871796682794,0.029755388400372,0.0056679733022566
2001,14,RR,Roraima,354478,140731,203193,15650,10554,2030,0.397009123274223,0.573217519846083,0.044149425352208,0.0297733568796935,0.0057267305728423
2002,14,RR,Roraima,368838,145157,212681,16331,11000,2131,0.393552182801121,0.576624425899718,0.044276891209691,0.0298233912991611,0.0057776042598647
2003,14,RR,Roraima,382871,149299,222103,17048,11469,2236,0.389945960911116,0.580098780006843,0.0445267466065594,0.0299552590820407,0.0058400871311747
2004,14,RR,Roraima,396533,153122,231474,17805,11937,2343,0.38615197221921,0.583744606375762,0.0449016853578391,0.0301034214050281,0.0059087137766591
2005,14,RR,Roraima,409855,156550,240884,18652,12421,2439,0.38196435324688,0.587729806882922,0.0455087774944798,0.030305839870198,0.0059508850691098
2006,14,RR,Roraima,422550,159205,250421,19576,12924,2532,0.376771979647379,0.592642290853153,0.0463282451780854,0.0305857294994675,0.0059921902733404
2007,14,RR,Roraima,434778,161184,260111,20613,13483,2636,0.370727129707575,0.598261641573401,0.047410402550267,0.0310112287190244,0.0060628642663612
2008,14,RR,Roraima,446905,162865,269923,21791,14117,2752,0.364428681710878,0.603982949396404,0.0487598035376646,0.0315883688927177,0.0061579082802832
2009,14,RR,Roraima,458716,164118,279784,23085,14814,2874,0.357776925156306,0.609928583262847,0.050325255713775,0.0322944915808474,0.0062653144865232
2010,14,RR,Roraima,469991,164843,289533,24512,15615,3003,0.35073650346496,0.616039456074691,0.0521541901866206,0.0332240404603492,0.0063894840539499
2011,14,RR,Roraima,481480,165502,299462,26080,16516,3138,0.343735980726095,0.621961452189084,0.0541663205117554,0.0343025670848218,0.0065174046689374
2012,14,RR,Roraima,493876,166387,309987,27778,17502,3276,0.336900355554836,0.627661599267832,0.0562448873806381,0.035438045177332,0.0066332439721711
2013,14,RR,Roraima,507022,167481,320950,29592,18591,3413,0.330322944566508,0.633010007455298,0.0583643313307904,0.0366670479781942,0.0067314633290074
2014,14,RR,Roraima,520569,168609,332169,31534,19791,3565,0.323893662511598,0.638088322585479,0.0605760235434688,0.0380180149029235,0.0068482756368512
2015,14,RR,Roraima,534380,169852,343410,33611,21118,3742,0.317848721883304,0.642632583554774,0.0628971892660653,0.0395186945619222,0.0070025075788764
2016,14,RR,Roraima,548233,171201,354483,35796,22549,3931,0.312277808887827,0.646591868785717,0.0652934062706915,0.0411303223264561,0.0071703089744688
2017,14,RR,Roraima,564013,173169,366712,38147,24132,4145,0.307030157106308,0.650183595058979,0.067634965860716,0.042786247834713,0.0073491213854999
2018,14,RR,Roraima,587497,177608,383879,40951,26010,4400,0.302313033087829,0.65341440041396,0.0697041857235016,0.0442725664982119,0.007489399945872
2019,14,RR,Roraima,618125,184594,405372,44167,28159,4695,0.298635389282103,0.655809100101112,0.0714531850353893,0.0455555106167846,0.0075955510616784
2020,14,RR,Roraima,640975,189733,421199,46997,30043,4924,0.296006864542299,0.657122352665861,0.0733211123678771,0.0468707827918406,0.0076820468817036
2021,14,RR,Roraima,654972,192810,430606,49290,31556,5051,0.294378996354043,0.657441844842222,0.0752551254099412,0.0481791588037351,0.0077117800455592
2022,14,RR,Roraima,673404,196704,443299,52060,33401,5255,0.292103997006255,0.658295763018931,0.0773087180949326,0.0496002399748145,0.0078036364500359
2023,14,RR,Roraima,695270,200575,458994,55434,35701,5571,0.28848504897378,0.660166554000604,0.0797301767658607,0.051348397025616,0.0080127144850202
2024,14,RR,Roraima,716793,204246,474383,59020,38164,5936,0.284944188908095,0.66181310364359,0.0823389737343975,0.0532427074483149,0.0082813308723718
2025,14,RR,Roraima,738772,208155,489827,62794,40790,6364,0.281758106695977,0.66302864753943,0.0849978071719015,0.0552132457645931,0.0086142950734462
2026,14,RR,Roraima,761012,211740,505682,66731,43590,6848,0.278234771593615,0.664486236747909,0.0876871849589757,0.0572789916584758,0.0089985440439835
2027,14,RR,Roraima,783520,214739,522221,70817,46560,7376,0.274069583418419,0.666506279354707,0.0903831427404533,0.0594241372268736,0.0094139268940167
2028,14,RR,Roraima,806316,217157,539480,75069,49679,7965,0.269319968845961,0.669067710426185,0.0931012159004658,0.0616123207278536,0.0098782611283913
2029,14,RR,Roraima,829419,219181,557268,79505,52970,8620,0.264258474908339,0.6718775431959,0.09585625600571,0.0638639818957608,0.0103928171406732
2030,14,RR,Roraima,852839,220874,575530,84150,56435,9350,0.258986748964341,0.674840151540912,0.0986704407279686,0.0661730994947464,0.0109633823031076
2031,14,RR,Roraima,875745,222193,593535,88989,60017,10146,0.253718833678754,0.677748659712588,0.101615196204375,0.0685325066086589,0.0115855642909751
2032,14,RR,Roraima,897233,222850,610729,93981,63654,11006,0.248374725405775,0.680680492135265,0.104745367145435,0.0709447824589599,0.0122666018748753
2033,14,RR,Roraima,917203,222100,627758,99122,67345,11891,0.242149229777923,0.684426457392747,0.108069860216332,0.07342431282933,0.0129644146388531
2034,14,RR,Roraima,935597,219579,644913,104410,71105,12823,0.234693997522438,0.689306400084652,0.111597194091046,0.0759996023929106,0.0137056873846325
2035,14,RR,Roraima,952319,217003,660369,109879,74947,13799,0.227867972811631,0.693432557787884,0.11538045549863,0.0786994694004845,0.0144898925675115
2036,14,RR,Roraima,967268,214614,673774,115582,78880,14817,0.22187646029849,0.696574268971991,0.119493253162515,0.0815492707295186,0.0153184019320395
2037,14,RR,Roraima,980378,212093,685379,121545,82906,15863,0.216337983920488,0.699096674955986,0.123977690237847,0.0845653411235258,0.0161804936463283
2038,14,RR,Roraima,991581,209750,694809,127749,87022,16936,0.211530878465804,0.700708262865061,0.12883365050359,0.0877608586691355,0.0170797947923569
2039,14,RR,Roraima,1000857,207016,702617,134169,91224,18044,0.206838739200505,0.702015372825489,0.134054115622911,0.0911458879740063,0.0180285495330502
2040,14,RR,Roraima,1008165,203899,708724,140733,95542,19191,0.202247647954452,0.702984134541469,0.139593221347696,0.0947682175040792,0.0190355745339305
2041,14,RR,Roraima,1014345,200784,713476,147424,100085,20391,0.197944486343404,0.703385928850638,0.145339110460445,0.0986695848059585,0.0201026278041495
2042,14,RR,Roraima,1020244,197796,717508,154256,104940,21646,0.193871270009919,0.703270982235622,0.151195204284465,0.102857747754459,0.0212164933094436
2043,14,RR,Roraima,1025868,194910,720856,161222,110102,22936,0.189995204061341,0.702679097115808,0.157156671228657,0.107325698822851,0.0223576522515567
2044,14,RR,Roraima,1031215,192140,723525,168316,115550,24274,0.1863238994778,0.701623812686976,0.163221054775192,0.112052287835224,0.0235392231493917
2045,14,RR,Roraima,1036312,189493,725577,175494,121242,25660,0.182853233389172,0.700153042713005,0.169344753317534,0.116993723897822,0.0247608828229336
2046,14,RR,Roraima,1041160,186999,727064,182701,127097,27073,0.179606400553229,0.698321103384686,0.175478312651274,0.122072496062085,0.0260027277267663
2047,14,RR,Roraima,1045775,184655,728053,189914,133067,28504,0.176572398460472,0.696185125863594,0.181601204848079,0.127242475675934,0.027256340991131
2048,14,RR,Roraima,1050146,182436,728561,197101,139149,29959,0.173724415462231,0.693771151820794,0.187689140367149,0.132504432716975,0.028528414144319
2049,14,RR,Roraima,1054260,180316,728605,204282,145339,31451,0.171035607914556,0.691105609621915,0.193768140686358,0.137858782463529,0.0298322994327775
2050,14,RR,Roraima,1058133,178297,728251,211527,151585,32994,0.168501502174112,0.688241459249452,0.199905871946154,0.143257038576436,0.031181335427588
2051,14,RR,Roraima,1061768,176395,727527,218928,157846,34606,0.166133279586501,0.685203358925867,0.20619193646823,0.148663361487632,0.0325928074682982
2052,14,RR,Roraima,1065147,174612,726449,226548,164086,36302,0.163932302301936,0.682017599448715,0.212691769305082,0.15405009824935,0.0340816807445357
2053,14,RR,Roraima,1068282,172946,725058,234394,170278,38084,0.161891710241303,0.678714047414447,0.219412102796827,0.15939424234425,0.035649762890323
2054,14,RR,Roraima,1071136,171350,723341,242415,176445,39950,0.159970349236698,0.675302669315568,0.226315799300929,0.164726981447734,0.0372968511934992
2055,14,RR,Roraima,1073700,169797,721249,250566,182654,41935,0.158141939089131,0.671741641054298,0.233366862252026,0.170116419856571,0.0390565334823507
2056,14,RR,Roraima,1075992,168284,718714,258771,188994,44084,0.156398932334069,0.667954780332939,0.240495282492807,0.175646287332991,0.0409705648369133
2057,14,RR,Roraima,1078003,166816,715661,266947,195526,46422,0.154745394957157,0.663876631141101,0.247631036277265,0.181377973901742,0.0430629599361041
2058,14,RR,Roraima,1079717,165380,712085,275060,202252,48938,0.153169765781219,0.659510779213442,0.254751939628625,0.187319455005339,0.0453248397496751
2059,14,RR,Roraima,1081112,163949,708042,283064,209121,51622,0.151648487853247,0.654920119284588,0.261826711756044,0.193431392862164,0.0477489843790468
2060,14,RR,Roraima,1082177,162498,703583,290795,216096,54433,0.150158430644895,0.650155196423506,0.268712973940492,0.1996863729316,0.0502995351037769
2061,14,RR,Roraima,1082898,161018,698793,298081,223087,57305,0.148691751208332,0.645299003230221,0.275262305406419,0.206009245561447,0.0529181880472584
2062,14,RR,Roraima,1083307,159514,693761,304915,230032,60208,0.147247271549062,0.640410336128171,0.281466841809386,0.212342392322767,0.0555779663567207
2063,14,RR,Roraima,1083393,157991,688513,311290,236889,63126,0.145829814296382,0.635515459302395,0.28732879019894,0.218654726401223,0.0582669446821237
2064,14,RR,Roraima,1083145,156453,683088,317253,243604,66052,0.14444326475218,0.630652405725919,0.292899842588019,0.224904329521902,0.0609816783533137
2065,14,RR,Roraima,1082557,154878,677643,322805,250036,68959,0.14306683158485,0.625965191671201,0.298187531926725,0.23096797674395,0.0637001100173016
2066,14,RR,Roraima,1081626,153261,672356,327627,256009,71802,0.141695003633419,0.621615974468069,0.302902297097148,0.236689021898512,0.0663833894525464
2067,14,RR,Roraima,1080359,151607,667234,331912,261518,74574,0.14033020505221,0.617603963127072,0.307223802458257,0.242065831820719,0.0690270548956412
2068,14,RR,Roraima,1078769,149935,662273,336031,266561,77246,0.138987123285893,0.613915490712099,0.311494861272432,0.247097386002008,0.071605691301845
2069,14,RR,Roraima,1076863,148270,657392,339732,271201,79840,0.13768696668007,0.610469484047646,0.315483028017492,0.251843549272284,0.0741412788813433
2070,14,RR,Roraima,1074652,146619,652596,342797,275437,82417,0.136433933961878,0.607262630135151,0.318984192091952,0.256303435902971,0.0766918034861518
2000,15,PA,Pará,6493843,2437970,3795496,383368,260377,57680,0.375427924574093,0.58447609527979,0.0590356126564809,0.0400959801461169,0.0088822597035376
2001,15,PA,Pará,6621374,2445480,3907986,395086,267908,58649,0.369331199234479,0.590207712175751,0.0596682803297322,0.04046108858977,0.0088575271537297
2002,15,PA,Pará,6747419,2451813,4019469,407509,276137,59592,0.36337049766733,0.595704668703692,0.0603947968845569,0.0409248336289772,0.0088318214712914
2003,15,PA,Pará,6872273,2457574,4129730,420574,284969,60537,0.357607155594663,0.600926360172246,0.0611986747325084,0.0414664842330914,0.0088088758988474
2004,15,PA,Pará,6996232,2462770,4239097,434341,294365,61557,0.352013769697746,0.605911439186122,0.0620821322105956,0.0420747911161322,0.0087985932999363
2005,15,PA,Pará,7119568,2467047,4348175,449004,304346,62707,0.34651638975848,0.610735791834561,0.063066186038254,0.0427478184069595,0.008807697320961
2006,15,PA,Pará,7243750,2470832,4457847,464736,315071,64068,0.34109846419327,0.615405970664366,0.0641568248490078,0.0434955651423641,0.0088445901639344
2007,15,PA,Pará,7366330,2471433,4568406,481488,326491,65625,0.335503975521053,0.620173953651275,0.0653633491847365,0.0443220708276713,0.0089087781839803
2008,15,PA,Pará,7486557,2468788,4679305,499272,338464,67334,0.329762800176369,0.625027632862476,0.0666891336030701,0.0452095669611545,0.0089939874898434
2009,15,PA,Pará,7601341,2460899,4789450,518348,350992,69199,0.32374537598037,0.630079613583972,0.0681916519729874,0.0461750104356587,0.0091035252858673
2010,15,PA,Pará,7700603,2444222,4891969,539180,364412,71381,0.3174065719269,0.635270900213918,0.0700178934039321,0.0473225278591819,0.0092695338274158
2011,15,PA,Pará,7788583,2422878,4986995,561805,378710,73906,0.311080719047354,0.640295545415642,0.0721318627534688,0.0486237355370033,0.0094890174502858
2012,15,PA,Pará,7875244,2398264,5083207,586023,393773,76668,0.304532024658538,0.645466603955382,0.0744133134160669,0.0500013713860802,0.0097353174073082
2013,15,PA,Pará,7961082,2370717,5180560,611874,409805,79700,0.297788290586631,0.650735666332792,0.0768581456641195,0.0514760430805762,0.0100112019949047
2014,15,PA,Pará,8047210,2344140,5276065,639236,427005,82995,0.291298474875143,0.655639035143857,0.0794357298989339,0.0530624899809996,0.0103135123850378
2015,15,PA,Pará,8131409,2318876,5367089,667949,445444,86521,0.285175176897386,0.660044157168825,0.082144312258798,0.0547806659337884,0.0106403453571208
2016,15,PA,Pará,8207830,2290652,5451981,698059,465197,90333,0.279081316255332,0.664241462116053,0.0850479359343456,0.0566772216286156,0.011005710400922
2017,15,PA,Pará,8275842,2259215,5530301,729672,486326,94518,0.272989141165334,0.668246324664004,0.088168913809616,0.058764534170662,0.0114209526958103
2018,15,PA,Pará,8339467,2229239,5601509,762500,508719,98967,0.267311927728715,0.671686691727421,0.0914327018741126,0.0610013805438645,0.0118673051886889
2019,15,PA,Pará,8404430,2199602,5672632,796187,532196,103536,0.261719355149606,0.67495737367079,0.0947342056510674,0.0633232711796041,0.0123192173651277
2020,15,PA,Pará,8465192,2167343,5744100,827105,553749,106997,0.256029987270224,0.67855519402277,0.0977065848004393,0.0654148187070063,0.0126396424322095
2021,15,PA,Pará,8520153,2134531,5812007,855379,573615,109483,0.250527308605843,0.682148196165022,0.100394793379884,0.067324495229135,0.0128498866158859
2022,15,PA,Pará,8570045,2100571,5872832,886891,596642,112808,0.245106180889365,0.685274348034345,0.103487321245104,0.0696194710762896,0.0131630580702902
2023,15,PA,Pará,8616120,2063046,5929505,923139,623569,117269,0.239440258492222,0.688187374363403,0.10714091725742,0.0723723671443759,0.0136104186106972
2024,15,PA,Pará,8664306,2028699,5983078,961635,652529,122537,0.234144431186987,0.69054324720295,0.110988116070693,0.0753123216100632,0.01414273687933
2025,15,PA,Pará,8711196,1999423,6029379,1001328,682394,128237,0.229523362808046,0.692141354642922,0.114947247197744,0.0783352825490323,0.0147209407296082
2026,15,PA,Pará,8756324,1970267,6073037,1042149,713020,134255,0.225010746518745,0.693560105816094,0.119016724369724,0.0814291476651618,0.015332347226987
2027,15,PA,Pará,8799820,1941358,6114075,1084050,744387,140561,0.220613376182695,0.694795461725353,0.123190019795859,0.0845911620919519,0.0159731676329743
2028,15,PA,Pará,8841797,1912870,6151964,1127031,776963,147204,0.216344030517778,0.695782090450618,0.127466283154884,0.0878738790316041,0.0166486518521065
2029,15,PA,Pará,8882382,1881204,6190718,1171224,810460,154454,0.211790485930463,0.696965971515298,0.131859224248631,0.0912435425542383,0.0173888040392769
2030,15,PA,Pará,8921654,1846518,6230189,1216757,844947,162499,0.206970366705546,0.698322194516846,0.136382446573248,0.0947074387776078,0.0182139993324108
2031,15,PA,Pará,8959078,1814029,6264692,1263710,880357,171281,0.20247942924484,0.699256329725001,0.141053577164972,0.0982642410301596,0.0191181503275225
2032,15,PA,Pará,8994102,1783907,6293542,1312168,916653,180685,0.198341868926992,0.699741008051721,0.145892052369431,0.101917123021287,0.0200892762835022
2033,15,PA,Pará,9026753,1750986,6321944,1361989,953823,190680,0.19397739142746,0.700356373991844,0.15088360122405,0.105666234580696,0.0211238747753483
2034,15,PA,Pará,9057150,1717302,6347861,1413268,991987,201327,0.189607326808102,0.700867381019416,0.156038930568667,0.109525292172483,0.0222285155926533
2035,15,PA,Pará,9085334,1686799,6367268,1466438,1031267,212676,0.185661748924145,0.700829270558463,0.161407164557737,0.113508980517392,0.0234087156289466
2036,15,PA,Pará,9111314,1655814,6383760,1521992,1071740,224715,0.181731636073567,0.700640983287372,0.167044182650274,0.11762738063906,0.0246632922540042
2037,15,PA,Pará,9135074,1626285,6395312,1580184,1113477,237377,0.17802647247302,0.700083217716682,0.17297987952807,0.121890309810298,0.0259852301141731
2038,15,PA,Pará,9156576,1600593,6399638,1641026,1156345,250490,0.174802568121534,0.698911689260265,0.179218301688317,0.126285742618201,0.0273562956284096
2039,15,PA,Pará,9175884,1575064,6400386,1704167,1200434,263945,0.171652562303534,0.697522549326038,0.185722378356134,0.130824888370428,0.0287650759316487
2040,15,PA,Pará,9193009,1550157,6396692,1769030,1246160,277690,0.168623461589127,0.69582135729444,0.192432097042437,0.135555181116433,0.0302066494224035
2041,15,PA,Pará,9207840,1526287,6387561,1834763,1293992,291633,0.165759504943613,0.693708948026899,0.199260955881075,0.140531547029488,0.0316722488661836
2042,15,PA,Pará,9220250,1503295,6372782,1900639,1344173,305770,0.163042759144275,0.69117236517448,0.206137469157561,0.145784875681245,0.0331628751931889
2043,15,PA,Pará,9230207,1481061,6352434,1966476,1396712,320397,0.160458048232288,0.688222268471335,0.213047876391071,0.151319683296377,0.0347117892372295
2044,15,PA,Pará,9237716,1459460,6326968,2032132,1451288,335331,0.157989269208969,0.684906095835811,0.219982082151043,0.157104634955221,0.0363002066744637
2045,15,PA,Pará,9242798,1438431,6297023,2096903,1507344,350629,0.155627224569876,0.681289691714565,0.226868855080464,0.163083083715559,0.0379353741150678
2046,15,PA,Pará,9245444,1417961,6263400,2159957,1564083,366264,0.15336862134474,0.677457999853766,0.233623934123661,0.169173378801494,0.0396156204071973
2047,15,PA,Pará,9245672,1398025,6226816,2220718,1620831,382209,0.151208587109731,0.673484415194482,0.240190004577277,0.175306997695787,0.0413392341843838
2048,15,PA,Pará,9243457,1378579,6187458,2278814,1677420,398475,0.14914106269981,0.669387870793362,0.246532655477274,0.181471066506827,0.0431088714968869
2049,15,PA,Pará,9238778,1359498,6145585,2334388,1733695,415148,0.147151279097733,0.665194574433978,0.252672810191997,0.187654146468288,0.0449353799820712
2050,15,PA,Pará,9231660,1340734,6101918,2388003,1789008,432341,0.14523216842908,0.660977332354095,0.258675362827487,0.193790499216826,0.0468324223379111
2051,15,PA,Pará,9222125,1322299,6057269,2440474,1842557,450134,0.143383330848367,0.656819225503883,0.264632500643832,0.199797443647749,0.0488102254090028
2052,15,PA,Pará,9210195,1304238,6012166,2492415,1893791,468589,0.141608076701959,0.65277293260349,0.270614791543502,0.205618990694551,0.0508772072686843
2053,15,PA,Pará,9195868,1286562,5966955,2543827,1942351,487614,0.13990653193369,0.648873494051894,0.276627176466648,0.211219974014416,0.053025337031806
2054,15,PA,Pará,9179103,1269195,5921531,2594498,1988377,507266,0.138270046648349,0.645109985147786,0.282652673142463,0.216619968203865,0.0552631340992687
2055,15,PA,Pará,9159872,1252083,5875387,2644503,2032402,527857,0.136692193952055,0.641426757928495,0.288705235182326,0.22188104811945,0.0576271153134018
2056,15,PA,Pará,9138182,1235242,5827732,2693883,2075208,549717,0.13517371398381,0.637734288942812,0.294794194293788,0.227091997073378,0.0601560572989244
2057,15,PA,Pará,9114075,1218704,5777981,2742591,2117390,573010,0.133716696428327,0.633962415275275,0.300918195209058,0.232320888296399,0.0628708892564522
2058,15,PA,Pará,9087556,1202513,5726089,2790527,2158954,597715,0.132325236840356,0.630102196894302,0.307071230152529,0.237572566265341,0.0657729096800064
2059,15,PA,Pará,9058630,1186636,5672283,2837486,2199711,623560,0.130995084245631,0.626174487753667,0.313235665878836,0.242830428000702,0.0688360160421609
2060,15,PA,Pará,9027271,1171030,5616508,2883085,2239733,650108,0.12972137426693,0.622171196588648,0.319375035932786,0.248107429144422,0.0720160057231028
2061,15,PA,Pará,8993496,1155696,5558719,2926343,2279081,676756,0.128503531885709,0.618082111783894,0.32538436665786,0.253414356330397,0.0752494914102369
2062,15,PA,Pará,8957343,1140645,5498984,2967217,2317714,702989,0.127341891451516,0.613907941227661,0.331260843756904,0.258750167320823,0.0784818667767886
2063,15,PA,Pará,8918879,1125917,5437396,3005847,2355566,728686,0.126239743806368,0.609650158949348,0.337020717513939,0.264110097244284,0.0817015232519692
2064,15,PA,Pará,8878148,1111540,5374144,3042382,2392464,753754,0.125199534857946,0.605322641613994,0.342682054860991,0.26947782352806,0.0848999138108534
2065,15,PA,Pará,8835186,1097491,5309628,3076850,2428067,777721,0.124218211138962,0.600963918586434,0.348249601083667,0.274817870274604,0.0880254247052637
2066,15,PA,Pará,8790056,1083754,5244851,3110123,2461451,800023,0.123293184935341,0.596680043904157,0.353822888045309,0.280026771160502,0.0910145509880711
2067,15,PA,Pará,8742830,1070310,5179901,3140427,2492619,820312,0.122421458497992,0.592474175981919,0.35920028183094,0.285104365520089,0.0938268272401499
2068,15,PA,Pará,8693572,1057169,5114669,3167631,2521734,838386,0.121603524995249,0.588327674746353,0.364364728330311,0.290068800258398,0.096437459769126
2069,15,PA,Pará,8642386,1044388,5049010,3190032,2548988,854455,0.120844868535148,0.584214822156752,0.369114732898993,0.294940309308101,0.0988679515124643
2070,15,PA,Pará,8589345,1031978,4982917,3205502,2574450,869020,0.120146297534911,0.580127704731851,0.373195162145658,0.299725997733238,0.101174187321618
2000,16,AP,Amapá,500966,209039,276147,22811,15780,4157,0.41727183082285,0.55122902552269,0.0455340282574067,0.0314991436544596,0.0082979683251957
2001,16,AP,Amapá,522673,215420,291044,23614,16209,4111,0.412150618072868,0.556837640360225,0.0451792994855292,0.031011741566907,0.0078653383664356
2002,16,AP,Amapá,543703,221161,305860,24500,16682,4071,0.406768033282877,0.562549774417283,0.0450613662238391,0.0306821922998402,0.0074875437509081
2003,16,AP,Amapá,564107,226299,320572,25484,17236,4050,0.401163254488953,0.568282258507694,0.0451758265719092,0.0305544870033522,0.0071794889976547
2004,16,AP,Amapá,583964,230815,335254,26575,17895,4067,0.395255529450446,0.574100458247426,0.0455079422704139,0.0306440123021282,0.0069644704125596
2005,16,AP,Amapá,603274,234656,349954,27775,18664,4116,0.388970849066925,0.58009130179653,0.0460404393360231,0.0309378491365449,0.0068227704160961
2006,16,AP,Amapá,621428,237130,364742,29074,19556,4206,0.381588856633431,0.586941689141783,0.046785790147853,0.0314694542247855,0.0067682820857766
2007,16,AP,Amapá,638841,238657,379639,30455,20545,4319,0.373578089070676,0.594262109038086,0.0476722689996415,0.0321598018912374,0.0067606806701511
2008,16,AP,Amapá,655719,239602,394542,31901,21575,4449,0.365403473134071,0.601693713313172,0.0486504127530238,0.0329028135527566,0.0067849185398013
2009,16,AP,Amapá,672357,240437,409304,33444,22616,4595,0.357603178073553,0.608759929620722,0.0497414320071034,0.0336368923057245,0.0068341669678459
2010,16,AP,Amapá,686987,240495,422826,35114,23666,4748,0.350072126546791,0.615478895524952,0.0511130487185347,0.0344489779282577,0.0069113389336333
2011,16,AP,Amapá,699770,239756,435310,36889,24704,4911,0.342621146948283,0.6220758249139,0.0527158923646341,0.0353030281378167,0.0070180202066393
2012,16,AP,Amapá,711828,238150,447939,38766,25739,5088,0.334561158032558,0.629279826025388,0.054459785229016,0.0361590159420534,0.0071477941300426
2013,16,AP,Amapá,723831,236544,460467,40760,26820,5280,0.326794514189086,0.636152637839496,0.0563114870736401,0.0370528479714187,0.0072945204060063
2014,16,AP,Amapá,735883,235377,472531,42862,27975,5483,0.319856553283606,0.642127892613364,0.0582456722060436,0.03801555410303,0.0074509127130263
2015,16,AP,Amapá,747050,234144,483651,45092,29255,5681,0.313424804229971,0.647414497021618,0.0603600829931062,0.0391606987484104,0.0076045780068268
2016,16,AP,Amapá,756948,232604,493677,47477,30667,5902,0.307291914371925,0.65219407409756,0.0627216136379249,0.0405140115305146,0.0077971009897641
2017,16,AP,Amapá,765558,230801,502520,50018,32237,6150,0.301480749988897,0.656410095642655,0.0653353501628877,0.0421091543684476,0.0080333560618529
2018,16,AP,Amapá,772784,229107,509767,52635,33910,6417,0.296469647404708,0.659650044514379,0.0681108822128823,0.0438803080809127,0.0083037433487235
2019,16,AP,Amapá,779468,227466,516372,55266,35630,6672,0.291822114570451,0.662467221232944,0.0709022050937306,0.0457106641966059,0.0085596842974952
2020,16,AP,Amapá,785533,225464,522892,57666,37177,6850,0.287020405253503,0.665652493275267,0.0734100286047817,0.0473271014712304,0.008720193804716
2021,16,AP,Amapá,790871,224010,528193,59923,38668,6987,0.2832446758068,0.667862394752115,0.0757683617176505,0.0488929294410846,0.0088345634117321
2022,16,AP,Amapá,795457,222180,532807,62529,40470,7206,0.279311138125631,0.669812447435877,0.0786076431535583,0.0508764144384926,0.0090589434752601
2023,16,AP,Amapá,799124,219163,537384,65591,42577,7505,0.274254058193722,0.672466350653966,0.0820786260955747,0.0532795911523118,0.0093915337294337
2024,16,AP,Amapá,802837,215460,542507,68885,44870,7835,0.268373281251362,0.675737416187844,0.0858019747470533,0.0558893025607938,0.0097591416439451
2025,16,AP,Amapá,806517,211827,547413,72353,47277,8185,0.262644184809496,0.678737087996905,0.0897104462770159,0.0586187271935991,0.0101485771533644
2026,16,AP,Amapá,809953,208127,552035,76002,49791,8536,0.256961823710759,0.681564238912628,0.0938350743808591,0.0614739373766132,0.0105388831203786
2027,16,AP,Amapá,813150,204671,556076,79819,52403,8887,0.251701408104286,0.68385414745127,0.0981602410379389,0.0644444444444444,0.0109291028715489
2028,16,AP,Amapá,816149,200645,560317,83810,55187,9265,0.245843589834699,0.686537629771034,0.102689582416936,0.0676187803942662,0.0113520937965984
2029,16,AP,Amapá,818996,195744,565143,87987,58109,9699,0.239004830304422,0.690043663216914,0.107432759134355,0.0709515064786641,0.0118425486815564
2030,16,AP,Amapá,821698,190666,569869,92346,61163,10213,0.232039021635686,0.693526088660311,0.112384355322758,0.0744348897040032,0.0124291406331767
2031,16,AP,Amapá,824240,185792,574078,96868,64370,10798,0.225410074735514,0.69649373968747,0.117524022129477,0.0780961855770164,0.0131005532369213
2032,16,AP,Amapá,826561,181081,577754,101554,67726,11464,0.219077599838366,0.698985313848585,0.122863285347361,0.0819370863130489,0.0138695147726544
2033,16,AP,Amapá,828689,176058,581398,106387,71233,12197,0.212453646663585,0.701587688505579,0.12837988678503,0.0859586648308352,0.0147184287470933
2034,16,AP,Amapá,830636,170923,584812,111371,74901,12998,0.205773648144314,0.704053279655589,0.134079187514146,0.0901730722000973,0.01564825025643
2035,16,AP,Amapá,832429,166275,587422,116521,78732,13868,0.199746765189584,0.70567219546652,0.139977103152341,0.094581039343896,0.0166596790837417
2036,16,AP,Amapá,834066,161733,589634,121848,82699,14815,0.193909115105999,0.706939259003484,0.146089158411924,0.0991516258905171,0.0177623833125916
2037,16,AP,Amapá,835549,157595,591147,127359,86807,15829,0.188612517039695,0.707495311465875,0.152425530998182,0.103892171494431,0.0189444305480588
2038,16,AP,Amapá,836873,154278,591562,133038,91033,16900,0.184350552592807,0.706871890955975,0.158970357509443,0.108777556451218,0.0201942230183074
2039,16,AP,Amapá,838051,151152,591514,138869,95385,18020,0.1803613383911,0.705821006120153,0.165704712481699,0.113817655488747,0.0215022713414816
2040,16,AP,Amapá,839084,148109,591108,144801,99867,19178,0.176512721014821,0.704468205805378,0.172570326689581,0.119019073179801,0.0228558761697279
2041,16,AP,Amapá,839959,145304,590153,150780,104502,20370,0.172989395910991,0.702597388682067,0.17950876173718,0.124413215406942,0.0242511836887277
2042,16,AP,Amapá,840654,142714,588653,156779,109287,21597,0.169765444522955,0.700232200167965,0.186496465846829,0.130002355309081,0.0256907122311914
2043,16,AP,Amapá,841168,140319,586635,162772,114214,22904,0.166814477012915,0.697405274570597,0.193507123428376,0.135780248416488,0.0272288056607004
2044,16,AP,Amapá,841500,138067,584172,168751,119261,24267,0.164072489601901,0.69420320855615,0.200535947712418,0.141724301841949,0.0288377896613191
2045,16,AP,Amapá,841629,135926,581316,174667,124387,25685,0.161503465303596,0.690703385933707,0.20753443619457,0.147793148762697,0.0305181974480442
2046,16,AP,Amapá,841575,133887,578153,180448,129535,27173,0.159090990107834,0.686989276059769,0.214417015714583,0.153919733832398,0.0322882690193982
2047,16,AP,Amapá,841325,131954,574693,186056,134678,28720,0.156840697708971,0.683080854604344,0.221146405966779,0.160078447686685,0.0341366297209758
2048,16,AP,Amapá,840891,130109,570980,191462,139802,30336,0.154727544949345,0.679017851302963,0.227689438940362,0.166254603747691,0.0360760193651734
2049,16,AP,Amapá,840242,128303,567048,196683,144891,32019,0.152697675193575,0.674862718121684,0.234078991528631,0.172439606684741,0.0381068787325556
2050,16,AP,Amapá,839380,126530,562944,201772,149906,33782,0.150742214491649,0.670666444280302,0.2403821868522,0.178591341228049,0.0402463723224285
2051,16,AP,Amapá,838302,124782,558741,206800,154779,35606,0.148850891444849,0.666515169950686,0.246689140667683,0.184633938604465,0.0424739533008391
2052,16,AP,Amapá,837011,123069,554468,211838,159474,37492,0.147033909948615,0.662438128053275,0.253088669085591,0.19052796199811,0.0447927207647211
2053,16,AP,Amapá,835506,121381,550166,216883,163959,39423,0.145278430077103,0.658482404674533,0.259582815682951,0.196239165248364,0.04718458036208
2054,16,AP,Amapá,833765,119698,545810,221903,168257,41401,0.143563234244661,0.654632900157718,0.266145736508489,0.20180386559762,0.0496554784621566
2055,16,AP,Amapá,831777,118008,541358,226890,172411,43440,0.141874564937477,0.650845118343017,0.272777439145348,0.207280316719505,0.0522255364118027
2056,16,AP,Amapá,829554,116307,536744,231843,176503,45552,0.140204254334257,0.647027197747223,0.279479093585228,0.21276854791852,0.0549114343370052
2057,16,AP,Amapá,827103,114598,531913,236737,180592,47737,0.138553481247197,0.643103700506467,0.286224327562589,0.218342818246337,0.0577159072086548
2058,16,AP,Amapá,824415,112883,526859,241588,184673,49987,0.136924971040071,0.639070128515371,0.293041732622526,0.224004900444558,0.0606332975503842
2059,16,AP,Amapá,821499,111167,521609,246356,188723,52282,0.135322136728103,0.634947820995522,0.299885940214169,0.229730042276375,0.0636421955474079
2060,16,AP,Amapá,818341,109448,516152,250886,192741,54602,0.133743757186796,0.630729732470938,0.30657879783611,0.235526510342266,0.066722796487039
2061,16,AP,Amapá,814942,107720,510504,255091,196718,56904,0.132181185900346,0.626429856357876,0.313017368107178,0.241388957741778,0.0698258280957418
2062,16,AP,Amapá,811333,105987,504708,258992,200638,59168,0.130633167885443,0.622072564532689,0.319217879711536,0.247294267581868,0.0729268993126127
2063,16,AP,Amapá,807508,104259,498730,262606,204519,61378,0.129112033564993,0.617616172223681,0.325205446881022,0.253271794211327,0.0760091540888759
2064,16,AP,Amapá,803479,102548,492602,265972,208329,63540,0.127629969171565,0.613086340775552,0.331025453061001,0.259283690052883,0.0790810960834073
2065,16,AP,Amapá,799249,100872,486470,269117,211907,65621,0.126208478208919,0.608658878522213,0.336712338707962,0.265132643268869,0.0821033244958705
2066,16,AP,Amapá,794843,99233,480420,271594,215190,67579,0.124846038777469,0.604421250485945,0.341695152376004,0.270732710736586,0.0850218219195489
2067,16,AP,Amapá,790247,97621,474436,273782,218190,69389,0.123532262697612,0.60036418993049,0.346451172861143,0.276103547371898,0.0878067237205583
2068,16,AP,Amapá,785500,96050,468519,275949,220931,71033,0.122278803309994,0.596459579885423,0.351303628262253,0.281261616804583,0.0904302991725016
2069,16,AP,Amapá,780604,94545,462611,278319,223448,72542,0.121117749844992,0.592632115643783,0.356543138390272,0.286250134511225,0.0929306024565593
2070,16,AP,Amapá,775558,93108,456670,280425,225780,73955,0.120052916738658,0.588827656990193,0.36157837324868,0.291119426271149,0.0953571493041139
2000,17,TO,Tocantins,1191784,423300,711002,84127,57482,12013,0.355181811469192,0.596586294160687,0.0705891336013909,0.0482318943701208,0.0100798466836272
2001,17,TO,Tocantins,1215566,424771,731470,86659,59325,12344,0.349442975535676,0.601752599200702,0.0712910693454736,0.048804425263622,0.0101549401677901
2002,17,TO,Tocantins,1238303,425333,751676,89257,61294,12638,0.343480553628635,0.607021060273616,0.0720800967130016,0.0494983860977483,0.010205902755626
2003,17,TO,Tocantins,1260206,425208,771611,91968,63387,12927,0.337411502563867,0.612289578053112,0.0729785447775999,0.0502989193830215,0.0102578467329944
2004,17,TO,Tocantins,1281514,424488,791391,94913,65635,13256,0.33123945583115,0.617543780247426,0.0740631783968025,0.0512167639214242,0.0103440149697935
2005,17,TO,Tocantins,1302370,423184,811188,98136,67998,13644,0.324933774580188,0.622855256186798,0.075351858534825,0.0522109692330137,0.0104762855409753
2006,17,TO,Tocantins,1323739,422155,831158,101618,70426,14083,0.318911054218392,0.627886615110683,0.0767658881395804,0.0532023306709253,0.0106388041751433
2007,17,TO,Tocantins,1343650,419459,851285,105314,72906,14569,0.312178766791947,0.633561567372456,0.0783790421612771,0.0542596658355971,0.01084285342165
2008,17,TO,Tocantins,1362487,415658,871399,109201,75430,15077,0.3050730025314,0.639565001354141,0.0801482876533868,0.0553619961144583,0.0110657936552789
2009,17,TO,Tocantins,1380854,411551,891236,113326,78067,15615,0.298040922501582,0.645423773983346,0.0820695019169297,0.0565353035150711,0.0113082194062515
2010,17,TO,Tocantins,1396508,406573,909018,117760,80917,16214,0.291135460734919,0.650922157266553,0.0843246153978352,0.0579423819985278,0.0116103881968453
2011,17,TO,Tocantins,1410841,401554,925285,122526,84002,16866,0.284620308029041,0.655839318534123,0.0868460726616252,0.0595403734368366,0.0119545717766921
2012,17,TO,Tocantins,1426020,396736,942008,127583,87276,17567,0.278212086787002,0.660585405534284,0.0894678896509165,0.0612025076787142,0.0123189015581829
2013,17,TO,Tocantins,1441047,391683,958589,132923,90775,18330,0.271804458841384,0.665203147433776,0.092240572306108,0.0629923937248403,0.0127199182261231
2014,17,TO,Tocantins,1456210,387135,974569,138502,94506,19172,0.265851079171273,0.66925031417172,0.0951112820266308,0.0648986066570069,0.0131656835209207
2015,17,TO,Tocantins,1471416,383483,989437,144307,98496,20098,0.260621741234294,0.672438657728338,0.098073556356598,0.0669396010373681,0.0136589516492956
2016,17,TO,Tocantins,1485416,380002,1002700,150276,102714,21105,0.255821938096803,0.675029755974084,0.101167619037361,0.0691483059291135,0.0142081410190815
2017,17,TO,Tocantins,1498537,376998,1014378,156432,107161,22192,0.251577371796626,0.676912215047076,0.104389814866099,0.0715104131562984,0.0148091104857604
2018,17,TO,Tocantins,1511702,375415,1024477,162783,111810,23324,0.248339289092692,0.677697720847098,0.107681937313042,0.0739629900602103,0.0154289668201802
2019,17,TO,Tocantins,1525148,374155,1034338,169403,116655,24469,0.245323732516451,0.678188608580938,0.111073154867593,0.0764876589026114,0.0160436888747846
2020,17,TO,Tocantins,1537886,372249,1044313,175971,121324,25488,0.242052401803515,0.67905748540529,0.11442395600194,0.0788901127911952,0.0165734001089808
2021,17,TO,Tocantins,1548514,369015,1054205,181869,125294,26161,0.238302656611435,0.680784933168186,0.117447436703833,0.080912410220379,0.0168942612078418
2022,17,TO,Tocantins,1557580,365973,1062180,188099,129427,26774,0.23496257014086,0.681942500545718,0.120763620488193,0.0830949293134221,0.0171894862543176
2023,17,TO,Tocantins,1567191,363063,1069566,195565,134562,27713,0.23166480665088,0.68247329138567,0.124786959598415,0.0858619019634493,0.0176832306974708
2024,17,TO,Tocantins,1577342,360077,1077034,203632,140231,28876,0.228280867433949,0.682815774892192,0.129098191768177,0.0889033576738589,0.0183067464126359
2025,17,TO,Tocantins,1586859,356994,1083657,211948,146208,30157,0.224968948091796,0.682894321423643,0.133564481784456,0.092136730484561,0.0190042089435797
2026,17,TO,Tocantins,1595994,353317,1090220,220417,152457,31533,0.2213773986619,0.683097806132103,0.138106408921337,0.095524795205997,0.0197575930736582
2027,17,TO,Tocantins,1604779,349293,1096523,228973,158963,32981,0.217658007738137,0.683285985173036,0.142681951845083,0.0990560070888266,0.0205517395230122
2028,17,TO,Tocantins,1613212,345343,1102155,237599,165714,34494,0.214071678117941,0.683205307175994,0.147283184107235,0.102723014706065,0.0213821865941984
2029,17,TO,Tocantins,1621325,340753,1107836,246340,172736,36114,0.210169460163755,0.683290518557353,0.151937458560128,0.106540021278892,0.022274374354309
2030,17,TO,Tocantins,1629134,335317,1113840,255249,179977,37877,0.205825303504807,0.68370066550695,0.156677719573712,0.110474030988243,0.0232497756476754
2031,17,TO,Tocantins,1636542,330174,1119023,264371,187345,39775,0.201751009140004,0.683772857647405,0.161542447428786,0.114476133212591,0.0243042952762593
2032,17,TO,Tocantins,1643477,324976,1123720,273751,194781,41788,0.19773687127961,0.683745498111626,0.166568196573484,0.118517630608764,0.0254265803537257
2033,17,TO,Tocantins,1649949,318757,1128933,283356,202259,43886,0.19319203199614,0.684222966891704,0.171736217301262,0.122585001112156,0.0265983978898742
2034,17,TO,Tocantins,1655973,312505,1133651,293184,209817,46067,0.188713825648124,0.684583021583081,0.177046364886384,0.126703152768795,0.0278186902805782
2035,17,TO,Tocantins,1661561,306970,1137094,303303,217497,48320,0.18474795689114,0.684352846509999,0.182540996087414,0.130899196598861,0.0290810870019217
2036,17,TO,Tocantins,1666705,301665,1139689,313796,225351,50637,0.180994837118746,0.683797672653529,0.188273269714797,0.135207490227725,0.0303815012254718
2037,17,TO,Tocantins,1671410,296759,1141234,324702,233417,53030,0.177550092436925,0.682797159284676,0.194268312382958,0.1396527482784,0.0317277029573833
2038,17,TO,Tocantins,1675699,291935,1142100,336017,241664,55521,0.174216849207405,0.681566319488166,0.200523483036035,0.144216831304429,0.0331330388094759
2039,17,TO,Tocantins,1679591,287085,1142415,347691,250091,58137,0.170925540801302,0.680174518677464,0.207009325484597,0.148899940521234,0.0346137839509738
2040,17,TO,Tocantins,1683075,282734,1141576,359584,258765,60913,0.167986572196723,0.678268051037536,0.213647044843516,0.153745376765741,0.0361914947343404
2041,17,TO,Tocantins,1686139,278612,1139761,371519,267766,63826,0.165236673844802,0.675959099457399,0.220337113369657,0.158804226697799,0.0378533442379306
2042,17,TO,Tocantins,1688775,274693,1136950,383348,277132,66851,0.162658139775873,0.673239478320084,0.226997675830114,0.164102381904043,0.0395854983641989
2043,17,TO,Tocantins,1690984,270980,1133146,395027,286858,69993,0.160249890004873,0.670110420914686,0.233607769204203,0.169639689080441,0.0413918759728064
2044,17,TO,Tocantins,1692787,267464,1128424,406546,296899,73254,0.158002158570452,0.666607198661143,0.240163706361167,0.175390642768405,0.0432741981123437
2045,17,TO,Tocantins,1694185,264132,1122923,417804,307130,76600,0.155905051691521,0.662810141749573,0.246610612182259,0.181284806558906,0.0452134802279562
2046,17,TO,Tocantins,1695153,260943,1116838,428696,317372,79966,0.15393477756875,0.658842004232066,0.25289516639501,0.187223218199183,0.0471733229979831
2047,17,TO,Tocantins,1695685,257878,1110329,439139,327478,83312,0.152078953343339,0.654796734063225,0.258974396777703,0.193124312593436,0.0491317668081041
2048,17,TO,Tocantins,1695793,254926,1103450,449067,337417,86618,0.150328489385202,0.65069852275602,0.264812391606759,0.198972987858778,0.0510781681490606
2049,17,TO,Tocantins,1695469,252071,1096221,458492,347177,89920,0.148673316940622,0.646559152659235,0.270421930451102,0.204767530400143,0.0530354727806878
2050,17,TO,Tocantins,1694702,249290,1088750,467528,356662,93254,0.147099608072688,0.64244333222006,0.275876230747353,0.210457059707252,0.0550267834698962
2051,17,TO,Tocantins,1693479,246579,1081135,476309,365765,96657,0.145604994216049,0.638410632786117,0.281260647460051,0.215984372997835,0.0570759956279352
2052,17,TO,Tocantins,1691805,243923,1073466,484963,374416,100162,0.14417914594176,0.634509296284146,0.286654194780131,0.221311557774093,0.0592042227088819
2053,17,TO,Tocantins,1689673,241302,1065821,493486,382550,103752,0.142809880965134,0.630785364978904,0.292060061325475,0.226404754055962,0.0614035970273538
2054,17,TO,Tocantins,1687070,238676,1058209,501821,390185,107424,0.141473679219001,0.627246646552899,0.297451202380458,0.2312796742281,0.063674891972473
2055,17,TO,Tocantins,1684002,236052,1050527,509914,397423,111237,0.140173230198064,0.623827643910162,0.302798927792247,0.235999125891774,0.0660551472029131
2056,17,TO,Tocantins,1680452,233437,1042605,517706,404410,115244,0.13891322096674,0.6204312887247,0.308075446368001,0.24065549030856,0.0685791679857562
2057,17,TO,Tocantins,1676448,230834,1034339,525152,411275,119484,0.137692311363072,0.616982453377617,0.313252782072573,0.24532523525931,0.0712721181927504
2058,17,TO,Tocantins,1671967,228217,1025741,532232,418009,123939,0.136496115054902,0.613493567755823,0.318326856929593,0.250010317189275,0.0741276592181544
2059,17,TO,Tocantins,1667020,225563,1016892,538945,424565,128580,0.135309114467733,0.610005878753704,0.323298460726326,0.254685006778563,0.0771316480906048
2060,17,TO,Tocantins,1661615,222883,1007840,545160,430892,133306,0.134136367329375,0.60654243010565,0.328090442130096,0.259321202564974,0.0802267673317826
2061,17,TO,Tocantins,1655761,220200,998622,550506,436939,137986,0.132990208127864,0.603119653138345,0.332479144031053,0.263890138733791,0.0833369067154016
2062,17,TO,Tocantins,1649472,217522,989302,555059,442648,142507,0.131873714740232,0.599768895743608,0.336507076203779,0.26835738951616,0.0863955253559927
2063,17,TO,Tocantins,1642749,214851,979892,558960,448006,146846,0.130787478793169,0.59649526494918,0.340258919652363,0.272717256257651,0.0893904059597662
2064,17,TO,Tocantins,1635591,212177,970401,562369,453013,151004,0.129724974030794,0.593302971219578,0.343832290590985,0.276972054749629,0.092323814449945
2065,17,TO,Tocantins,1628028,209510,960962,565442,457556,154909,0.128689432859877,0.590261346856442,0.347317122309936,0.281049220283681,0.0951513118938986
2066,17,TO,Tocantins,1620064,206871,951922,569094,461271,158492,0.127693103482332,0.587582959685543,0.351278714914966,0.284723936832125,0.0978307029845734
2067,17,TO,Tocantins,1611735,204275,943214,571759,464246,161714,0.12674229944749,0.585216552348866,0.354747523631366,0.288041148203644,0.100335352896103
2068,17,TO,Tocantins,1603056,201731,934700,573827,466625,164538,0.125841517701191,0.583073828986636,0.357958174885968,0.291084653312174,0.10264020720424
2069,17,TO,Tocantins,1594046,199245,926227,575696,468574,167002,0.124993256154465,0.581054122653926,0.361153944114536,0.293952621191609,0.10476611089015
2070,17,TO,Tocantins,1584730,196830,917652,576870,470248,169189,0.124204123099834,0.579058893313056,0.364017845311189,0.296736983587109,0.106762035173184
2000,21,MA,Maranhão,5907492,2205477,3402550,433974,299465,68690,0.373335588097284,0.57597200300906,0.0734616314334408,0.0506924088936557,0.0116276077902433
2001,21,MA,Maranhão,5985865,2191524,3486406,445228,307935,71299,0.366116509476909,0.582439797756882,0.0743798932986294,0.0514436927662084,0.0119112275335311
2002,21,MA,Maranhão,6060566,2177118,3567134,455792,316314,73082,0.359226844489442,0.588581000520413,0.0752061771128307,0.0521921549901445,0.0120586097074102
2003,21,MA,Maranhão,6133227,2163306,3644961,466378,324960,74452,0.35271904985744,0.594297422873799,0.076041209627493,0.0529835272687608,0.0121391234989346
2004,21,MA,Maranhão,6205349,2150757,3720463,477687,334129,75791,0.346597266326197,0.599557414095484,0.0769798765548884,0.0538453195783186,0.0122138174661893
2005,21,MA,Maranhão,6277575,2139414,3794288,490167,343873,77342,0.340802618845653,0.604419381687993,0.0780822212398896,0.0547779994663544,0.0123203625603836
2006,21,MA,Maranhão,6355062,2133714,3867106,504001,354242,79217,0.335750304245655,0.608507989379175,0.0793070154154279,0.0557417063751699,0.0124651812995688
2007,21,MA,Maranhão,6428834,2124699,3939037,518958,365098,81370,0.330495234439091,0.612714062923385,0.0807235028933707,0.0567907026375234,0.0126570385858462
2008,21,MA,Maranhão,6498707,2112756,4009642,534861,376309,83746,0.325104055314388,0.61699073369518,0.0823026795945717,0.0579052109904324,0.0128865634348494
2009,21,MA,Maranhão,6565252,2098734,4078569,551776,387949,86324,0.319673030068,0.621235711896512,0.0840449079486972,0.0590912580354874,0.0131486194284698
2010,21,MA,Maranhão,6621117,2080190,4141005,569541,399922,88952,0.314175085563357,0.625423927714916,0.0860188696257746,0.0604009867217269,0.0134345911724562
2011,21,MA,Maranhão,6667356,2058267,4196912,588110,412177,91560,0.308708129579401,0.629471712624915,0.0882073793569745,0.0618201577956839,0.0137325800512227
2012,21,MA,Maranhão,6711398,2033176,4253375,607561,424847,94224,0.302943738398468,0.633753951114209,0.0905267427144091,0.0633023104873232,0.0140393998389009
2013,21,MA,Maranhão,6752584,2003699,4310811,627797,438074,97007,0.296730703387029,0.638394279878636,0.0929713721443524,0.0648750167343346,0.0143659079250254
2014,21,MA,Maranhão,6792706,1973793,4366999,648553,451914,99943,0.290575361277229,0.642895335084427,0.0954778552170519,0.0665293036383438,0.0147132821588333
2015,21,MA,Maranhão,6831416,1944622,4420413,669661,466381,103034,0.284658700333869,0.64707126604499,0.098026675582339,0.0682700336211409,0.0150823782360787
2016,21,MA,Maranhão,6863878,1912910,4469465,691009,481503,106330,0.278692307759549,0.651157406935263,0.100673263714769,0.0701502853051874,0.0154912427056542
2017,21,MA,Maranhão,6890375,1878992,4514146,712680,497237,109803,0.272698075213613,0.655137927906681,0.103431235600385,0.0721639968797054,0.0159357074179562
2018,21,MA,Maranhão,6917016,1848599,4554823,734932,513594,113323,0.26725382737296,0.658495368523074,0.106249862657539,0.0742508041039662,0.0163832207414295
2019,21,MA,Maranhão,6946725,1819620,4596742,757967,530363,116625,0.261939259147296,0.661713541273046,0.109111415811048,0.076347199579658,0.0167884866609805
2020,21,MA,Maranhão,6970988,1786457,4639071,779524,545460,118692,0.256270273309895,0.665482568611508,0.111824034125435,0.0782471580785966,0.0170265678265405
2021,21,MA,Maranhão,6988154,1747170,4682677,799035,558307,119288,0.250018817558972,0.670087837217096,0.114341355385127,0.0798933452239318,0.0170700302254358
2022,21,MA,Maranhão,6998087,1707770,4718114,820329,572203,119754,0.244033833817728,0.674200535089089,0.1172218922114,0.081765631093183,0.017112390857673
2023,21,MA,Maranhão,7003234,1666163,4748223,845215,588848,121049,0.237913369737467,0.678004333426528,0.120689241570394,0.0840822968360046,0.0172847287410359
2024,21,MA,Maranhão,7010960,1627024,4776194,872681,607742,123548,0.232068646804432,0.681246790739071,0.124473823841528,0.0866845624564967,0.0176221230758698
2025,21,MA,Maranhão,7018211,1590467,4799486,901599,628258,127077,0.226620003302836,0.683861741973845,0.128465644592333,0.0895182547233191,0.0181067511364363
2026,21,MA,Maranhão,7024557,1554341,4820117,931290,650099,131247,0.221272458889578,0.686180922156372,0.132576331859788,0.0925466189540494,0.0186840251990268
2027,21,MA,Maranhão,7030114,1519293,4837817,961346,673004,135822,0.216112142704941,0.688156266029256,0.136746857874566,0.0957315912658031,0.0193200280962727
2028,21,MA,Maranhão,7034961,1486897,4851082,991702,696982,140743,0.21135824349275,0.689567717575122,0.14096766137012,0.0990740389321277,0.0200062232043646
2029,21,MA,Maranhão,7039203,1453577,4863562,1022513,722064,146188,0.206497383297513,0.690925094787009,0.145259768755071,0.102577521915478,0.0207676920242249
2030,21,MA,Maranhão,7042949,1418384,4876567,1053834,747998,152292,0.201390639063267,0.692404133552579,0.149629650874939,0.106205227384154,0.0216233285233217
2031,21,MA,Maranhão,7045850,1385848,4885640,1085685,774362,159010,0.196689966434142,0.693406757169114,0.154088576963745,0.109903276396744,0.0225678945762399
2032,21,MA,Maranhão,7047525,1355426,4891226,1118170,800873,166261,0.192326525978978,0.694034572420814,0.158661374028471,0.113638901600207,0.0235914026555422
2033,21,MA,Maranhão,7048055,1321246,4899296,1151144,827513,173934,0.187462498519095,0.695127379113812,0.1633278968453,0.117410122367093,0.0246782977715128
2034,21,MA,Maranhão,7047533,1285839,4907268,1184804,854426,181934,0.182452356023023,0.696310042109771,0.1681161336882,0.121237601867207,0.0258152746500087
2035,21,MA,Maranhão,7045983,1254904,4909431,1219879,881648,190219,0.178102047648994,0.696770202255668,0.173131130177294,0.125127750095338,0.0269968008722133
2036,21,MA,Maranhão,7043368,1225040,4909125,1257294,909203,198682,0.17392815482593,0.696985447870962,0.178507498117378,0.129086397303108,0.0282083798546377
2037,21,MA,Maranhão,7039641,1198130,4904328,1297641,937183,207334,0.170197599565091,0.696673026365975,0.184333405638157,0.133129374068933,0.0294523541754473
2038,21,MA,Maranhão,7034848,1175730,4893651,1341024,965467,216231,0.167129410614131,0.695629955330947,0.190625867111841,0.137240634054922,0.0307371246685074
2039,21,MA,Maranhão,7029031,1153414,4881371,1387085,994246,225546,0.164092888479223,0.694458596071066,0.197336588784428,0.141448515449711,0.0320877799514613
2040,21,MA,Maranhão,7022193,1132224,4865733,1435321,1024236,235384,0.161235101342273,0.692907899284454,0.204397828427672,0.145856999373273,0.0335200129076487
2041,21,MA,Maranhão,7014108,1112209,4845562,1485004,1056337,245709,0.158567418693867,0.690830822679092,0.211716728627503,0.150601758627041,0.0350306838731311
2042,21,MA,Maranhão,7004580,1093103,4820358,1535474,1091119,256417,0.156055466566161,0.688172310117095,0.2192100025983,0.155772223316744,0.0366070485311039
2043,21,MA,Maranhão,6993591,1074797,4790132,1586597,1128662,267554,0.153683136460225,0.684931675301001,0.226864424871286,0.161385188238775,0.0382570270409007
2044,21,MA,Maranhão,6981152,1057186,4755315,1638148,1168651,279151,0.151434319149619,0.681164799162087,0.234652962720193,0.167400881688294,0.0399863804713033
2045,21,MA,Maranhão,6967244,1040132,4716495,1689233,1210617,291045,0.149288872328858,0.676952752049447,0.242453544041231,0.173758375621695,0.0417733324683332
2046,21,MA,Maranhão,6951804,1023521,4674391,1738700,1253892,302965,0.147230992128086,0.672399710923956,0.250107741817807,0.180369296947958,0.0435807741415034
2047,21,MA,Maranhão,6934820,1007274,4629686,1785721,1297860,314716,0.145248759160295,0.667600024225575,0.25750069936927,0.18715121661413,0.0453819998211922
2048,21,MA,Maranhão,6916287,991330,4582566,1829911,1342391,326304,0.143332687032797,0.662576032486795,0.264579968992033,0.194091280480408,0.0471790716608492
2049,21,MA,Maranhão,6896209,975588,4533354,1871412,1387267,337850,0.141467290216987,0.657368997952353,0.271368225643973,0.201163711830659,0.0489906845920708
2050,21,MA,Maranhão,6874552,959994,4482954,1910548,1431604,349410,0.139644590658417,0.652108530126763,0.277916000926315,0.20824687921482,0.0508265847723604
2051,21,MA,Maranhão,6851285,944557,4432458,1947872,1474270,361033,0.137865670454521,0.646952797905794,0.284307542307757,0.215181531639685,0.0526956622005945
2052,21,MA,Maranhão,6826421,929321,4382645,1983831,1514455,372811,0.136135904890718,0.642012117330589,0.290610702152709,0.221851977778693,0.0546129516477229
2053,21,MA,Maranhão,6799982,914295,4333884,2018391,1551803,384669,0.134455502970449,0.637337569422978,0.296822991590272,0.228206927606573,0.0565691203300244
2054,21,MA,Maranhão,6771919,899398,4286081,2051481,1586440,396754,0.132812870325236,0.632919708578912,0.302939388377209,0.234267421095852,0.0585881195566574
2055,21,MA,Maranhão,6742228,884616,4238910,2083439,1618702,409618,0.131205292968437,0.628710568672552,0.309013429981899,0.240084138359011,0.0607541008699201
2056,21,MA,Maranhão,6710949,870025,4191777,2114710,1649147,423941,0.129642618353976,0.624617621144193,0.31511340646457,0.245739760501831,0.0631715425046443
2057,21,MA,Maranhão,6678117,855683,4144197,2145600,1678237,440134,0.128132376237194,0.620563700815664,0.321288171501038,0.251303922947142,0.0659069016011549
2058,21,MA,Maranhão,6643758,841631,4096192,2176055,1705935,458238,0.126679960347743,0.616547441974858,0.327533754239694,0.256772597677399,0.0689727109265569
2059,21,MA,Maranhão,6607869,827827,4047845,2205855,1732197,477986,0.12527896663811,0.612579486669606,0.333822447145971,0.262141546692285,0.0723358771186293
2060,21,MA,Maranhão,6570439,814258,3998833,2234873,1757348,498991,0.123927487950196,0.608609713901917,0.3401405903015,0.267462798147886,0.075944849347205
2061,21,MA,Maranhão,6531480,800988,3948696,2261903,1781796,520703,0.122634992375388,0.60456374359257,0.346307881215283,0.272801264032042,0.0797220538071004
2062,21,MA,Maranhão,6491013,788066,3897133,2286986,1805814,542612,0.121408784730519,0.600389030186814,0.352331138452503,0.278202185082667,0.0835943480624673
2063,21,MA,Maranhão,6449078,775526,3844207,2310351,1829345,564593,0.120253778912272,0.596086293265487,0.358245163107036,0.283659927822241,0.0875463128217708
2064,21,MA,Maranhão,6405699,763371,3790163,2332274,1852165,586457,0.119170601053843,0.591686090776354,0.364093598528435,0.289143308169803,0.0915523817150946
2065,21,MA,Maranhão,6360870,751589,3735131,2352899,1874150,607522,0.118158207918099,0.587204423294298,0.369902073144082,0.294637368787603,0.0955092620977948
2066,21,MA,Maranhão,6314599,740193,3680272,2375922,1894134,626929,0.117219319864967,0.582819589969213,0.376258571605259,0.299961090165821,0.0992824722519989
2067,21,MA,Maranhão,6266912,729189,3625553,2394819,1912170,644073,0.116355391618711,0.578523042927681,0.382137007827779,0.305121565453608,0.102773582906542
2068,21,MA,Maranhão,6217835,718562,3570777,2409824,1928496,658700,0.115564661976395,0.57427979352942,0.387566411781593,0.310155544494185,0.105937195181281
2069,21,MA,Maranhão,6167438,708362,3515668,2421512,1943408,670979,0.114855147307521,0.570037023477172,0.392628511222975,0.315107829215308,0.108793797359617
2070,21,MA,Maranhão,6115778,698577,3460079,2428917,1957122,681252,0.114225369200779,0.565762687919673,0.397155848364672,0.320011942879549,0.111392532560861
2000,22,PI,Piauí,2930352,970332,1783739,252602,176281,36679,0.33113155006634,0.608711513156099,0.0862019306895554,0.0601569367775612,0.012516926294179
2001,22,PI,Piauí,2962306,959809,1821811,258607,180686,37731,0.324007378035895,0.614997572836837,0.0872992189193149,0.0609950491272677,0.0127370366194444
2002,22,PI,Piauí,2992376,949331,1857801,264439,185244,38726,0.317249904423776,0.620844773517766,0.0883709132809513,0.0619053220584579,0.0129415554729753
2003,22,PI,Piauí,3021150,939143,1891825,270595,190182,39794,0.310856130943515,0.626193667974116,0.0895668867815236,0.0629502010823693,0.0131718054383265
2004,22,PI,Piauí,3048794,929290,1924002,277412,195502,41024,0.304805769100831,0.631069859098384,0.0909907327290725,0.0641243718007842,0.0134558123638396
2005,22,PI,Piauí,3075209,919619,1954462,285078,201128,42458,0.299042764247893,0.635554201356721,0.0927019919621723,0.0654030343953858,0.013806541278983
2006,22,PI,Piauí,3100299,909968,1983358,293606,206973,44076,0.293509755026854,0.63973120011973,0.0947024786964096,0.0667590448534157,0.0142166932931308
2007,22,PI,Piauí,3123388,899651,2010751,302839,212986,45814,0.288036900954989,0.643772403556651,0.096958495070097,0.0681906954883607,0.0146680463650369
2008,22,PI,Piauí,3144436,888475,2036687,312716,219274,47607,0.282554645729791,0.647711386080047,0.0994505850969776,0.0697339681901619,0.0151400759945504
2009,22,PI,Piauí,3164490,876994,2061435,323181,226061,49442,0.277135968197087,0.651427244200487,0.102127357014874,0.0714367876024257,0.0156240026038951
2010,22,PI,Piauí,3181697,864305,2084060,333979,233332,51216,0.271649060234208,0.655015232437281,0.104968826384159,0.0733357073285105,0.016097070211274
2011,22,PI,Piauí,3196841,851211,2104563,345028,241067,52916,0.266266292255386,0.658325828528851,0.107927794970097,0.0754078792157633,0.0165525905104445
2012,22,PI,Piauí,3211704,837409,2124962,356475,249333,54666,0.260736668136292,0.661630710675704,0.110992482495274,0.0776326211880049,0.0170208711637187
2013,22,PI,Piauí,3225625,821775,2145730,368370,258120,56544,0.254764580507654,0.665213718271653,0.114201123813214,0.0800217012206937,0.0175296260414648
2014,22,PI,Piauí,3239971,806272,2166385,380674,267314,58605,0.248851610091572,0.668643330449563,0.11749302694376,0.0825050594588655,0.018088124862846
2015,22,PI,Piauí,3255812,792681,2186347,393299,276784,60848,0.243466453222729,0.671521267198475,0.120799051050859,0.0850122795787963,0.0186890397848524
2016,22,PI,Piauí,3271094,779163,2205351,406245,286580,63333,0.238196456598312,0.674193710116554,0.124192395571634,0.0876098332851334,0.0193614124204318
2017,22,PI,Piauí,3285746,765790,2223267,419506,296689,66021,0.233064272162243,0.676639947214423,0.127674506793891,0.0902957806233348,0.0200931538834712
2018,22,PI,Piauí,3302227,754774,2240463,433162,306990,68759,0.228565147096187,0.678470317152637,0.131172690429822,0.0929645357511764,0.0208220089048996
2019,22,PI,Piauí,3320228,744732,2258008,447435,317488,71465,0.224301463634425,0.680076187538928,0.134760323688614,0.0956223488266468,0.0215241242468891
2020,22,PI,Piauí,3335863,733618,2274668,461629,327577,73833,0.21991850384743,0.681882919052731,0.138383680624774,0.0981985770998389,0.0221331031879906
2021,22,PI,Piauí,3347856,722262,2288964,475073,336630,75564,0.215738669763574,0.683710410483605,0.141903654159558,0.100550919752821,0.022570863262936
2022,22,PI,Piauí,3357043,710555,2300567,489298,345921,77194,0.211660976639263,0.685295660496455,0.145752675792357,0.103043362864283,0.0229946414150787
2023,22,PI,Piauí,3365881,698615,2310208,506024,357058,79552,0.207557842954044,0.686360569491316,0.150339242534124,0.10608158755464,0.0236348225026375
2024,22,PI,Piauí,3375646,687582,2318428,524453,369636,82658,0.203689012414216,0.686810169075786,0.155363743710093,0.109500818509998,0.0244865723479298
2025,22,PI,Piauí,3384547,677528,2324085,543292,382934,86151,0.200182771874641,0.686675351236074,0.160521334169684,0.113141876889285,0.025454218836376
2026,22,PI,Piauí,3392617,667194,2328461,562038,396962,89970,0.196660572059858,0.686331819949025,0.165665030859658,0.117007607991117,0.0265193506959377
2027,22,PI,Piauí,3399915,656937,2331367,580350,411611,94020,0.193221595245763,0.685713319303571,0.170695443856685,0.121065085450666,0.0276536325172835
2028,22,PI,Piauí,3406484,647930,2331621,598118,426933,98202,0.190204915097209,0.684465566255412,0.175582213214564,0.12532951864738,0.0288279645523067
2029,22,PI,Piauí,3412351,638323,2331094,615515,442934,102502,0.187062526686147,0.683134296559762,0.180378571840939,0.129803176754091,0.0300385276895607
2030,22,PI,Piauí,3417554,626702,2331569,632754,459283,106928,0.183377351169872,0.682233258055323,0.185148208338478,0.134389390774806,0.031287874310106
2031,22,PI,Piauí,3421999,615188,2331313,650107,475498,111471,0.179774453470033,0.681272262206973,0.189978722962806,0.138953284322994,0.0325748195718351
2032,22,PI,Piauí,3425597,603721,2330621,667800,491255,116136,0.176238185635964,0.680354694378819,0.194944122148636,0.143407119985217,0.0339024117547978
2033,22,PI,Piauí,3428371,590382,2331552,685804,506437,120890,0.172204816806582,0.680075756095242,0.200037860546598,0.147719427098176,0.0352616446703113
2034,22,PI,Piauí,3430332,576716,2332400,704123,521216,125760,0.168122502428336,0.679934187128243,0.205263805369276,0.151943310443421,0.036661174486901
2035,22,PI,Piauí,3431500,564555,2331157,722992,535788,130778,0.164521346349993,0.679340521637768,0.210692699985429,0.15613813201224,0.0381110301617369
2036,22,PI,Piauí,3431896,552971,2328499,742686,550426,135877,0.161126968882507,0.678487634823433,0.216406907435423,0.16038539629406,0.0395924002359046
2037,22,PI,Piauí,3431512,542361,2323801,763372,565350,141050,0.158053068151882,0.677194484530434,0.222459370679747,0.164752447317684,0.0411043295200483
2038,22,PI,Piauí,3430344,532975,2316851,785067,580518,146381,0.155370715007008,0.675399027036356,0.228859554610266,0.169230257956636,0.0426723967042372
2039,22,PI,Piauí,3428417,523682,2308799,807625,595936,152018,0.152747463333661,0.673430040744752,0.235567902037588,0.173822495921587,0.0443405805069803
2040,22,PI,Piauí,3425745,514918,2298979,830824,611848,158080,0.150308327093815,0.671088770471824,0.242523597056991,0.178602902434361,0.0461447072096726
2041,22,PI,Piauí,3422293,506625,2287166,854309,628502,164571,0.14803671105893,0.668313905326049,0.249630583938897,0.183649383615021,0.0480879340255203
2042,22,PI,Piauí,3418013,498737,2273199,877767,646077,171404,0.145914307523114,0.665064468742512,0.256806220456154,0.189021223734374,0.0501472639220506
2043,22,PI,Piauí,3412909,491208,2257120,901127,664581,178596,0.143926486173525,0.661347841386922,0.264034874647991,0.194725672439552,0.0523295522968822
2044,22,PI,Piauí,3406996,484016,2239088,924302,683892,186149,0.142065326757061,0.657203002292929,0.271295299436806,0.20073167095001,0.0546372816404833
2045,22,PI,Piauí,3400260,477114,2219379,946922,703767,193809,0.140316916941646,0.652708616399922,0.278485174663114,0.206974466658432,0.0569982883661838
2046,22,PI,Piauí,3392697,470449,2198375,968550,723873,201239,0.138665197628907,0.647972689574106,0.285480843116848,0.213362112796987,0.0593153470528019
2047,22,PI,Piauí,3384313,463985,2176420,988873,743908,208210,0.137098725797525,0.643090636120241,0.292193127526916,0.219810638082234,0.0615220873483038
2048,22,PI,Piauí,3375106,457700,2153592,1007742,763814,214651,0.135610555638845,0.63808129285421,0.298580844571993,0.226308151506945,0.0635982988386143
2049,22,PI,Piauí,3365093,451573,2130021,1025206,783499,220704,0.134193319471408,0.632975373934688,0.304659039140969,0.232831306593904,0.0655863002894719
2050,22,PI,Piauí,3354276,445574,2106081,1041352,802621,226535,0.132837607877229,0.627879458935401,0.310455072868184,0.23928293318737,0.0675361836652679
2051,22,PI,Piauí,3342637,439681,2082192,1056343,820764,232346,0.131537166614263,0.622918970860431,0.31602085419386,0.245543862525306,0.0695097912217211
2052,22,PI,Piauí,3330186,433887,2058679,1070319,837620,238314,0.130289118986147,0.618187392536032,0.32139916509168,0.251523488477821,0.0715617686219328
2053,22,PI,Piauí,3316936,428194,2035687,1083225,853055,244423,0.129093235443795,0.613725136692417,0.326573982735874,0.257181627863788,0.0736893928613636
2054,22,PI,Piauí,3302889,422569,2013194,1095070,867126,250692,0.127939207160761,0.609525176292633,0.331549137739718,0.262535616546605,0.0759008250050183
2055,22,PI,Piauí,3288048,416997,1991121,1106107,879930,257300,0.126822053692647,0.605563239952701,0.33640232745994,0.267614706354652,0.078253115526294
2056,22,PI,Piauí,3272404,411477,1969305,1116703,891622,264437,0.125741503799653,0.601791526963052,0.341248513325372,0.272466969237295,0.0808081764965451
2057,22,PI,Piauí,3255978,406030,1947601,1127087,902347,272236,0.12470293103946,0.598161596914967,0.346159279945995,0.277135472045573,0.083611130050633
2058,22,PI,Piauí,3238784,400656,1926059,1137322,912069,280703,0.123705687072679,0.594685845057898,0.351157100936648,0.281608467869423,0.0866692561158756
2059,22,PI,Piauí,3220816,395319,1904709,1147281,920788,289728,0.122738771789509,0.591374670269894,0.356208178300157,0.285886557940596,0.0899548437414618
2060,22,PI,Piauí,3202092,390019,1883315,1156704,928758,299132,0.121801309893657,0.588151433500349,0.361233843374894,0.290047256605994,0.0934176781928814
2061,22,PI,Piauí,3182626,384774,1861517,1165315,936335,308660,0.120898277083138,0.584899702321291,0.366148897168565,0.294202020595571,0.0969828060224481
2062,22,PI,Piauí,3162435,379606,1839094,1173075,943735,318063,0.120035984929335,0.5815436522806,0.370940430396198,0.298420362790065,0.10057534779371
2063,22,PI,Piauí,3141533,374511,1816021,1179937,951001,327281,0.119212817436583,0.578068414369672,0.375592744052028,0.302718768193745,0.104178756040443
2064,22,PI,Piauí,3119925,369488,1792434,1185867,958003,336235,0.118428487864292,0.574511887304983,0.380094713815236,0.307059624830725,0.107770218835389
2065,22,PI,Piauí,3097637,364539,1768606,1190865,964492,344675,0.117682930569334,0.570953278256942,0.384443044811255,0.311363791173724,0.111270300554907
2066,22,PI,Piauí,3074698,359681,1744799,1194936,970218,352292,0.116980919752119,0.56747004096012,0.388635241574945,0.315549039287761,0.114577756904906
2067,22,PI,Piauí,3051141,354924,1721063,1197677,975154,358874,0.116325007595519,0.564071932434457,0.392534137229318,0.319603059970024,0.11761960525587
2068,22,PI,Piauí,3026994,350269,1697448,1198816,979277,364341,0.115715128606135,0.560770189831893,0.396041749669804,0.323514681561972,0.120363965042547
2069,22,PI,Piauí,3002304,345738,1673989,1198564,982577,368761,0.115157558994692,0.557568121016393,0.399214736415766,0.327274319988915,0.122826002963058
2070,22,PI,Piauí,2977122,341339,1650704,1196470,985079,372247,0.114654018209533,0.554463001516229,0.401888132229717,0.330882980274238,0.125035856777116
2000,23,CE,Ceará,7711598,2571009,4642742,706409,497847,106349,0.333395101767494,0.602046683450045,0.0916034523583828,0.0645582147824614,0.0137907862935801
2001,23,CE,Ceará,7815114,2554200,4750105,722911,510809,110733,0.326828245883553,0.607810071612519,0.0925016576853517,0.0653616825039276,0.0141690831381346
2002,23,CE,Ceará,7911267,2531627,4854865,738424,524775,114834,0.320002725227198,0.613664663321311,0.0933382731236349,0.0663326114514906,0.0145152476840941
2003,23,CE,Ceará,8000590,2504363,4957114,753549,539113,118812,0.313022289606142,0.619593554975321,0.0941866787324435,0.0673841554185379,0.0148504047826473
2004,23,CE,Ceará,8085167,2473624,5057972,769853,553571,122987,0.305945937789535,0.625586583431115,0.0952179466422895,0.0684674787793499,0.0152114359542604
2005,23,CE,Ceará,8166770,2440328,5158442,788488,568000,127531,0.298811892584216,0.631637967029805,0.0965483293884853,0.0695501403859788,0.0156158432281061
2006,23,CE,Ceará,8248964,2407559,5258997,809900,582408,132524,0.291861984123097,0.637534240663434,0.0981820262520239,0.0706037752134692,0.0160655325929414
2007,23,CE,Ceará,8327037,2370990,5359160,833591,596887,137745,0.284733933570849,0.643585467435776,0.100106556509837,0.0716805989933754,0.0165418983967527
2008,23,CE,Ceará,8402114,2332212,5458183,858820,611719,142865,0.277574429482866,0.649620202725171,0.10221475214452,0.0728053677919628,0.0170034588914171
2009,23,CE,Ceará,8474592,2291494,5555325,885143,627773,147746,0.270395790145413,0.65552713334164,0.104446680146962,0.074077076512946,0.0174339956425041
2010,23,CE,Ceará,8537726,2248550,5643917,911854,645259,152034,0.263366381165196,0.661056234411833,0.106802912157172,0.0755773844229716,0.0178073177799334
2011,23,CE,Ceará,8591799,2205311,5722104,939074,664384,155812,0.256676279321711,0.665996027141696,0.10929887908225,0.0773276935365923,0.0181349680084462
2012,23,CE,Ceará,8645927,2163296,5797535,967152,685096,159448,0.250209838690519,0.670551000488438,0.111862151970517,0.0792391608210433,0.018441978517746
2013,23,CE,Ceará,8701148,2122512,5871636,996012,707000,163280,0.243934708385606,0.674811645543783,0.114469033281585,0.0812536460706104,0.0187653399298575
2014,23,CE,Ceará,8757083,2084914,5942696,1025460,729473,167688,0.238083160796809,0.678615927244266,0.117100637278418,0.0833009119589251,0.019148842142983
2015,23,CE,Ceará,8816218,2054944,6009110,1055498,752164,172898,0.23308679526754,0.681597256329188,0.119722311766792,0.0853159484032722,0.0196113571601791
2016,23,CE,Ceará,8873158,2029674,6068410,1085864,775074,179092,0.228743137448922,0.683906451344606,0.122376272348582,0.0873504112064724,0.0201835693672985
2017,23,CE,Ceará,8924184,2005705,6120032,1116805,798447,186113,0.224749400057193,0.685780571086387,0.125143654590717,0.0894700288564198,0.0208549039329534
2018,23,CE,Ceará,8976628,1988656,6165454,1149351,822518,193556,0.221537084972219,0.686834076225505,0.12803816756136,0.0916288388022763,0.0215622169037193
2019,23,CE,Ceará,9035631,1976139,6212102,1184583,847390,200766,0.218705146325697,0.68751169674813,0.131101303273673,0.0937831569261737,0.0222193668599348
2020,23,CE,Ceará,9088929,1961284,6257876,1219446,869769,205846,0.215788240836737,0.68851632574091,0.134168283193762,0.0956954334223537,0.0226479929593465
2021,23,CE,Ceará,9129520,1940786,6299939,1253145,888795,208508,0.21258357504009,0.69006245673376,0.137262966727714,0.0973539682261499,0.0228388787143245
2022,23,CE,Ceará,9162955,1917746,6335176,1291745,910033,211384,0.209293399345517,0.691390059211248,0.140974718308668,0.0993165414432353,0.0230694137426191
2023,23,CE,Ceará,9196672,1891895,6367702,1336950,937075,216458,0.205715176098484,0.692391987014433,0.145373239363109,0.101892836887083,0.0235365575721304
2024,23,CE,Ceará,9233656,1867275,6397523,1387058,968858,223840,0.202224882538401,0.692848314903653,0.150217638603821,0.104926802557947,0.0242417521293841
2025,23,CE,Ceará,9268836,1843288,6421871,1438791,1003677,232389,0.198869415749723,0.692845466248405,0.155228876635642,0.108285118001872,0.0250720802482642
2026,23,CE,Ceará,9302211,1818165,6442438,1490940,1041608,241949,0.195455145018749,0.692570615738559,0.160278024224563,0.111974239242692,0.026009837876178
2027,23,CE,Ceará,9333972,1792217,6459585,1542631,1082170,252158,0.192010111022403,0.692051036793339,0.165270583627206,0.115938852184258,0.0270150799680993
2028,23,CE,Ceará,9364259,1766231,6474231,1593649,1123797,262654,0.188614069730451,0.691376754957333,0.17018420784816,0.120009175312216,0.028048562091245
2029,23,CE,Ceará,9393177,1738462,6487080,1644251,1167635,273307,0.185077104370545,0.690616178104597,0.175047377474096,0.124306717524859,0.0290963323697616
2030,23,CE,Ceará,9420821,1705243,6502665,1694556,1212913,284116,0.181007897294726,0.690243981920472,0.179873495101966,0.128748120784802,0.030158305735774
2031,23,CE,Ceará,9446663,1671392,6516779,1744742,1258492,295135,0.176929355900597,0.689849844331273,0.184694002527665,0.13322079976813,0.031242249247168
2032,23,CE,Ceará,9470145,1639858,6526762,1795000,1303525,306455,0.173160812215652,0.689193460079017,0.189543032340054,0.137645727705331,0.0323601169781455
2033,23,CE,Ceará,9491310,1604427,6539094,1845180,1347789,317986,0.169041681285302,0.688955897552603,0.194407305208659,0.142002421162095,0.0335028568237683
2034,23,CE,Ceará,9510236,1567272,6551433,1895413,1391531,329782,0.16479843402414,0.688882273794257,0.199302414787604,0.146319292181603,0.0346765316864902
2035,23,CE,Ceará,9526972,1534487,6557624,1946428,1434861,341907,0.16106765087585,0.688321955811353,0.204307097785109,0.150610393312797,0.0358883179251498
2036,23,CE,Ceará,9541491,1505498,6558073,1999055,1477920,354174,0.15778435466742,0.68732161461977,0.209511804811219,0.15489403071281,0.0371193558742549
2037,23,CE,Ceará,9553784,1480528,6552375,2053859,1520881,366645,0.154967707036291,0.685840814487746,0.214978588588563,0.159191478475963,0.0383769404876644
2038,23,CE,Ceará,9563890,1458833,6541456,2110979,1563601,379794,0.152535526861978,0.68397440790306,0.220723889547036,0.163490065234962,0.0397112472017139
2039,23,CE,Ceará,9571876,1437910,6527772,2170168,1606194,394373,0.150222380649311,0.681974150103909,0.226723371677611,0.167803469246781,0.0412012232502803
2040,23,CE,Ceará,9577740,1418440,6509942,2231031,1649358,410856,0.14809756790224,0.679695001117174,0.232939190247386,0.172207430980586,0.0428969673430266
2041,23,CE,Ceará,9581440,1400317,6487212,2292931,1693911,429261,0.146148908723532,0.67706023311736,0.239309644479327,0.176790858159108,0.0448013033531494
2042,23,CE,Ceará,9582905,1383290,6459212,2355322,1740403,449199,0.144349756154319,0.674034856862298,0.245783715898258,0.181615386983383,0.0468750342406608
2043,23,CE,Ceará,9582138,1367206,6425967,2418061,1788965,469531,0.142682770797081,0.670619333597575,0.252350884531198,0.186697895605344,0.049000651002939
2044,23,CE,Ceará,9579145,1351974,6387819,2481019,1839352,491037,0.141137230932406,0.666846466986354,0.259002134324097,0.19201630208124,0.0512610467844468
2045,23,CE,Ceará,9573883,1337459,6345244,2543653,1891180,513125,0.139698699054501,0.662765985337402,0.265686660261046,0.197535315608098,0.0535963307677773
2046,23,CE,Ceará,9566275,1323501,6298945,2605292,1943829,534950,0.138350716449193,0.658453264201583,0.272341324078599,0.203196019349224,0.0559204078912638
2047,23,CE,Ceará,9556257,1309975,6249504,2665424,1996778,555905,0.137080344323096,0.653969854515214,0.278919246311605,0.208949801161689,0.0581718344326654
2048,23,CE,Ceará,9543843,1296799,6197135,2723690,2049909,575873,0.13587807343436,0.649333292678851,0.28538713388307,0.21478863388679,0.0603397394529646
2049,23,CE,Ceará,9529006,1283874,6142018,2780048,2103114,595039,0.134733255493805,0.644560198618828,0.291745854709295,0.220706545887367,0.0624450231220339
2050,23,CE,Ceará,9511690,1271102,6084702,2834677,2155886,613503,0.133635768196819,0.63970777012287,0.298020330771924,0.226656461680311,0.0644998943405431
2051,23,CE,Ceará,9491856,1258397,6025859,2887927,2207600,631418,0.132576495050072,0.634845176749416,0.304253140797753,0.232578328200512,0.0665220795595719
2052,23,CE,Ceará,9469470,1245759,5965937,2939975,2257774,648943,0.131555303517515,0.630018047472562,0.31046880131623,0.238426649009923,0.0685300233275991
2053,23,CE,Ceará,9444569,1233136,5905351,2990772,2306082,666038,0.130565619246363,0.625264212691971,0.316665800207506,0.244170168061666,0.0705207405441159
2054,23,CE,Ceará,9417134,1220400,5844211,3039984,2352523,682836,0.129593568489097,0.620593377985277,0.322814138569123,0.249813053525627,0.0725099589747794
2055,23,CE,Ceará,9387137,1207458,5782366,3087278,2397313,699923,0.128628995187777,0.615988240077885,0.328883875882498,0.255382764734338,0.0745619244717532
2056,23,CE,Ceará,9354597,1194332,5719442,3132224,2440823,717929,0.12767327122697,0.611404425011575,0.334832596209115,0.260922303761455,0.0767461174436483
2057,23,CE,Ceará,9319600,1181062,5655263,3174478,2483275,737301,0.126728829563501,0.60681391905232,0.340623846517018,0.26645725138418,0.0791129447615777
2058,23,CE,Ceará,9282199,1167667,5589920,3213923,2524612,758158,0.125796376483633,0.602219366337653,0.346245862645263,0.271984257178714,0.0816787056601566
2059,23,CE,Ceará,9242377,1154061,5523805,3250388,2564511,780318,0.124866254644233,0.597660645091625,0.351683122209795,0.277473100264142,0.0844282807334087
2060,23,CE,Ceará,9200158,1140222,5457284,3283252,2602652,803527,0.12393504546335,0.593172856379206,0.35686908855261,0.282892098157445,0.0873383913624092
2061,23,CE,Ceará,9155613,1126261,5390745,3310661,2638607,827315,0.123013172356673,0.588791269355749,0.36159905404477,0.288195558287577,0.0903615082900511
2062,23,CE,Ceará,9108837,1112292,5324549,3332908,2671996,851274,0.122111307952925,0.584547621172714,0.365898302933733,0.293341070874361,0.0934558385444816
2063,23,CE,Ceará,9059905,1098387,5258835,3350627,2702683,875274,0.121236039450745,0.580451450649869,0.369830257602039,0.298312509899386,0.0966096222863264
2064,23,CE,Ceará,9008836,1084577,5193776,3364679,2730483,899231,0.120390358976454,0.576520207494065,0.373486541435542,0.303089433529481,0.0998165578771775
2065,23,CE,Ceará,8955680,1070904,5129995,3375841,2754781,922771,0.119578189484216,0.572820266021117,0.376949712361317,0.307601544494667,0.103037513622639
2066,23,CE,Ceará,8900516,1057467,5069261,3387129,2773788,945422,0.118809628565355,0.569546866720986,0.380554228541356,0.311643504713659,0.106221032578336
2067,23,CE,Ceará,8843427,1044325,5011289,3394844,2787813,966827,0.11809053209802,0.566668215839855,0.383883306776886,0.315241252062125,0.109327187299675
2068,23,CE,Ceará,8784477,1031525,4955465,3399863,2797487,986728,0.117425886595184,0.564116110725772,0.387030781684556,0.318458002679044,0.112326322898905
2069,23,CE,Ceará,8723744,1019142,4900923,3401609,2803679,1005128,0.116823923306324,0.561791244676598,0.389925357736311,0.321384832017079,0.11521750294369
2070,23,CE,Ceará,8661295,1007247,4846856,3399836,2807192,1022219,0.11629288691818,0.559599459434184,0.39253206362328,0.324107653647636,0.118021496785411
2000,24,RN,Rio Grande do Norte,2846263,903284,1752030,266366,190949,45205,0.317357882950381,0.615554500761173,0.0935844649633572,0.0670876162884456,0.0158822287329035
2001,24,RN,Rio Grande do Norte,2886371,897396,1794618,271379,194357,46747,0.310908057210941,0.621755831111108,0.0940208310019744,0.0673361116779513,0.0161957697052804
2002,24,RN,Rio Grande do Norte,2925058,890386,1836244,276400,198428,48104,0.304399434130879,0.627763278540118,0.0944938527714664,0.0678372873290034,0.0164454858672888
2003,24,RN,Rio Grande do Norte,2962562,882663,1876955,281696,202944,49388,0.297939081106151,0.633558048742946,0.0950852674138128,0.0685028701509032,0.0166707059632845
2004,24,RN,Rio Grande do Norte,2999247,874462,1917040,287764,207745,50698,0.291560515022604,0.639173765948586,0.0959454156326571,0.0692657190288096,0.0169035761309422
2005,24,RN,Rio Grande do Norte,3035448,865843,1956811,294999,212794,52157,0.285243891511237,0.64465311216005,0.0971846659867011,0.0701029963287133,0.0171826366322204
2006,24,RN,Rio Grande do Norte,3072555,857974,1996531,303564,218050,53807,0.279237963193499,0.649795040284063,0.0987985569013411,0.0709669965224382,0.0175121356655943
2007,24,RN,Rio Grande do Norte,3107299,847687,2036108,313232,223504,55556,0.272805095357737,0.655266197427412,0.100805233097941,0.0719287072148512,0.017879193473174
2008,24,RN,Rio Grande do Norte,3141098,837025,2074954,323464,229119,57203,0.266475289850874,0.660582382338915,0.102978003233264,0.0729423278102116,0.0182111478215579
2009,24,RN,Rio Grande do Norte,3174404,826842,2112341,333879,235221,58662,0.260471571986426,0.665429164025751,0.10517848389808,0.0740992639878226,0.0184796894157139
2010,24,RN,Rio Grande do Norte,3202809,815241,2145627,344114,241941,59827,0.254539374655186,0.669920373022556,0.107441311673597,0.0755402523222584,0.0186795403659725
2011,24,RN,Rio Grande do Norte,3227267,803229,2174646,354133,249392,60735,0.248888300844027,0.673835167651143,0.109731546847534,0.0772765315048306,0.0188193291723306
2012,24,RN,Rio Grande do Norte,3251725,791646,2202495,364227,257584,61570,0.243454166634632,0.677331262637523,0.112010394482928,0.0792145707278444,0.0189345654998501
2013,24,RN,Rio Grande do Norte,3275502,779703,2229545,374583,266254,62493,0.23804076443855,0.680672764052655,0.114358959328982,0.0812864715087947,0.0190789075995069
2014,24,RN,Rio Grande do Norte,3298890,768441,2255372,385457,275077,63708,0.232939261387921,0.683676024359709,0.116844453740501,0.0833847142523697,0.0193119503833107
2015,24,RN,Rio Grande do Norte,3322012,759095,2279215,396884,283702,65286,0.228504592999664,0.686094752216428,0.119470971206606,0.0854006547839081,0.0196525479137342
2016,24,RN,Rio Grande do Norte,3342283,749818,2300372,408859,292093,67286,0.224343061314676,0.688263680843304,0.122329258174727,0.08739325784202,0.0201317482690724
2017,24,RN,Rio Grande do Norte,3359217,740093,2318650,421450,300474,69676,0.220317115565919,0.690235254227399,0.12546078446257,0.0894476302066821,0.0207417383277115
2018,24,RN,Rio Grande do Norte,3375511,732584,2333888,434915,309039,72279,0.217029066117693,0.691417684611308,0.128844195738068,0.0915532492709993,0.0214127579498334
2019,24,RN,Rio Grande do Norte,3392434,726031,2348513,449383,317890,74745,0.214014775232178,0.692279643465429,0.132466246948356,0.0937055813023923,0.0220328531078276
2020,24,RN,Rio Grande do Norte,3407618,718147,2362752,464426,326719,76748,0.210747507496439,0.69337349432947,0.136290511436434,0.0958789981740911,0.0225224775781792
2021,24,RN,Rio Grande do Norte,3419382,708341,2375799,479720,335242,78135,0.207154684676939,0.694803622408962,0.140294357284445,0.0980416929140997,0.0228506203752608
2022,24,RN,Rio Grande do Norte,3427955,698877,2384692,496367,344386,79354,0.203875780166309,0.695660240580754,0.144799742120302,0.100463979252937,0.023149078678104
2023,24,RN,Rio Grande do Norte,3436278,687754,2392790,515158,355734,81266,0.200145040651542,0.696331903297696,0.149917439741488,0.103523056050762,0.0236494253375309
2024,24,RN,Rio Grande do Norte,3446071,675958,2400987,535876,369126,84082,0.196153242344688,0.69673172723371,0.155503470474056,0.107115030421602,0.0243993812083384
2025,24,RN,Rio Grande do Norte,3455236,665030,2406424,557142,383782,87437,0.192470210428463,0.696457202923331,0.161245715198614,0.111072586648206,0.0253056520596567
2026,24,RN,Rio Grande do Norte,3463737,653811,2410201,578419,399725,91341,0.188758846298088,0.695838338765328,0.166992759554204,0.115402814936584,0.0263706511204517
2027,24,RN,Rio Grande do Norte,3471617,641951,2412907,599320,416759,95630,0.184914119270645,0.695038363966993,0.172634250840458,0.120047516762362,0.0275462414200645
2028,24,RN,Rio Grande do Norte,3478949,630389,2414419,619734,434141,100053,0.181200989149309,0.694008161660318,0.178138282567523,0.124790849190373,0.0287595477829655
2029,24,RN,Rio Grande do Norte,3485788,618232,2415228,639785,452328,104430,0.177357888661043,0.692878626009384,0.183540995608454,0.129763485329573,0.0299587926747123
2030,24,RN,Rio Grande do Norte,3492168,604580,2416611,659544,470977,108672,0.17312454612722,0.692008803700166,0.188863766004385,0.134866650172615,0.0311187777907592
2031,24,RN,Rio Grande do Norte,3497917,591868,2416468,679128,489581,112756,0.169205844506888,0.690830571451524,0.194152119675796,0.139963584041588,0.0322351845398276
2032,24,RN,Rio Grande do Norte,3502871,580480,2414609,698655,507782,116778,0.165715494518639,0.689322844032795,0.199452106572009,0.144961661448566,0.0333377963390602
2033,24,RN,Rio Grande do Norte,3507052,567633,2413959,718046,525460,120841,0.161854742957903,0.688315713596491,0.204743471154691,0.149829543445606,0.0344565749238962
2034,24,RN,Rio Grande do Norte,3510469,554605,2413131,737335,542733,125148,0.15798601269517,0.68740985891059,0.210038886541941,0.15460412839424,0.0356499373730405
2035,24,RN,Rio Grande do Norte,3513147,543526,2409948,756876,559673,129821,0.154712000380286,0.685979835173421,0.215441027659816,0.159308164446293,0.0369529086030274
2036,24,RN,Rio Grande do Norte,3515064,533453,2405225,777052,576386,134814,0.151761959383954,0.684262078869688,0.221063400268103,0.163975961746358,0.0383532134834529
2037,24,RN,Rio Grande do Norte,3516202,524768,2398460,798122,592974,140099,0.149242847822736,0.682116670202679,0.226984115247076,0.168640481974585,0.0398438428736461
2038,24,RN,Rio Grande do Norte,3516551,517602,2389581,820134,609368,145801,0.147190244077222,0.679524056383655,0.233221130590741,0.173285699539122,0.0414613637055171
2039,24,RN,Rio Grande do Norte,3516133,510742,2379795,842945,625596,152142,0.145256735169005,0.67682166743977,0.239736380847937,0.177921597391225,0.0432696942919963
2040,24,RN,Rio Grande do Norte,3514937,504303,2368642,866378,641992,159254,0.143474264261351,0.673878934387729,0.246484645386247,0.18264680135092,0.0453077821878458
2041,24,RN,Rio Grande do Norte,3512910,498293,2355689,890147,658928,167139,0.141846218662021,0.67058051586861,0.253393055899525,0.187573265469369,0.0475785032921424
2042,24,RN,Rio Grande do Norte,3510023,492619,2340748,914003,676656,175650,0.14034637379869,0.666875402240954,0.260398008787977,0.192778223960356,0.0500424071295259
2043,24,RN,Rio Grande do Norte,3506283,487217,2323839,937902,695227,184236,0.138955412326957,0.662764243502307,0.267491813980788,0.198280344170736,0.0525445322011943
2044,24,RN,Rio Grande do Norte,3501664,482024,2305141,961737,714499,193214,0.137655697405576,0.658298740256061,0.274651422866386,0.204045562338363,0.0551777669131019
2045,24,RN,Rio Grande do Norte,3496137,476963,2284886,985131,734288,202320,0.136425717870896,0.653545899374081,0.281777001301722,0.210028382755024,0.0578695857742417
2046,24,RN,Rio Grande do Norte,3489679,471996,2263349,1007614,754334,211183,0.135254847222338,0.648583723603231,0.288741170749516,0.216161429174431,0.0605164543787552
2047,24,RN,Rio Grande do Norte,3482269,467089,2240798,1028842,774382,219537,0.134133520414419,0.643487909750798,0.295451615024572,0.222378569834783,0.063044239258943
2048,24,RN,Rio Grande do Norte,3473936,462227,2217294,1048646,794415,227318,0.133055703962307,0.638265644502374,0.301861059040811,0.228678651535319,0.0654352872361494
2049,24,RN,Rio Grande do Norte,3464665,457350,2192975,1067076,814340,234628,0.132004104292911,0.632954412619979,0.307988218197142,0.235041483087109,0.0677202557823051
2050,24,RN,Rio Grande do Norte,3454421,452426,2168189,1084246,833806,241532,0.130970139424233,0.627656270037729,0.313871991862023,0.241373590538038,0.0699196768430947
2051,24,RN,Rio Grande do Norte,3443210,447449,2143390,1100364,852371,248128,0.129951121192143,0.622497611240674,0.31957504770258,0.247551267567183,0.0720629877352819
2052,24,RN,Rio Grande do Norte,3431048,442437,2118883,1115587,869728,254518,0.128950979409207,0.617561456441297,0.325144678826994,0.253487564149496,0.0741808333780233
2053,24,RN,Rio Grande do Norte,3417963,437390,2094855,1129897,885718,260673,0.12796803242165,0.612895751065766,0.330576135552082,0.259136216512584,0.0762656003005299
2054,24,RN,Rio Grande do Norte,3403950,432264,2071279,1143223,900407,266655,0.126988939320495,0.608492780446246,0.335851877965305,0.264518280233258,0.0783369320935971
2055,24,RN,Rio Grande do Norte,3389012,427051,2048033,1155625,913928,272738,0.126010471488446,0.604315653057587,0.340991710858504,0.269673875453967,0.0804771420107099
2056,24,RN,Rio Grande do Norte,3373190,421771,2024914,1167190,926505,279226,0.125036241658489,0.600296455284167,0.346019643127129,0.274667303057343,0.0827780231768741
2057,24,RN,Rio Grande do Norte,3356519,416454,2001764,1177989,938301,286312,0.124073184152987,0.596380953005182,0.350955558422282,0.279545862841831,0.0853002768642156
2058,24,RN,Rio Grande do Norte,3339043,411119,1978629,1188048,949295,294045,0.123124799530884,0.592573680542599,0.355804941715336,0.284301519926518,0.0880626574740128
2059,24,RN,Rio Grande do Norte,3320768,405757,1955597,1197335,959414,302330,0.122187698749205,0.588899013722127,0.360559665715883,0.288913287528668,0.0910421926494112
2060,24,RN,Rio Grande do Norte,3301724,400385,1932614,1205598,968725,311047,0.121265435875318,0.585334812964379,0.365141968256584,0.293399751160303,0.0942074504107551
2061,24,RN,Rio Grande do Norte,3281939,395042,1909612,1212327,977285,319993,0.120368477293454,0.581854812048609,0.369393520111129,0.297776710657937,0.097501202795055
2062,24,RN,Rio Grande do Norte,3261449,389755,1886535,1217617,985159,328985,0.11950363166801,0.578434616024963,0.373336207311535,0.302061752307027,0.100870809262999
2063,24,RN,Rio Grande do Norte,3240282,384556,1863369,1221657,992357,337984,0.118679793919171,0.575063837036406,0.377021814767974,0.306256369044423,0.104306970813034
2064,24,RN,Rio Grande do Norte,3218457,379466,1840159,1224680,998832,346905,0.117903082129107,0.571751929573706,0.380517744993952,0.310344988297187,0.107786122356148
2065,24,RN,Rio Grande do Norte,3195999,374505,1817159,1226891,1004335,355495,0.117179323272629,0.568573081531002,0.383883411728226,0.314247595196369,0.11123126133644
2066,24,RN,Rio Grande do Norte,3172931,369690,1794867,1229437,1008374,363414,0.116513721855281,0.565681069017889,0.387476752567263,0.317805209126829,0.114535739983
2067,24,RN,Rio Grande do Norte,3149289,365034,1773214,1229742,1011041,370428,0.11590997206036,0.563052168283063,0.390482423175517,0.321037859656576,0.117622739608845
2068,24,RN,Rio Grande do Norte,3125096,360551,1752010,1229455,1012535,376423,0.115372775748329,0.560625977569969,0.39341351433684,0.324001246681702,0.120451659725013
2069,24,RN,Rio Grande do Norte,3100376,356261,1731011,1229043,1013104,381452,0.114908965880267,0.558322925993492,0.396417402276369,0.32676810812624,0.123034109411246
2070,24,RN,Rio Grande do Norte,3075174,352188,1710032,1226988,1012954,385644,0.114526202419766,0.556076501687384,0.398997910362145,0.32939729589285,0.12540558680582
2000,25,PB,Paraíba,3500188,1092897,2147051,363663,260240,63372,0.31223951399182,0.613410193966724,0.103898133471688,0.0743502920414561,0.0181053132003195
2001,25,PB,Paraíba,3534522,1081865,2187414,370518,265243,65787,0.306085235853674,0.618871236336908,0.104828319076809,0.0750435278094181,0.0186127006706989
2002,25,PB,Paraíba,3568570,1071348,2226297,377067,270925,67652,0.300217734274513,0.623862499544636,0.105663332931679,0.0759197661808512,0.0189577337701096
2003,25,PB,Paraíba,3602131,1061245,2263826,383672,277060,69189,0.294615881543453,0.628468537096513,0.106512506069324,0.0769155813600338,0.0192077967181094
2004,25,PB,Paraíba,3635226,1051466,2300362,390884,283398,70649,0.289243639872734,0.632797520704352,0.107526739740528,0.0779588394229135,0.0194345551005632
2005,25,PB,Paraíba,3667851,1041802,2336303,399048,289746,72169,0.284036074529745,0.636967804853578,0.108796131576773,0.0789961206166772,0.0196760991654241
2006,25,PB,Paraíba,3699871,1031912,2371941,408270,296018,73805,0.278904859115358,0.641087486563721,0.110347090479641,0.0800076543209209,0.0199479927813699
2007,25,PB,Paraíba,3729368,1020010,2407186,418263,302172,75447,0.273507468289533,0.645467543026057,0.112153855559441,0.0810249886844098,0.0202305055441029
2008,25,PB,Paraíba,3757574,1007693,2441557,428720,308324,76944,0.268176488340616,0.649769505537349,0.114094892076643,0.0820540061220351,0.0204770418360357
2009,25,PB,Paraíba,3786420,996820,2474677,439555,314923,78277,0.263261867410377,0.65356642950333,0.11608722751306,0.0831717030862926,0.0206730896202746
2010,25,PB,Paraíba,3812591,985860,2504595,450549,322136,79321,0.258580057498955,0.656927270719571,0.118173966208282,0.0844926717814735,0.0208050116049689
2011,25,PB,Paraíba,3835568,974138,2531435,461611,329995,80058,0.253974900197311,0.659989602582981,0.120350101992717,0.0860354972197077,0.0208725278759235
2012,25,PB,Paraíba,3858388,961640,2558264,472896,338484,80676,0.249233617769908,0.663039590626966,0.122563101481759,0.0877267916031255,0.0209092501842738
2013,25,PB,Paraíba,3881604,948474,2585613,484542,347517,81451,0.244351046629177,0.666119727823858,0.124830353637311,0.0895292255469646,0.0209838510059244
2014,25,PB,Paraíba,3905995,936095,2612932,496705,356968,82704,0.239655964741378,0.66895426133418,0.127164781316924,0.0913897739244418,0.0211736062130136
2015,25,PB,Paraíba,3932039,926043,2639494,509209,366502,84495,0.235512160484675,0.671278692810524,0.12950253036656,0.0932091467048013,0.0214888509498507
2016,25,PB,Paraíba,3957455,915764,2665470,522086,376221,86972,0.231402252205016,0.673531347798017,0.131924683919337,0.0950663999969678,0.0219767502094149
2017,25,PB,Paraíba,3981512,904511,2690613,535594,386388,90123,0.227177765632755,0.675776689860535,0.134520252607552,0.09704554450671,0.0226353706832982
2018,25,PB,Paraíba,4008413,896296,2715148,549992,396969,93613,0.223603705506394,0.67736233766331,0.137209414299375,0.0990339568302967,0.0233541304251832
2019,25,PB,Paraíba,4037810,889438,2740491,565546,407881,97041,0.220277328551864,0.678707269534723,0.140062558664226,0.101015401913413,0.024033077336477
2020,25,PB,Paraíba,4064935,881590,2765175,581312,418170,99782,0.216876776627425,0.680250729716465,0.143006468738123,0.10287249365611,0.0245470099767893
2021,25,PB,Paraíba,4087783,873868,2786621,596678,427294,101604,0.213775535540903,0.681694943200263,0.14596616307666,0.104529521258834,0.0248555268222408
2022,25,PB,Paraíba,4106026,865744,2803726,613099,436556,103154,0.210847179243385,0.682832013241027,0.14931688206553,0.106320807515588,0.0251225881180489
2023,25,PB,Paraíba,4124468,856467,2819745,632688,448256,105514,0.20765514485747,0.683662717228016,0.153398692873845,0.108682137914514,0.0255824508760887
2024,25,PB,Paraíba,4145040,846506,2836137,654939,462397,108940,0.204221430915021,0.684224277690927,0.158005471599792,0.111554291394052,0.0262820141663289
2025,25,PB,Paraíba,4164468,836101,2850645,677937,477722,112889,0.200770182409854,0.684516005405733,0.16279078143955,0.114713812184413,0.0271076641722304
2026,25,PB,Paraíba,4182828,825684,2862895,701081,494249,117320,0.197398506465004,0.684440048694328,0.16760933033823,0.118161444840668,0.0280480096241108
2027,25,PB,Paraíba,4200175,815599,2872771,723952,511805,122045,0.194182147172439,0.683964596713232,0.172362342045272,0.121853256114329,0.0290571226198908
2028,25,PB,Paraíba,4216549,805801,2880510,746409,530238,126873,0.191104384177677,0.683143964412604,0.177018931832643,0.125751651409719,0.030089298144051
2029,25,PB,Paraíba,4232037,794954,2887365,768603,549718,131735,0.187841930493519,0.682263647505917,0.18161537812642,0.129894422000564,0.0311280359788915
2030,25,PB,Paraíba,4246698,781755,2895084,790702,569859,136620,0.184085376450127,0.681725896213953,0.18619218979075,0.134188727335921,0.032170877232146
2031,25,PB,Paraíba,4260413,768670,2901648,812928,590095,141510,0.180421475570561,0.681071999357809,0.190809670330083,0.13850652507163,0.0332150897107863
2032,25,PB,Paraíba,4273030,756479,2906531,835472,610020,146458,0.177035733425696,0.680203743011399,0.195522147047879,0.142760523562905,0.0342749758368184
2033,25,PB,Paraíba,4284557,741576,2913478,858265,629503,151453,0.173081137676544,0.679995154691605,0.200315925310365,0.146923707631851,0.0353485786278488
2034,25,PB,Paraíba,4295041,725994,2920365,881312,648682,156562,0.169030749648257,0.679938794530716,0.205192918996582,0.151030455821027,0.0364518056987116
2035,25,PB,Paraíba,4304532,712071,2924736,904905,667725,161868,0.165423558240478,0.679455048771853,0.210221459615122,0.15512139298767,0.037604087970539
2036,25,PB,Paraíba,4313025,698632,2927564,929350,686829,167312,0.161981903652309,0.678772787080993,0.215475217509752,0.159245309266698,0.0387922629708847
2037,25,PB,Paraíba,4320497,687525,2926802,954838,706170,172904,0.159130998123595,0.677422528010088,0.221001889365969,0.163446473866317,0.0400194699822729
2038,25,PB,Paraíba,4326950,678060,2923215,981389,725675,178809,0.156706224939045,0.675583263037474,0.22680849096939,0.167710512023481,0.0413244895365096
2039,25,PB,Paraíba,4332397,668399,2918647,1008847,745351,185310,0.15427925926456,0.673679489668191,0.232861162077252,0.17204125106725,0.0427730884311849
2040,25,PB,Paraíba,4336837,659423,2911947,1036941,765467,192550,0.152051598895693,0.671444880220308,0.239100754766665,0.176503520883999,0.044398717314024
2041,25,PB,Paraíba,4340269,651035,2902899,1065261,786335,200529,0.149998767357507,0.66882928224034,0.245436630771042,0.181171950402153,0.0462019750388743
2042,25,PB,Paraíba,4342662,643167,2891365,1093440,808130,209101,0.148104319424353,0.665804752937254,0.251790261365034,0.186090927638393,0.0481504201800647
2043,25,PB,Paraíba,4344015,635762,2877375,1121393,830878,218140,0.146353546200922,0.662376856433507,0.258146668462241,0.191269597365571,0.0502162170250333
2044,25,PB,Paraíba,4344308,628743,2861144,1149051,854421,227753,0.144727998106948,0.658596029563281,0.264495749380569,0.19667597232977,0.0524256107071598
2045,25,PB,Paraíba,4343536,622013,2843015,1176090,878508,237648,0.143204292539535,0.654539297015151,0.270767872074734,0.202256410445315,0.0547130264374464
2046,25,PB,Paraíba,4341673,615515,2823435,1202087,902723,247402,0.141769083023986,0.650310375746861,0.276871841799233,0.207920541229153,0.0569831030572777
2047,25,PB,Paraíba,4338718,609224,2802773,1226755,926721,256725,0.140415671172913,0.645991050812705,0.282745963208487,0.213593278014381,0.0591707043416972
2048,25,PB,Paraíba,4334676,603130,2781123,1249938,950423,265529,0.139140733932594,0.641598818458404,0.288357884187884,0.219260447609002,0.061256942848785
2049,25,PB,Paraíba,4329534,597151,2758604,1271670,973779,273935,0.137925005323899,0.637159564978587,0.293719832203651,0.224915429697515,0.0632712435102715
2050,25,PB,Paraíba,4323251,591211,2735574,1292051,996466,282067,0.136751486323602,0.632758542124896,0.298860972911358,0.230489971551501,0.0652441877651795
2051,25,PB,Paraíba,4315812,585281,2712432,1311300,1018099,290090,0.135613182409243,0.628487061067535,0.303836219001198,0.235899756523222,0.0672156247769829
2052,25,PB,Paraíba,4307236,579382,2689452,1329581,1038402,298148,0.134513641695045,0.62440321356898,0.308685430749557,0.241083144735975,0.0692202609747875
2053,25,PB,Paraíba,4297539,573524,2666779,1346851,1057236,306210,0.133454053587414,0.620536311596009,0.3134005299312,0.246009634816578,0.071252407482515
2054,25,PB,Paraíba,4286716,567639,2644426,1363083,1074651,314297,0.132418149464532,0.616888545917201,0.317978377853816,0.250693304618267,0.0733188296122253
2055,25,PB,Paraíba,4274737,561689,2622275,1378448,1090773,322630,0.131397323390889,0.613435399651487,0.32246381473293,0.255167276957623,0.0754736490221504
2056,25,PB,Paraíba,4261605,555663,2600124,1393172,1105818,331440,0.130388198812419,0.610127874357196,0.326912513008597,0.259483926830384,0.0777735149081156
2057,25,PB,Paraíba,4247364,549605,2577794,1407412,1119965,340877,0.129399081406727,0.606916195550935,0.33136128667098,0.263684723042339,0.08025613062596
2058,25,PB,Paraíba,4232055,543531,2555336,1421211,1133188,350960,0.128431932004664,0.603805007260066,0.33582054108465,0.267763060735269,0.0829289789475798
2059,25,PB,Paraíba,4215674,537410,2532801,1434507,1145463,361587,0.12747902233427,0.600805707462199,0.340279395418147,0.271715270203531,0.0857720497362937
2060,25,PB,Paraíba,4198229,531239,2510021,1447088,1156969,372567,0.126538833398559,0.597876152063168,0.34469010623289,0.275585014538273,0.088743848894379
2061,25,PB,Paraíba,4179742,525041,2486782,1459062,1167919,383595,0.125615648047176,0.594960645896326,0.349079440788451,0.279423706056498,0.0917748033251813
2062,25,PB,Paraíba,4160246,518841,2462950,1470294,1178455,394405,0.124714019315204,0.592020279570006,0.353415158622831,0.28326570111479,0.0948032880747917
2063,25,PB,Paraíba,4139796,512669,2438519,1480646,1188608,404938,0.123839194008594,0.589043276528602,0.357661585256858,0.287117529462804,0.097815931026553
2064,25,PB,Paraíba,4118401,506541,2413566,1489969,1198294,415144,0.122994579692458,0.586044438120523,0.361783371750347,0.290960982187019,0.100802228826188
2065,25,PB,Paraíba,4096083,500494,2388271,1498149,1207318,424808,0.122188441982255,0.58306215962909,0.365751621732274,0.294749398388656,0.103710789063601
2066,25,PB,Paraíba,4072880,494544,2362543,1505051,1215793,433646,0.121423660898431,0.58006693052582,0.369529914949618,0.29850940857575,0.106471587672605
2067,25,PB,Paraíba,4048846,488695,2336543,1509241,1223608,441471,0.120699824098027,0.577088632168277,0.372758311874544,0.302211543733696,0.109036253786881
2068,25,PB,Paraíba,4024017,482971,2310404,1512058,1230642,448211,0.120022107262469,0.574153638018925,0.375758352909543,0.305824254718606,0.111383972781427
2069,25,PB,Paraíba,3998432,477410,2284256,1515001,1236766,453917,0.119399304527375,0.571287944874391,0.378898778321102,0.309312750598234,0.113523751310514
2070,25,PB,Paraíba,3972167,472034,2258238,1517002,1241895,458729,0.118835386326909,0.56851537208783,0.381907910719766,0.312649241585261,0.115485829271529
2000,26,PE,Pernambuco,8149336,2550180,5086390,733512,512766,111439,0.312931016711055,0.624147783328605,0.0900088056253908,0.0629211999603403,0.0136746110357948
2001,26,PE,Pernambuco,8236052,2532209,5180602,748265,523241,114736,0.307454226855294,0.629015212628575,0.0908523889844309,0.0635305605161308,0.0139309465263211
2002,26,PE,Pernambuco,8321143,2513933,5271941,763353,535269,117817,0.302113904303772,0.633559716495679,0.0917365559034378,0.0643263792005497,0.0141587519887592
2003,26,PE,Pernambuco,8404555,2495861,5360436,779069,548258,120861,0.29696527656729,0.637801287516115,0.0926960439904314,0.0652334359165952,0.0143804163337619
2004,26,PE,Pernambuco,8486414,2478193,5446541,796088,561680,123991,0.292018866861786,0.641795344888901,0.093807349016911,0.0661857882493124,0.0146105292529919
2005,26,PE,Pernambuco,8567075,2460677,5530996,815129,575402,127329,0.2872248696317,0.645610783143605,0.0951467099330869,0.0671643472246945,0.0148625989617226
2006,26,PE,Pernambuco,8645942,2441955,5614536,836563,589451,130956,0.282439438062388,0.649383953766981,0.0967578778576123,0.0681766081706308,0.0151465277005097
2007,26,PE,Pernambuco,8721073,2419854,5697281,860132,603938,134758,0.277472049597567,0.653277526744702,0.0986268547459699,0.0692504236577311,0.0154519977071629
2008,26,PE,Pernambuco,8795257,2397629,5778635,885254,618993,138491,0.272604768683849,0.657017185512601,0.100651294214598,0.0703780458035507,0.0157461004266277
2009,26,PE,Pernambuco,8868632,2375500,5857981,911481,635151,141990,0.267854162851723,0.660528140078425,0.102775828335193,0.0716176970698525,0.0160103610117096
2010,26,PE,Pernambuco,8929674,2348570,5928647,938095,652457,144935,0.263007361746913,0.663926477047202,0.105053667132753,0.073066161205885,0.0162307157013795
2011,26,PE,Pernambuco,8982283,2320483,5990581,965141,671219,147425,0.25834000108881,0.666933005784832,0.107449409019956,0.0747269931263577,0.0164128651925129
2012,26,PE,Pernambuco,9039233,2294545,6053020,993185,691668,149934,0.253842886890956,0.669638673989264,0.10987491969728,0.0765184391197793,0.016587026797517
2013,26,PE,Pernambuco,9097265,2266753,6116986,1022503,713526,152751,0.249168623756701,0.672398352691716,0.112396747813766,0.0784330235515839,0.0167908706627761
2014,26,PE,Pernambuco,9154884,2238526,6180183,1053118,736175,156178,0.244517134242225,0.675069503884484,0.115033461920435,0.0804133618732908,0.0170595280071271
2015,26,PE,Pernambuco,9213107,2214920,6239380,1084618,758807,160201,0.240409668529846,0.67722864827251,0.117725540363311,0.0823616831976444,0.0173883794033869
2016,26,PE,Pernambuco,9262684,2188260,6293076,1116913,781348,164909,0.236244699700432,0.679400916624166,0.120582004092982,0.0843543836754012,0.017803586951687
2017,26,PE,Pernambuco,9304183,2158345,6341052,1150876,804786,170567,0.2319757683184,0.681527007798535,0.123694471615616,0.0864972238830642,0.0183322920454166
2018,26,PE,Pernambuco,9348293,2134341,6383949,1187463,830003,177169,0.228313447171585,0.682899969010385,0.127024580851285,0.0887865838180297,0.0189520161595277
2019,26,PE,Pernambuco,9396505,2111956,6427888,1226330,856661,183957,0.224759737796127,0.684072216212305,0.130509162715286,0.0911680459915681,0.0195771725763994
2020,26,PE,Pernambuco,9438962,2087351,6470577,1262993,881034,189069,0.221142006928304,0.685517856730433,0.133806344384054,0.093340136341263,0.0200306982907654
2021,26,PE,Pernambuco,9470176,2061855,6505538,1296978,902783,192460,0.217720874458933,0.686950063018892,0.136953948902322,0.0953290625221749,0.0203227479616007
2022,26,PE,Pernambuco,9493026,2034187,6531484,1334862,927355,196203,0.214282253098222,0.688029717816005,0.140615015696786,0.0976880290857731,0.0206681199440516
2023,26,PE,Pernambuco,9514483,2001692,6555087,1378879,957704,201866,0.210383685587541,0.688958822040041,0.144924217111954,0.100657492372418,0.0212167072031134
2024,26,PE,Pernambuco,9539029,1968747,6578154,1426907,992128,209616,0.206388616703021,0.689604151533662,0.14958618953774,0.104007231763317,0.0219745636584185
2025,26,PE,Pernambuco,9562007,1938465,6595115,1476048,1028427,218405,0.202725745756095,0.689720787696558,0.154365919205037,0.107553466547347,0.0228409161382124
2026,26,PE,Pernambuco,9583176,1906268,6610326,1525672,1066582,228117,0.198918187456851,0.689784472287684,0.159203170222482,0.111297340255464,0.0238039038414822
2027,26,PE,Pernambuco,9602780,1870183,6626252,1575348,1106345,238432,0.194754331558153,0.690034760767194,0.164051243494072,0.115210907674653,0.0248294764641073
2028,26,PE,Pernambuco,9621033,1834545,6639731,1624921,1146757,249009,0.190680668073792,0.690126621538456,0.168892571099174,0.119192710387752,0.0258817322422655
2029,26,PE,Pernambuco,9638121,1798265,6651417,1674627,1188439,259780,0.186578379748501,0.690115531855224,0.173750360677149,0.123306088396276,0.0269533864536459
2030,26,PE,Pernambuco,9654190,1757531,6665575,1724784,1231084,270783,0.182048519865468,0.690433376596069,0.178656521158171,0.127518103538464,0.0280482360508753
2031,26,PE,Pernambuco,9668708,1720886,6673724,1775654,1274098,281978,0.177985104111118,0.690239481841834,0.183649563106053,0.131775414047047,0.0291639793031292
2032,26,PE,Pernambuco,9681125,1688481,6675570,1827443,1317074,293440,0.174409585662823,0.68954486178001,0.188763495977998,0.136045552557167,0.0303105269273974
2033,26,PE,Pernambuco,9691555,1651144,6680553,1880012,1359858,305273,0.1703693576521,0.68931693623985,0.193984556657833,0.14031370610805,0.0314988667969175
2034,26,PE,Pernambuco,9700083,1613780,6683642,1933377,1402661,317714,0.166367648606718,0.689029361913707,0.199315511011607,0.144602989479575,0.0327537403545928
2035,26,PE,Pernambuco,9706761,1580406,6680593,1987970,1445762,330947,0.162814969895725,0.688241216611803,0.204802611293304,0.148943813492472,0.0340944832163891
2036,26,PE,Pernambuco,9711579,1549766,6672402,2044223,1489411,344835,0.159579199221877,0.687056347891522,0.210493370851434,0.153364452886601,0.0355076141583156
2037,26,PE,Pernambuco,9714465,1523836,6656847,2102337,1533782,359256,0.156862575550995,0.685251014852594,0.216413050023856,0.157886409596411,0.0369815527669306
2038,26,PE,Pernambuco,9715428,1502135,6634561,2162296,1578732,374294,0.154613363405091,0.682889214968193,0.222563123312735,0.162497421626716,0.0385257345327452
2039,26,PE,Pernambuco,9714513,1481367,6608855,2223767,1624291,390189,0.152490093945008,0.680307391631469,0.228911835312794,0.167202514423523,0.0401655749495626
2040,26,PE,Pernambuco,9711713,1461863,6578974,2286090,1670876,407114,0.150525762036007,0.677426732029664,0.235395135749996,0.172047505934329,0.0419198961089563
2041,26,PE,Pernambuco,9706928,1443789,6544235,2348293,1718904,425043,0.148737994141916,0.674181883289955,0.241919276623871,0.177080122568129,0.0437875917076958
2042,26,PE,Pernambuco,9700041,1426809,6504657,2409598,1768575,443798,0.147093089606528,0.670580361464452,0.248411114963329,0.18232654892902,0.045752177748527
2043,26,PE,Pernambuco,9691008,1410646,6460475,2469783,1819887,462693,0.145562360489229,0.666646338543937,0.254853055533542,0.187791300966834,0.0477445689860126
2044,26,PE,Pernambuco,9679813,1395101,6412200,2528733,1872512,482152,0.144124788361097,0.662430152318025,0.261237794573098,0.193445059320877,0.049810053148754
2045,26,PE,Pernambuco,9666410,1379993,6360601,2585809,1925816,501940,0.142761687120658,0.658010678214559,0.26750458546658,0.199227634664782,0.0519262063165125
2046,26,PE,Pernambuco,9650765,1365221,6306667,2640243,1978877,521647,0.141462464374586,0.653488816689661,0.2735786230418,0.205048718935753,0.0540523989549015
2047,26,PE,Pernambuco,9632862,1350686,6251235,2691507,2030941,540987,0.140216479795932,0.648948879367316,0.279408861042544,0.210834640836752,0.0561605678561574
2048,26,PE,Pernambuco,9612662,1336230,6194611,2739304,2081821,559880,0.1390072801894,0.644422013381933,0.284968305345595,0.216570706428667,0.0582440119084599
2049,26,PE,Pernambuco,9590125,1321712,6136994,2783762,2131419,578492,0.137820101406395,0.639928468085661,0.290273797265416,0.222251430507944,0.0603216329297063
2050,26,PE,Pernambuco,9565234,1307047,6079049,2825345,2179138,597044,0.136645585460847,0.635535837387773,0.295376464391775,0.22781857715138,0.0624181279830687
2051,26,PE,Pernambuco,9537995,1292239,6021501,2864734,2224255,615733,0.135483296017664,0.63131727370375,0.300349706620731,0.233199430278586,0.0645558107338073
2052,26,PE,Pernambuco,9508430,1277348,5964792,2902468,2266290,634714,0.134338476488758,0.627316181535753,0.305252076315438,0.238345341975489,0.0667527657036966
2053,26,PE,Pernambuco,9476537,1262350,5909229,2938551,2304958,653911,0.133207942943715,0.623564177504926,0.310087007521841,0.243227879551359,0.0690031601206221
2054,26,PE,Pernambuco,9442291,1247150,5854726,2972920,2340415,673373,0.132081292559189,0.62005354420871,0.314851554564459,0.247865163232101,0.0713145782098857
2055,26,PE,Pernambuco,9405683,1231713,5800837,3005943,2373133,693427,0.130954126351058,0.616737455429871,0.319587955494566,0.25230841821907,0.0737242579831789
2056,26,PE,Pernambuco,9366764,1216098,5746875,3038024,2403791,714384,0.129831177555023,0.613538998100091,0.324340828913806,0.256629824344886,0.0762679619129936
2057,26,PE,Pernambuco,9325655,1200443,5692286,3069424,2432926,736403,0.128724791985121,0.6103899404385,0.329137631619441,0.260885267576379,0.0789652844759966
2058,26,PE,Pernambuco,9282407,1184799,5637049,3100292,2460559,759483,0.127639199617082,0.607283110943099,0.333996559297605,0.265077689439819,0.081819618553679
2059,26,PE,Pernambuco,9237027,1169160,5581237,3130405,2486630,783377,0.126573192868225,0.604224389514072,0.338897461271901,0.269202417617703,0.0848083479673709
2060,26,PE,Pernambuco,9189550,1153530,5524519,3158739,2511501,807629,0.125526277130001,0.601174050960058,0.343731629949236,0.273299671909941,0.0878855874335522
2061,26,PE,Pernambuco,9140068,1137971,5466521,3184428,2535576,831580,0.124503559492118,0.598083187127273,0.348403097219846,0.277413253380609,0.090981817640744
2062,26,PE,Pernambuco,9088692,1122594,5407001,3207461,2559097,854684,0.123515462951105,0.594915197918468,0.352906776904752,0.281569339130427,0.0940381740298824
2063,26,PE,Pernambuco,9035515,1107510,5345810,3227995,2582195,876796,0.122572980068098,0.591644195156557,0.357256337906583,0.285782824775345,0.0970388516869265
2064,26,PE,Pernambuco,8980627,1092786,5283170,3246282,2604671,897865,0.121682595213007,0.588285205476188,0.361476097381619,0.290032199310805,0.0999779859468609
2065,26,PE,Pernambuco,8924078,1078440,5220088,3262454,2625550,917487,0.120846097490407,0.584944237376679,0.365578830664636,0.294209665132913,0.102810284715127
2066,26,PE,Pernambuco,8865961,1064513,5157439,3275983,2644009,935168,0.12006741288395,0.581712349061766,0.369501174209993,0.298220238054284,0.105478469846642
2067,26,PE,Pernambuco,8806387,1051025,5095285,3285458,2660077,950616,0.11934803682827,0.578589721301142,0.373076722610533,0.302062241870588,0.10794619859427
2068,26,PE,Pernambuco,8745471,1038050,5033466,3293516,2673955,963680,0.118695722620314,0.575551162424528,0.376596755051843,0.305753114955158,0.110191892466398
2069,26,PE,Pernambuco,8683293,1025647,4971745,3300130,2685901,974538,0.118117285688736,0.572564463735129,0.38005512424837,0.309318250576135,0.112231385028698
2070,26,PE,Pernambuco,8619955,1013849,4910007,3302168,2696099,983636,0.11761650727875,0.569609354109157,0.383084134429936,0.312774138612093,0.11411150058208
2000,27,AL,Alagoas,2882661,1024093,1714428,207428,144140,34131,0.355259602152317,0.594737986880872,0.0719571257251546,0.0500024109668116,0.0118401019058432
2001,27,AL,Alagoas,2918610,1021565,1750016,212276,147029,34449,0.350017645385989,0.599605976817732,0.0727318826427649,0.0503763777962797,0.0118032213964867
2002,27,AL,Alagoas,2951483,1017005,1784233,217393,150245,34757,0.344574236070477,0.604520845961166,0.0736555148716764,0.0509049179683569,0.0117761139061279
2003,27,AL,Alagoas,2981741,1010896,1817022,222908,153823,35096,0.339028775470438,0.609382907502697,0.0747576667457033,0.0515883170268645,0.0117703046642884
2004,27,AL,Alagoas,3009912,1003526,1848562,228986,157824,35542,0.333407089642488,0.614158154789907,0.076077307243534,0.0524347555676046,0.0118083186485186
2005,27,AL,Alagoas,3036152,994780,1879138,235691,162234,36125,0.327644992740811,0.618920923590123,0.0776281951628245,0.0534340836690653,0.0118982844073683
2006,27,AL,Alagoas,3060167,984118,1909094,242962,166955,36821,0.321589638735402,0.623852881231645,0.0793950134093989,0.0545574800329525,0.0120323498684876
2007,27,AL,Alagoas,3081004,970326,1938723,250768,171955,37601,0.31493824740247,0.629250400194222,0.0813916502542678,0.0558113524033075,0.0122041386509073
2008,27,AL,Alagoas,3100630,955464,1967977,259017,177189,38405,0.308151569197228,0.634702302435312,0.0835368941150669,0.0571461283674608,0.012386192483463
2009,27,AL,Alagoas,3118274,938910,1996639,267692,182725,39214,0.301099261963509,0.640302616126742,0.0858462085115035,0.0585981219097488,0.0125755466004591
2010,27,AL,Alagoas,3131625,920249,2022905,276644,188471,39952,0.29385670378797,0.645960164451363,0.0883388017403105,0.0601831317606674,0.01275759390093
2011,27,AL,Alagoas,3142169,901453,2046282,285876,194434,40615,0.286888770145718,0.651232317548802,0.0909804660411327,0.0618789123054807,0.0129257847047692
2012,27,AL,Alagoas,3152317,882502,2069013,295597,200802,41331,0.279953443768504,0.656346744315372,0.0937713434277073,0.0636998119161239,0.0131113082853025
2013,27,AL,Alagoas,3162669,863496,2091530,305820,207643,42161,0.273027623187883,0.661318019685272,0.0966968089294201,0.0656543571268444,0.0133308291193293
2014,27,AL,Alagoas,3172381,844411,2113084,316416,214886,43110,0.266175784056203,0.666087711406669,0.0997408571038598,0.0677365045371284,0.0135891622097094
2015,27,AL,Alagoas,3181178,826435,2132420,327090,222323,44113,0.259788983829261,0.670324012048367,0.102820401750546,0.0698870041223723,0.0138668757296825
2016,27,AL,Alagoas,3187906,809464,2148472,337806,229970,45199,0.253917148121682,0.673944589332308,0.105964855927371,0.0721382625460098,0.0141782725086624
2017,27,AL,Alagoas,3193155,793744,2161301,348918,238110,46474,0.248576721142569,0.676854396357208,0.109270611667771,0.0745688825002231,0.0145542574663616
2018,27,AL,Alagoas,3200128,782144,2171146,360668,246838,47978,0.244410223591056,0.67845598676053,0.112704241830327,0.0771337896484141,0.014992525298988
2019,27,AL,Alagoas,3208704,772464,2180320,373059,255920,49597,0.240740186692197,0.679501755225786,0.116264697522738,0.0797580580820169,0.0154570194072124
2020,27,AL,Alagoas,3214823,761917,2188588,384940,264318,50958,0.237001228372448,0.680780248243838,0.119739096055988,0.0822185233837135,0.0158509504255755
2021,27,AL,Alagoas,3217819,751482,2194446,396164,271891,52042,0.233537684997198,0.681966885023676,0.123115687986179,0.0844954299791256,0.0161730662911742
2022,27,AL,Alagoas,3218381,741072,2197371,408273,279938,53257,0.230262358620685,0.682756640683623,0.126856640031121,0.0869810006956914,0.016547761125858
2023,27,AL,Alagoas,3218607,729209,2200034,422277,289364,54899,0.226560434374249,0.683536076321216,0.13119868315703,0.0899034893045345,0.0170567577837244
2024,27,AL,Alagoas,3220104,718346,2201720,437667,300038,57093,0.2230816147553,0.683741891566235,0.13591703870434,0.093176493678465,0.0177301726900746
2025,27,AL,Alagoas,3220848,708064,2201443,453604,311341,59598,0.21983775701306,0.683497948366393,0.140833718325112,0.0966642946205471,0.0185038225957884
2026,27,AL,Alagoas,3221128,696787,2201112,469823,323229,62348,0.216317699886499,0.683335775541984,0.145856668843958,0.100346524571517,0.0193559523247757
2027,27,AL,Alagoas,3220940,685125,2200237,486131,335578,65261,0.212709643768589,0.683104000695449,0.150928300434035,0.104186355535962,0.0202614764633927
2028,27,AL,Alagoas,3220302,673262,2198552,502480,348488,68317,0.209067969401628,0.682716093086922,0.156035055097317,0.108215937511451,0.0212144699472286
2029,27,AL,Alagoas,3219223,661380,2195887,518947,361956,71557,0.20544709080421,0.682117082289733,0.161202563475721,0.112435826906058,0.0222280345288288
2030,27,AL,Alagoas,3217685,649039,2192774,535569,375872,75026,0.201709924992658,0.68147565718832,0.166445441365454,0.116814417819022,0.0233167634494986
2031,27,AL,Alagoas,3215565,637318,2188246,552386,390001,78710,0.198197828375418,0.680516798758539,0.171785051771617,0.121285372866044,0.024477813385828
2032,27,AL,Alagoas,3212764,625922,2182663,569430,404179,82576,0.194823522673934,0.679372341074539,0.177239909311733,0.125804136251527,0.0257024792359476
2033,27,AL,Alagoas,3209302,612240,2178720,586623,418342,86570,0.190770454136133,0.678876590610669,0.182788344630702,0.130352955253198,0.0269747128814926
2034,27,AL,Alagoas,3205235,598081,2174580,603982,432574,90684,0.186595054652779,0.678446354167479,0.188436105308971,0.134958591179742,0.0282924652950564
2035,27,AL,Alagoas,3200566,585342,2168319,621700,446905,94934,0.182887026857125,0.677479858250072,0.194246892580875,0.139633114892803,0.0296616285994415
2036,27,AL,Alagoas,3195285,572846,2161072,639984,461367,99279,0.179278530710093,0.676331532242038,0.200290114966271,0.144389937047869,0.0310704678925354
2037,27,AL,Alagoas,3189412,561126,2152291,658955,475995,103744,0.175933996611288,0.674823760617945,0.206607048571962,0.149242242770768,0.0325276257818055
2038,27,AL,Alagoas,3182970,549931,2142318,678615,490721,108349,0.172772913348225,0.673056296477818,0.213201820940819,0.154170790173957,0.0340402202973952
2039,27,AL,Alagoas,3176006,538509,2131949,698836,505548,113215,0.169555410159804,0.671267308688963,0.220036108244128,0.159177281151232,0.0356469729591191
2040,27,AL,Alagoas,3168526,527801,2120060,719358,520665,118395,0.166576193472927,0.669099764369931,0.227032380356039,0.164324042157142,0.0373659550213569
2041,27,AL,Alagoas,3160453,517513,2106661,739797,536279,123866,0.163746462927941,0.666569317752866,0.234079418361861,0.169684219319193,0.0391924828497687
2042,27,AL,Alagoas,3151719,507600,2091618,759844,552501,129552,0.1610549671465,0.663643554517392,0.241088751884289,0.175301478336108,0.0411051873596599
2043,27,AL,Alagoas,3142351,498045,2074972,779433,569334,135518,0.158494388437192,0.660324705928778,0.248041355023675,0.18118090563403,0.0431263089323885
2044,27,AL,Alagoas,3132360,488836,2056869,798545,586655,141756,0.156059967564392,0.656651534306402,0.254933979491502,0.187288498129206,0.0452553346358656
2045,27,AL,Alagoas,3121782,479982,2037570,816969,604230,148190,0.153752568244676,0.652694518707584,0.261699567746883,0.19355291304774,0.0474696823801278
2046,27,AL,Alagoas,3110594,471464,2017437,834453,621693,154664,0.151567192632661,0.648569694405634,0.268261624628608,0.199863112961704,0.0497216930271196
2047,27,AL,Alagoas,3098820,463270,1996795,850818,638755,161068,0.149498841494504,0.644372696703907,0.274561930024977,0.206128461801589,0.0519772042261248
2048,27,AL,Alagoas,3086446,455360,1975727,865919,655359,167372,0.147535385359083,0.640130104333593,0.280555370157132,0.212334510307324,0.0542280668445196
2049,27,AL,Alagoas,3073469,447696,1954292,879832,671481,173627,0.145664719572574,0.635858699079119,0.286266755903508,0.218476581348307,0.0564921917221225
2050,27,AL,Alagoas,3059905,440285,1932701,892879,686919,179861,0.143888454053312,0.631621243143169,0.291799582013167,0.224490302803518,0.0587799294422539
2051,27,AL,Alagoas,3045746,433128,1911190,905506,701428,186112,0.142207524855979,0.627494873177212,0.29730187612493,0.230297601966809,0.06110555509225
2052,27,AL,Alagoas,3031006,426225,1889944,918038,714837,192409,0.140621628594599,0.623536871916453,0.302882277369296,0.235841499488949,0.063480243853031
2053,27,AL,Alagoas,3015679,419534,1869125,930497,727020,198715,0.1391175917596,0.619802372865282,0.308553065495366,0.241080035375118,0.0658939495881359
2054,27,AL,Alagoas,2999739,412993,1848688,942746,738058,205037,0.137676311172405,0.616282949949979,0.314276008679422,0.246040738877616,0.06835161325702
2055,27,AL,Alagoas,2983211,406603,1828347,954754,748261,211524,0.136297097322315,0.612878874474518,0.320042397269251,0.250824028203168,0.0709048069345413
2056,27,AL,Alagoas,2966097,400368,1807658,966445,758071,218316,0.134981425084884,0.609439947513517,0.325830544314633,0.255578627401599,0.073603796504295
2057,27,AL,Alagoas,2948424,394285,1786325,977733,767814,225507,0.133727374353214,0.605857570010284,0.331612074789786,0.260415055636503,0.0764839114048726
2058,27,AL,Alagoas,2930198,388328,1764358,988620,777512,233093,0.132526197888334,0.602129275905587,0.337390169538031,0.265344526206079,0.0795485492789225
2059,27,AL,Alagoas,2911393,382452,1741899,998977,787042,240994,0.131363920982155,0.598304316868248,0.343126812491477,0.270331762149596,0.0827761830848669
2060,27,AL,Alagoas,2892036,376641,1719014,1008299,796381,249038,0.130233856010091,0.594395782071869,0.348646766499449,0.27537036191804,0.0861116528286646
2061,27,AL,Alagoas,2872158,370914,1695785,1015812,805459,256955,0.129141224124857,0.590421905758666,0.353675528992486,0.280436870116477,0.0894640893711279
2062,27,AL,Alagoas,2851768,365276,1672302,1021607,814190,264539,0.128087558314702,0.586408852333009,0.358236364248424,0.28550358935229,0.0927631560491597
2063,27,AL,Alagoas,2830890,359723,1648595,1025958,822572,271761,0.127070638562431,0.582359258042524,0.362415353475409,0.290570103395045,0.0959984315886523
2064,27,AL,Alagoas,2809534,354260,1624788,1029229,830486,278615,0.126092085021929,0.57831227527412,0.366334417024318,0.295595639703951,0.0991676911544762
2065,27,AL,Alagoas,2787727,348876,1601402,1031696,837449,284957,0.125147118064287,0.574447210935648,0.370085019085441,0.300405671000066,0.102218402304099
2066,27,AL,Alagoas,2765493,343576,1579207,1033363,842710,290633,0.124236799731549,0.571039955624549,0.373663213032902,0.304723244643903,0.105092654365786
2067,27,AL,Alagoas,2742851,338364,1558115,1033785,846372,295529,0.123362151279818,0.568064032643406,0.376901625352598,0.308573816076776,0.107745189220997
2068,27,AL,Alagoas,2719843,333262,1537873,1034258,848708,299577,0.122529866613624,0.565427122080208,0.380263860818437,0.312043011306167,0.110144960573092
2069,27,AL,Alagoas,2696481,328288,1518123,1033743,850070,302855,0.121746824843194,0.563001556473048,0.383367433332555,0.315251618683759,0.112314902274483
2070,27,AL,Alagoas,2672812,323441,1498627,1031799,850744,305630,0.121011503989057,0.560693007963149,0.386035007325618,0.318295488047794,0.11434773564321
2000,28,SE,Sergipe,1826301,612436,1115704,138516,98161,23373,0.335342312138032,0.610909154624566,0.0758451098696217,0.0537485332374017,0.0127979998915841
2001,28,SE,Sergipe,1854456,610289,1144085,141721,100082,23617,0.329093275871738,0.616938336633493,0.0764218725060072,0.0539683874947694,0.0127352711522948
2002,28,SE,Sergipe,1881740,607306,1172190,145164,102244,23930,0.322736403541403,0.622928778683559,0.0771434948505107,0.054334817775038,0.0127169534579698
2003,28,SE,Sergipe,1908496,603866,1199943,148940,104687,24322,0.316409361088522,0.628737498008903,0.0780405093854009,0.0548531409025746,0.0127440665319707
2004,28,SE,Sergipe,1934956,600168,1227387,153109,107401,24805,0.310171394078212,0.63432295101284,0.0791278974819066,0.0555056549089488,0.0128194129478913
2005,28,SE,Sergipe,1961295,596245,1254677,157743,110373,25376,0.304005771696762,0.639718655276233,0.0804279825319495,0.0562755730270051,0.0129383901962734
2006,28,SE,Sergipe,1988308,592681,1282070,162861,113557,26009,0.298083093766157,0.644804527266399,0.0819093420134104,0.0571123789674437,0.0130809713585622
2007,28,SE,Sergipe,2014700,588043,1309691,168430,116966,26688,0.291876209857547,0.650067503846727,0.0836005360599593,0.0580562862957264,0.013246637216459
2008,28,SE,Sergipe,2040599,582768,1337239,174359,120592,27377,0.285586732131105,0.655316894696116,0.0854450090390126,0.0590963731727792,0.0134161586867386
2009,28,SE,Sergipe,2065681,577006,1364216,180590,124459,28072,0.279329673846059,0.66041949361978,0.0874239536501522,0.0602508325341619,0.0135897072200403
2010,28,SE,Sergipe,2087727,569869,1389303,187043,128555,28721,0.272961455209422,0.6654620072452,0.0895916946995464,0.0615765375453783,0.0137570668961986
2011,28,SE,Sergipe,2107526,562478,1412124,193744,132924,29348,0.266890183086709,0.670038708893746,0.0919295894807466,0.0630711080195452,0.0139253323565166
2012,28,SE,Sergipe,2126767,554956,1434163,200800,137648,30024,0.260938786430295,0.674339502164553,0.0944156082918345,0.0647217114051516,0.01411720230754
2013,28,SE,Sergipe,2145625,547153,1455714,208267,142758,30789,0.255008680454413,0.67845685988931,0.0970658898922225,0.0665344596562773,0.014349665016021
2014,28,SE,Sergipe,2164191,539789,1476227,216092,148175,31631,0.249418373886593,0.682114933478607,0.0998488580721387,0.0684666926347998,0.0146156231127474
2015,28,SE,Sergipe,2182252,533383,1495062,224217,153807,32521,0.244418609766425,0.685100529178115,0.102745695730832,0.0704808610554601,0.0149024952205337
2016,28,SE,Sergipe,2198312,527042,1511572,232658,159698,33474,0.239748497938418,0.687605762967222,0.105834840550386,0.0726457390943597,0.0152271379130897
2017,28,SE,Sergipe,2212722,520914,1525851,241524,165957,34559,0.235417734356146,0.689580977637498,0.109152437585924,0.075001288006356,0.0156183198793161
2018,28,SE,Sergipe,2227068,516437,1537994,250929,172637,35800,0.231890988510454,0.690591396401008,0.112672356659069,0.0775176150885379,0.0160749469706358
2019,28,SE,Sergipe,2241300,512038,1549677,260878,179585,37095,0.228455806897783,0.691418819435149,0.116395841699014,0.0801253736670682,0.016550662561906
2020,28,SE,Sergipe,2254218,506944,1561023,270758,186251,38218,0.224886856550697,0.692489812431628,0.120111719452156,0.0826233310176744,0.0169539946890673
2021,28,SE,Sergipe,2264937,500717,1571692,280471,192528,39197,0.221073257225256,0.693923053930418,0.123831700396082,0.0850036888443255,0.0173060001227407
2022,28,SE,Sergipe,2273589,493537,1580677,291224,199375,40389,0.21707397423193,0.695234274972302,0.128089993398103,0.0876917507957683,0.017764424440829
2023,28,SE,Sergipe,2281994,485499,1589057,303598,207438,42002,0.212752093125573,0.696345827377285,0.13304066531288,0.0909020794971415,0.0184058327936007
2024,28,SE,Sergipe,2291077,477648,1596959,317049,216470,44004,0.208481862460319,0.697034189597294,0.138384262074125,0.0944839479423869,0.019206687509848
2025,28,SE,Sergipe,2299425,470206,1603132,330946,226087,46216,0.204488513432706,0.697188210096002,0.143925546604042,0.0983232764712917,0.0200989377779227
2026,28,SE,Sergipe,2307255,462229,1608731,345086,236295,48635,0.200337197232209,0.697248895332332,0.149565609349638,0.102413907435459,0.0210791611677079
2027,28,SE,Sergipe,2314604,453964,1613601,359298,247039,51196,0.19613030997959,0.697139121854106,0.155230873186083,0.106730568166304,0.0221186863930072
2028,28,SE,Sergipe,2321501,445761,1617476,373536,258264,53864,0.192014132235997,0.696737154108484,0.160902795217405,0.111248713655519,0.0232022299365798
2029,28,SE,Sergipe,2327993,437015,1620969,387844,270009,56643,0.187721784386809,0.696294619442584,0.166600157302878,0.115983596170607,0.0243312587280116
2030,28,SE,Sergipe,2334102,427427,1624526,402236,282149,59556,0.183122674159056,0.69599614755482,0.172330086688585,0.120881178286125,0.0255155944341764
2031,28,SE,Sergipe,2339726,418571,1626678,416690,294477,62588,0.178897443546808,0.695242947251088,0.178093503256364,0.125859609202103,0.026750140828456
2032,28,SE,Sergipe,2344762,410192,1627738,431196,306832,65729,0.174939716696193,0.69420179958563,0.183897555487508,0.130858483718177,0.0280322693731816
2033,28,SE,Sergipe,2349229,400640,1629414,445708,319175,68967,0.170541058364255,0.693595217835298,0.189725224743948,0.135863723800447,0.0293572912644957
2034,28,SE,Sergipe,2353143,391412,1630189,460252,331542,72322,0.166335832543964,0.692770902575832,0.195590323240024,0.140893264880205,0.0307342137728136
2035,28,SE,Sergipe,2356505,383167,1629401,475022,343937,75818,0.162599697433275,0.691448140360407,0.201579033356602,0.145952162206318,0.0321739185785729
2036,28,SE,Sergipe,2359317,375374,1627600,490261,356343,79419,0.159102825097263,0.689860667303292,0.207797849970987,0.151036507599445,0.0336618606147457
2037,28,SE,Sergipe,2361569,368920,1623899,506092,368750,83132,0.156218175289394,0.687635635461001,0.214303287348369,0.156146189249605,0.0352020203517238
2038,28,SE,Sergipe,2363266,363306,1618847,522542,381113,87002,0.153730472997961,0.685004142572186,0.221110107791505,0.161265384429853,0.0368143069802553
2039,28,SE,Sergipe,2364416,357692,1613264,539496,393460,91144,0.151281331203984,0.682309711996535,0.228173045690775,0.16640895679948,0.038548208098744
2040,28,SE,Sergipe,2365018,352624,1606421,556772,405973,95626,0.14909992228389,0.67924261041565,0.235419772703633,0.17165746730046,0.0404335188992219
2041,28,SE,Sergipe,2365063,347902,1598263,574106,418898,100438,0.147100521212331,0.675780306909372,0.242744485030631,0.177119171878297,0.0424673676768864
2042,28,SE,Sergipe,2364517,343457,1588712,591268,432348,105534,0.145254612252735,0.671897051279394,0.250058680060241,0.182848336467871,0.04463237100854
2043,28,SE,Sergipe,2363370,339234,1577786,608214,446350,110871,0.143538252580002,0.667600079547426,0.257350309092525,0.188861667872572,0.0469122481879689
2044,28,SE,Sergipe,2361636,335198,1565634,624902,460804,116473,0.141934658855133,0.662944670558884,0.264605553099631,0.195120670585984,0.0493187773221614
2045,28,SE,Sergipe,2359296,331312,1552462,641146,475522,122238,0.140428331163194,0.658019171820747,0.271753099229601,0.201552497016059,0.0518112182617188
2046,28,SE,Sergipe,2356338,327540,1538545,656704,490253,128020,0.139003827124971,0.652939009598793,0.278696859279102,0.208057163276236,0.0543300663996422
2047,28,SE,Sergipe,2352744,323848,1524118,671436,504778,133700,0.137646934813137,0.647804436011738,0.285384215197234,0.214548629175125,0.056827262124566
2048,28,SE,Sergipe,2348509,320207,1509241,685224,519061,139258,0.136344804299238,0.642637946032994,0.29176979947703,0.221017249667768,0.0592963450427484
2049,28,SE,Sergipe,2343619,316588,1493979,698101,533052,144721,0.135085097023023,0.637466670137083,0.297873075785783,0.227448232839894,0.0617510781402609
2050,28,SE,Sergipe,2338074,312977,1478506,710211,546591,150103,0.13386103262771,0.632360652400223,0.303758991374952,0.233778314972067,0.0641994222595179
2051,28,SE,Sergipe,2331879,309367,1463074,721791,559438,155393,0.132668547553282,0.627422777940022,0.309531926828107,0.239908674506696,0.0666385348467909
2052,28,SE,Sergipe,2325022,305760,1447802,733000,571460,160597,0.131508433038483,0.622704645375399,0.315265834043721,0.245786921586118,0.0690733248975709
2053,28,SE,Sergipe,2317494,302144,1432796,743855,582554,165693,0.130375310572541,0.618252301839832,0.320973862284002,0.251372387587627,0.0714966252339812
2054,28,SE,Sergipe,2309300,298496,1418045,754275,592759,170716,0.129258216775646,0.614058372667042,0.326624951283939,0.256683410557312,0.0739254319490755
2055,28,SE,Sergipe,2300444,294815,1403408,764240,602221,175816,0.128155695161456,0.610059623272725,0.332214129098557,0.261784681565819,0.0764269853993403
2056,28,SE,Sergipe,2290934,291100,1388651,773718,611183,181173,0.127066078725969,0.606150591854676,0.337730375471314,0.266783329419355,0.0790825925146687
2057,28,SE,Sergipe,2280801,287377,1373605,782680,619819,186891,0.125998278674904,0.602246754539304,0.343160144177418,0.271754966785791,0.0819409496926738
2058,28,SE,Sergipe,2270043,283646,1358269,791099,628128,192986,0.124951818093314,0.598345053375641,0.348495160664357,0.276703128531045,0.0850142486287705
2059,28,SE,Sergipe,2258678,279895,1342727,798973,636056,199378,0.123919832751725,0.594474732564801,0.353734795309469,0.281605434683474,0.0882719891901369
2060,28,SE,Sergipe,2246716,276126,1327003,806089,643587,205946,0.122902049035125,0.590641184733629,0.358785445067378,0.286456766231246,0.0916653462208842
2061,28,SE,Sergipe,2234178,272366,1311130,811901,650682,212484,0.121908818366307,0.586851181955959,0.363400319938698,0.291239999677734,0.0951061195661223
2062,28,SE,Sergipe,2221107,268645,1295155,816509,657307,218847,0.120950949233873,0.583112384950387,0.36761353685347,0.29593666581574,0.0985305975803957
2063,28,SE,Sergipe,2207516,264976,1279089,820126,663451,225005,0.120033558080666,0.579424565892161,0.371515314045289,0.300541876027173,0.101926781051644
2064,28,SE,Sergipe,2193417,261369,1262950,823013,669098,230927,0.119160652078469,0.575791105840795,0.375219577490281,0.305048242080735,0.105281850190821
2065,28,SE,Sergipe,2178835,257834,1246955,825365,674046,236496,0.118335716105166,0.572303547538019,0.378810235745249,0.309360736356815,0.108542409131485
2066,28,SE,Sergipe,2163793,254388,1231634,827915,677771,241544,0.117565774544977,0.569201397730744,0.382622090005837,0.313232827724279,0.11162990175123
2067,28,SE,Sergipe,2148319,251034,1216908,829590,680377,245990,0.11685136145982,0.566446603134823,0.386157735420112,0.316702035405356,0.114503479231902
2068,28,SE,Sergipe,2132440,247801,1202570,830746,682069,249759,0.116205379752771,0.563940837725798,0.389575322166157,0.319853782521431,0.117123576747763
2069,28,SE,Sergipe,2116183,244702,1188362,831388,683119,252904,0.115633666842612,0.561559184626282,0.392871504969088,0.322807148531105,0.119509513118667
2070,28,SE,Sergipe,2099567,241740,1174107,830816,683720,255556,0.115138026078711,0.559213876003957,0.395708257940804,0.325648097917332,0.121718430514482
2000,29,BA,Bahia,13220667,4241213,8187437,1121397,792017,186751,0.320801741697299,0.61929076649461,0.0848215146784954,0.0599074918080911,0.0141256866994683
2001,29,BA,Bahia,13339902,4180594,8349404,1147248,809904,190931,0.313390158338495,0.625896951866663,0.0860012314933048,0.0607128897948426,0.0143127738119815
2002,29,BA,Bahia,13453049,4121136,8502329,1173839,829584,195191,0.306334720106944,0.632000151043827,0.0872544952449069,0.0616651288492296,0.014509052929191
2003,29,BA,Bahia,13561082,4064801,8645526,1201707,850755,199709,0.299740168225515,0.637524793375632,0.0886143893238017,0.0627350383988534,0.0147266272705968
2004,29,BA,Bahia,13665384,4012024,8780249,1231810,873111,204706,0.293590286229791,0.642517546524854,0.0901408990775524,0.0638921672453551,0.0149798937227084
2005,29,BA,Bahia,13766504,3961448,8908630,1264787,896426,210280,0.287759913482755,0.647123627029782,0.0918742332839187,0.0651164594874632,0.0152747567574164
2006,29,BA,Bahia,13861288,3907299,9033323,1301026,920666,216436,0.281885709322251,0.651694344710246,0.0938603973887564,0.0664199459675032,0.015614421978679
2007,29,BA,Bahia,13950172,3848486,9155668,1340331,946018,223040,0.275873731162598,0.656312194573658,0.0960798906278718,0.0678140742637438,0.0159883333338112
2008,29,BA,Bahia,14037211,3789303,9275275,1382100,972633,229772,0.269947000155515,0.660763380987861,0.0984597296428756,0.0692896188566233,0.0163687786697799
2009,29,BA,Bahia,14121771,3729474,9391423,1425621,1000874,236325,0.264093929861913,0.665031531809998,0.100951998159438,0.0708745383280893,0.0167347990560107
2010,29,BA,Bahia,14187523,3664544,9492448,1469983,1030531,242199,0.258293431489063,0.669070140009641,0.103610968595434,0.0726364285012965,0.0170712674791787
2011,29,BA,Bahia,14237459,3596330,9578986,1515396,1062143,247570,0.252596337590858,0.672801656531548,0.106437251197703,0.0746020058775937,0.0173886365537558
2012,29,BA,Bahia,14292856,3529056,9667449,1562901,1096351,253122,0.246910484510583,0.676383292464431,0.1093484045456,0.0767062230249854,0.0177096865734882
2013,29,BA,Bahia,14351030,3459625,9758643,1612826,1132762,259134,0.241071546780963,0.679996000287087,0.112383989163147,0.0789324529319498,0.0180568224022945
2014,29,BA,Bahia,14409611,3390444,9848664,1665279,1170503,265728,0.235290459957594,0.683478825347888,0.11556724189154,0.0812307146945188,0.0184410252296193
2015,29,BA,Bahia,14470447,3329460,9931914,1720372,1209073,273039,0.230086879831701,0.686358479458167,0.118888656307576,0.0835546407101315,0.0188687329423894
2016,29,BA,Bahia,14527076,3273440,10005219,1778217,1248417,281280,0.22533371478197,0.688729032600917,0.122407083159749,0.085937252617113,0.0193624649585367
2017,29,BA,Bahia,14578692,3221291,10068235,1839121,1289166,290531,0.220958848708787,0.690613053626485,0.126151303560018,0.0884280976647288,0.0199284682055153
2018,29,BA,Bahia,14632652,3178502,10122593,1902780,1331557,300349,0.217219817706319,0.69178116174703,0.130036578468483,0.0909990205466514,0.0205259443059262
2019,29,BA,Bahia,14693250,3138849,10178411,1968802,1375990,310136,0.213625236077791,0.692727000493424,0.133993636533783,0.0936477634287853,0.0211073792387661
2020,29,BA,Bahia,14748551,3095653,10232542,2034004,1420356,318715,0.209895399215828,0.693799818029581,0.137912124384287,0.0963047827545906,0.021609919510059
2021,29,BA,Bahia,14788270,3053181,10272353,2096179,1462736,325075,0.206459646733526,0.694628445382726,0.141746059545843,0.0989119078837484,0.0219819492070404
2022,29,BA,Bahia,14811339,3007344,10296708,2160634,1507287,330843,0.203043357524934,0.695190893949561,0.145877020301811,0.101765748525505,0.0223371431846911
2023,29,BA,Bahia,14828806,2953906,10316009,2232772,1558891,338953,0.199200529024387,0.695673609864476,0.15056991102318,0.105125861111137,0.0228577405355495
2024,29,BA,Bahia,14850513,2900328,10334055,2310505,1616130,350135,0.195301536047947,0.695871920384164,0.155584187563083,0.108826543567889,0.0235772999895694
2025,29,BA,Bahia,14870907,2849601,10345318,2390015,1675988,363070,0.191622541920274,0.695674984720165,0.16071750028428,0.11270247335956,0.0244147851909773
2026,29,BA,Bahia,14889472,2798817,10352439,2470170,1738216,377550,0.187972884464943,0.695285836865135,0.165900442943847,0.116741278669922,0.0253568427409649
2027,29,BA,Bahia,14906450,2746503,10357394,2550231,1802553,393152,0.184249301476877,0.694826333567013,0.171082383800301,0.12092436495611,0.026374623065854
2028,29,BA,Bahia,14922077,2696223,10356974,2630040,1868880,409421,0.18068684406333,0.694070537231513,0.176251603580386,0.125242618705157,0.0274372662733211
2029,29,BA,Bahia,14936533,2645950,10353448,2710041,1937135,426283,0.177146195840762,0.693162730601539,0.181437084496114,0.129691073557699,0.0285396216109856
2030,29,BA,Bahia,14949963,2590333,10352915,2790701,2006715,443831,0.173266850225649,0.692504389475747,0.186669425201922,0.134228760298604,0.0296877657824304
2031,29,BA,Bahia,14961368,2535068,10349699,2872461,2076601,461854,0.169440922781927,0.691761542126362,0.191991868658,0.138797535091711,0.0308697707321951
2032,29,BA,Bahia,14969733,2480923,10342701,2955751,2146109,480420,0.165729275198162,0.690907513180095,0.197448478205991,0.143363211621744,0.0320927567645996
2033,29,BA,Bahia,14975126,2422556,10337490,3040165,2215080,499761,0.161771994439312,0.690310719255384,0.203014318543964,0.147917286305304,0.0333727409038161
2034,29,BA,Bahia,14977573,2366120,10327521,3125941,2283932,520408,0.157977530805558,0.689532342790117,0.208708113123535,0.152490126404325,0.0347458162948029
2035,29,BA,Bahia,14977062,2316780,10307177,3214729,2353105,542707,0.154688549730247,0.688197524988546,0.214643499506111,0.157113925281207,0.0362358785721792
2036,29,BA,Bahia,14973560,2272125,10278414,3308491,2423021,566510,0.151742471396248,0.68643756060683,0.220955537627658,0.161819967996923,0.0378340221029601
2037,29,BA,Bahia,14967032,2233594,10239354,3408381,2494084,591558,0.149234263680334,0.684127220413506,0.227725911189339,0.16663851590616,0.0395240686329795
2038,29,BA,Bahia,14957456,2201302,10190238,3514584,2565916,617680,0.147170882535105,0.681281495997715,0.234972043374221,0.17154762146718,0.04129579254654
2039,29,BA,Bahia,14944827,2171097,10134977,3625981,2638753,644929,0.145274147368852,0.678159539752451,0.242624488058644,0.176566312878697,0.043153995693627
2040,29,BA,Bahia,14929082,2142450,10072439,3740562,2714193,673306,0.143508489001534,0.674685757637342,0.250555392488299,0.181805753361124,0.0451002948473322
2041,29,BA,Bahia,14910082,2115629,10000306,3855487,2794147,702694,0.141892512730648,0.670707646007581,0.258582548372303,0.187399841261772,0.0471287817196445
2042,29,BA,Bahia,14887696,2090227,9917735,3968395,2879734,732911,0.140399629331496,0.66616990298566,0.266555348792721,0.193430467682844,0.0492293098945599
2043,29,BA,Bahia,14861861,2065869,9824846,4078817,2971146,763853,0.139004731641616,0.661077774849327,0.274448603711204,0.199917493509056,0.0513968607296219
2044,29,BA,Bahia,14832509,2042254,9722962,4186435,3067293,795480,0.137687696666828,0.655517013338741,0.282247258370111,0.20679528999443,0.0536308455973295
2045,29,BA,Bahia,14799565,2019119,9614209,4289227,3166237,827357,0.136430969423763,0.649627810006578,0.289821153527148,0.213941220569659,0.0559041431285311
2046,29,BA,Bahia,14762964,1996301,9501401,4384765,3265262,858790,0.135223590601454,0.643597112341397,0.297011155754359,0.221179297057149,0.0581719226572658
2047,29,BA,Bahia,14722701,1973685,9386900,4471434,3362116,889332,0.134057262998141,0.637580020133534,0.303710168399127,0.228362716868325,0.0604054921715791
2048,29,BA,Bahia,14678722,1951125,9271246,4548236,3456351,918920,0.132921994162707,0.631611253350258,0.309852315480871,0.235466752487035,0.0626021802170516
2049,29,BA,Bahia,14630999,1928528,9154762,4615734,3547709,947916,0.131811095059196,0.625709973734534,0.315476338970428,0.24247893120627,0.0647881938888794
2050,29,BA,Bahia,14579502,1905837,9039388,4675825,3634277,976709,0.130720308553749,0.620006636715026,0.320712257524297,0.249273054731225,0.0669919315488279
2051,29,BA,Bahia,14524236,1883015,8927465,4731290,3713756,1005677,0.129646406186184,0.614659869200693,0.32575138547735,0.255693724613123,0.0692413012292006
2052,29,BA,Bahia,14465226,1860087,8820525,4784215,3784614,1035186,0.128590248088761,0.609774434219002,0.330739042722181,0.261635317692237,0.0715637626401413
2053,29,BA,Bahia,14402461,1837034,8719515,4834884,3845912,1065009,0.12755000690507,0.605418407312473,0.335698461533761,0.267031585782458,0.073946320701719
2054,29,BA,Bahia,14335932,1813849,8623863,4882814,3898220,1095364,0.126524665435076,0.601555797000153,0.340599690344513,0.271919537564771,0.0764068914389382
2055,29,BA,Bahia,14265676,1790557,8531719,4928395,3943400,1127472,0.125515047446753,0.598059215700679,0.345472236997391,0.276425736852568,0.0790338992698278
2056,29,BA,Bahia,14191722,1767193,8440365,4971952,3984164,1162740,0.124522802800111,0.594738608887632,0.350341699196193,0.280738588312257,0.0819308608215409
2057,29,BA,Bahia,14114157,1743818,8347792,5013628,4022547,1201974,0.12355098501455,0.591448146708301,0.355219798107673,0.285000868277149,0.0851608778335114
2058,29,BA,Bahia,14033062,1720480,8253740,5053668,4058842,1245232,0.122601895438073,0.588163866161213,0.360125822860328,0.289234238400714,0.0887355874291726
2059,29,BA,Bahia,13948473,1697210,8158657,5091715,4092606,1291659,0.121677118348367,0.584913990226744,0.365037448902113,0.293408891424889,0.0926021794643758
2060,29,BA,Bahia,13860496,1674078,8062195,5125613,4124223,1339769,0.120780526180304,0.58166713514437,0.369800113935317,0.297552338675326,0.0966609708628032
2061,29,BA,Bahia,13769228,1651161,7964061,5153077,4154006,1387483,0.119916744787725,0.578395607945485,0.374245890909788,0.301687647266789,0.100766942053687
2062,29,BA,Bahia,13674797,1628537,7864182,5174269,4182078,1433079,0.119090396734957,0.57508583125585,0.378379949625578,0.305823772009193,0.104797094976986
2063,29,BA,Bahia,13577355,1606342,7762321,5189908,4208692,1476228,0.118310377831323,0.571710837641057,0.382247352300945,0.30997878452762,0.108727215278675
2064,29,BA,Bahia,13477027,1584644,7658864,5200893,4233519,1516748,0.1175811252734,0.56829032100329,0.385908034464871,0.31412855372331,0.11254321891616
2065,29,BA,Bahia,13373933,1563511,7555917,5207881,4254505,1553230,0.116907345056985,0.564973444984359,0.389405345458213,0.318119209958656,0.116138610833477
2066,29,BA,Bahia,13268254,1542990,7455765,5208449,4269499,1584012,0.116291864777385,0.561925103333114,0.392549690411414,0.321783031889501,0.11938360540882
2067,29,BA,Bahia,13160165,1523141,7358277,5203658,4278747,1608064,0.11573874643669,0.559132579264774,0.395409783995869,0.325128674298537,0.122191781030101
2068,29,BA,Bahia,13049846,1504032,7262778,5196930,4283036,1624858,0.115252854324871,0.556541280257254,0.398236883408433,0.328205865417875,0.124511660903891
2069,29,BA,Bahia,12937502,1485721,7168454,5186859,4283327,1635041,0.114838320411467,0.554083315310792,0.400916575703718,0.331078364277741,0.12637996113933
2070,29,BA,Bahia,12823350,1468227,7074734,5171134,4280389,1640293,0.114496367953772,0.551707159205668,0.403259210736664,0.33379647284056,0.127914546510857
2000,31,MG,Minas Gerais,18211412,5169695,11858647,1712247,1183070,224208,0.283871179236404,0.651165708622703,0.0940205515091306,0.0649631121408928,0.0123114012246826
2001,31,MG,Minas Gerais,18422253,5128197,12072414,1761050,1221642,231449,0.278369697778008,0.655316914820353,0.0955936279889327,0.0663133874016387,0.012563555608535
2002,31,MG,Minas Gerais,18624410,5082394,12280234,1811009,1261782,239999,0.272888859298093,0.659362310000693,0.0972384628560046,0.0677488307012142,0.0128862605580526
2003,31,MG,Minas Gerais,18816368,5033473,12480528,1861998,1302367,249387,0.267505025411918,0.663280395026288,0.0989562916711663,0.0692145795617943,0.0132537267553441
2004,31,MG,Minas Gerais,18998797,4982057,12673789,1915145,1342951,259504,0.26223012962347,0.667083763250905,0.100803487715564,0.0706861071256248,0.0136589700916326
2005,31,MG,Minas Gerais,19172436,4927363,12861656,1971567,1383417,270251,0.257002448723782,0.670840992766908,0.102833411466336,0.0721565585093099,0.0140958092127677
2006,31,MG,Minas Gerais,19335903,4865591,13046120,2032098,1424192,281637,0.251635054230464,0.674709632128378,0.105094548726274,0.0736553136411576,0.0145654950792833
2007,31,MG,Minas Gerais,19487371,4793718,13227705,2096968,1465948,293606,0.24599100617523,0.678783454166291,0.107606510903908,0.0752255396584793,0.015066475616439
2008,31,MG,Minas Gerais,19633228,4717666,13405883,2166791,1509679,306179,0.240289879993244,0.682816040235462,0.11036346137273,0.0768940797712939,0.0155949393548529
2009,31,MG,Minas Gerais,19774776,4638698,13579908,2241816,1556170,319204,0.234576513028517,0.686728790252795,0.113367453568121,0.0786946967186885,0.0161419780431394
2010,31,MG,Minas Gerais,19886309,4554233,13725530,2322564,1606546,332918,0.229013488626773,0.690199976275135,0.116792110592267,0.0807865350980919,0.0167410654234529
2011,31,MG,Minas Gerais,19981515,4471300,13849112,2409117,1661103,347469,0.223771821105657,0.69309619415745,0.120567284312526,0.0831319847368931,0.0173895222659543
2012,31,MG,Minas Gerais,20094110,4394519,13980021,2501168,1719570,362601,0.218696871869418,0.695727305165543,0.124472693739608,0.085575822965038,0.0180451386003162
2013,31,MG,Minas Gerais,20214721,4320051,14111950,2599153,1782720,378477,0.213708168418451,0.698102635203325,0.128577238340316,0.0881891963782236,0.0187228406466753
2014,31,MG,Minas Gerais,20340917,4251914,14238215,2702819,1850788,394999,0.209032562297953,0.699979012745591,0.132875966211356,0.090988424956456,0.0194189377007929
2015,31,MG,Minas Gerais,20470203,4195152,14351144,2811764,1923907,412222,0.204939442955207,0.701074825686878,0.137358872308203,0.0939857313579157,0.0201376605791354
2016,31,MG,Minas Gerais,20588168,4138008,14448170,2925642,2001990,430407,0.200989616948919,0.701770550930029,0.142103075902625,0.0972398321210513,0.0209055511884302
2017,31,MG,Minas Gerais,20695003,4082043,14528177,3043950,2084783,449550,0.197247760727553,0.702013766318372,0.147086231396052,0.100738472954075,0.0217226351694658
2018,31,MG,Minas Gerais,20801238,4036595,14592549,3166161,2172094,469191,0.194055517272578,0.701523101653853,0.152210219410979,0.104421381073569,0.0225559171045493
2019,31,MG,Minas Gerais,20916751,3996846,14656409,3291531,2263496,488716,0.191083500492022,0.700701987607922,0.157363397403354,0.108214511900056,0.0233648141625819
2020,31,MG,Minas Gerais,21032009,3957460,14718117,3416365,2356432,507059,0.188163669956589,0.69979605847449,0.162436455785085,0.112040271568921,0.0241089189339925
2021,31,MG,Minas Gerais,21117017,3919736,14755777,3528825,2441504,520444,0.185619777641889,0.698762377280844,0.167108119484869,0.115617845077266,0.0246457158224573
2022,31,MG,Minas Gerais,21178401,3884653,14766140,3640439,2527608,532462,0.183425226484285,0.6972263864491,0.171893949878463,0.119348387066616,0.0251417470091344
2023,31,MG,Minas Gerais,21247401,3849522,14769809,3766274,2628070,549879,0.181176135377687,0.695134854375836,0.177258103238133,0.123689010246477,0.0258798240782484
2024,31,MG,Minas Gerais,21322691,3816825,14770827,3896891,2735039,571085,0.17900296918433,0.692728089526786,0.182757936134796,0.128268941288883,0.0267829703108299
2025,31,MG,Minas Gerais,21393441,3784786,14764233,4027144,2844422,594767,0.176913382003391,0.690128951205185,0.188241994357056,0.132957666791425,0.0278013714577286
2026,31,MG,Minas Gerais,21460311,3746836,14757803,4155426,2955672,620571,0.174593741908027,0.68767889710452,0.193633074562619,0.137727360987453,0.0289171484979878
2027,31,MG,Minas Gerais,21523424,3703562,14751748,4280645,3068114,648076,0.172071228072262,0.685381099215441,0.198883086631569,0.142547672712297,0.0301102649838613
2028,31,MG,Minas Gerais,21582928,3658633,14743969,4402412,3180326,677182,0.169515137149139,0.68313108397526,0.203976587421317,0.1473537788756,0.0313758170346489
2029,31,MG,Minas Gerais,21638990,3608056,14738190,4521298,3292744,708542,0.166738650925944,0.681094173064455,0.208942191849065,0.152167176009601,0.0327437648429987
2030,31,MG,Minas Gerais,21691665,3548957,14738278,4638031,3404430,742651,0.163609248068325,0.679444293464794,0.213816274592107,0.156946458466881,0.0342366987504187
2031,31,MG,Minas Gerais,21739506,3494585,14731078,4753383,3513843,779127,0.160748132915256,0.67761788147348,0.218651840570802,0.161633985611265,0.0358392228415862
2032,31,MG,Minas Gerais,21781071,3443182,14717941,4868084,3619948,817623,0.158081390947213,0.675721639215996,0.22350067175301,0.166196969836791,0.0375382367561265
2033,31,MG,Minas Gerais,21816402,3384603,14709446,4981758,3722353,857927,0.155140293069407,0.674237942626836,0.228349202586201,0.170621764303756,0.0393248620922918
2034,31,MG,Minas Gerais,21845584,3325522,14698481,5094645,3821581,900200,0.15222856939874,0.672835342831759,0.233211664197213,0.174936087769501,0.0412074129032211
2035,31,MG,Minas Gerais,21868646,3272496,14677810,5208589,3918340,944551,0.14964328381373,0.671180556857521,0.238176108388238,0.179176159328749,0.0431920202101218
2036,31,MG,Minas Gerais,21885491,3225015,14647115,5325660,4013361,990679,0.147358585649278,0.669261429866938,0.243342038796388,0.183379984483784,0.045266473573748
2037,31,MG,Minas Gerais,21896045,3182167,14606532,5447119,4107346,1038201,0.145330675014597,0.667085402866134,0.248771821577824,0.187583922119269,0.0474150012022719
2038,31,MG,Minas Gerais,21900365,3141251,14559158,5573415,4199956,1086613,0.143433728159325,0.664790655315562,0.254489594123203,0.191775616525113,0.0496162050267199
2039,31,MG,Minas Gerais,21898577,3101774,14505327,5703599,4291476,1135793,0.141642719524652,0.662386738645164,0.260455234146036,0.195970541830184,0.0518660641739415
2040,31,MG,Minas Gerais,21890702,3064799,14442172,5835514,4383731,1185587,0.140004601040204,0.659740011992306,0.266575005223679,0.20025538696749,0.0541593869397153
2041,31,MG,Minas Gerais,21876782,3029528,14368452,5966010,4478802,1235647,0.138481427478685,0.656790016008753,0.272709670005397,0.204728556512562,0.0564821188052246
2042,31,MG,Minas Gerais,21856878,2995729,14283184,6092659,4577965,1285524,0.137061157590759,0.653486925259866,0.278752482399362,0.209451917149375,0.0588155362353214
2043,31,MG,Minas Gerais,21831145,2963268,14186158,6214867,4681719,1334234,0.135735803138131,0.649812824751061,0.284678930033216,0.214451372110808,0.0611160798025023
2044,31,MG,Minas Gerais,21799759,2932034,14078513,6332815,4789212,1382180,0.134498459363702,0.645810488088423,0.290499312400655,0.219691052547874,0.0634034532216618
2045,31,MG,Minas Gerais,21762815,2901858,13962500,6445602,4898457,1428816,0.133340195190742,0.641576009353569,0.296175012285865,0.225083795455689,0.0656540066163316
2046,31,MG,Minas Gerais,21720372,2872618,13841270,6552214,5006484,1473181,0.132254548863159,0.637248293905832,0.301662144644668,0.230497157231009,0.0678248512502456
2047,31,MG,Minas Gerais,21672553,2844215,13717310,6652044,5111028,1514681,0.131235807798001,0.632934661643231,0.306934028492167,0.235829530558767,0.0698893665181024
2048,31,MG,Minas Gerais,21619516,2816581,13591357,6744420,5211578,1553216,0.130279558524807,0.628661483448566,0.31195980520563,0.241058958026627,0.071843236453582
2049,31,MG,Minas Gerais,21561387,2789574,13463446,6829606,5308367,1589365,0.129378225992604,0.624423929685043,0.316751700621115,0.246197844322353,0.0737134860572745
2050,31,MG,Minas Gerais,21498240,2763043,13334633,6909016,5400564,1623843,0.128524148953589,0.620266263656932,0.32137588937513,0.251209587389479,0.075533764624453
2051,31,MG,Minas Gerais,21430137,2736905,13205995,6984601,5487237,1657389,0.127712902628667,0.616234744556229,0.325924234642084,0.256052352815103,0.077339169600269
2052,31,MG,Minas Gerais,21357171,2711171,13078203,7057769,5567797,1690677,0.126944294260696,0.612356524185717,0.330463664873967,0.260699181553587,0.0791620294654194
2053,31,MG,Minas Gerais,21279431,2685716,12952113,7128645,5641602,1723607,0.126211833389718,0.608668201701446,0.33500167368197,0.265119964908836,0.0809987353515233
2054,31,MG,Minas Gerais,21196930,2660311,12827710,7196764,5708909,1756502,0.125504542403074,0.605168295597523,0.339519166218882,0.269327161999403,0.0828658678402957
2055,31,MG,Minas Gerais,21109678,2634837,12703767,7262116,5771074,1790811,0.124816541493433,0.601798236808728,0.344018321833237,0.273385221697839,0.0848336483389278
2056,31,MG,Minas Gerais,21017762,2609306,12578502,7324525,5829954,1828106,0.124147661392302,0.598470094009058,0.348492146785181,0.27738224459864,0.0869790989164308
2057,31,MG,Minas Gerais,20921382,2583814,12450666,7383685,5886902,1869303,0.123501114792512,0.595116804425253,0.35292529910309,0.281382080782235,0.0893489254199364
2058,31,MG,Minas Gerais,20820592,2558249,12320340,7439730,5942003,1914687,0.122871097997598,0.591738217626089,0.357325574604219,0.285390684376314,0.0919612180095552
2059,31,MG,Minas Gerais,20715383,2532430,12188214,7492295,5994739,1963514,0.122248765567115,0.588365370797151,0.361677841051744,0.289385863635734,0.0947853100278185
2060,31,MG,Minas Gerais,20605831,2506344,12054415,7539013,6045072,2014196,0.121632755310863,0.585000187568266,0.365867942913829,0.29336705712087,0.0977488362396062
2061,31,MG,Minas Gerais,20492077,2480114,11919185,7578292,6092778,2064398,0.121027946557101,0.58164845857255,0.369815709749675,0.297323594870349,0.100741276738322
2062,31,MG,Minas Gerais,20374290,2453866,11782932,7609931,6137492,2112305,0.120439338008834,0.57832356366774,0.373506561455638,0.301237098323426,0.103675023767699
2063,31,MG,Minas Gerais,20252570,2427632,11645642,7634156,6179296,2157443,0.119867848870538,0.575020454194208,0.376947518265583,0.305111696935253,0.106526875354585
2064,31,MG,Minas Gerais,20126973,2401409,11507753,7651347,6217811,2199909,0.119312973689586,0.571757760096364,0.380153886031446,0.30892926621405,0.109301532823639
2065,31,MG,Minas Gerais,19997629,2375315,11371574,7661681,6250740,2239021,0.118779831349006,0.568646112996696,0.383129469998668,0.312574055654298,0.111964323370536
2066,31,MG,Minas Gerais,19864705,2349470,11238660,7662961,6276575,2274043,0.118273591276588,0.565760226492163,0.385757603749968,0.315966182231249,0.114476555277312
2067,31,MG,Minas Gerais,19728389,2323976,11109219,7653107,6295194,2304541,0.117798569361137,0.563108270016371,0.387923565375764,0.319093160622492,0.116813440773091
2068,31,MG,Minas Gerais,19588826,2298933,10983010,7637169,6306883,2330060,0.117359406837347,0.560677296332103,0.389873747410896,0.32196329683055,0.118948424984734
2069,31,MG,Minas Gerais,19446199,2274485,10859622,7615210,6312092,2350854,0.116962960216544,0.558444454877789,0.391604035318162,0.324592584905667,0.120890154420409
2070,31,MG,Minas Gerais,19300724,2250765,10738843,7587285,6311116,2368088,0.116615573591954,0.556395863699206,0.393108828456383,0.326988562708839,0.122694257479668
2000,32,ES,Espírito Santo,3181143,919129,2081101,261706,180913,32742,0.288930425321968,0.654199135342234,0.0822679143942916,0.0568704393357985,0.0102925269313577
2001,32,ES,Espírito Santo,3229643,912626,2129392,270086,187625,33804,0.282577981529228,0.659327362188329,0.0836271996626252,0.0580946562824436,0.0104667915308286
2002,32,ES,Espírito Santo,3277799,906363,2176882,278684,194554,35277,0.276515735101512,0.664129191570319,0.0850216868087396,0.0593550733281693,0.0107624048942598
2003,32,ES,Espírito Santo,3325612,900687,2223348,287544,201577,37051,0.270833458623556,0.668553036253177,0.0864634840143709,0.0606135051232675,0.0111411072608591
2004,32,ES,Espírito Santo,3373196,895695,2268915,296815,208586,39052,0.265533043440108,0.672630644646798,0.0879922186555421,0.0618363119130937,0.0115771511646522
2005,32,ES,Espírito Santo,3420621,891202,2313862,306696,215557,41215,0.260538071888116,0.676445008084789,0.0896609124483537,0.0630169200270945,0.0120489817492204
2006,32,ES,Espírito Santo,3466704,885639,2358516,317278,222549,43499,0.255470037245753,0.680333827174169,0.0915215143836913,0.0641961355800784,0.0125476533329641
2007,32,ES,Espírito Santo,3511878,879199,2402984,328642,229695,45852,0.250350097583116,0.684244726041167,0.0935801300614657,0.0654051763757169,0.0130562622050083
2008,32,ES,Espírito Santo,3557343,873400,2446824,340946,237119,48244,0.245520322330458,0.687823468245823,0.0958428804869252,0.0666562094237188,0.013561807225224
2009,32,ES,Espírito Santo,3602364,867972,2489427,354442,244965,50660,0.240945112709321,0.691053708065037,0.0983915006923231,0.0680011792256418,0.0140629875270794
2010,32,ES,Espírito Santo,3640888,861495,2525882,369405,253511,53174,0.236616726468927,0.693754380799409,0.101460138295932,0.0696288927316633,0.0146046788585642
2011,32,ES,Espírito Santo,3676063,855238,2558001,385914,262824,55810,0.232650528568199,0.695853417093233,0.104980246530051,0.0714960543385682,0.0151820031375958
2012,32,ES,Espírito Santo,3714258,849608,2591738,403878,272912,58543,0.22874232215425,0.697780821903056,0.108737195962154,0.0734768559426943,0.0157616945295669
2013,32,ES,Espírito Santo,3753762,844310,2625453,423300,283999,61368,0.224923689887638,0.699419142716027,0.112766872273735,0.0756571673963347,0.0163483992858364
2014,32,ES,Espírito Santo,3793919,839952,2657712,444028,296255,64246,0.221394289124254,0.700518909338866,0.117036763304646,0.0780868015368805,0.0169339408669505
2015,32,ES,Espírito Santo,3834033,837438,2686865,465806,309730,67131,0.218422220153035,0.700793394318724,0.121492433685365,0.0807843855282414,0.0175092389658618
2016,32,ES,Espírito Santo,3870870,834161,2712307,488512,324402,70038,0.215497032966749,0.700697000932607,0.126202119936862,0.083805966100644,0.0180936068635733
2017,32,ES,Espírito Santo,3904551,830414,2733874,512132,340263,73028,0.212678487231951,0.700176281472569,0.131162840490494,0.0871452312954806,0.0187033028893719
2018,32,ES,Espírito Santo,3937119,828525,2751316,536516,357278,76065,0.210439410137209,0.698814539260815,0.136271217608612,0.0907460506019757,0.0193199646746771
2019,32,ES,Espírito Santo,3970009,826728,2768010,561398,375271,79078,0.208243356627151,0.697230157412741,0.14140975499048,0.0945264859601074,0.0199188465315822
2020,32,ES,Espírito Santo,4001467,824463,2784059,585113,392945,81552,0.206040184762238,0.695759580173971,0.146224622119838,0.0982002350637904,0.020380525442294
2021,32,ES,Espírito Santo,4027541,822684,2795555,606459,409302,83127,0.204264587250633,0.694109631658622,0.150577982942942,0.101625781090745,0.0206396409124078
2022,32,ES,Espírito Santo,4050913,820884,2802894,628870,427135,84989,0.20264172545794,0.691916612378493,0.15524154678217,0.105441662163567,0.0209802086591344
2023,32,ES,Espírito Santo,4076068,818739,2809471,654099,447858,87963,0.200864902155705,0.689260090852262,0.160473034306592,0.109875006992033,0.021580356363044
2024,32,ES,Espírito Santo,4102129,816196,2816331,680003,469602,91541,0.19896887689295,0.686553494539055,0.165768312015541,0.114477628567995,0.0223154854467034
2025,32,ES,Espírito Santo,4126854,813074,2822097,705832,491683,95542,0.197020296816897,0.683837373456875,0.171033915907856,0.119142329726227,0.0231512915164917
2026,32,ES,Espírito Santo,4150692,808283,2828453,731351,513956,99901,0.194734516557721,0.681441311472882,0.176199775844606,0.123824171969397,0.0240685167678064
2027,32,ES,Espírito Santo,4173644,802257,2835056,756396,536331,104583,0.192219796417711,0.679275951662384,0.181231556884104,0.128504251919905,0.0250579589442703
2028,32,ES,Espírito Santo,4195747,795164,2841820,780907,558763,109677,0.189516670094741,0.677309666192933,0.186118705441486,0.133173663712326,0.0261400413323301
2029,32,ES,Espírito Santo,4217060,786467,2849415,805004,581178,115409,0.186496516530474,0.675687564322063,0.190892232977477,0.137815919147463,0.0273671704931872
2030,32,ES,Espírito Santo,4237615,775750,2858449,828843,603416,121910,0.18306287852955,0.674541929835533,0.195591860043916,0.142395191634917,0.0287685407947631
2031,32,ES,Espírito Santo,4257145,765891,2865999,852613,625255,129132,0.179907191321884,0.673220902741156,0.200278120665376,0.14687190593696,0.0303330048659371
2032,32,ES,Espírito Santo,4275342,756552,2872251,876457,646539,136957,0.176957071504455,0.671817833520687,0.205002781064065,0.151225094974858,0.0320341624132058
2033,32,ES,Espírito Santo,4292238,745050,2879972,900311,667216,145313,0.173580775343772,0.670972112916385,0.20975328022351,0.155447111739843,0.0338548328401174
2034,32,ES,Espírito Santo,4307858,733609,2886866,924222,687383,154151,0.170295538989447,0.670139544989644,0.214543283460133,0.159564916020909,0.0357836771778457
2035,32,ES,Espírito Santo,4322219,723322,2891706,948588,707191,163443,0.167349687741412,0.66903273526862,0.219467824281926,0.163617576989967,0.0378146040263115
2036,32,ES,Espírito Santo,4335301,714100,2894382,973874,726819,173148,0.164717513270705,0.667631151793151,0.224638150845812,0.167651334936144,0.0399390953477048
2037,32,ES,Espírito Santo,4347105,705609,2895083,1000372,746413,183179,0.162316990272837,0.665979542707158,0.23012372601996,0.171703467020005,0.0421381586136061
2038,32,ES,Espírito Santo,4357632,696741,2894981,1028143,765910,193369,0.15988982089355,0.66434728770121,0.23594075865057,0.17576289140524,0.0443747888761603
2039,32,ES,Espírito Santo,4366921,688208,2893336,1056964,785377,203605,0.157595706448548,0.662557440356718,0.242038727057348,0.179846853194734,0.0466243836332281
2040,32,ES,Espírito Santo,4374959,680624,2889134,1086373,805201,213796,0.155572657938052,0.660379674415234,0.248316155648544,0.184047667646714,0.0488681151069073
2041,32,ES,Espírito Santo,4381753,673516,2882388,1115704,825849,223843,0.153709257459286,0.657816175398294,0.254625032492703,0.18847456714242,0.0510852619944575
2042,32,ES,Espírito Santo,4387329,666852,2872855,1144420,847622,233699,0.151994983736118,0.654807287076032,0.260846633566801,0.19319772918785,0.0532668053843238
2043,32,ES,Espírito Santo,4391699,660593,2860521,1172415,870585,243348,0.150418550998144,0.651347234862863,0.266961601876631,0.198234214138993,0.0554109013390945
2044,32,ES,Espírito Santo,4394903,654694,2845671,1199627,894538,252753,0.14896665523676,0.6474934714145,0.272958697837017,0.203539873348741,0.0575104843042042
2045,32,ES,Espírito Santo,4396936,649081,2828783,1225686,919072,261841,0.147621207131512,0.643353235070968,0.27875911771288,0.209025557797521,0.0595507871845303
2046,32,ES,Espírito Santo,4397835,643722,2810548,1250154,943565,270489,0.146372476457166,0.639075363218493,0.284265780776223,0.214552160324341,0.0615050360006685
2047,32,ES,Espírito Santo,4397597,638588,2791507,1272703,967502,278617,0.145212942431969,0.634780085578556,0.289408738454206,0.220006971989475,0.0633566468232537
2048,32,ES,Espírito Santo,4396248,633635,2771813,1293161,990800,286223,0.144130858859646,0.630495140401542,0.294151057902102,0.225374000738812,0.0651061996502472
2049,32,ES,Espírito Santo,4393804,628798,2751596,1311623,1013410,293429,0.143110161491045,0.626244593523061,0.298516501874003,0.230645244985894,0.066782450924074
2050,32,ES,Espírito Santo,4390253,624015,2731255,1328375,1034983,300393,0.142136455461678,0.622117905277896,0.302573678555655,0.235745639260425,0.0684227082129435
2051,32,ES,Espírito Santo,4385625,619256,2711278,1343860,1055091,307289,0.14120131110161,0.61821929599544,0.306423827846658,0.24057939290295,0.0700673222174718
2052,32,ES,Espírito Santo,4379924,614522,2691967,1358426,1073435,314269,0.140304260987177,0.614615002452097,0.310148303943173,0.245080736560726,0.0717521582566273
2053,32,ES,Espírito Santo,4373149,609777,2673531,1372092,1089841,321307,0.139436593630814,0.611351454066623,0.31375377331072,0.249211952302563,0.0734726852435167
2054,32,ES,Espírito Santo,4365278,604940,2655949,1384806,1104389,328470,0.138579948401912,0.608426084203572,0.317232029666839,0.252993967394516,0.0752460668026183
2055,32,ES,Espírito Santo,4356314,599983,2638970,1396754,1117361,336066,0.137727216174041,0.605780483225038,0.320627484611991,0.256492300600921,0.0771445768142517
2056,32,ES,Espírito Santo,4346275,594922,2622184,1408134,1129169,344443,0.136880892258313,0.603317553537224,0.323986402148967,0.259801554204462,0.0792501624954703
2057,32,ES,Espírito Santo,4335186,589765,2605277,1419079,1140144,353813,0.136041452431337,0.600960835359775,0.32733981886821,0.262997712208888,0.0816142606107327
2058,32,ES,Espírito Santo,4323047,584484,2588271,1429696,1150292,364194,0.135201861094732,0.598714517792659,0.330714886976709,0.266083621112609,0.0842447468186212
2059,32,ES,Espírito Santo,4309835,579040,2571237,1439923,1159558,375412,0.134353171293101,0.596597549558162,0.334101653543581,0.269049279148738,0.0871058868843007
2060,32,ES,Espírito Santo,4295573,573456,2554011,1449236,1168106,387120,0.133499302654151,0.594568175188735,0.337378971326992,0.271932522157114,0.0901206893701958
2061,32,ES,Espírito Santo,4280303,567761,2536416,1457356,1176126,398807,0.132645048726691,0.592578609504981,0.340479634268882,0.274776341768328,0.0931726095091866
2062,32,ES,Espírito Santo,4264049,561993,2518316,1464287,1183740,410072,0.131797969488625,0.590592650318981,0.343402948699698,0.277609380192395,0.0961696265685502
2063,32,ES,Espírito Santo,4246830,556159,2499622,1470100,1191049,420818,0.130958620900766,0.588585368380651,0.346164080031459,0.280456010718583,0.099089909414787
2064,32,ES,Espírito Santo,4228660,550273,2480393,1474934,1197994,430992,0.130129402694944,0.586567139472079,0.348794653625498,0.283303457832978,0.101921648938434
2065,32,ES,Espírito Santo,4209558,544381,2461113,1478821,1204064,440314,0.129320227919416,0.584648792105965,0.351300777896397,0.28603097997462,0.10459863006995
2066,32,ES,Espírito Santo,4189575,538516,2442058,1480639,1209001,448450,0.128537142788946,0.582889195204764,0.353410310114988,0.288573662006289,0.107039496846339
2067,32,ES,Espírito Santo,4168764,532700,2423223,1480826,1212841,455192,0.127783678807435,0.581280926432871,0.35521943674432,0.290935394759694,0.109191117559065
2068,32,ES,Espírito Santo,4147167,526980,2404512,1480777,1215675,460428,0.127069876858106,0.579796280207669,0.357057480443879,0.293133842934225,0.111022295460974
2069,32,ES,Espírito Santo,4124811,521386,2385775,1480267,1217650,464253,0.126402397588641,0.578396198031861,0.358869048787932,0.295201404379498,0.112551338715883
2070,32,ES,Espírito Santo,4101764,515963,2366963,1478763,1218838,466926,0.125790513544904,0.577059772332099,0.360518791427298,0.297149714122997,0.113835413251469
2000,33,RJ,Rio de Janeiro,15351803,4006574,10213077,1622781,1132152,200205,0.260983937847561,0.66526889382309,0.105706215745473,0.0737471683293487,0.0130411392069062
2001,33,RJ,Rio de Janeiro,15521958,3992986,10365374,1660090,1163598,206570,0.25724757147262,0.667787788112814,0.106951068930866,0.0749646404145663,0.0133082437151292
2002,33,RJ,Rio de Janeiro,15676803,3970032,10511361,1697435,1195410,215247,0.253242450007186,0.67050412000457,0.108276859765349,0.0762534299882444,0.0137302867172599
2003,33,RJ,Rio de Janeiro,15818316,3940681,10650541,1735752,1227094,225614,0.249121398257564,0.673304351740097,0.109730517458369,0.0775742500023391,0.0142628330348186
2004,33,RJ,Rio de Janeiro,15949905,3907360,10783958,1777051,1258587,237279,0.244977007700046,0.67611424644849,0.111414519396824,0.0789087458514643,0.0148765149384902
2005,33,RJ,Rio de Janeiro,16073930,3870358,10913790,1822605,1289782,249740,0.240784798739325,0.678974588044119,0.113388884983324,0.0802406132165562,0.0155369595363424
2006,33,RJ,Rio de Janeiro,16190233,3827497,11042252,1872589,1320484,262520,0.236407777454469,0.682031691576026,0.115661646129491,0.0815605309695049,0.0162147141427798
2007,33,RJ,Rio de Janeiro,16297848,3777035,11169989,1926369,1350824,275168,0.23175053540811,0.685365883888474,0.118197752243118,0.0828835807034156,0.0168837014555541
2008,33,RJ,Rio de Janeiro,16398749,3720680,11296419,1983649,1381650,287349,0.226888038837597,0.68885858305411,0.120963434466861,0.0842533781082935,0.0175226171215865
2009,33,RJ,Rio de Janeiro,16495668,3660940,11420208,2044480,1414520,298952,0.221933419125555,0.692315582491112,0.123940418781464,0.0857509983833331,0.0181230611576324
2010,33,RJ,Rio de Janeiro,16575147,3597308,11526889,2109191,1450950,310502,0.217030232069737,0.695432082744123,0.127250213829174,0.0875376851861404,0.0187329861991571
2011,33,RJ,Rio de Janeiro,16642646,3534375,11616406,2178352,1491865,322339,0.212368574083712,0.697990331585494,0.130889763562837,0.0896410943307933,0.0193682543028314
2012,33,RJ,Rio de Janeiro,16719094,3477929,11703993,2251928,1537172,334147,0.208021379627389,0.700037513994478,0.134691987496452,0.0919411063781327,0.0199859513918637
2013,33,RJ,Rio de Janeiro,16800610,3425921,11787809,2329690,1586880,345928,0.20391646493788,0.701629821774328,0.13866698887719,0.0944537132877913,0.0205902047604224
2014,33,RJ,Rio de Janeiro,16885883,3381855,11863687,2410843,1640341,357451,0.200277059837499,0.702580196724092,0.142772693616318,0.0971427434384095,0.0211686294403437
2015,33,RJ,Rio de Janeiro,16971856,3350356,11924903,2494209,1696597,368419,0.197406577100348,0.702628103844388,0.146961475515701,0.0999653190552642,0.0217076435246681
2016,33,RJ,Rio de Janeiro,17043727,3322363,11965635,2579818,1755729,379266,0.194931718866419,0.702055072813593,0.15136466337439,0.103013208319988,0.0222525272788047
2017,33,RJ,Rio de Janeiro,17100398,3296336,11985819,2667907,1818243,390573,0.192763700587554,0.700908774170051,0.156014322005839,0.106327525242395,0.0228399947182516
2018,33,RJ,Rio de Janeiro,17148943,3277990,11986945,2757804,1884008,402153,0.191148224120869,0.698990310948028,0.160814809402539,0.109861464931104,0.0234505998416346
2019,33,RJ,Rio de Janeiro,17193919,3258829,11983025,2848080,1952065,413281,0.189533811343417,0.696933898548667,0.165644609585517,0.113532290107915,0.0240364631239684
2020,33,RJ,Rio de Janeiro,17222305,3234576,11974055,2928205,2013674,420574,0.187813187607582,0.695264367922877,0.170023989239536,0.116922444469541,0.0244203084314208
2021,33,RJ,Rio de Janeiro,17220455,3204700,11949966,2994473,2065789,422727,0.186098450941047,0.693940200767053,0.173890469212341,0.119961348291901,0.0245479576468798
2022,33,RJ,Rio de Janeiro,17211760,3167831,11917124,3069117,2126805,426947,0.184050381831957,0.692382650002092,0.178315117105979,0.123566968165952,0.024805539933162
2023,33,RJ,Rio de Janeiro,17213813,3125685,11885169,3159059,2202959,437362,0.181580048534279,0.690443715172228,0.18351884036384,0.127976236293493,0.0254076188697995
2024,33,RJ,Rio de Janeiro,17219679,3081914,11854466,3251639,2283299,451726,0.178976274760987,0.688425492716792,0.188832730273311,0.132598232522221,0.0262331254839303
2025,33,RJ,Rio de Janeiro,17223547,3037140,11821873,3343340,2364534,469140,0.176336500257467,0.686378537475469,0.194114487567514,0.137284962267064,0.0272382918570722
2026,33,RJ,Rio de Janeiro,17225410,2988241,11791070,3433082,2446099,489147,0.173478657402059,0.684516072476649,0.19930335475324,0.142005270121292,0.0283968277097613
2027,33,RJ,Rio de Janeiro,17225576,2933926,11764130,3520202,2527520,511083,0.170323825455822,0.68294552240227,0.20435902985189,0.146730652141908,0.029670009293158
2028,33,RJ,Rio de Janeiro,17224268,2876720,11739555,3604378,2607993,534585,0.167015515550501,0.681570618850102,0.209261606937375,0.151413865599397,0.0310367325914808
2029,33,RJ,Rio de Janeiro,17221632,2813306,11720567,3686120,2687759,559878,0.163358850078785,0.68057237548683,0.214040109555238,0.156068774434386,0.0325101593159115
2030,33,RJ,Rio de Janeiro,17217772,2742269,11709113,3766340,2766390,587197,0.159269677865406,0.680059708073728,0.218747233962675,0.160670614060867,0.0341041221825913
2031,33,RJ,Rio de Janeiro,17211753,2677656,11691191,3845941,2842906,616239,0.155571370330495,0.679256261695134,0.223448535428088,0.165172367974372,0.0358033838854183
2032,33,RJ,Rio de Janeiro,17202600,2619805,11666101,3925646,2916694,646764,0.152291223419716,0.678159173613291,0.228200737097881,0.169549602966993,0.0375968748910048
2033,33,RJ,Rio de Janeiro,17190320,2560241,11642619,4005218,2987460,678525,0.148935040185407,0.677277619032106,0.232992637717041,0.173787340782487,0.0394713420110853
2034,33,RJ,Rio de Janeiro,17174885,2506295,11612932,4084689,3055658,711634,0.145927905776371,0.676157773399938,0.237829190704916,0.177914320823691,0.0414345714687464
2035,33,RJ,Rio de Janeiro,17156215,2461667,11572420,4165115,3122128,746184,0.143485436618741,0.674532232196904,0.242775868686654,0.181982331184355,0.0434935094949556
2036,33,RJ,Rio de Janeiro,17134167,2425344,11521101,4247582,3187722,781887,0.141550155312482,0.67240508394718,0.247901284025071,0.186044760740338,0.0456332076137696
2037,33,RJ,Rio de Janeiro,17108585,2397226,11458234,4332657,3253125,818367,0.140118309024387,0.669735924975677,0.253244613742165,0.190145765999935,0.047833704540732
2038,33,RJ,Rio de Janeiro,17079440,2374015,11387298,4420644,3318127,855060,0.138998409783927,0.666725489828706,0.258828392499988,0.194276100387366,0.0500637023227928
2039,33,RJ,Rio de Janeiro,17046767,2352670,11311257,4510810,3382840,891704,0.138012680058336,0.663542652985167,0.264613812108771,0.198444666956497,0.052309273658753
2040,33,RJ,Rio de Janeiro,17010519,2332446,11229724,4601199,3448349,928132,0.137117862188685,0.660163514117353,0.27049139417792,0.202718623693963,0.054562238812349
2041,33,RJ,Rio de Janeiro,16970634,2313128,11141740,4689022,3515766,964052,0.136301802277982,0.656530569217391,0.276302111046647,0.207167628504627,0.0568070703781603
2042,33,RJ,Rio de Janeiro,16927084,2294278,11047118,4772199,3585688,999212,0.13553887958493,0.652629714604122,0.28192682212719,0.211831405810948,0.0590303681366501
2043,33,RJ,Rio de Janeiro,16879962,2275637,10945872,4850281,3658453,1033171,0.134812921972218,0.648453592490315,0.287339568655427,0.216733485537467,0.0612069505843674
2044,33,RJ,Rio de Janeiro,16829380,2257029,10838952,4923638,3733399,1066156,0.134112427195773,0.644049394570685,0.292562055167808,0.221838178233542,0.063350878047795
2045,33,RJ,Rio de Janeiro,16775377,2238256,10728408,4991958,3808713,1097996,0.133425078911788,0.639533048944295,0.297576501559399,0.227041872143917,0.0654528360227016
2046,33,RJ,Rio de Janeiro,16718009,2219247,10616969,5054991,3881793,1128165,0.132745890973022,0.635061806701982,0.302368003271203,0.232192302324996,0.0674820189413703
2047,33,RJ,Rio de Janeiro,16657310,2199932,10506686,5112710,3950692,1156377,0.132070064134005,0.630755266006336,0.306934913260304,0.237174669859659,0.0694215932824688
2048,33,RJ,Rio de Janeiro,16593374,2180267,10398080,5164594,4015027,1182549,0.131393832260998,0.626640489149464,0.31124435572898,0.241965678589538,0.0712663379973235
2049,33,RJ,Rio de Janeiro,16526238,2160161,10290897,5211032,4075180,1207147,0.130710994238374,0.62270052022729,0.315318707137099,0.246588485534336,0.0730442705714392
2050,33,RJ,Rio de Janeiro,16455926,2139504,10185536,5254080,4130886,1230910,0.130014196709441,0.618958544174299,0.31928194135049,0.25102725911626,0.0748004092872075
2051,33,RJ,Rio de Janeiro,16382471,2118308,10082240,5296447,4181923,1254569,0.129303326708163,0.615428527234994,0.323299641427719,0.255268146056843,0.0765799615943163
2052,33,RJ,Rio de Janeiro,16305949,2096673,9981001,5340035,4228275,1278702,0.128583316432549,0.612107949068159,0.327489985403487,0.259308734499292,0.078419354801122
2053,33,RJ,Rio de Janeiro,16226415,2074570,9882415,5385319,4269430,1303231,0.127851407720066,0.609032555866468,0.331885940301662,0.263116036413465,0.0803153993041593
2054,33,RJ,Rio de Janeiro,16143853,2051918,9786187,5431534,4305748,1328274,0.127102123638019,0.606186577640418,0.336445952524469,0.266711298721563,0.0822773844633001
2055,33,RJ,Rio de Janeiro,16058256,2028699,9690394,5477722,4339163,1354615,0.126333706474726,0.603452454612755,0.341115623016597,0.27021383891252,0.0843562962254432
2056,33,RJ,Rio de Janeiro,15969727,2005013,9592472,5522331,4372242,1383044,0.125550862578928,0.600665997609101,0.345799962641816,0.27378313981197,0.086604110389614
2057,33,RJ,Rio de Janeiro,15878470,1981057,9490634,5564053,4406779,1413934,0.124763720937849,0.597704564734512,0.350414932924898,0.27753171432764,0.0890472444763255
2058,33,RJ,Rio de Janeiro,15784587,1956887,9384522,5603003,4443178,1447450,0.123974545548769,0.594537063275713,0.35496671531539,0.281488391175518,0.0917002136324504
2059,33,RJ,Rio de Janeiro,15688132,1932496,9274968,5639059,4480668,1483032,0.123182033399515,0.59120920196235,0.35944744728053,0.285608764638135,0.0945320959818543
2060,33,RJ,Rio de Janeiro,15589202,1907990,9162931,5669308,4518281,1519270,0.122391768353505,0.587774217051008,0.363668903642406,0.289834014595487,0.0974565599958228
2061,33,RJ,Rio de Janeiro,15487970,1883538,9049946,5689077,4554486,1554190,0.121612968000325,0.584320992357294,0.367322315319567,0.29406603964238,0.100348205736452
2062,33,RJ,Rio de Janeiro,15384637,1859371,8937292,5699185,4587974,1586304,0.120858945193182,0.580923163802955,0.370446504522661,0.298217891003863,0.103109615130991
2063,33,RJ,Rio de Janeiro,15279338,1835653,8824865,5701506,4618820,1615260,0.120139563638163,0.577568543872778,0.373151376060926,0.302291892489059,0.10571531305872
2064,33,RJ,Rio de Janeiro,15172186,1812505,8712781,5698355,4646900,1641311,0.11946235038247,0.574260096732271,0.375579036534353,0.30627755288526,0.108178940068359
2065,33,RJ,Rio de Janeiro,15063273,1790072,8603775,5691634,4669426,1664233,0.118836855708583,0.571175666802295,0.377848426434282,0.309987477489122,0.11048282800159
2066,33,RJ,Rio de Janeiro,14952732,1768473,8502346,5681731,4681913,1683863,0.118270895245096,0.568614885895099,0.37997945793451,0.313114218859804,0.1126123975204
2067,33,RJ,Rio de Janeiro,14840716,1747778,8407711,5668420,4685227,1700229,0.11776911572191,0.566530011085719,0.381950574352343,0.315700873192372,0.114565159794177
2068,33,RJ,Rio de Janeiro,14727366,1728102,8318001,5653127,4681263,1712989,0.117339516108991,0.564798959976957,0.383851871407284,0.317861523914052,0.116313331250137
2069,33,RJ,Rio de Janeiro,14612771,1709531,8230931,5636725,4672309,1722474,0.116988831207989,0.563269690601461,0.385739638293107,0.31974147819055,0.117874563284404
2070,33,RJ,Rio de Janeiro,14497053,1692141,8144618,5618984,4660294,1730238,0.116723102274649,0.561811976544474,0.387594913255818,0.321464921180877,0.11935101568574
2000,35,SP,São Paulo,38014008,10216345,25418215,3454913,2379448,408932,0.26875211369451,0.668653907791044,0.0908852599810049,0.0625939785144466,0.0107574029026353
2001,35,SP,São Paulo,38502642,10160851,25884753,3555850,2457038,423902,0.263900098076387,0.672285112278789,0.0923534026574073,0.0638147896448249,0.0110096860366102
2002,35,SP,São Paulo,38980013,10101533,26339836,3660504,2538644,444349,0.259146475913181,0.675726711532908,0.0939072031607583,0.0651268125539106,0.0113994061520708
2003,35,SP,São Paulo,39447490,10042735,26782383,3769646,2622372,468768,0.254584892473514,0.678937569918897,0.0955611117462733,0.0664775376075892,0.0118833416270592
2004,35,SP,São Paulo,39908453,9986945,27214367,3886125,2707141,496153,0.25024635758244,0.681919867953789,0.0973759869870175,0.0678337744637709,0.0124322784448698
2005,35,SP,São Paulo,40365600,9933317,27639420,4012655,2792863,525663,0.246083719801019,0.684727094357572,0.0994077878193313,0.0691891858414095,0.0130225489030263
2006,35,SP,São Paulo,40814959,9873782,28061541,4150322,2879636,556420,0.241915764266724,0.687530789875349,0.101686295948503,0.0705534458579267,0.0136327467583638
2007,35,SP,São Paulo,41251684,9801718,28481497,4298701,2968469,587639,0.237607705906018,0.690432346955824,0.1042066791746,0.0719599471381581,0.01424521238939
2008,35,SP,São Paulo,41682646,9727988,28893812,4457011,3060846,618433,0.233382208989324,0.693185648531046,0.106927256969243,0.0734321424796305,0.0148367020654111
2009,35,SP,São Paulo,42104896,9655966,29289886,4624244,3159044,648216,0.229331192267997,0.695640858488286,0.109826752689283,0.0750279492437174,0.0153952642467042
2010,35,SP,São Paulo,42472858,9577999,29630136,4799443,3264723,677434,0.225508700167999,0.697625198662167,0.113000236527525,0.0768661011698342,0.0159498096407828
2011,35,SP,São Paulo,42807026,9501524,29926179,4983053,3379323,706384,0.221961787300991,0.699095027064015,0.116407362660513,0.0789431856349937,0.0165015901828826
2012,35,SP,São Paulo,43162273,9434123,30224779,5176082,3503371,734760,0.218573359192645,0.700259205533499,0.119921441579316,0.0811674352738559,0.0170231998671618
2013,35,SP,São Paulo,43520300,9366271,30516830,5379172,3637199,763349,0.215216140513737,0.70120909092998,0.123601445762093,0.0835747685562829,0.0175400675087258
2014,35,SP,São Paulo,43873200,9301971,30791778,5591446,3779451,792253,0.212019433275895,0.701835699242362,0.127445593209522,0.0861448674817428,0.0180577892654286
2015,35,SP,São Paulo,44217931,9253638,31035388,5811692,3928905,821341,0.209273428012722,0.701873364450272,0.131432924801479,0.0888532075370057,0.0185748401479934
2016,35,SP,São Paulo,44530110,9204409,31240099,6040067,4085602,851372,0.20670079189115,0.701550007399488,0.135640064666357,0.0917492007093627,0.0191190185696824
2017,35,SP,São Paulo,44809066,9153990,31404814,6276610,4250262,883004,0.204288792808134,0.700858482522265,0.140074555448221,0.0948527246696015,0.0197059229040837
2018,35,SP,São Paulo,45062167,9112558,31526384,6519982,4423225,915805,0.202221921551176,0.699619794139061,0.144688603191231,0.0981582843097626,0.0203231460218058
2019,35,SP,São Paulo,45306139,9065871,31636011,6767858,4604257,948260,0.200102485007606,0.698272059775387,0.14938059497853,0.101625455217007,0.0209300554169933
2020,35,SP,São Paulo,45523191,9002007,31738703,7005704,4782481,976576,0.197745518322738,0.697198555347317,0.153893078365267,0.105055926329945,0.0214522747317955
2021,35,SP,São Paulo,45651915,8919276,31791662,7211912,4940977,996079,0.195375725202327,0.696392736208328,0.157976111188326,0.108231538589345,0.0218189970782168
2022,35,SP,São Paulo,45736978,8826368,31806655,7418993,5103955,1011804,0.192981005435033,0.695425373316094,0.162209951868705,0.111593621248872,0.0221222311627148
2023,35,SP,São Paulo,45850570,8724289,31826753,7662213,5299528,1037516,0.190276565809324,0.694140836198983,0.167112709831088,0.115582597991693,0.0226282028773034
2024,35,SP,São Paulo,45973194,8612357,31849566,7919357,5511271,1075416,0.187334319212191,0.692785582833335,0.172260317610301,0.119880097954473,0.0233922402694057
2025,35,SP,São Paulo,46081801,8491346,31863402,8177572,5727053,1120442,0.184266799815398,0.691453053234616,0.177457734345062,0.124280146949986,0.0243141972684618
2026,35,SP,São Paulo,46179008,8355417,31878162,8434718,5945429,1171664,0.180935393848218,0.690317167488743,0.182652645981481,0.128747438663039,0.0253722210749958
2027,35,SP,São Paulo,46265834,8204903,31895589,8689383,6165342,1227703,0.177342593672903,0.689398336578132,0.187814251873207,0.133259069748964,0.0265358450038964
2028,35,SP,São Paulo,46343257,8048891,31907524,8941113,6386842,1287686,0.173679873212191,0.688504133406075,0.192932339649757,0.137815993381734,0.0277858330069464
2029,35,SP,São Paulo,46412204,7884459,31918642,9190771,6609103,1352090,0.169879004237765,0.687720884791423,0.198024877249958,0.142400110970813,0.0291322084165622
2030,35,SP,São Paulo,46473352,7705690,31936348,9439101,6831314,1421450,0.165808784354526,0.687196998400288,0.20310781542076,0.146994217245186,0.0305863454824606
2031,35,SP,São Paulo,46525604,7536332,31937618,9686487,7051654,1494929,0.161982464537161,0.686452517628788,0.208196910243229,0.151565017834051,0.0321313184886326
2032,35,SP,São Paulo,46567763,7375561,31923302,9933511,7268900,1571993,0.158383407852338,0.685523631444353,0.213313038034488,0.156092960703309,0.0337571078945751
2033,35,SP,São Paulo,46600148,7208791,31908758,10178962,7482599,1652261,0.154694594532189,0.684735121442104,0.218431967211778,0.160570284025707,0.0354561320277352
2034,35,SP,São Paulo,46622954,7051900,31877594,10423532,7693460,1736457,0.151253822312503,0.68373175153166,0.223570818785957,0.165014426155837,0.0372446799488509
2035,35,SP,São Paulo,46636153,6919358,31814679,10671202,7902116,1825014,0.148368970313653,0.682189180569847,0.228818230354463,0.1694418491165,0.0391330305482101
2036,35,SP,São Paulo,46639530,6814018,31716685,10926690,8108827,1917290,0.146099628362464,0.680038692499689,0.234279590724864,0.173861679137847,0.0411086904177636
2037,35,SP,São Paulo,46632880,6727093,31591713,11192827,8314074,2012305,0.144256434515732,0.677455756539163,0.24002006738593,0.178287808945105,0.0431520635225618
2038,35,SP,São Paulo,46616254,6647230,31452234,11470330,8516790,2108704,0.14259468381994,0.674705307723782,0.246058595785067,0.182700008456278,0.0452353807751262
2039,35,SP,São Paulo,46589672,6576285,31295582,11756687,8717805,2205829,0.14115327963674,0.671727888532892,0.2523453481278,0.187118831830368,0.0473458795760571
2040,35,SP,São Paulo,46552935,6514743,31117022,12047018,8921170,2303195,0.139942691046225,0.668422345443955,0.258781062891094,0.19163496350982,0.0494747538474212
2041,35,SP,São Paulo,46505614,6459229,30914771,12334161,9131614,2400076,0.138891382016803,0.664753528466477,0.265218754019676,0.196355089516719,0.0516083069024742
2042,35,SP,São Paulo,46447414,6408198,30687209,12612459,9352007,2495957,0.137966733734627,0.660687137501347,0.271542760163138,0.201346128764025,0.0537372651144798
2043,35,SP,São Paulo,46378404,6360515,30434744,12880519,9583145,2591005,0.137143895680412,0.656226635138199,0.277726654845648,0.206629469181389,0.0558666270620265
2044,35,SP,São Paulo,46298636,6315112,30160812,13138261,9822712,2684782,0.13639952589532,0.651440616954677,0.283772096439299,0.212159857150003,0.057988360607427
2045,35,SP,São Paulo,46207938,6270858,29870972,13382732,10066108,2776953,0.135709539776477,0.64644676419017,0.289619761868621,0.217843696033353,0.0600968820552001
2046,35,SP,São Paulo,46106095,6226782,29572733,13610596,10306580,2866480,0.135053337308224,0.641406152483744,0.295201664769051,0.223540510208032,0.0621713897045499
2047,35,SP,São Paulo,45993054,6182150,29272106,13819647,10538798,2952738,0.134414861861532,0.636446233816089,0.300472480040138,0.229138904322379,0.0641996506689902
2048,35,SP,São Paulo,45868914,6136409,28970982,14008244,10761523,3035703,0.133781432017335,0.631603835224876,0.305397332930097,0.234614732757789,0.0661821424418289
2049,35,SP,São Paulo,45733763,6089033,28669934,14177143,10974796,3116236,0.133140870126956,0.626887710945631,0.309992925795325,0.239971418927413,0.0681386309716084
2050,35,SP,São Paulo,45587575,6039478,28372173,14329485,11175924,3195207,0.132480791092748,0.622366357499823,0.314328739793683,0.245152851407428,0.0700894267791169
2051,35,SP,São Paulo,45430418,5987472,28081099,14469721,11361847,3273230,0.131794340963361,0.618112274467737,0.318502924626403,0.250093384568903,0.0720493040587916
2052,35,SP,São Paulo,45262421,5932980,27798914,14601230,11530527,3350970,0.131079599122636,0.614172052352215,0.322590565802921,0.254748348525148,0.0740342634345609
2053,35,SP,São Paulo,45083662,5875767,27527489,14724549,11680406,3427872,0.13033029570668,0.610586801932815,0.326604990517407,0.259082902360505,0.0760335750897964
2054,35,SP,São Paulo,44894205,5815643,27266383,14839230,11812179,3504716,0.129541062148222,0.607347496185755,0.330537760942643,0.263111441666024,0.0780661112052213
2055,35,SP,São Paulo,44694173,5752710,27012630,14946410,11928833,3584580,0.128712751883786,0.60438818277273,0.33441518204174,0.266899065343485,0.0802024013286922
2056,35,SP,São Paulo,44483910,5687452,26761862,15047074,12034596,3670978,0.127854138721169,0.601607682418205,0.338258799642388,0.270538178860626,0.0825237259944101
2057,35,SP,São Paulo,44263923,5620448,26510795,15141747,12132680,3765939,0.126975821822209,0.598925562924009,0.342078739835147,0.274098615253781,0.085079196437243
2058,35,SP,São Paulo,44034460,5551830,26259079,15231624,12223551,3869894,0.126079211599279,0.596330215017965,0.345902368281569,0.277590573382755,0.0878833077548811
2059,35,SP,São Paulo,43795709,5481712,26007255,15316428,12306742,3980934,0.125165504227823,0.5938311216745,0.349724398798978,0.281003374097677,0.0908978091894802
2060,35,SP,São Paulo,43548068,5410666,25754116,15390884,12383286,4095438,0.124245833362803,0.59139514524502,0.353422888932754,0.284359021392178,0.0940440802104011
2061,35,SP,São Paulo,43292186,5339540,25498571,15449318,12454075,4208208,0.12333726922452,0.588987837204617,0.356861582365002,0.287674893570863,0.0972047934932184
2062,35,SP,São Paulo,43028697,5269094,25240042,15492839,12519561,4315108,0.122455346486555,0.586586249637074,0.360058288541714,0.290958403876371,0.100284421812727
2063,35,SP,São Paulo,42757997,5199720,24977405,15523893,12580872,4415108,0.12160812865018,0.58415750859424,0.363064083661356,0.29423436275558,0.103258064216619
2064,35,SP,São Paulo,42480420,5131763,24710886,15545368,12637771,4508196,0.120803019367511,0.581700604655039,0.365941956317758,0.29749637597745,0.106124091993441
2065,35,SP,São Paulo,42196436,5065782,24445424,15559350,12685230,4592338,0.12005236650792,0.579324377063504,0.368736117903417,0.300623256428576,0.108832366790409
2066,35,SP,São Paulo,41906531,5002304,24186418,15562240,12717809,4665271,0.119368124266836,0.57715151845902,0.371355958812243,0.303480357274144,0.111325630842601
2067,35,SP,São Paulo,41611174,4941685,23932827,15550703,12736662,4725556,0.118758605561093,0.575153851703391,0.373714594065527,0.306087542735516,0.113564592049241
2068,35,SP,São Paulo,41310731,4884222,23682258,15534552,12744251,4772163,0.118231313795924,0.573271337173869,0.376041566536307,0.308497349030207,0.115518725630878
2069,35,SP,São Paulo,41005580,4830148,23431928,15516087,12743504,4805863,0.117792456538842,0.571432668431955,0.378389648433213,0.310774875029203,0.11720022006761
2070,35,SP,São Paulo,40696206,4779591,23179919,15492911,12736696,4829337,0.117445616429207,0.569584275251604,0.380696691971728,0.312970108319188,0.118667990819586
2000,41,PR,Paraná,9711359,2771539,6375002,834702,564818,95835,0.285391467867679,0.656447980143665,0.0859511011795568,0.0581605519886558,0.0098683407749626
2001,41,PR,Paraná,9818682,2751153,6483156,861424,584373,99000,0.280195753360787,0.660287806448971,0.0877331601125283,0.0595164401902414,0.0100828196696868
2002,41,PR,Paraná,9923096,2728352,6590113,889163,604631,103014,0.27494967296497,0.664118637973471,0.0896054013787632,0.060931689061559,0.0103812358562287
2003,41,PR,Paraná,10024500,2703721,6695374,918007,625405,107664,0.269711307297122,0.667901042446007,0.0915763379719687,0.0623876502568707,0.0107400867873709
2004,41,PR,Paraná,10123331,2677934,6798716,948335,646681,112813,0.264530913787171,0.67158882782752,0.0936781579106719,0.0638802583853082,0.0111438616400076
2005,41,PR,Paraná,10220308,2651036,6900542,980653,668730,118393,0.259389051680243,0.675179456431254,0.0959514135973202,0.0654314918885028,0.0115840931604018
2006,41,PR,Paraná,10316959,2624019,7001376,1015050,691564,124294,0.25434035358675,0.678627878621985,0.09838654975754,0.0670317677912649,0.0120475423038901
2007,41,PR,Paraná,10408676,2592507,7101103,1051311,715066,130324,0.249071735924915,0.682229228770307,0.101003336063107,0.0686990353047784,0.0125207086857156
2008,41,PR,Paraná,10498615,2559901,7199346,1089500,739368,136406,0.243832257874015,0.685742452694951,0.103775593256825,0.0704252894310345,0.01299276142615
2009,41,PR,Paraná,10589094,2528294,7295879,1129952,764921,142548,0.238763958465191,0.688999361040708,0.106709034786168,0.0722366804941008,0.0134617749167209
2010,41,PR,Paraná,10665196,2495495,7377554,1172933,792147,148779,0.23398491692042,0.691741061298827,0.109977631916,0.074274021780753,0.0139499545999905
2011,41,PR,Paraná,10735283,2464178,7449803,1218616,821302,155155,0.229540106208658,0.69395497072597,0.113515032626527,0.0765049230653724,0.014452809488115
2012,41,PR,Paraná,10816975,2436249,7528342,1266900,852384,161658,0.225224612241408,0.69597479886937,0.117121468802507,0.0788005888892227,0.0149448436369687
2013,41,PR,Paraná,10907043,2413635,7607671,1317955,885737,168353,0.221291416931243,0.697500780000592,0.120835225459366,0.0812078030681643,0.0154352559167503
2014,41,PR,Paraná,11003738,2397693,7684527,1371718,921518,175231,0.217898045191552,0.698356049553343,0.124659274875501,0.0837459052551051,0.0159246794134866
2015,41,PR,Paraná,11101864,2386708,7755325,1428041,959831,182389,0.214982637149942,0.698560620090464,0.128630741648429,0.0864567427595942,0.0164286826068127
2016,41,PR,Paraná,11195664,2375679,7819035,1487074,1000950,190073,0.212196346728519,0.698398504992647,0.132825886879063,0.0894051482788337,0.0169773762413734
2017,41,PR,Paraná,11285193,2365246,7875269,1548609,1044678,198286,0.209588440357201,0.697840878751475,0.137224857386134,0.0925706808913237,0.0175704571468118
2018,41,PR,Paraná,11373980,2357592,7925285,1612887,1091103,207091,0.207279421978938,0.696790833112068,0.141804979435519,0.095929744908994,0.0182074348644889
2019,41,PR,Paraná,11468227,2350971,7977150,1679972,1140106,216492,0.204998645387818,0.695587033636498,0.146489252436318,0.0994143209756835,0.0188775475058176
2020,41,PR,Paraná,11560987,2342846,8028660,1747214,1189481,225803,0.20265103662862,0.694461467693027,0.151130175996219,0.102887495678353,0.0195314638793383
2021,41,PR,Paraná,11630298,2330373,8067462,1806268,1232463,232615,0.200370876137482,0.693659096267353,0.155307112509069,0.105970027595166,0.0200007772801694
2022,41,PR,Paraná,11686692,2319454,8092123,1864896,1275115,238673,0.198469678160424,0.692422030117676,0.159574326079613,0.1091082917219,0.0204226311431841
2023,41,PR,Paraná,11753862,2308799,8117169,1935736,1327894,248399,0.196428969474033,0.69059590796625,0.164689359122984,0.112975122559717,0.0211333942835129
2024,41,PR,Paraná,11824665,2295720,8142974,2011685,1385971,260872,0.194146726355461,0.688643103208421,0.170126172707641,0.117210170436118,0.0220616820857081
2025,41,PR,Paraná,11890584,2280048,8164615,2088478,1445921,274587,0.191752398368322,0.686645416238597,0.175641330989294,0.121602185393081,0.023092810243803
2026,41,PR,Paraná,11952524,2260595,8184529,2165191,1507400,289361,0.189131182669033,0.684753195224707,0.181149270229451,0.12611562210626,0.0242091963170289
2027,41,PR,Paraná,12010610,2238474,8202147,2241113,1569989,304982,0.186374713690645,0.682908445116443,0.186594436086094,0.130716841192912,0.025392715274245
2028,41,PR,Paraná,12064971,2211443,8219479,2316072,1634049,321338,0.183294514342388,0.681268027913204,0.191966644594504,0.135437457744407,0.0266339637285494
2029,41,PR,Paraná,12115795,2177978,8238637,2390128,1699180,338715,0.179763523565726,0.679991449178531,0.197273724093219,0.140245027255743,0.0279564816010835
2030,41,PR,Paraná,12163232,2140344,8258005,2462921,1764883,357351,0.175968361040881,0.678931800363588,0.202489025943105,0.145099838595531,0.0293796089723521
2031,41,PR,Paraná,12207153,2104120,8272718,2533946,1830315,377064,0.172367791245018,0.677694299399704,0.207578785979008,0.149937909355277,0.0308887748027734
2032,41,PR,Paraná,12247384,2068623,8283940,2602927,1894821,397673,0.168903253135527,0.676384442587903,0.21252922256704,0.15471230427657,0.0324700360501475
2033,41,PR,Paraná,12284035,2031078,8294708,2669394,1958249,419035,0.165342902393228,0.675242947451713,0.217305958506305,0.159414150155059,0.0341121626566515
2034,41,PR,Paraná,12317242,1994273,8302321,2733658,2020648,441219,0.161909053991145,0.674040584734797,0.221937508413003,0.164050361274058,0.0358212495946739
2035,41,PR,Paraná,12347065,1961745,8303633,2796973,2081687,464310,0.158883507942981,0.672518772679985,0.226529381678966,0.168597719377034,0.0376048882872164
2036,41,PR,Paraná,12373480,1934359,8298266,2860927,2140855,488185,0.156331040257066,0.670649324199821,0.231214419872178,0.173019635543113,0.0394541390134384
2037,41,PR,Paraná,12396494,1909385,8289232,2926567,2197877,512717,0.154026210959324,0.668675514222005,0.236080217519566,0.17729827481867,0.0413598393223116
2038,41,PR,Paraná,12416181,1884752,8279122,2994280,2252307,537836,0.151798044825539,0.666801007491756,0.24115949984943,0.181400947682705,0.0433173453254266
2039,41,PR,Paraná,12432618,1862100,8266052,3063494,2304466,563690,0.149775373135409,0.664868171772027,0.246407796008853,0.185356455092564,0.0453396058657959
2040,41,PR,Paraná,12445823,1842063,8248175,3133028,2355585,590368,0.148006523955869,0.662726362089514,0.251733292366443,0.189267113954618,0.0474350310140197
2041,41,PR,Paraná,12455766,1823597,8224936,3201096,2407233,617644,0.14640584930706,0.660331608670234,0.2569971208515,0.193262542022707,0.0495869944891386
2042,41,PR,Paraná,12462473,1806502,8195537,3266391,2460434,645237,0.144955339120895,0.65761723214967,0.262098140553645,0.197427428729434,0.0517743950177465
2043,41,PR,Paraná,12466036,1790652,8159800,3328587,2515584,673395,0.143642453784026,0.654562524927732,0.267012464908653,0.201795021288243,0.0540183744054646
2044,41,PR,Paraná,12466496,1775848,8118479,3388036,2572169,701856,0.142449650647624,0.651223808197588,0.271771314088578,0.206326541154788,0.0562993803551535
2045,41,PR,Paraná,12463834,1761856,8072920,3444913,2629058,730296,0.141357466731344,0.647707599443317,0.276392721533358,0.210934933825338,0.0585932065526547
2046,41,PR,Paraná,12458021,1748480,8024953,3499552,2684588,758163,0.140349739336609,0.644159533845705,0.280907537401005,0.215490726817686,0.0608574186863226
2047,41,PR,Paraná,12449082,1735599,7975964,3552204,2737519,785024,0.13941582198591,0.64068691972629,0.285338629788124,0.2198972582878,0.0630587861819851
2048,41,PR,Paraná,12437082,1723101,7926402,3602717,2787579,810835,0.138545440160321,0.637320072344944,0.289675423865502,0.224134487494735,0.0651949548937605
2049,41,PR,Paraná,12422006,1710763,7876110,3651045,2835133,835701,0.137720348871189,0.634044936059442,0.293917504145466,0.22823471506937,0.0672758490053861
2050,41,PR,Paraná,12403831,1698382,7825057,3697683,2880392,859462,0.136923987435817,0.63085807924987,0.298108140944519,0.232217933314312,0.0692900443419456
2051,41,PR,Paraná,12382563,1685882,7772998,3743242,2923683,881855,0.136149680805177,0.627737407837134,0.30229945125254,0.236112911357689,0.0712174854268862
2052,41,PR,Paraná,12358269,1673225,7719741,3788149,2965303,902796,0.135393152552352,0.624661997566164,0.306527475652132,0.239944849881484,0.0730519783960035
2053,41,PR,Paraná,12330987,1660287,7665586,3832518,3005114,922060,0.134643479877158,0.62165226514309,0.310803831031531,0.243704254979751,0.0747758472213133
2054,41,PR,Paraná,12300662,1646881,7610704,3876071,3043077,939972,0.133885558354502,0.618723122381543,0.315110763957257,0.247391319263955,0.0764163749885982
2055,41,PR,Paraná,12267303,1632906,7554706,3918396,3079691,957518,0.133110431852869,0.615840824996334,0.319417886718866,0.251048743150797,0.0780544835323624
2056,41,PR,Paraná,12231017,1618447,7497004,3958883,3115566,975916,0.132323174761347,0.612950174135152,0.323675700884072,0.254726651103502,0.0797902578338334
2057,41,PR,Paraná,12191946,1603581,7437240,3997043,3151125,995958,0.131527895546781,0.610012544346899,0.327842905472186,0.258459560106319,0.0816898303191304
2058,41,PR,Paraná,12150163,1588238,7375448,4032827,3186477,1017940,0.13071742329712,0.607024613579258,0.331915464837797,0.262257963123622,0.0837799459974323
2059,41,PR,Paraná,12105699,1572364,7311962,4066272,3221373,1041468,0.129886262660256,0.604009896495857,0.33589733232257,0.266103840843887,0.0860312155456699
2060,41,PR,Paraná,12058650,1556040,7247227,4096793,3255383,1065705,0.129039320321927,0.60099820460831,0.339738942584784,0.269962475069763,0.0883768083491933
2061,41,PR,Paraná,12009170,1539440,7181817,4123897,3287913,1089395,0.128188709128108,0.598027757122266,0.34339567180746,0.273783533749626,0.0907135963601148
2062,41,PR,Paraná,11957422,1522691,7116291,4147586,3318440,1111618,0.127342749967342,0.59513589133176,0.34686289402515,0.277521358700897,0.0929646875388357
2063,41,PR,Paraná,11903496,1505820,7050785,4167981,3346891,1132173,0.126502331751949,0.592328925888663,0.35014763729916,0.281168742359388,0.0951126458983142
2064,41,PR,Paraná,11847454,1488931,6985246,4185370,3373277,1151351,0.125675187259642,0.589598912981641,0.353271681831388,0.284725899758716,0.0971813015690966
2065,41,PR,Paraná,11789419,1472178,6920217,4199960,3397024,1169317,0.124872820280626,0.58698541463324,0.35624825956224,0.288141765086134,0.0991835984453517
2066,41,PR,Paraná,11729475,1455686,6856192,4212847,3417597,1186290,0.12410495780928,0.584526758444005,0.359167567175854,0.291368283746715,0.101137518942664
2067,41,PR,Paraná,11667695,1439540,6793194,4219859,3434961,1202450,0.123378267944097,0.5822224526781,0.361670321344533,0.294399279377803,0.103058059025369
2068,41,PR,Paraná,11604153,1423819,6731124,4224253,3449210,1217634,0.122699088852069,0.580061638277262,0.36402941257324,0.29723927287067,0.104930881211235
2069,41,PR,Paraná,11538884,1408660,6669629,4227930,3460595,1231795,0.122079396933014,0.578013350337866,0.366407184611614,0.29990725272912,0.106751658132624
2070,41,PR,Paraná,11471971,1394161,6608487,4229807,3469323,1245291,0.121527591030347,0.576055064992755,0.368707957856588,0.302417343976898,0.108550745116075
2000,42,SC,Santa Catarina,5522167,1589810,3635749,438190,296608,49092,0.287896037914101,0.658391714701855,0.0793510953218184,0.0537122473840433,0.0088899882962612
2001,42,SC,Santa Catarina,5607362,1576481,3723202,453631,307679,51168,0.281144859204738,0.663984597391786,0.0808991821822811,0.0548705434034756,0.0091251465484126
2002,42,SC,Santa Catarina,5690106,1559550,3811194,469919,319362,53717,0.274081010090146,0.669793146208524,0.0825852804851087,0.05612584370133,0.0094404216722851
2003,42,SC,Santa Catarina,5771181,1540337,3899311,487270,331533,56614,0.266901523275739,0.675652175871802,0.0844315920779473,0.0574463008524598,0.0098097772362364
2004,42,SC,Santa Catarina,5851686,1519965,3987606,506076,344115,59717,0.259748216155139,0.681445655149644,0.0864837928761044,0.0588061286952171,0.0102050930278897
2005,42,SC,Santa Catarina,5932928,1499186,4076452,526845,357290,63025,0.252689060106578,0.687089410152963,0.0888001674721149,0.0602215297404587,0.0106229167116136
2006,42,SC,Santa Catarina,6018706,1481401,4166218,549711,371087,66481,0.246132806619895,0.692211581692144,0.0913337518064514,0.0616556116879608,0.011045729763175
2007,42,SC,Santa Catarina,6103561,1461090,4256945,574523,385526,70019,0.239383205967795,0.69745268376936,0.0941291485413187,0.0631641102628449,0.0114718276756798
2008,42,SC,Santa Catarina,6189784,1440502,4348425,601172,400857,73610,0.232722498878798,0.70251643676096,0.097123259874658,0.0647610643602426,0.0118921758820663
2009,42,SC,Santa Catarina,6279130,1421215,4440390,629705,417525,77262,0.226339476965758,0.707166438662681,0.100285389854964,0.066494084371561,0.0123045708561536
2010,42,SC,Santa Catarina,6365736,1402451,4527357,660232,435928,81067,0.220312466618157,0.711207156564457,0.103716522331432,0.0684803768173861,0.0127348982112987
2011,42,SC,Santa Catarina,6454695,1387438,4611066,692762,456191,85065,0.214950202914313,0.714373955702012,0.107326837286657,0.070675841383675,0.0131787791677221
2012,42,SC,Santa Catarina,6553841,1377622,4697835,727441,478384,89268,0.21020070520478,0.716806373544918,0.110994606063833,0.0729929212503019,0.0136207149364777
2013,42,SC,Santa Catarina,6659762,1371513,4785632,764410,502617,93673,0.205940242308959,0.718589042671495,0.114780378037533,0.0754707150195457,0.014065517656637
2014,42,SC,Santa Catarina,6771778,1369783,4873178,803670,528817,98278,0.20227819045456,0.719630501767778,0.11867931878452,0.0780913077776619,0.0145128797783979
2015,42,SC,Santa Catarina,6889914,1374394,4958601,845192,556919,103087,0.199479122671197,0.719689824865739,0.122670907067926,0.0808310524630641,0.0149620154910497
2016,42,SC,Santa Catarina,7011473,1384850,5039682,888844,586941,108192,0.197511992130612,0.718776496750398,0.126769938356748,0.0837115111189903,0.0154307090678378
2017,42,SC,Santa Catarina,7135459,1399940,5116739,934478,618780,113636,0.196194806809205,0.717086174834723,0.130962563165173,0.0867190183560721,0.015925534713324
2018,42,SC,Santa Catarina,7266127,1420877,5192647,982481,652603,119477,0.195548054692686,0.714637522850894,0.135213849138613,0.08981442245642,0.0164430101483225
2019,42,SC,Santa Catarina,7403723,1444433,5270821,1033046,688469,125700,0.195095494523499,0.711914937930552,0.139530611828671,0.0929895675459495,0.0169779447448264
2020,42,SC,Santa Catarina,7541975,1467885,5348827,1084795,725263,131903,0.194628727886263,0.709207734048442,0.143834340474478,0.0961635380652946,0.0174891855250117
2021,42,SC,Santa Catarina,7671648,1486806,5425073,1133998,759769,136985,0.193805294507777,0.707158748680857,0.147816740288397,0.0990359568113657,0.0178560069492239
2022,42,SC,Santa Catarina,7796817,1506878,5495328,1183863,794611,141675,0.193268355535342,0.704816850260818,0.151839269794328,0.10191479420384,0.0181708766538961
2023,42,SC,Santa Catarina,7927212,1526405,5565887,1238763,834920,148147,0.192552564508178,0.702124151593271,0.156267171863197,0.105323283898551,0.0186884115121432
2024,42,SC,Santa Catarina,8058441,1543099,5636447,1296704,878895,156422,0.191488527371485,0.699446332113122,0.160912513971375,0.109065140515392,0.0194109505796469
2025,42,SC,Santa Catarina,8186962,1558396,5703712,1355143,924854,165848,0.190350950694531,0.696682359097306,0.165524525458894,0.112966690208163,0.0202575753985422
2026,42,SC,Santa Catarina,8312691,1569812,5770176,1413217,972703,176338,0.188845224729272,0.694140561702582,0.17000716133921,0.117014213568145,0.0212131065620026
2027,42,SC,Santa Catarina,8435555,1577421,5836081,1470303,1022053,187720,0.186996706203682,0.691843156733612,0.17429831232207,0.121160137062707,0.0222534261231182
2028,42,SC,Santa Catarina,8555475,1582508,5901511,1526198,1071456,199803,0.184970209135086,0.68979349480888,0.178388458852372,0.125236296056034,0.0233538172924355
2029,42,SC,Santa Catarina,8672401,1584209,5966520,1581125,1121672,212633,0.182672480204732,0.687989404548982,0.182316869342181,0.129338115246285,0.0245183542596796
2030,42,SC,Santa Catarina,8786264,1581030,6033104,1635291,1172130,226326,0.179943375250277,0.68665180103853,0.186119037625093,0.133404823711193,0.0257590712047806
2031,42,SC,Santa Catarina,8896575,1575572,6099040,1688896,1221963,240770,0.177098714954912,0.685549214163878,0.189836650621166,0.13735207088121,0.0270632237686975
2032,42,SC,Santa Catarina,9002882,1568621,6163699,1742167,1270562,255914,0.174235428166225,0.684636208716276,0.193512144222261,0.141128363117499,0.0284257863204249
2033,42,SC,Santa Catarina,9105158,1558383,6229032,1794980,1317743,271700,0.171153866852173,0.684121242047639,0.197138808574217,0.144724891100187,0.0298402290218358
2034,42,SC,Santa Catarina,9203360,1547470,6292153,1847530,1363737,288225,0.168141852540811,0.683679982093496,0.200745162636255,0.148178165365693,0.0313173667008571
2035,42,SC,Santa Catarina,9297441,1536994,6351694,1900675,1408753,305597,0.165313659962994,0.683165830253722,0.204429907111,0.151520509783283,0.032868936732161
2036,42,SC,Santa Catarina,9387376,1527241,6407114,1955455,1453021,323624,0.162690937275763,0.682524488206289,0.208306879366502,0.154784574517948,0.0344743834698855
2037,42,SC,Santa Catarina,9473141,1517368,6459025,2012540,1496748,342201,0.160175806524995,0.681825067313999,0.212446959250369,0.157999126161006,0.0361232879358599
2038,42,SC,Santa Catarina,9554784,1507199,6507748,2072201,1539837,361354,0.157742864726194,0.681098390083962,0.216875755642409,0.161158745189844,0.0378191699571649
2039,42,SC,Santa Catarina,9632270,1498448,6551323,2134184,1582499,381309,0.155565406700601,0.680143206118599,0.221566048293912,0.1642913871808,0.0395866187305796
2040,42,SC,Santa Catarina,9705548,1490255,6589698,2198094,1625595,402168,0.153546713694064,0.678961971029354,0.226478092736237,0.167491315276582,0.0414369183481448
2041,42,SC,Santa Catarina,9775189,1482752,6622266,2263253,1670171,423858,0.151685251303069,0.677456568870433,0.231530357111254,0.170858179826497,0.0433605938463185
2042,42,SC,Santa Catarina,9841857,1476062,6648842,2329098,1716953,446111,0.149977997038567,0.675567832371472,0.236652290314724,0.174454170589961,0.045327929475098
2043,42,SC,Santa Catarina,9905616,1470286,6669112,2395559,1766218,467881,0.14842953734528,0.673265751468662,0.241838468198242,0.178304711186059,0.0472339125603092
2044,42,SC,Santa Catarina,9966509,1465410,6683338,2462665,1817761,489770,0.147033429659272,0.670579638266518,0.247094042658267,0.18238693207421,0.0491415800657984
2045,42,SC,Santa Catarina,10024514,1461370,6691934,2529908,1871210,511399,0.145779635800798,0.667556950890587,0.252372134948388,0.186663413308615,0.0510148422157922
2046,42,SC,Santa Catarina,10079580,1458019,6695668,2596625,1925893,532183,0.144650769178875,0.664280456130117,0.257612420358785,0.191068774691009,0.0527981324618685
2047,42,SC,Santa Catarina,10131642,1455254,6695154,2662341,1981234,551747,0.14363456584826,0.660816282296591,0.262774878938676,0.195549151855148,0.0544578065431053
2048,42,SC,Santa Catarina,10180730,1453000,6690537,2726667,2037193,570037,0.142720610408095,0.657176548243594,0.267826275718932,0.200102841348312,0.055991760905161
2049,42,SC,Santa Catarina,10226856,1451158,6681895,2789533,2093803,587310,0.141896786265495,0.653367466990833,0.272765452060731,0.204735746743672,0.0574282066746613
2050,42,SC,Santa Catarina,10269934,1449591,6669743,2851257,2150600,603812,0.141149008357795,0.649443608887847,0.277631482344482,0.209407382754358,0.0587941460967519
2051,42,SC,Santa Catarina,10309898,1448135,6654820,2912404,2206943,619764,0.140460652472023,0.645478742854682,0.282486208883929,0.214060604673296,0.0601134948182805
2052,42,SC,Santa Catarina,10346687,1446612,6637706,2973230,2262369,635404,0.139814029360316,0.641529602664119,0.287360582184423,0.218656367975566,0.0614113483862032
2053,42,SC,Santa Catarina,10380278,1444850,6618907,3033754,2316521,650736,0.139191840526814,0.637642556393962,0.292261344060342,0.223165603079224,0.0626896505083968
2054,42,SC,Santa Catarina,10410637,1442707,6598600,3093571,2369330,666009,0.138580088807246,0.633832492670718,0.297154823475259,0.227587418522037,0.0639738951612663
2055,42,SC,Santa Catarina,10437712,1440067,6576524,3152036,2421121,681907,0.137967688704191,0.630073334079346,0.301985339315743,0.231958977216463,0.0653310802214125
2056,42,SC,Santa Catarina,10461472,1436849,6552189,3208277,2472434,699225,0.137346732849832,0.626316162773269,0.306675485056023,0.236337104376898,0.0668381084421007
2057,42,SC,Santa Catarina,10481916,1432993,6525392,3261566,2523531,718484,0.136710979175945,0.622538093226467,0.311161241895089,0.240750927597588,0.0685451018687805
2058,42,SC,Santa Catarina,10499003,1428366,6496251,3311869,2574386,739882,0.136047775203036,0.618749323150017,0.315446047591376,0.245202901646947,0.0704716438313238
2059,42,SC,Santa Catarina,10512737,1422898,6465263,3359182,2624576,763195,0.135349909352816,0.614993317154229,0.319534484692236,0.249656773492954,0.0725971742658453
2060,42,SC,Santa Catarina,10523081,1416594,6433045,3402580,2673442,788099,0.134617798722636,0.611327138886416,0.323344465370931,0.254055062390948,0.0748924198150713
2061,42,SC,Santa Catarina,10530026,1409526,6400421,3439498,2720079,814008,0.13385778914506,0.607825754656256,0.326637180193097,0.258316456198684,0.0773035128308325
2062,42,SC,Santa Catarina,10533611,1401794,6368075,3470379,2763742,840409,0.133078200818314,0.604548145930204,0.329457676004933,0.262373653251482,0.0797835614016884
2063,42,SC,Santa Catarina,10533841,1393388,6336078,3496197,2804375,867193,0.132277295622746,0.601497402514429,0.331901440319823,0.266225301862825,0.0823244816396982
2064,42,SC,Santa Catarina,10530711,1384372,6304399,3518279,2841940,894299,0.131460449346678,0.598667934197415,0.33409700446627,0.269871616455907,0.0849229458485757
2065,42,SC,Santa Catarina,10524257,1374874,6273858,3537882,2875525,921311,0.130638580946854,0.596133104693281,0.33616453874131,0.273228314359864,0.0875416668369083
2066,42,SC,Santa Catarina,10514541,1365050,6246849,3559809,2902642,947685,0.12982497286377,0.594115235272752,0.338560570547017,0.276059791863477,0.0901308958707755
2067,42,SC,Santa Catarina,10501611,1355025,6222840,3577371,2923746,973046,0.12903020308027,0.592560512858456,0.340649734597863,0.278409284061274,0.0926568314137707
2068,42,SC,Santa Catarina,10485507,1344890,6200807,3593127,2939810,997063,0.128261799834762,0.591369306224296,0.342675561610898,0.280368893940942,0.0950896318127488
2069,42,SC,Santa Catarina,10466243,1334752,6179315,3608135,2952176,1019657,0.127529238524273,0.590404312225504,0.3447402281793,0.282066449250223,0.0974234020746509
2070,42,SC,Santa Catarina,10443901,1324725,6157057,3620833,2962119,1041095,0.126841972171126,0.589536132140663,0.346693539128722,0.283621895688211,0.0996844952858132
2000,43,RS,Rio Grande do Sul,10269487,2663607,6850204,1089722,755676,135171,0.259370989027982,0.667044420037729,0.106112603287779,0.0735845909342891,0.013162390682222
2001,43,RS,Rio Grande do Sul,10352540,2636189,6939043,1118070,777308,139087,0.254641759413632,0.670274444725642,0.107999582711103,0.075083795860726,0.013435060381317
2002,43,RS,Rio Grande do Sul,10430916,2607625,7023873,1147255,799418,144359,0.249990029638816,0.673370680005476,0.109986026155325,0.076639290355708,0.0138395324053995
2003,43,RS,Rio Grande do Sul,10504486,2578661,7104010,1177653,821815,150567,0.245481882692785,0.676283446900686,0.1121095311089,0.0782346704065292,0.0143335904298411
2004,43,RS,Rio Grande do Sul,10573529,2549502,7179596,1210005,844431,157406,0.241121199932397,0.6790160598226,0.114437194998945,0.0798627402450024,0.0148867989107516
2005,43,RS,Rio Grande do Sul,10638582,2519498,7251474,1245209,867610,164716,0.23682648683819,0.681620351283658,0.117046519921546,0.0815531618781526,0.015482890482961
2006,43,RS,Rio Grande do Sul,10699033,2486974,7320730,1283419,891329,172284,0.232448483895694,0.684242211422285,0.119956541866915,0.0833093046820213,0.0161027636796709
2007,43,RS,Rio Grande do Sul,10751080,2447625,7387751,1324435,915704,179905,0.227663174304349,0.687163615190288,0.123190879427927,0.0851732105053632,0.0167336676873393
2008,43,RS,Rio Grande do Sul,10798740,2405624,7451937,1368128,941179,187448,0.222768952674108,0.690074675378794,0.126693299403449,0.0871563719470975,0.0173583214337969
2009,43,RS,Rio Grande do Sul,10845002,2364032,7512390,1414484,968580,194957,0.217983546706584,0.692705266444395,0.130427269630748,0.0893111868490204,0.017976667961887
2010,43,RS,Rio Grande do Sul,10879460,2320373,7560464,1463513,998623,202752,0.213280162802198,0.694930079250257,0.1345207390808,0.0917897579475452,0.0186362190770498
2011,43,RS,Rio Grande do Sul,10908380,2279097,7597787,1515124,1031496,210924,0.208930840326428,0.696509197516038,0.138895418018074,0.0945599621575339,0.0193359600600639
2012,43,RS,Rio Grande do Sul,10944672,2242962,7634749,1569144,1066961,219238,0.204936429342058,0.69757677525649,0.143370582508092,0.097486795401452,0.0200314819850243
2013,43,RS,Rio Grande do Sul,10985031,2210264,7669690,1625604,1105077,227697,0.201206896912717,0.698194661444287,0.147983560537972,0.100598441642996,0.0207279342224888
2014,43,RS,Rio Grande do Sul,11027344,2181120,7700339,1684567,1145885,236292,0.197791961509499,0.698294983814779,0.15276271421296,0.103913054675722,0.0214278252315335
2015,43,RS,Rio Grande do Sul,11070711,2158295,7723501,1745469,1188915,244777,0.194955409819658,0.69765175877141,0.157665483273839,0.107392831408931,0.0221103233568287
2016,43,RS,Rio Grande do Sul,11109776,2137584,7738090,1807980,1234102,253239,0.192405679466445,0.69651179285703,0.162737754568589,0.111082527676526,0.0227942489569547
2017,43,RS,Rio Grande do Sul,11141074,2116118,7743704,1871689,1281252,261794,0.189938420658547,0.695059022137363,0.167998973887078,0.11500255720409,0.0234980936308295
2018,43,RS,Rio Grande do Sul,11167531,2096581,7740758,1936430,1330192,270567,0.187738990829755,0.693148557187797,0.173398220251191,0.119112451982448,0.0242280052770841
2019,43,RS,Rio Grande do Sul,11194346,2077273,7736041,2002505,1381032,279718,0.185564480497565,0.691066811763724,0.178885394466099,0.12336870773871,0.0249874356215182
2020,43,RS,Rio Grande do Sul,11220286,2057957,7729488,2068756,1432841,288983,0.183413952193375,0.688885113980161,0.184376405378615,0.127700933826464,0.0257554040957601
2021,43,RS,Rio Grande do Sul,11227789,2038051,7710973,2127374,1478765,295624,0.18151846280688,0.686775731179131,0.189473991718227,0.131705806013989,0.0263296718525793
2022,43,RS,Rio Grande do Sul,11220506,2020391,7678017,2182861,1522098,300324,0.180062378648521,0.684284380757873,0.19454211779754,0.135653240593606,0.0267656378420011
2023,43,RS,Rio Grande do Sul,11222292,2004411,7643099,2246270,1574782,308950,0.178609770624397,0.681063992988242,0.200161428699235,0.140326236387362,0.0275300268430014
2024,43,RS,Rio Grande do Sul,11229915,1987280,7608930,2314385,1633705,321920,0.176963049141512,0.677559002004913,0.206091052336549,0.145477948853575,0.0286662899941807
2025,43,RS,Rio Grande do Sul,11233263,1968733,7570861,2380658,1693669,336823,0.175259227884186,0.67396810704067,0.211929338786068,0.150772665075143,0.0299844310597909
2026,43,RS,Rio Grande do Sul,11233317,1945526,7533401,2443686,1754390,353398,0.173192477342178,0.670630144239676,0.217539129359565,0.156177378418147,0.031459808354024
2027,43,RS,Rio Grande do Sul,11230228,1916935,7498040,2502530,1815253,371250,0.170694219209085,0.66766587463763,0.222838752694959,0.161639906153286,0.0330580999780236
2028,43,RS,Rio Grande do Sul,11224137,1884779,7465522,2556930,1873836,390079,0.167921952485077,0.665131047491669,0.227806378343386,0.166947000023253,0.0347535850640455
2029,43,RS,Rio Grande do Sul,11215207,1849071,7434775,2607318,1931361,410005,0.164871767413655,0.662919106174322,0.232480595320265,0.172209126412023,0.036557952073466
2030,43,RS,Rio Grande do Sul,11203555,1808290,7408314,2654209,1986951,431131,0.161403233170186,0.661246720349032,0.236907749370624,0.177350046480782,0.0384816248056978
2031,43,RS,Rio Grande do Sul,11189162,1767288,7382549,2698258,2039325,453208,0.15794641278766,0.659794629839125,0.241149247816771,0.182258957373215,0.0405041950415947
2032,43,RS,Rio Grande do Sul,11172010,1729025,7355365,2740089,2087620,476044,0.154764003970637,0.658374365937732,0.245263743945807,0.186861630091631,0.0426104165678334
2033,43,RS,Rio Grande do Sul,11152222,1690229,7330389,2779613,2131604,499440,0.151559841617213,0.657303002038518,0.249242975973757,0.191137156344269,0.0447839004639613
2034,43,RS,Rio Grande do Sul,11129878,1653580,7304605,2817152,2171693,523457,0.148571260170147,0.656305936147728,0.253116161740497,0.195122803682125,0.0470316925306818
2035,43,RS,Rio Grande do Sul,11105054,1620478,7276169,2854116,2208407,548154,0.145922568228844,0.655212392483638,0.257010546729444,0.198865039287517,0.0493607685293561
2036,43,RS,Rio Grande do Sul,11077764,1591474,7243944,2892099,2242346,573224,0.143663829632045,0.653917523428013,0.261072451083089,0.202418646939942,0.0517454605460091
2037,43,RS,Rio Grande do Sul,11048022,1566507,7207419,2932186,2274096,598421,0.141790720547081,0.652371890642506,0.265403707559598,0.205837388810413,0.0541654424656287
2038,43,RS,Rio Grande do Sul,11015931,1542065,7170259,2974787,2303607,623652,0.139984990828283,0.650899047933398,0.270044084335677,0.209115961238319,0.0566136443665088
2039,43,RS,Rio Grande do Sul,10981590,1518750,7131607,3019466,2331233,649093,0.138299645133355,0.649414793304066,0.274957087270605,0.212285561562579,0.0591073788039801
2040,43,RS,Rio Grande do Sul,10945030,1497910,7088748,3065281,2358372,674826,0.136857550870121,0.647668211051043,0.280061452549696,0.215474238078836,0.061655929677671
2041,43,RS,Rio Grande do Sul,10906243,1478475,7041160,3110789,2386608,700706,0.135562264658875,0.645608208069452,0.285230120033086,0.218829527271674,0.0642481558498192
2042,43,RS,Rio Grande do Sul,10865232,1460258,6987943,3154858,2417031,726352,0.134397314295728,0.643147150470418,0.290362690828875,0.222455535233854,0.066851034566036
2043,43,RS,Rio Grande do Sul,10822129,1443160,6928917,3197368,2450052,750154,0.1333526887362,0.64025451923554,0.295447226696337,0.22639279202826,0.0693166751200249
2044,43,RS,Rio Grande do Sul,10777061,1427011,6864756,3238454,2485294,773045,0.132411888547351,0.636978486064058,0.300495097875014,0.230609625388592,0.071730595196594
2045,43,RS,Rio Grande do Sul,10730094,1411641,6796553,3277457,2521900,794513,0.131559052511562,0.633410387644321,0.305445320423102,0.235030559844117,0.0740452972732578
2046,43,RS,Rio Grande do Sul,10681274,1396900,6725860,3313549,2558514,813759,0.130780279580881,0.629687057929607,0.310220391312871,0.239532662489512,0.0761855748668183
2047,43,RS,Rio Grande do Sul,10630673,1382664,6653926,3346215,2594083,830280,0.130063637551451,0.625917662973925,0.314769817489448,0.244018699474624,0.0781022988854986
2048,43,RS,Rio Grande do Sul,10578433,1368868,6581030,3375114,2628535,844043,0.129401774345974,0.622117661472167,0.319056139978388,0.248480564181859,0.0797890386978865
2049,43,RS,Rio Grande do Sul,10524642,1355400,6507222,3400516,2662020,855477,0.128783477860815,0.618284403402985,0.323100396193999,0.2529321187362,0.0812832398479682
2050,43,RS,Rio Grande do Sul,10469314,1342120,6433290,3423320,2693904,865066,0.128195600972518,0.614490118454753,0.326986085239205,0.257314280572729,0.082628718557873
2051,43,RS,Rio Grande do Sul,10412471,1328910,6360150,3444787,2723411,873365,0.127626766019324,0.610820428695552,0.330832806160997,0.261552805285124,0.0838768242427758
2052,43,RS,Rio Grande do Sul,10354134,1315711,6288379,3465829,2750044,880898,0.127071080980795,0.607330270208981,0.334729007756709,0.265598648810224,0.0850769364197914
2053,43,RS,Rio Grande do Sul,10294379,1302445,6218475,3486619,2773459,887709,0.126520016408955,0.604065092221687,0.338691532534405,0.269414891369358,0.0862323992540007
2054,43,RS,Rio Grande do Sul,10233271,1289025,6150328,3506900,2793918,894141,0.125964122322178,0.601012911707312,0.342695898505962,0.273022965970509,0.0873758742439246
2055,43,RS,Rio Grande do Sul,10170813,1275392,6083144,3526553,2812277,901245,0.125397251920766,0.598098106808177,0.346732655491749,0.276504641271057,0.0886109104552409
2056,43,RS,Rio Grande do Sul,10107042,1261502,6015804,3545323,2829736,910199,0.124814164223321,0.595209162087186,0.350777507405233,0.279976673689493,0.0900559233849033
2057,43,RS,Rio Grande do Sul,10042053,1247394,5947524,3562916,2847135,921772,0.124217030123223,0.592261761613885,0.354799561404426,0.283521208262892,0.0917911905065627
2058,43,RS,Rio Grande do Sul,9975898,1233029,5878276,3579408,2864593,936201,0.123600802654558,0.589247805059755,0.358805593240829,0.287151392285687,0.0938462883241188
2059,43,RS,Rio Grande do Sul,9908602,1218375,5808442,3594661,2881785,953105,0.122961342074291,0.586201968754018,0.3627818535854,0.290836689171691,0.0961896542014706
2060,43,RS,Rio Grande do Sul,9840218,1203458,5738220,3607551,2898540,971750,0.122299932786042,0.58313951987649,0.366612914469984,0.294560547337468,0.0987528934826444
2061,43,RS,Rio Grande do Sul,9770762,1188379,5667858,3617450,2914525,991007,0.121626030804967,0.580083518562831,0.370232127238387,0.298290450632202,0.101425763927112
2062,43,RS,Rio Grande do Sul,9700311,1173228,5597699,3624270,2929384,1009971,0.120947462406102,0.577063869395528,0.373624103392149,0.30198866819837,0.104117383452964
2063,43,RS,Rio Grande do Sul,9628864,1158045,5527726,3628011,2943093,1028429,0.120268081468385,0.574078728290274,0.376784945763072,0.305653190241341,0.106806888123043
2064,43,RS,Rio Grande do Sul,9556419,1142878,5458073,3628756,2955468,1046370,0.119592705175443,0.571142077382752,0.379719223278092,0.309265217441805,0.10949394328566
2065,43,RS,Rio Grande do Sul,9483000,1127840,5389772,3626480,2965388,1063225,0.118932827164399,0.56836148898028,0.38241906569651,0.31270568385532,0.112119055151323
2066,43,RS,Rio Grande do Sul,9408657,1113053,5323358,3620552,2972246,1078334,0.118300943482157,0.565793609013486,0.384810712092066,0.315905447504357,0.114610831280171
2067,43,RS,Rio Grande do Sul,9333403,1098610,5258838,3607769,2975955,1091249,0.11770733568453,0.563442722873961,0.386543793298114,0.318849941441509,0.11691866299998
2068,43,RS,Rio Grande do Sul,9257282,1084590,5196151,3591810,2976541,1101634,0.117160738972843,0.561304171137922,0.387998334716389,0.321535089889235,0.119001884138346
2069,43,RS,Rio Grande do Sul,9180335,1071069,5135144,3575233,2974122,1109634,0.116669925443897,0.559363465494451,0.38944472069919,0.323966609061652,0.120870752537898
2070,43,RS,Rio Grande do Sul,9102614,1058122,5075749,3556693,2968743,1115907,0.116243751520168,0.557614439105075,0.390733145445913,0.326141809374758,0.122591927989037
2000,50,MS,Mato Grosso do Sul,2162474,664004,1386030,166523,112440,21527,0.307057564622742,0.640946434500484,0.0770057813411861,0.0519960008767736,0.0099548017687149
2001,50,MS,Mato Grosso do Sul,2194851,660380,1417433,172803,117038,22459,0.300876916018445,0.645799190924578,0.078731084706889,0.0533238930569774,0.01023258526433
2002,50,MS,Mato Grosso do Sul,2227484,657044,1448617,179257,121823,23405,0.294971366797696,0.650337780204033,0.0804751010557203,0.0546908529982707,0.0105073706477802
2003,50,MS,Mato Grosso do Sul,2260241,654140,1479422,185816,126679,24319,0.289411615840966,0.654541705950826,0.0822107023100634,0.0560466782082088,0.0107594721093901
2004,50,MS,Mato Grosso do Sul,2293097,651655,1509859,192538,131583,25247,0.284181175065861,0.658436603423231,0.0839641759594121,0.0573822215109086,0.0110100008852656
2005,50,MS,Mato Grosso do Sul,2326157,649513,1540073,199526,136571,26225,0.279221479891512,0.662067521667712,0.0857749498421646,0.0587109984407759,0.0112739595822638
2006,50,MS,Mato Grosso do Sul,2359753,647865,1570175,206863,141713,27274,0.274547802248795,0.665398031065116,0.0876629884568427,0.0600541666860896,0.0115579893319343
2007,50,MS,Mato Grosso do Sul,2392064,644807,1600249,214561,147008,28386,0.269560931480094,0.668982518862372,0.0896970147955908,0.0614565496575342,0.0118667393514555
2008,50,MS,Mato Grosso do Sul,2425369,642728,1630170,222703,152471,29551,0.265002150188281,0.672132776497102,0.0918223165217334,0.0628650733146173,0.0121841253846322
2009,50,MS,Mato Grosso do Sul,2459515,641710,1659697,231345,158108,30768,0.260909162985385,0.674806618378014,0.0940612275184335,0.0642842186366011,0.0125097834329126
2010,50,MS,Mato Grosso do Sul,2490254,639886,1686420,240573,163948,32037,0.256956117729356,0.67720802777548,0.0966058080822278,0.065835854495164,0.0128649527317294
2011,50,MS,Mato Grosso do Sul,2520122,638812,1711252,250460,170058,33364,0.253484553525583,0.679035380033189,0.0993840774375209,0.0674800664412279,0.0132390416019542
2012,50,MS,Mato Grosso do Sul,2552390,638863,1737034,261006,176493,34771,0.250299914981645,0.68055195326733,0.102259450945976,0.0691481317510255,0.0136229181277156
2013,50,MS,Mato Grosso do Sul,2585456,639284,1762791,272239,183381,36282,0.247261604916115,0.681810481400573,0.10529631910193,0.0709279136833116,0.0140331144680087
2014,50,MS,Mato Grosso do Sul,2619176,640594,1787808,284059,190774,37877,0.244578447572824,0.682584140966472,0.108453574712047,0.0728374114607037,0.0144614184002908
2015,50,MS,Mato Grosso do Sul,2652939,642982,1811367,296233,198590,39473,0.242365919457628,0.682777478110126,0.111662198037723,0.0748566024322459,0.0148789700780908
2016,50,MS,Mato Grosso do Sul,2684756,644322,1833596,308708,206838,41074,0.23999275911852,0.682965602833181,0.114985495888639,0.0770416380482994,0.0152989694407983
2017,50,MS,Mato Grosso do Sul,2715557,645493,1854428,321625,215636,42768,0.237701878472814,0.682890471457605,0.11843794845772,0.0794076500695806,0.0157492551251916
2018,50,MS,Mato Grosso do Sul,2746161,647246,1873902,335086,225013,44579,0.235691206742795,0.682371499704497,0.122019794178127,0.0819372935527087,0.0162332070115336
2019,50,MS,Mato Grosso do Sul,2777028,648500,1893614,349152,234914,46453,0.233523032536942,0.681885094424687,0.125728656679011,0.0845918730383705,0.0167275951124728
2020,50,MS,Mato Grosso do Sul,2806866,649058,1913102,363076,244706,48114,0.231239396536921,0.681579384267008,0.129352808434745,0.0871812191960713,0.0171415379287789
2021,50,MS,Mato Grosso do Sul,2831943,648928,1929723,375413,253292,49232,0.229145854983663,0.681413079288672,0.13256375569706,0.0894410657276647,0.0173845306914722
2022,50,MS,Mato Grosso do Sul,2854377,649743,1942513,388039,262121,50337,0.227630407616093,0.680538345145018,0.135945251801006,0.0918312472388896,0.0176350215826431
2023,50,MS,Mato Grosso do Sul,2878009,648972,1956223,402670,272814,52031,0.225493387963693,0.679713996724819,0.139912696589899,0.0947926153114879,0.018078817682641
2024,50,MS,Mato Grosso do Sul,2901895,646729,1970733,418084,284433,54072,0.222864369661893,0.67911933409031,0.14407275246003,0.0980162962477967,0.0186333413166224
2025,50,MS,Mato Grosso do Sul,2924631,644245,1983781,433732,296605,56307,0.220282490338097,0.678301296813171,0.14830315345765,0.101416212848732,0.0192526852105445
2026,50,MS,Mato Grosso do Sul,2946317,640161,1996896,449431,309260,58700,0.217274991116027,0.677760064514443,0.152539933754582,0.10496494436953,0.0199231786667898
2027,50,MS,Mato Grosso do Sul,2967004,634569,2010122,465078,322313,61212,0.213875343612614,0.677492177293998,0.15675004145596,0.108632479093388,0.020630912529946
2028,50,MS,Mato Grosso do Sul,2986726,628151,2023106,480630,335469,63877,0.210314237060916,0.677365784474371,0.160922026325816,0.112319978464714,0.0213869635179123
2029,50,MS,Mato Grosso do Sul,3005542,620380,2036282,496153,348880,66819,0.206412021525568,0.677509081556671,0.165079376698113,0.1160788969177609,0.0222319302142509
2030,50,MS,Mato Grosso do Sul,3023495,611115,2049924,511652,362456,70120,0.202122047498011,0.677998144531411,0.169225350132876,0.119879807970577,0.023191703640985
2031,50,MS,Mato Grosso do Sul,3040577,602278,2062254,527111,376045,73753,0.198080167020931,0.67824429376398,0.173358872345611,0.12367553921509,0.024256251362817
2032,50,MS,Mato Grosso do Sul,3056770,593024,2074210,542530,389536,77672,0.194003474255505,0.678562665820458,0.177484730614341,0.127433859924037,0.0254098280210811
2033,50,MS,Mato Grosso do Sul,3072122,582458,2086766,557841,402898,81846,0.189594684065281,0.679258831517759,0.181581655936841,0.13114648441696,0.0266415200958816
2034,50,MS,Mato Grosso do Sul,3086658,572088,2098388,573103,416182,86260,0.185342205064507,0.679825234930465,0.185671039681105,0.134832560005028,0.0279460827859776
2035,50,MS,Mato Grosso do Sul,3100394,562688,2108312,588571,429394,90927,0.181489191373742,0.680014217547834,0.18983748517124,0.138496591078424,0.0293275628839431
2036,50,MS,Mato Grosso do Sul,3113338,553912,2116915,604553,442511,95809,0.177915793273972,0.679950265599174,0.194181614717066,0.142133941126855,0.0307737226089811
2037,50,MS,Mato Grosso do Sul,3125500,545786,2124181,621253,455533,100877,0.174623580227164,0.679629179331307,0.19876915693489,0.145747240441529,0.0322754759238522
2038,50,MS,Mato Grosso do Sul,3136904,538389,2130116,638733,468399,106120,0.171630690642748,0.679050426790237,0.203618918526037,0.149318882567015,0.0338295338333593
2039,50,MS,Mato Grosso do Sul,3147565,531448,2134953,656867,481164,111569,0.16884417001714,0.678287183902477,0.208690527439465,0.152868646080383,0.0354461305803057
2040,50,MS,Mato Grosso do Sul,3157479,525171,2138229,675423,494079,117257,0.166326046824064,0.677195002722108,0.213912111529483,0.156478950453827,0.0371362723235847
2041,50,MS,Mato Grosso do Sul,3166644,519419,2139790,694030,507435,123141,0.16402822672836,0.675727994684594,0.219168937209235,0.160243778587047,0.0388869099273553
2042,50,MS,Mato Grosso do Sul,3175048,514144,2139475,712400,521429,129155,0.16193266999428,0.673840206510264,0.224374560636564,0.164227123495456,0.0406781251810996
2043,50,MS,Mato Grosso do Sul,3182709,509310,2137271,730467,536128,135112,0.160024054979579,0.671525734837838,0.229511086310436,0.168450210182583,0.0424518861133707
2044,50,MS,Mato Grosso do Sul,3189633,504840,2133376,748236,551417,141117,0.158275262389121,0.668846854794893,0.234583727971212,0.172877882815985,0.044242394030912
2045,50,MS,Mato Grosso do Sul,3195805,500657,2128064,765624,567084,147114,0.156660684866567,0.665892944031316,0.239571563346324,0.177446371102117,0.0460334720047062
2046,50,MS,Mato Grosso do Sul,3201207,496724,2121694,782530,582789,153007,0.155167722674604,0.662779382901512,0.244448422110785,0.182052894423885,0.0477966591976089
2047,50,MS,Mato Grosso do Sul,3205847,492988,2114598,798893,598261,158728,0.153777769182372,0.65960664997425,0.249198729696083,0.186615580843378,0.0495120322336032
2048,50,MS,Mato Grosso do Sul,3209727,489404,2106887,814625,613436,164272,0.152475272819153,0.656406915603726,0.25379884332842,0.191117811577122,0.0511794305247767
2049,50,MS,Mato Grosso do Sul,3212831,485893,2098601,829743,628337,169690,0.15123515678229,0.65319370984655,0.25825914901842,0.195571133371161,0.0528163479498299
2050,50,MS,Mato Grosso do Sul,3215143,482401,2089864,844342,642878,175004,0.150040293697668,0.650006547142693,0.26261413566986,0.199953159159639,0.0544311714906615
2051,50,MS,Mato Grosso do Sul,3216656,478910,2080777,858575,656969,180214,0.148884431533866,0.646875823836929,0.266915392880059,0.204239744629205,0.0560252635034645
2052,50,MS,Mato Grosso do Sul,3217365,475385,2071425,872553,670555,185337,0.147756005302476,0.643826547500828,0.271201122657827,0.208417447196697,0.0576052142047918
2053,50,MS,Mato Grosso do Sul,3217259,471783,2061922,886289,683554,190348,0.14664128688427,0.64089400324935,0.275479530867736,0.21246470986638,0.0591646491625325
2054,50,MS,Mato Grosso do Sul,3216333,468061,2052286,899740,695986,195309,0.145526287234562,0.638082561724796,0.279740934785049,0.216391151040642,0.0607241227820627
2055,50,MS,Mato Grosso do Sul,3214575,464193,2042434,912836,707948,200407,0.144402603765661,0.635366728105582,0.283967865114362,0.220230668128757,0.0623432335534246
2056,50,MS,Mato Grosso do Sul,3212007,460192,2032229,925510,719586,205867,0.14327241503521,0.632697562614278,0.288140717003419,0.224030022350512,0.0640929487389037
2057,50,MS,Mato Grosso do Sul,3208634,456048,2021576,937681,731010,211834,0.142131511415761,0.630042566400531,0.292236821027266,0.227825922183708,0.0660199948015261
2058,50,MS,Mato Grosso do Sul,3204455,451749,2010478,949361,742228,218350,0.140975298451687,0.627400915288247,0.296262859050915,0.231623786260066,0.0681395120231053
2059,50,MS,Mato Grosso do Sul,3199467,447290,1998983,960549,753194,225325,0.139801410672465,0.624786253460342,0.300221568154946,0.235412335867193,0.0704257927961126
2060,50,MS,Mato Grosso do Sul,3193683,442698,1987145,971210,763840,232594,0.138616763154014,0.622211096091879,0.304103444205327,0.239172140754107,0.0728293947771272
2061,50,MS,Mato Grosso do Sul,3187126,437998,1975039,981522,774089,239894,0.13742726205365,0.619692789051955,0.307964605101901,0.242879948894396,0.0752696943892397
2062,50,MS,Mato Grosso do Sul,3179822,433216,1962740,991440,783866,247017,0.136239072501543,0.61724838685939,0.311791037359953,0.246512540639067,0.077682650160921
2063,50,MS,Mato Grosso do Sul,3171802,428378,1950257,1000910,793167,253917,0.135058241340412,0.614873500931016,0.315565095173028,0.250068257728572,0.0800544926827084
2064,50,MS,Mato Grosso do Sul,3163052,423515,1937541,1009882,801996,260594,0.133894415899581,0.612554267207747,0.319274548758604,0.253551316892672,0.0823868845659192
2065,50,MS,Mato Grosso do Sul,3153623,418665,1924633,1018278,810325,266995,0.132756832379774,0.610292669732558,0.322891480687451,0.256950497887668,0.0846629416388706
2066,50,MS,Mato Grosso do Sul,3143519,413860,1911347,1026218,818312,273049,0.131655001926185,0.608027818505312,0.326455160601861,0.260317179568503,0.0868609351494297
2067,50,MS,Mato Grosso do Sul,3132773,409124,1897721,1031920,825928,278709,0.130594843609799,0.605763966939194,0.329395075864099,0.263641189451007,0.0889655905486928
2068,50,MS,Mato Grosso do Sul,3121396,404498,1883787,1037764,833111,283918,0.129588812185317,0.603507853537327,0.332467908589618,0.266903334277355,0.0909586608043324
2069,50,MS,Mato Grosso do Sul,3109417,400011,1869578,1044105,839828,288687,0.128645016091441,0.601263194997647,0.335788027144638,0.270091788910912,0.0928428062238034
2070,50,MS,Mato Grosso do Sul,3096870,395697,1855166,1049434,846007,293107,0.127773203266524,0.599045487863553,0.338869245399387,0.273181308869923,0.0946462072996283
2000,51,MT,Mato Grosso,2628097,857375,1670814,155087,99908,17793,0.326234153457806,0.635750506925734,0.0590111399997793,0.0380153396164601,0.0067702980521647
2001,51,MT,Mato Grosso,2681943,857181,1720158,161893,104604,18422,0.319611938061323,0.641384995877988,0.0603640718687906,0.0390030660606881,0.0068689006440479
2002,51,MT,Mato Grosso,2733393,855507,1768268,168868,109618,19057,0.312983533652131,0.646913195431466,0.0617796270057032,0.0401032709164032,0.0069719209787981
2003,51,MT,Mato Grosso,2782719,852728,1815146,176046,114845,19720,0.306436977646683,0.652292236478063,0.0632640234245714,0.0412707858752537,0.0070865940829814
2004,51,MT,Mato Grosso,2830188,849148,1860820,183507,120220,20426,0.300032365341101,0.657489891130907,0.0648391555613973,0.0424777435279918,0.0072171883987918
2005,51,MT,Mato Grosso,2876158,844853,1905512,191443,125793,21233,0.293743598230695,0.662519931102533,0.0665620595252417,0.0437364706667714,0.0073824177948499
2006,51,MT,Mato Grosso,2923828,842718,1949502,199961,131608,22164,0.28822420470698,0.666763571591763,0.0683901378603666,0.0450122237012574,0.0075804732699734
2007,51,MT,Mato Grosso,2967696,837216,1992828,209014,137652,23193,0.282109757872774,0.671506785061543,0.0704297205643705,0.0463834570656833,0.0078151535736814
2008,51,MT,Mato Grosso,3010046,830431,2035729,218571,143886,24292,0.275886481469054,0.676311591251429,0.0726138404529366,0.0478019272795167,0.0080703085600685
2009,51,MT,Mato Grosso,3053540,824489,2078704,228722,150347,25439,0.270010872626525,0.680752176162749,0.0749038820516515,0.0492369512107259,0.0083309863306195
2010,51,MT,Mato Grosso,3093944,817793,2119030,239572,157121,26635,0.264320556545303,0.684896042074453,0.0774325585724887,0.0507834013802448,0.0086087530996036
2011,51,MT,Mato Grosso,3133302,811493,2157508,251248,164301,27906,0.25898971755675,0.688573268711411,0.0801863337782314,0.0524370137318394,0.0089062592753587
2012,51,MT,Mato Grosso,3176859,807220,2197688,263807,171951,29279,0.254093744796354,0.691780151401117,0.0830401978809887,0.0541261038025295,0.0092163360098764
2013,51,MT,Mato Grosso,3223484,804713,2238575,277279,180196,30797,0.249640761362551,0.694458232148818,0.0860184198215347,0.0559010064886316,0.0095539484607337
2014,51,MT,Mato Grosso,3274085,805562,2279419,291591,189104,32463,0.246041871240362,0.696200312453708,0.0890603023440137,0.0577578163059298,0.0099151365954152
2015,51,MT,Mato Grosso,3327512,809195,2319609,306713,198708,34272,0.243183195131978,0.697100115641957,0.0921748742003034,0.0597166892260644,0.0102995871990845
2016,51,MT,Mato Grosso,3380091,812539,2358502,322633,209050,36255,0.240389681816259,0.697762870881287,0.0954509804617686,0.0618474473024543,0.0107260425828772
2017,51,MT,Mato Grosso,3433278,817062,2396111,339343,220105,38396,0.237983058756093,0.69790765559911,0.0988393599353155,0.0641092856447978,0.011183481209503
2018,51,MT,Mato Grosso,3490648,825420,2433361,356828,231867,40644,0.236466123195464,0.697108674377938,0.102223999669975,0.0664252024265982,0.0116436833504839
2019,51,MT,Mato Grosso,3551996,835460,2472156,375228,244380,42994,0.235208598207881,0.695990648638118,0.105638632475937,0.0688007531540013,0.0121041802975003
2020,51,MT,Mato Grosso,3611987,844887,2510622,393165,256478,45004,0.233911971443973,0.695080574763973,0.108850059537867,0.0710074537920541,0.0124596240241175
2021,51,MT,Mato Grosso,3666669,850616,2548760,409443,267293,46396,0.231986034190706,0.695115921289868,0.111666201666963,0.0728980445194262,0.0126534464932613
2022,51,MT,Mato Grosso,3720967,858636,2582875,427203,279456,48056,0.230756144840844,0.694140797271247,0.114809671786931,0.0751030578879092,0.0129149223844232
2023,51,MT,Mato Grosso,3778389,867064,2617141,447976,294184,50434,0.229479812692658,0.692660549244665,0.118562699605573,0.077859638062677,0.0133480168399813
2024,51,MT,Mato Grosso,3836399,874268,2652153,469797,309978,53165,0.227887662362544,0.691313129838685,0.122457804832083,0.0807992077987717,0.013858047611836
2025,51,MT,Mato Grosso,3893659,881706,2685425,492230,326528,56149,0.226446640550701,0.689691881081523,0.126418363806384,0.0838614783677769,0.014420625945929
2026,51,MT,Mato Grosso,3950330,888649,2717922,515118,343759,59346,0.2249556366177,0.688024038498049,0.13039872618237,0.0870203248842502,0.0150230487073232
2027,51,MT,Mato Grosso,4006413,894226,2750595,538351,361592,62727,0.22319865675356,0.686548041851901,0.134372317581837,0.0902533013945392,0.0156566484783271
2028,51,MT,Mato Grosso,4061869,898638,2783259,561904,379972,66320,0.221237563299063,0.685216337602222,0.138336317591729,0.0935460990987154,0.0163274591081101
2029,51,MT,Mato Grosso,4116731,900137,2817663,585833,398931,70233,0.218653344121829,0.684441854471424,0.142305387454269,0.0969048014067472,0.0170603811616547
2030,51,MT,Mato Grosso,4171009,899338,2853278,610149,418393,74527,0.215616413198821,0.684073805642711,0.14628330938629,0.100309781158468,0.0178678588322394
2031,51,MT,Mato Grosso,4224343,899987,2886136,634824,438220,79181,0.213047804120073,0.683215354434997,0.150277569790143,0.10373684144493,0.018743979833077
2032,51,MT,Mato Grosso,4276351,900352,2917692,659867,458307,84165,0.210542118736278,0.682285434474392,0.154306089467399,0.10717244678933,0.0196814994840227
2033,51,MT,Mato Grosso,4327036,897778,2950618,685177,478640,89462,0.20748105631661,0.681902808296488,0.158347885249857,0.110616135386902,0.0206751226474658
2034,51,MT,Mato Grosso,4376435,894274,2982906,710813,499255,95083,0.204338462698521,0.681583526317654,0.162418269664693,0.114078010983826,0.0217261309718984
2035,51,MT,Mato Grosso,4424535,891599,3012764,737044,520172,101082,0.201512475322266,0.680922176002676,0.166581120953953,0.117565348675059,0.0228457905746028
2036,51,MT,Mato Grosso,4471290,889395,3040548,764231,541347,107443,0.198912394409667,0.680015834356528,0.170919578018872,0.121071771233805,0.0240295306276265
2037,51,MT,Mato Grosso,4516616,886735,3067106,792565,562775,114148,0.196327294594006,0.679071676671207,0.175477614213827,0.124601028734787,0.0252729034303558
2038,51,MT,Mato Grosso,4560545,883754,3092421,822104,584370,121158,0.193782541341002,0.678081457369678,0.180264420151539,0.12813600128932,0.0265665616719054
2039,51,MT,Mato Grosso,4603091,880927,3115981,852690,606183,128493,0.191377272358943,0.676932304836033,0.185242916118756,0.131690422805024,0.0279145035368625
2040,51,MT,Mato Grosso,4644239,878428,3137333,884021,628478,136173,0.189143581973279,0.67553220236943,0.190347869694045,0.135324215657291,0.0293208424458776
2041,51,MT,Mato Grosso,4684079,876057,3156424,915602,651598,144138,0.187028656006869,0.673862246986014,0.195471084070102,0.139109097007117,0.0307718977412635
2042,51,MT,Mato Grosso,4722754,873826,3173196,947062,675732,152332,0.185024669927758,0.67189525433677,0.200531723651073,0.143080075735471,0.0322549088942596
2043,51,MT,Mato Grosso,4760300,871786,3187576,978293,700938,160717,0.183136777093881,0.66961662080121,0.205510787135265,0.147246602104909,0.0337619477764006
2044,51,MT,Mato Grosso,4796692,869902,3199714,1009293,727076,169311,0.181354566855658,0.667066803538772,0.210414385580729,0.15157862960557,0.035297450826528
2045,51,MT,Mato Grosso,4831901,868115,3209934,1039907,753852,178072,0.179663242272555,0.664321143996949,0.215216950843985,0.156015613730497,0.0368534040742971
2046,51,MT,Mato Grosso,4865883,866409,3218675,1069957,780799,186895,0.178057918778565,0.661478091437875,0.219889586329963,0.16046398978356,0.0384092671360984
2047,51,MT,Mato Grosso,4898611,864776,3226256,1099330,807579,195718,0.176534940210603,0.658606286557557,0.224416676482374,0.164858773231841,0.0399537746516308
2048,51,MT,Mato Grosso,4930087,863189,3232817,1127869,834081,204547,0.175085956900963,0.655732241641983,0.228772636263823,0.169181801457053,0.0414895315234802
2049,51,MT,Mato Grosso,4960272,861551,3238401,1155584,860320,213416,0.173690273436618,0.65286762500121,0.23296786950393,0.173442101562172,0.0430250599160691
2050,51,MT,Mato Grosso,4989125,859785,3243194,1182661,886146,222354,0.172331821712224,0.650052664545386,0.237047778919149,0.17761551374239,0.0445677348232405
2051,51,MT,Mato Grosso,5016637,857920,3247321,1209369,911396,231348,0.171014964806104,0.647310339576095,0.241071658164623,0.181674695617801,0.0461161531121347
2052,51,MT,Mato Grosso,5042800,855983,3250849,1235897,935968,240413,0.16974359482827,0.644651582454192,0.24508150233997,0.185604822717538,0.0476745062266994
2053,51,MT,Mato Grosso,5067585,853905,3253977,1262296,959703,249501,0.168503340348509,0.642115919121238,0.249092220456095,0.189380740530253,0.0492346946326505
2054,51,MT,Mato Grosso,5090934,851556,3256760,1288427,982618,258667,0.167269110147568,0.639717584238963,0.253082636702813,0.193013305613469,0.0508093406828688
2055,51,MT,Mato Grosso,5112806,848896,3259004,1314118,1004906,268112,0.16603328974344,0.637419843428442,0.257024811815664,0.196546866828117,0.0524393063222035
2056,51,MT,Mato Grosso,5133213,845982,3260406,1339098,1026825,278085,0.164805551610658,0.635158915088854,0.26086936193764,0.200035533300488,0.0541736725127128
2057,51,MT,Mato Grosso,5152176,842852,3260768,1363167,1048556,288731,0.163591461161265,0.632891422963812,0.264580829536879,0.203517115874924,0.0560405933337681
2058,51,MT,Mato Grosso,5169662,839431,3260072,1386305,1070159,300077,0.162376379732369,0.630616082830947,0.268161632230502,0.207007537436683,0.058045767789074
2059,51,MT,Mato Grosso,5185637,835669,3258471,1408543,1091497,312017,0.16115069373348,0.628364654139887,0.271623910427976,0.210484652126634,0.060169464233613
2060,51,MT,Mato Grosso,5200094,831575,3256118,1429813,1112401,324322,0.159915378452774,0.626165219321035,0.274959068047616,0.213919402226191,0.0623684879542562
2061,51,MT,Mato Grosso,5213059,827219,3253228,1449434,1132612,336649,0.158682071313599,0.624053554736288,0.27803905537996,0.217264373950113,0.064578014559206
2062,51,MT,Mato Grosso,5224557,822640,3249984,1467480,1151933,348741,0.157456412093887,0.622059248276935,0.280881230695732,0.220484339629178,0.066750348402745
2063,51,MT,Mato Grosso,5234598,817813,3246429,1484201,1170356,360523,0.156232245532513,0.620186879680159,0.283536768248488,0.223580874787328,0.0688731016211751
2064,51,MT,Mato Grosso,5243192,812777,3242501,1499932,1187914,372006,0.155015685101747,0.618421183126614,0.286072300995272,0.226563131771638,0.0709502913492392
2065,51,MT,Mato Grosso,5250347,807581,3238222,1514935,1204544,383084,0.153814785956052,0.616763425350743,0.288539976500601,0.229421788693204,0.0729635584086157
2066,51,MT,Mato Grosso,5256097,802253,3234250,1532596,1219594,393651,0.152632837635987,0.615333012309324,0.291584420911562,0.232034150054689,0.0748941657659666
2067,51,MT,Mato Grosso,5260473,796803,3230507,1546898,1233163,403640,0.151469839309127,0.614109605733173,0.294060629148748,0.234420554957701,0.07673074265375
2068,51,MT,Mato Grosso,5263493,791268,3226749,1559872,1245476,412946,0.150331348403047,0.613043277534519,0.296356810961846,0.236625374062433,0.0784547447863995
2069,51,MT,Mato Grosso,5265186,785724,3222585,1573094,1256877,421601,0.14923005569034,0.612055300610463,0.298772730915869,0.238714643699197,0.0800733345412679
2070,51,MT,Mato Grosso,5265603,780239,3217720,1584543,1267644,429779,0.148176571610127,0.611082909212867,0.300923370029985,0.240740519177006,0.0816200917539739
2000,52,GO,Goiás,5142445,1539531,3351911,380121,251003,45862,0.299377241759513,0.651812707768386,0.0739183404003349,0.0488100504721003,0.0089183258158327
2001,52,GO,Goiás,5253910,1545795,3446391,395177,261724,47795,0.294218020483792,0.655966889421402,0.075215791667539,0.0498150900948056,0.0090970343991427
2002,52,GO,Goiás,5363945,1550201,3540636,410555,273108,49598,0.289003895453812,0.660080593667534,0.076539748263638,0.0509155108786537,0.0092465526771807
2003,52,GO,Goiás,5472469,1553085,3634370,426359,285014,51362,0.283799688952098,0.664118883085496,0.0779098063415252,0.052081427962406,0.0093855259847063
2004,52,GO,Goiás,5579832,1554580,3727871,442958,297381,53222,0.278606954474615,0.668097354902441,0.0793855442242705,0.0532956906229435,0.0095382800055628
2005,52,GO,Goiás,5686497,1554449,3821837,460746,310211,55285,0.273357921405744,0.672089864814841,0.0810245745315614,0.0545522137794146,0.0097221540783368
2006,52,GO,Goiás,5793069,1552748,3916855,479862,323466,57593,0.268035474806187,0.676127800307574,0.0828338139939296,0.0558367248862391,0.0099417079271798
2007,52,GO,Goiás,5896546,1546515,4012901,500236,337130,60120,0.262274728290087,0.680551122640271,0.0848354273840991,0.0571741490696418,0.0101957993713608
2008,52,GO,Goiás,5998618,1538213,4109195,521796,351210,62834,0.256427897225661,0.685023617106474,0.0869860357835755,0.0585484856678655,0.0104747460164991
2009,52,GO,Goiás,6099136,1528515,4204746,544558,365875,65692,0.25061172598873,0.689400269152877,0.0892844494695642,0.0599880048583931,0.0107707058835874
2010,52,GO,Goiás,6184917,1516092,4287534,568527,381291,68641,0.245127299202237,0.693224177462689,0.0919215245734098,0.0616485233350747,0.0110981279134385
2011,52,GO,Goiás,6263998,1504708,4361775,593680,397515,71673,0.240215274653664,0.696324456042291,0.0947765308992755,0.0634602693040451,0.0114420534617029
2012,52,GO,Goiás,6351217,1495250,4441261,620216,414706,74884,0.235427320464724,0.699277162156481,0.0976530954618619,0.0652955173787953,0.0117904962151348
2013,52,GO,Goiás,6441772,1486883,4521802,648399,433087,78431,0.230818942365548,0.70195002244724,0.100655378675309,0.0672310351872125,0.0121753765889262
2014,52,GO,Goiás,6535659,1482173,4600861,678211,452625,82356,0.226782486662783,0.703962829150052,0.103770866870502,0.0692546841871646,0.0126010246250608
2015,52,GO,Goiás,6630429,1481152,4675795,709831,473482,86709,0.223387053839201,0.705202483881511,0.107056572055896,0.0714104622792884,0.0130774343560575
2016,52,GO,Goiás,6720503,1479033,4745735,743355,495735,91575,0.220077723348981,0.706157708731028,0.110610024279433,0.0737645679199905,0.0136262122046519
2017,52,GO,Goiás,6805532,1475902,4810160,778800,519470,96937,0.216867983281836,0.70680146680671,0.114436314457121,0.0763305499114544,0.0142438533828068
2018,52,GO,Goiás,6888446,1475202,4868711,815850,544533,102559,0.214155993964386,0.706793810969847,0.118437453091742,0.0790501950657666,0.0148885539641307
2019,52,GO,Goiás,6974736,1475643,4928238,854299,570855,108209,0.211569728230574,0.706584163185531,0.122484779352222,0.0818461085838948,0.0155144223379924
2020,52,GO,Goiás,7060290,1474940,4988522,891976,596828,113195,0.208906433021873,0.706560495390416,0.12633702015073,0.084533071587711,0.0160326275549588
2021,52,GO,Goiás,7133954,1472034,5041643,926060,620277,116817,0.206341952863727,0.706710892725128,0.129810200626469,0.0869471544111442,0.0163747901934888
2022,52,GO,Goiás,7201254,1469954,5085584,962182,645716,120629,0.204124726054657,0.706208113198062,0.133613117937515,0.089667160747281,0.0167511102927351
2023,52,GO,Goiás,7274463,1469059,5128770,1004620,676634,126078,0.201947415225014,0.705037608961651,0.138102290162174,0.093014975813335,0.0173315885997358
2024,52,GO,Goiás,7350483,1468463,5171907,1049662,710113,132556,0.199777756101198,0.703614578797067,0.142801772346117,0.0966076651017355,0.0180336448638817
2025,52,GO,Goiás,7423629,1466456,5212280,1095819,744893,139647,0.197538966454277,0.702120216406289,0.147612306595602,0.100340817139434,0.0188111501800534
2026,52,GO,Goiás,7495033,1460474,5253717,1142787,780842,147260,0.194858915230927,0.700959822324998,0.152472577505663,0.104181262444075,0.0196476786693267
2027,52,GO,Goiás,7564776,1452154,5294755,1190351,817867,155308,0.191962590828863,0.699922244888679,0.157354427943405,0.108115164282459,0.0205304162344001
2028,52,GO,Goiás,7632921,1442049,5334939,1238420,855933,163758,0.18892492140296,0.69893806054065,0.162247192129985,0.11213701805639,0.0214541720004701
2029,52,GO,Goiás,7699569,1427480,5377063,1287088,895026,172756,0.18539739042536,0.698358960092442,0.167163642536355,0.116243649482198,0.0224371000506652
2030,52,GO,Goiás,7764794,1409088,5420663,1336464,935043,182450,0.181471395120077,0.698107766928524,0.172118410353192,0.1204208379514,0.0234970818285714
2031,52,GO,Goiás,7828105,1392390,5460007,1386638,975708,192760,0.177870634080662,0.697487706156215,0.177135845776213,0.124641659763123,0.0246240948479868
2032,52,GO,Goiás,7888942,1377294,5494836,1437667,1016812,203626,0.174585388002599,0.696523817769227,0.182238251973459,0.128890794228174,0.0258115727051866
2033,52,GO,Goiás,7947319,1359742,5529325,1489393,1058252,215060,0.171094428196477,0.69574720732866,0.187408231631321,0.133158364474863,0.0270606980794404
2034,52,GO,Goiás,8003283,1342002,5561172,1541804,1100109,227186,0.167681437729992,0.694861346275022,0.19264644271607,0.137457215994986,0.0283866008486767
2035,52,GO,Goiás,8056841,1327167,5587183,1595204,1142491,240129,0.164725479874805,0.693470679140869,0.197993729800551,0.141803840984326,0.0298043612875071
2036,52,GO,Goiás,8107945,1315076,5607405,1649892,1185464,253842,0.16219596950892,0.691593862563202,0.203490773556061,0.146210167927878,0.031307809808774
2037,52,GO,Goiás,8156542,1304474,5622989,1706018,1229079,268259,0.159929783969726,0.689383932553771,0.209159469785112,0.150686283476503,0.0328888148923894
2038,52,GO,Goiás,8202616,1292791,5636650,1763605,1273175,283261,0.157607158496753,0.687177115203247,0.215005188588616,0.1552157263,0.034533007518577
2039,52,GO,Goiás,8246208,1281571,5646891,1822351,1317746,298842,0.15541337303158,0.684786389089385,0.220992606541091,0.159800237879035,0.0362399299168782
2040,52,GO,Goiás,8287291,1272357,5651843,1881677,1363091,314999,0.15353111167449,0.681989204916299,0.227055741134226,0.164479683409211,0.0380098876701687
2041,52,GO,Goiás,8325830,1263869,5652460,1940726,1409501,331628,0.151800961585812,0.678906487401256,0.233097000539286,0.169292551012932,0.0398312240341203
2042,52,GO,Goiás,8361856,1255980,5648735,1998840,1457141,348662,0.15020349549191,0.67553602932172,0.23904262402988,0.17426047518637,0.041696723789551
2043,52,GO,Goiás,8395379,1248639,5640695,2055808,1506045,366042,0.148729318831228,0.671880924017844,0.244873757337221,0.179389757150928,0.0436004139896484
2044,52,GO,Goiás,8426419,1241776,5628724,2111600,1555919,383766,0.14736698946492,0.667985297194455,0.250592808166791,0.184647713340625,0.0455431898176438
2045,52,GO,Goiás,8454944,1235268,5613452,2165922,1606224,401775,0.146100080615555,0.663925390871897,0.256172246676028,0.189974528512548,0.0475195341329286
2046,52,GO,Goiás,8480887,1228990,5595749,2218433,1656148,419872,0.14491290828424,0.659807046126189,0.261580304041311,0.195280045589571,0.0495080290540364
2047,52,GO,Goiás,8504198,1222854,5576289,2268908,1705055,437921,0.143794159072966,0.655710156325147,0.266798585827846,0.200495684601887,0.0514946853307037
2048,52,GO,Goiás,8524915,1216821,5555334,2317083,1752760,455870,0.142737024357428,0.651658579587011,0.271801302417678,0.205604396055562,0.0534750199855365
2049,52,GO,Goiás,8543021,1210789,5532980,2363004,1799252,473798,0.141728435409441,0.647660821622702,0.276600514033619,0.210610742967856,0.0554602405870242
2050,52,GO,Goiás,8558477,1204650,5509569,2407066,1844258,491821,0.14075518342808,0.643755775706355,0.281249339105544,0.215489040865565,0.0574659486728772
2051,52,GO,Goiás,8571243,1198343,5485426,2449855,1887474,510028,0.139809710213559,0.639980222238478,0.285822604726059,0.220210067547962,0.0595045549402811
2052,52,GO,Goiás,8581327,1191885,5460737,2491791,1928705,528488,0.138892854217069,0.636351114460502,0.290373621702098,0.224756031322428,0.0615858130100391
2053,52,GO,Goiás,8588731,1185219,5435815,2532888,1967697,547112,0.137996986982128,0.632900832497839,0.2949082932042,0.229102180520033,0.0637011451400678
2054,52,GO,Goiás,8593405,1178201,5410691,2572987,2004513,565922,0.137105256880131,0.629632956901252,0.299414143753262,0.233261786218618,0.0658553856125715
2055,52,GO,Goiás,8595328,1170779,5385001,2612058,2039548,585160,0.13621109049009,0.626503258514393,0.303892765930515,0.237285650995518,0.0680788446933032
2056,52,GO,Goiás,8594509,1163014,5358117,2650006,2073378,605058,0.135320586667604,0.623434916410001,0.308337102212587,0.241244496922395,0.0704005313159833
2057,52,GO,Goiás,8591041,1154989,5329629,2686723,2106423,625749,0.134441099745654,0.620370569759823,0.312735441490734,0.245188330494523,0.0728373895550027
2058,52,GO,Goiás,8584928,1146661,5299555,2722289,2138712,647255,0.133566757927382,0.617309195837169,0.317100970444947,0.249124046235449,0.0753943422705467
2059,52,GO,Goiás,8576156,1137954,5268110,2756636,2170092,669364,0.132688118079942,0.614274040724073,0.321430253834002,0.253037841195986,0.0780494198099941
2060,52,GO,Goiás,8564760,1128898,5235323,2789030,2200539,691663,0.131807312755991,0.611263246138829,0.325640181394458,0.25692944110518,0.0807568454924598
2061,52,GO,Goiás,8550848,1119625,5201241,2818879,2229982,713544,0.130937305867208,0.608271951507032,0.32966075411468,0.260790742625761,0.0834471621995854
2062,52,GO,Goiás,8534528,1110233,5165984,2846154,2258311,734547,0.130087217477053,0.605304007438959,0.333486983697282,0.264608775083988,0.0860676770877077
2063,52,GO,Goiás,8515843,1100725,5129510,2870946,2285608,754542,0.129256140584085,0.602349056928363,0.337129982316489,0.268394802487552,0.0886044986973104
2064,52,GO,Goiás,8494839,1091116,5091893,2893434,2311830,773555,0.128444576760078,0.599410183053499,0.340610810869988,0.272145240186424,0.0910617611469741
2065,52,GO,Goiás,8471590,1081496,5053825,2913714,2336269,791410,0.127661513364079,0.596561566364756,0.343939449383174,0.275776920271165,0.0934192990926143
2066,52,GO,Goiás,8446205,1071960,5015867,2932226,2358378,807918,0.126916171227196,0.593860437912648,0.347164910157876,0.279223390860156,0.095654557283419
2067,52,GO,Goiás,8418786,1062558,4978078,2946161,2378150,822982,0.126212734235079,0.59130591987966,0.349950812385539,0.282481345885262,0.0977554245944724
2068,52,GO,Goiás,8389411,1053327,4940378,2957793,2395706,836472,0.125554344637544,0.588882580672231,0.352562653087326,0.285563074690226,0.0997056885161545
2069,52,GO,Goiás,8358153,1044356,4902558,2967181,2411239,848486,0.124950572213741,0.586559973238107,0.355004389127598,0.288489454548152,0.10151596889887
2070,52,GO,Goiás,8325116,1035706,4864515,2974167,2424895,859408,0.124407395644697,0.584317984277937,0.357252319367082,0.291274620077366,0.103230753781689
2000,53,DF,Distrito Federal,2185722,663430,1444351,123216,77941,13304,0.303528994080674,0.660811850729416,0.0563731343693297,0.0356591551899098,0.0060867759028824
2001,53,DF,Distrito Federal,2246785,670327,1493856,129561,82602,14074,0.298349419281329,0.664886048286774,0.0576650636353723,0.0367645324318971,0.0062640617593583
2002,53,DF,Distrito Federal,2304285,675791,1540910,135963,87584,14842,0.293275788368192,0.668715024400194,0.0590044200261686,0.0380091872316141,0.0064410435341114
2003,53,DF,Distrito Federal,2358214,680102,1585322,142531,92790,15651,0.288397066593617,0.672255359352459,0.0604402314633023,0.0393475740539239,0.0066368022579799
2004,53,DF,Distrito Federal,2408645,683358,1627232,149416,98055,16517,0.283710550952922,0.675579838456892,0.0620332178465486,0.0407096105901866,0.006857382470227
2005,53,DF,Distrito Federal,2455721,685398,1667015,156761,103308,17505,0.279102552773707,0.678829150379868,0.0638350203463667,0.0420682968464251,0.0071282527616125
2006,53,DF,Distrito Federal,2499801,686208,1705050,164608,108543,18603,0.274505050602028,0.682074293113732,0.0658484415359463,0.0434206562842402,0.0074417923666723
2007,53,DF,Distrito Federal,2539867,684606,1741448,172944,113813,19775,0.269544035179795,0.68564535072112,0.0680917544107625,0.0448106140990847,0.0077858407546536
2008,53,DF,Distrito Federal,2576812,681289,1776290,181787,119233,20998,0.264392202457921,0.689336280644455,0.0705472498575759,0.0462715168976239,0.0081488288629515
2009,53,DF,Distrito Federal,2612218,677164,1810050,191212,125004,22257,0.259229513003892,0.69291690050371,0.0731990974719568,0.0478535864923984,0.008520345545433
2010,53,DF,Distrito Federal,2643977,672266,1840436,201263,131275,23542,0.254263180050356,0.69608623675622,0.0761213127043087,0.0496505831934241,0.008904010889656
2011,53,DF,Distrito Federal,2673022,666619,1868291,212010,138112,24880,0.24938777159335,0.698943368217695,0.0793147231859671,0.0516688601889547,0.0093078171447896
2012,53,DF,Distrito Federal,2702947,660597,1896833,223472,145517,26301,0.244398798792577,0.701764777481763,0.082677166810892,0.0538364237256594,0.0097304904609672
2013,53,DF,Distrito Federal,2733626,654901,1925221,235579,153504,27862,0.239572275066158,0.704273737519324,0.0861782116500209,0.0561539874145183,0.0101923233097724
2014,53,DF,Distrito Federal,2764386,649570,1952785,248187,162031,29599,0.23497803852284,0.706408222296018,0.0897801537122529,0.0586137391811418,0.0107072601293741
2015,53,DF,Distrito Federal,2794821,645174,1978566,261227,171081,31528,0.230846268866593,0.707940150728794,0.0934682400053528,0.0612135804046127,0.0112808655724284
2016,53,DF,Distrito Federal,2823570,640677,2002144,274727,180749,33676,0.226903175766848,0.709082473606109,0.0972977471782177,0.0640143506270431,0.0119267452197041
2017,53,DF,Distrito Federal,2850314,635778,2023393,288829,191143,36081,0.223055424770745,0.709884244332379,0.101332344436438,0.0670603308968766,0.0126586053326055
2018,53,DF,Distrito Federal,2875413,631208,2042036,303578,202169,38655,0.219519074303413,0.710171373642673,0.105577181434458,0.0703095520539136,0.0134432862340123
2019,53,DF,Distrito Federal,2899708,625972,2060131,318993,213605,41214,0.215874150086836,0.710461536127086,0.110008662941234,0.0736643137860778,0.0142131552556326
2020,53,DF,Distrito Federal,2921417,619103,2077862,334073,224452,43366,0.211918736695241,0.711251423538646,0.114353069075726,0.0768298397661135,0.0148441663754267
2021,53,DF,Distrito Federal,2938025,610236,2093580,348214,234209,44979,0.207702793543282,0.712580730252465,0.118519753916321,0.0797164762042529,0.0153092638762434
2022,53,DF,Distrito Federal,2952426,600619,2106805,363942,245002,46867,0.203432363757805,0.713584354019373,0.123268796576104,0.0829832822228229,0.0158740642441165
2023,53,DF,Distrito Federal,2967543,590413,2119340,382223,257790,49454,0.198956847466069,0.714173307682483,0.128801166486888,0.0868698448514478,0.0166649649221595
2024,53,DF,Distrito Federal,2982818,580034,2131318,401534,271466,52486,0.194458394712651,0.71453169452511,0.13461565539701,0.0910099107622389,0.0175961121328891
2025,53,DF,Distrito Federal,2996899,569143,2141908,421412,285848,55874,0.189910637629096,0.714708103276086,0.140616016755987,0.0953812590948177,0.0186439382842064
2026,53,DF,Distrito Federal,3009996,558023,2151068,441633,300905,59571,0.185389947362056,0.714641481251138,0.146722121889863,0.0999685713868058,0.0197910562007391
2027,53,DF,Distrito Federal,3022201,546970,2158690,462031,316541,63496,0.180983991468469,0.714277442168804,0.152878977936941,0.104738566362727,0.0210098534147795
2028,53,DF,Distrito Federal,3033601,535232,2165682,482565,332687,67630,0.176434540995998,0.71389810327726,0.159073325727411,0.109667355726742,0.0222936371658633
2029,53,DF,Distrito Federal,3044254,522794,2172027,503301,349433,72022,0.171731399548132,0.713484157366632,0.16532818877794,0.114784443085235,0.0236583412553617
2030,53,DF,Distrito Federal,3054218,509457,2178109,524363,366652,76712,0.166804399685943,0.71314784995701,0.171684863359459,0.120047750357047,0.0251167401933981
2031,53,DF,Distrito Federal,3063518,496626,2182745,545881,384147,81707,0.162109705247366,0.712496221664113,0.178187626121342,0.125394073088521,0.0266709710861826
2032,53,DF,Distrito Federal,3072159,484702,2185687,567944,401770,86968,0.157772433002328,0.7114498305589,0.184868035801532,0.130777736438772,0.0283084306508875
2033,53,DF,Distrito Federal,3080129,472650,2188017,590477,419462,92422,0.153451365186328,0.710365377553992,0.191705282473559,0.13618325725968,0.0300058861171074
2034,53,DF,Distrito Federal,3087432,461568,2188581,613459,437283,98019,0.149499001111603,0.708867758059125,0.198695550217786,0.141633240829272,0.0317477437559758
2035,53,DF,Distrito Federal,3094049,452732,2185969,637077,455348,103736,0.146323474515109,0.706507556926215,0.205903978896262,0.147168968558675,0.0335275879599838
2036,53,DF,Distrito Federal,3099934,445878,2180293,661529,473763,109518,0.143834675189859,0.703335296815997,0.213400994988926,0.152830027994144,0.0353291392655457
2037,53,DF,Distrito Federal,3105046,440491,2171957,686909,492598,115380,0.141862954687306,0.699492696726554,0.221223453694406,0.15864434858614,0.0371588697880804
2038,53,DF,Distrito Federal,3109385,436087,2161501,713244,511797,121392,0.140248634376251,0.695153864831792,0.229384267306879,0.164597500791957,0.0390405176586367
2039,53,DF,Distrito Federal,3112919,432121,2149454,740303,531344,127657,0.138815369111757,0.690494677182413,0.237816338941039,0.17068995370583,0.0410087766498261
2040,53,DF,Distrito Federal,3115617,428749,2135448,767608,551420,134265,0.137612870901654,0.685401318583125,0.246374313659221,0.176985810515221,0.0430941928998333
2041,53,DF,Distrito Federal,3117386,425696,2119463,794473,572227,141206,0.136555434585258,0.679884685438377,0.254852302538088,0.183559879976365,0.0452962834887948
2042,53,DF,Distrito Federal,3118159,422781,2101498,820391,593880,148415,0.135586735634713,0.673954727773664,0.26310107983589,0.190458536591623,0.0475969955348653
2043,53,DF,Distrito Federal,3117914,419896,2081629,845203,616389,155826,0.134672091661284,0.66763515606909,0.271079638501896,0.197692752269626,0.049977645310294
2044,53,DF,Distrito Federal,3116662,416957,2060162,868903,639543,163515,0.13378319496949,0.661015535210427,0.278792823860913,0.205201269820083,0.0524647844392494
2045,53,DF,Distrito Federal,3114389,413890,2037611,891302,662888,171382,0.13289605119977,0.654257062942362,0.286188398430639,0.212846885857868,0.0550290923837709
2046,53,DF,Distrito Federal,3111067,410629,2014682,912189,685756,179273,0.131989764283444,0.647585538980678,0.293207764410088,0.220424696735879,0.0576242813157029
2047,53,DF,Distrito Federal,3106713,407152,1991885,931467,707676,187099,0.131055556145676,0.641155137278532,0.299823961852929,0.227789306575792,0.0602241018079237
2048,53,DF,Distrito Federal,3101324,403443,1969387,948980,728494,194818,0.130087343341102,0.63501491620998,0.305991892494947,0.234897740448918,0.062817686897596
2049,53,DF,Distrito Federal,3094891,399494,1947199,964764,748198,202488,0.129081767338494,0.629165615202603,0.311727941307141,0.241752617458902,0.065426536831184
2050,53,DF,Distrito Federal,3087388,395285,1925502,979124,766601,210204,0.128032174770388,0.623666996179295,0.317136686415831,0.248300829050317,0.0680847370009859
2051,53,DF,Distrito Federal,3078816,390821,1904488,992544,783507,218063,0.126938732291894,0.618578050783158,0.322378472763556,0.254483216924948,0.0708269022897114
2052,53,DF,Distrito Federal,3069173,386144,1884219,1005360,798810,226130,0.125813696393133,0.613917495038566,0.327567067741049,0.260268808568302,0.0736778278708955
2053,53,DF,Distrito Federal,3058470,381272,1864842,1017641,812356,234363,0.124661023322119,0.609730355373765,0.332728782692,0.265608621304116,0.076627529451
2054,53,DF,Distrito Federal,3046699,376210,1846286,1029291,824203,242756,0.123481184061832,0.605995538121751,0.337838099530016,0.270523277816417,0.0796783666519075
2055,53,DF,Distrito Federal,3033867,370993,1828223,1040327,834651,251460,0.122283870716811,0.602604860397638,0.342904616451545,0.275111268885551,0.0828843189236707
2056,53,DF,Distrito Federal,3020003,365662,1810156,1050719,844185,260628,0.121080012172173,0.599388808554164,0.347919853059749,0.279531179273663,0.0863005765226061
2057,53,DF,Distrito Federal,3005159,360283,1791733,1060422,853143,270337,0.119888165651135,0.59621903533224,0.352867186062368,0.283892799016624,0.0899576361849739
2058,53,DF,Distrito Federal,2989362,354878,1772874,1069528,861610,280598,0.11871362518156,0.593060994285737,0.357778014171586,0.288225380532702,0.0938655137785253
2059,53,DF,Distrito Federal,2972623,349467,1753658,1078066,869498,291236,0.117561830073978,0.589936228038335,0.362664892251725,0.292501941887686,0.0979727331720168
2060,53,DF,Distrito Federal,2954991,344094,1734067,1085754,876830,301898,0.116445024705659,0.586826491180515,0.367430560702215,0.296728484113826,0.102165454987849
2061,53,DF,Distrito Federal,2936530,338822,1714118,1092340,883590,312079,0.115381760104613,0.583722284464998,0.37198325915281,0.300895955430389,0.10627475285456
2062,53,DF,Distrito Federal,2917294,333697,1693854,1097811,889743,321403,0.114385797249095,0.58062505870166,0.376311403650095,0.304989144049246,0.110171617944575
2063,53,DF,Distrito Federal,2897313,328751,1673192,1102240,895370,329774,0.113467547344729,0.57749784024025,0.380435251558944,0.30903461241502,0.113820633117651
2064,53,DF,Distrito Federal,2876631,324001,1652112,1105723,900518,337198,0.112632103318083,0.574321836898789,0.384381243197337,0.313046059783128,0.117219761589165
2065,53,DF,Distrito Federal,2855286,319480,1630884,1108330,904922,343567,0.111890717777484,0.57118061027862,0.388167770233875,0.316928671943896,0.120326650290023
2066,53,DF,Distrito Federal,2833335,315214,1609766,1110411,908355,348767,0.111251934557686,0.568152371675075,0.391909534170862,0.320595693767239,0.123094162885787
2067,53,DF,Distrito Federal,2810837,311215,1588795,1111092,910827,352757,0.110719689544431,0.565239108493306,0.395288663127745,0.324041201962262,0.125498917226435
2068,53,DF,Distrito Federal,2787832,307476,1567924,1110755,912432,355468,0.110292155337911,0.562416960562903,0.398429675819777,0.327290884099185,0.127506965986473
2069,53,DF,Distrito Federal,2764372,304019,1547058,1109744,913295,356992,0.109977600699182,0.559641755885243,0.401445246877048,0.330380643415575,0.129140361716875
2070,53,DF,Distrito Federal,2740519,300834,1526179,1108129,913506,357639,0.109772637956533,0.556894150341596,0.404350051942716,0.333333211701871,0.130500463598318
