ano,codigo,sigla,local,populacao_total,taxa_crescimento,expectativa_vida,expectativa_vida_60,taxa_fecundidade,razao_dependencia_jovens,razao_dependencia_idosos,razao_dependencia_total,indice_envelhecimento,idade_media,idade_mediana
2000,0,BR,Brasil,174695935,,71.1021851042547,20.1090018905812,2.3155517895268,48.7471473054905,14.2062076151097,62.9533549206002,29.1426440322377,28.3145171695037,25.2869410147299
2001,0,BR,Brasil,177003743,1.32104275923763,71.5027966404542,20.2558320641026,2.14924203594853,47.5317159554587,14.3076316244953,61.839347579954,30.1012310136305,28.5729423755745,25.5952232568131
2002,0,BR,Brasil,179228254,1.25675929915223,71.8244059159639,20.3610732224064,2.06661403313265,46.3464503417841,14.419913688351,60.7663640301351,31.1133076686794,28.845195858461,25.923453687501
2003,0,BR,Brasil,181377654,1.19925288118914,72.1035681076896,20.4403268928589,2.01634532639523,45.2130847581212,14.5503569422002,59.7634417003215,32.1817390254193,29.1282551598115,26.2782052954632
2004,0,BR,Brasil,183469593,1.15336093166141,72.587443501497,20.6296278934181,1.96995957136935,44.1402127986468,14.7114336598528,58.8516464584996,33.3288689090866,29.4202453918345,26.6502726624741
2005,0,BR,Brasil,185518369,1.11668422352689,73.015394536527,20.8183910384132,1.94928267668919,43.1175708504369,14.9118491844999,58.0294200349368,34.5841588252385,29.7200749323103,27.0357185490466
2006,0,BR,Brasil,187535030,1.08704114361851,73.4913550552766,21.0439126005665,1.87984550086694,42.1276871078119,15.1522373985074,57.2799245063192,35.9674087013849,30.0259408495575,27.4410222613295
2007,0,BR,Brasil,189458827,1.02583341362945,73.733527453868,21.1380529152195,1.81702088651371,41.108317300327,15.4270335762557,56.5353508765827,37.5277671025786,30.3452775995494,27.8603880485094
2008,0,BR,Brasil,191335196,0.9903835201090953,73.9617467555156,21.2546132541115,1.81683311554532,40.1063846128873,15.7327896868789,55.8391742997662,39.2276437747607,30.6677696663817,28.2908683656976
2009,0,BR,Brasil,193174036,0.961056846018016,74.1409498399448,21.3306150820269,1.77279964643842,39.1394213583655,16.0684553913022,55.2078767496677,41.0544020162621,30.9909543278373,28.7241541637863
2010,0,BR,Brasil,194749329,0.815478639168665,74.3604259197093,21.4051862998347,1.74571102459612,38.2190777863864,16.4546772488077,54.6737550351941,43.0535695831698,31.3266962835081,29.1771712545837
2011,0,BR,Brasil,196158610,0.723638436772234,74.5367059052758,21.5150487782921,1.7696171333789,37.3733996688571,16.8883148597015,54.2617145285587,45.1880615874889,31.6646394313255,29.6376275267471
2012,0,BR,Brasil,197670620,0.770809907349967,74.7565388954452,21.6503889461581,1.75698467190251,36.5661319792126,17.3423778235032,53.9085098027158,47.4274332143255,31.9943632442697,30.0874528496664
2013,0,BR,Brasil,199226702,0.7872095509185989,74.9991901710197,21.8116626327031,1.7505649875546,35.7824253019148,17.8221958257803,53.6046211276951,49.8071208851976,32.3219073364975,30.5341647475806
2014,0,BR,Brasil,200811131,0.795289478816952,75.1981752438586,21.8772590201852,1.78994618138214,35.0677679690692,18.3327055186375,53.4004734877066,52.2779366363079,32.6415829210185,30.9726230191104
2015,0,BR,Brasil,202403642,0.793039206576651,75.3487176945349,21.9153369679256,1.82366084069548,34.4751044970887,18.8792289604084,53.3543334574971,54.7619194656906,32.9491130451101,31.4026984445338
2016,0,BR,Brasil,203871925,0.725423211505261,75.5531758399377,21.9914464652121,1.71855053311857,33.938033891006,19.4671482522065,53.4051821432125,57.3608604279387,33.2655005636504,31.840508474527
2017,0,BR,Brasil,205211557,0.657094889352705,75.7228398564015,22.1022493514845,1.75866754164944,33.4508373829334,20.0995144789827,53.5503518619161,60.0867304124275,33.591842383419,32.2879434803493
2018,0,BR,Brasil,206529038,0.642011112463803,75.9902268405237,22.2067809728665,1.77923455058482,33.076060205011,20.776070023345,53.852130228356,62.8130130812782,33.9111158354401,32.7288229005876
2019,0,BR,Brasil,207900099,0.663858706396536,76.2211006556923,22.254799621507,1.72939750347996,32.7245052211284,21.4724204763481,54.1969256974765,65.6157223195679,34.2274693048607,33.1588570117555
2020,0,BR,Brasil,209164889,0.608364308667309,74.8090053456845,21.1696147339719,1.66349379144432,32.3410390952189,22.1419246187879,54.4829637140068,68.4638627522057,34.5380401583556,33.5717801005236
2021,0,BR,Brasil,210103642,0.448810029488267,72.7843019207654,20.0840385466633,1.63670199704343,31.9541599071346,22.7554849085788,54.7096448157133,71.2129030295614,34.8290491128183,33.9595256497703
2022,0,BR,Brasil,210862983,0.361412583224041,75.448044104081,21.6193857538322,1.57625383660638,31.6028205002464,23.4273377545884,55.0301582548348,74.1305281736031,35.1394318745837,34.3645155433075
2023,0,BR,Brasil,211695158,0.3946520096417269,76.3884546784577,22.4707736848205,1.57053296169407,31.2265056799917,24.2177662665614,55.4442719465531,77.5551594364878,35.4898990179076,34.8087947097212
2024,0,BR,Brasil,212583750,0.419750743661318,76.6057109845871,22.5909397271293,1.54680260681053,30.8410707155661,25.0584928393582,55.8995635549243,81.2503984393471,35.8504918367467,35.2511418612686
2025,0,BR,Brasil,213421037,0.3938621837275889,76.8177485210878,22.7076513090262,1.52847110399664,30.4720689849309,25.919187119983,56.3912561049139,85.0588357909027,36.2133286982389,35.6912944319663
2026,0,BR,Brasil,214211951,0.370588584479603,77.0272472172583,22.8221434534438,1.51291796111521,30.0634056259973,26.7754263515832,56.8388319775805,89.063184273538,36.5767573584165,36.128295846246
2027,0,BR,Brasil,214959713,0.349075761884077,77.23414186838,22.9350107435848,1.49970775122188,29.6113237176677,27.6164866276859,57.2278103453536,93.2632626997641,36.9397556183004,36.5630245486499
2028,0,BR,Brasil,215667282,0.329163539588473,77.4386461242596,23.046586232741,1.48851452129397,29.1450743496672,28.4450830326896,57.5901573823567,97.5982517368819,37.3016013064049,36.9948896613702
2029,0,BR,Brasil,216337693,0.310854290823781,77.640714331391,23.1566948521825,1.47909330042681,28.62956986248,29.2573635838407,57.8869334463207,102.192815764876,37.661535888709,37.4259725973097
2030,0,BR,Brasil,216973093,0.293707486286277,77.8402061439966,23.2651601398667,1.4711477422993,28.0412726193537,30.0513283225025,58.0926009418562,107.168204276726,38.0186720203136,37.8535443875922
2031,0,BR,Brasil,217562970,0.271866429078371,78.0372520305259,23.3721354943434,1.46443451655583,27.4999801833308,30.860842879624,58.3608230629548,112.221327702376,38.3731121155406,38.2801536278335
2032,0,BR,Brasil,218096284,0.245130869467358,78.2319729941954,23.477705085614,1.4588086296593,27.0075148511689,31.6942866596311,58.7018015107999,117.35358412016,38.7251820026425,38.7058432132377
2033,0,BR,Brasil,218574144,0.219105062789615,78.4242408388393,23.5818691966023,1.45418582667768,26.4669244340895,32.5245922268974,58.9915166609869,122.887690664223,39.0744551377495,39.1302362730447
2034,0,BR,Brasil,218997707,0.193784585975543,78.613898232294,23.6844672173361,1.4504602919238,25.9477956229546,33.3722233449107,59.3200189678652,128.612942038853,39.4203899221648,39.553381171479
2035,0,BR,Brasil,219367247,0.168741492804769,78.8009254366711,23.785458674198,1.44749034183201,25.5242970451951,34.2750179340323,59.7993149792274,134.283885951266,39.7624118608737,39.9739565614313
2036,0,BR,Brasil,219681891,0.143432533481169,78.9854717882768,23.885090415936,1.44518318973101,25.1835276105473,35.2521747019044,60.4357023124517,139.981083059786,40.1001219531563,40.3926496225391
2037,0,BR,Brasil,219940741,0.117829466426067,79.1677481011686,23.9835114730292,1.4434392198299,24.9245519118301,36.3194932440923,61.2440451559223,145.717737966049,40.4333310625702,40.808199621757
2038,0,BR,Brasil,220144140,0.0924790009687149,79.3477760541043,24.0807368046454,1.4421463467947,24.727410156337,37.4792862282127,62.2066963845497,151.569800441102,40.7618126968994,41.2208293659586
2039,0,BR,Brasil,220292836,0.067544836760125,79.5253534422628,24.1766315001086,1.44130045598367,24.5676186878202,38.7194753461751,63.2870940339953,157.603697119293,41.0852751108075,41.6304451940208
2040,0,BR,Brasil,220386440,0.0424907144960462,79.7003977103764,24.2711084555258,1.44087517787648,24.4508279622489,40.0273998480528,64.4782278103017,163.705703176405,41.4035367647846,42.0366116320482
2041,0,BR,Brasil,220425299,0.0176322100397863,79.8729656758566,24.3642484086358,1.44079010146056,24.3654021263752,41.3747630475267,65.7401651739019,169.809481628621,41.7164857514835,42.4393396254195
2042,0,BR,Brasil,220410205,-0.0068476713283249,80.0432231983799,24.4561286150824,1.44103879114995,24.3031526084349,42.7383446943449,67.0414973027799,175.855146790757,42.0240548798546,42.8369796618414
2043,0,BR,Brasil,220341694,-0.0310834065056054,80.2112264384714,24.5467769077484,1.44157052095147,24.2603329326508,44.1129144772416,68.3732474098924,181.83144724231,42.3261483366829,43.2276581956444
2044,0,BR,Brasil,220220282,-0.0551016912849866,80.3768583685697,24.6361276320332,1.44231119216208,24.23403473315,45.4981613923288,69.7321961254788,187.744888101903,42.6226656952514,43.6078605276155
2045,0,BR,Brasil,220045691,-0.0792801636681273,80.5400817769388,24.7241440858602,1.44325952815709,24.2188084443474,46.8792720199786,71.098080464326,193.565559295383,42.9135648105011,43.9798178963667
2046,0,BR,Brasil,219817347,-0.103771175414658,80.7009733890919,24.8108681722686,1.44437528141621,24.209474651949,48.2379604690197,72.4474351209687,199.252404946905,43.1988966412191,44.3379760922735
2047,0,BR,Brasil,219535230,-0.128341554408806,80.8595717158026,24.8963618158883,1.44566301147302,24.2021929733643,49.5607514659499,73.7629444393142,204.777936943541,43.4787030992702,44.6880207422071
2048,0,BR,Brasil,219199916,-0.15273812772556,81.0159461802833,24.980704553545,1.44710309507604,24.1935091322593,50.8356046403813,75.0291137726406,210.120840108299,43.7530534409511,45.0296522858445
2049,0,BR,Brasil,218811421,-0.177233188355785,81.1701393108949,25.0639036379694,1.44863264834375,24.1814084218164,52.0632977370096,76.2447061588261,215.302999845279,44.0220811188827,45.3616419899709
2050,0,BR,Brasil,218369418,-0.202001795875184,81.3221364984106,25.1459507583841,1.45025586288853,24.1665443374443,53.2594440184171,77.4259883558614,220.385021849795,44.2859115052457,45.6876527426626
2051,0,BR,Brasil,217873978,-0.226881586504935,81.4719744682651,25.2268578319486,1.45195792655807,24.1520589278469,54.4492005999653,78.6012595278122,225.443308012082,44.5446222081648,46.0077763356943
2052,0,BR,Brasil,217325473,-0.251753332378224,81.6196235112954,25.3066049040283,1.4537387824893,24.1410318701728,55.6524003415427,79.7934322117154,230.53032960991,44.7982444837472,46.3222904721875
2053,0,BR,Brasil,216724289,-0.276628409776891,81.7649590159583,25.3850842724254,1.45560852155693,24.1326695782621,56.8719414212787,81.0046109995408,235.663697448984,45.0469313386466,46.6253399010973
2054,0,BR,Brasil,216070026,-0.301887251779154,81.9081091937246,25.4623615819576,1.45754421869391,24.1239067414622,58.1016845496011,82.2255912910633,240.846912451956,45.2909551878334,46.9177409401551
2055,0,BR,Brasil,215362623,-0.327395249167972,82.0490399392228,25.5383709440267,1.45954316690038,24.1139610267724,59.3422870352198,83.4562480619923,246.09099670243,45.5304367183529,47.2039335984906
2056,0,BR,Brasil,214603069,-0.352686083322828,82.1877855958931,25.6130754155578,1.46160437080089,24.1032892633883,60.5923906141063,84.6956798774946,251.386397731795,45.7652662273902,47.4860320634508
2057,0,BR,Brasil,213793298,-0.377334305503341,82.3243181059357,25.6864689350061,1.46371982210663,24.0926193014115,61.84908611179,85.9417054132015,256.713831476873,45.9952121464537,47.7615054689543
2058,0,BR,Brasil,212934075,-0.401894263308478,82.4586484774281,25.7585746325302,1.46589560458155,24.0821032335254,63.1153902019403,87.1974934354657,262.084210792999,46.2202499388602,48.0275197298535
2059,0,BR,Brasil,212025649,-0.426623122673064,82.5908342800889,25.8294133038444,1.46813536677373,24.0703509315872,64.387648968471,88.4579999000582,267.497757517012,46.4404601115028,48.2957761158887
2060,0,BR,Brasil,211069036,-0.451177961021121,82.7208909909906,25.8990192283876,1.47043043190104,24.0533098114354,65.6338141961784,89.6871240076138,272.868119650523,46.6556284361862,48.5651987186685
2061,0,BR,Brasil,210066029,-0.475203288463399,82.8489030977695,25.9674013519934,1.47278365277046,24.0267633835223,66.8098681600735,90.8366315435958,278.064369693224,46.865267410753,48.8339166358721
2062,0,BR,Brasil,209018787,-0.498529916991008,82.9748504025069,26.0345897778374,1.47518119821577,23.993066417734,67.9167176849849,91.9097841027189,283.068101852899,47.0688072216207,49.0985162661959
2063,0,BR,Brasil,207928784,-0.52148565956418,83.0987470096488,26.1006351791635,1.47761513389302,23.9551369128798,68.9649593987249,92.9200963116047,287.892152942131,47.265828712777,49.3677066199214
2064,0,BR,Brasil,206797115,-0.544257980174601,83.2206351436617,26.1655472534195,1.48009264319161,23.9165720967666,69.9708949100267,93.8874670067933,292.562389906564,47.4560787997453,49.6429073805136
2065,0,BR,Brasil,205625259,-0.56666941412602,83.3405063072604,26.2293158751846,1.48260776281623,23.8809504715322,70.9471532288678,94.8281037004,297.086806965417,47.6392070781538,49.9214668872512
2066,0,BR,Brasil,204415091,-0.588530808853593,83.4583725750924,26.2920726479501,1.48515623485603,23.8521164190984,71.908445177639,95.7605615967374,301.476162174279,47.814760109859,50.1840823942686
2067,0,BR,Brasil,203168549,-0.609809184782739,83.5742329623147,26.3537058893028,1.4877331169927,23.8194670354945,72.7688388715246,96.5883059070191,305.501541084392,47.9823373843163,50.4322263429841
2068,0,BR,Brasil,201887385,-0.630591696552407,83.688137429185,26.4142428775652,1.49033500269275,23.7951098729651,73.6040055184078,97.3991153913729,309.324083441335,48.1415969303877,50.6786256346592
2069,0,BR,Brasil,200573375,-0.650862856042245,83.8001774751942,26.4737423485413,1.49295999556136,23.7830273239935,74.4293645556195,98.212391879613,312.951600070406,48.2923266360752,50.9281893136008
2070,0,BR,Brasil,199228708,-0.670411513990832,83.9104277970562,26.5322793289245,1.49560525013469,23.7778562216454,75.1957377847992,98.9735940064446,316.242713741145,48.4345007045872,51.1686854683298
2000,1,NO,Norte,13340960,,70.0164799236414,19.8470007073443,3.15033327745023,66.6293275824164,10.1620705315115,76.7913981139279,15.2516480358317,24.0776673492762,20.4425967336112
2001,1,NO,Norte,13637976,2.22634652978497,70.259598312072,19.9632128713553,2.98137870562611,65.057181267238,10.1555333552253,75.2127146224633,15.6101650231495,24.2821912870356,20.7492594898176
2002,1,NO,Norte,13930752,2.1467701658956,70.6111583516867,20.0648405696875,2.81669394430525,63.5285851794959,10.1663665925209,73.6949517720168,16.0028222945569,24.5030534604306,21.0713077191805
2003,1,NO,Norte,14220524,2.08008871308598,71.0199317534333,20.2515922141626,2.759922367794,62.0615149989976,10.1960356785298,72.2575506775275,16.4289184347087,24.7383114715041,21.4085403000246
2004,1,NO,Norte,14508485,2.0249675750345,71.4709424538198,20.4148989596484,2.61760668324829,60.6518909584775,10.2450642609024,70.8969552193799,16.8915826019608,24.9860413406362,21.7544086484339
2005,1,NO,Norte,14795552,1.97861458312154,72.1029547250192,20.6936883575067,2.60898862604702,59.277447113069,10.315057762462,69.592504875531,17.4013191607029,25.2448047899801,22.109447542923
2006,1,NO,Norte,15083626,1.94703110772751,72.6615650012693,21.0049527144836,2.55118150608019,57.9157238058019,10.4057357483963,68.3214595541982,17.9670304791284,25.5120750143235,22.4733620324169
2007,1,NO,Norte,15367681,1.88320102871815,73.0560398426072,21.1371359069671,2.45067615361372,56.4982897349975,10.5145270911323,67.0128168261298,18.6103458006432,25.7935976807431,22.8473333999594
2008,1,NO,Norte,15647620,1.82160860835152,73.266514329121,21.2188160252204,2.42730692451258,55.0659025775828,10.6422639369057,65.7081665144885,19.3264133315743,26.0831252292681,23.2283540253465
2009,1,NO,Norte,15919181,1.73547798323324,73.3747602191161,21.3074847998581,2.32593505216926,53.6368840407706,10.7956880090881,64.4325720498587,20.1273586304566,26.3812025882487,23.6139058471957
2010,1,NO,Norte,16158154,1.50116391037955,73.8865802072444,21.6563627823736,2.21626151190666,52.2079610066547,10.9998468741932,63.2078078808479,21.0692903191356,26.7034662499194,24.0134484524296
2011,1,NO,Norte,16374290,1.33762804835256,74.0806122618806,21.7241323916194,2.23212014806944,50.846172190851,11.2525443177308,62.0987165085818,22.130563290968,27.0353167068618,24.4135100683301
2012,1,NO,Norte,16591669,1.32756290501757,74.3651626161663,21.8480600285709,2.16040745546324,49.497005988024,11.5261891128602,61.0231951008841,23.2866390254978,27.3680098126355,24.8113714650362
2013,1,NO,Norte,16808083,1.30435340772528,74.6020085128677,21.9769924750137,2.15529633102921,48.1518776556019,11.8215167150338,59.9733943706356,24.5504792140924,27.7047096328594,25.2104267839425
2014,1,NO,Norte,17025334,1.29253883384559,74.8488357665238,22.0870772957023,2.1841948746027,46.906771019734,12.1426654331586,59.0494364528925,25.8868073183935,28.0335128227147,25.5985133779539
2015,1,NO,Norte,17236948,1.24293596824592,74.9584923585801,22.1217865025941,2.1620464102994,45.7790534435032,12.4931673335508,58.272220777054,27.2901390348074,28.3577883393278,25.9785114235154
2016,1,NO,Norte,17429371,1.11634031732299,75.1063319390269,22.2064516860339,2.03601035784081,44.6936486042645,12.877065726717,57.5707143309815,28.8118471614069,28.6982436715588,26.3744850170197
2017,1,NO,Norte,17606346,1.01538374505885,75.2199149814243,22.3239526645152,2.05310753960302,43.6596884094676,13.2957917038633,56.9554801133309,30.4532446021307,29.0522007235346,26.7848278998942
2018,1,NO,Norte,17783329,1.0052227759241,75.3313064455197,22.3373906839611,2.08596029458007,42.7597228271406,13.7440856726991,56.5038084998398,32.1425976689808,29.3995003410216,27.1937001618752
2019,1,NO,Norte,17970930,1.05492621769523,75.6262732415057,22.3593467567448,2.04141045998279,41.9019652330841,14.1997045948325,56.1016698279166,33.8879203298583,29.7422767769948,27.6031764277011
2020,1,NO,Norte,18137222,0.925338866714198,73.0405825745482,20.0189462881133,1.95809616377995,41.0184230633432,14.6033033067818,55.621726370125,35.6018155164826,30.0738596572287,28.0038074292753
2021,1,NO,Norte,18272491,0.745808812396964,71.6958149376848,19.512873669362,1.99748228540953,40.1757437493675,14.9523710396361,55.1281147890036,37.2174094222499,30.3799915950157,28.3890413506846
2022,1,NO,Norte,18403491,0.716924692971532,74.9683684278973,21.6581355738024,1.86781194919686,39.3677725771214,15.3723943945245,54.740166971646,39.0481690687732,30.7136186824554,28.8028174707113
2023,1,NO,Norte,18535113,0.715201262630005,75.6741466483248,22.3824075485569,1.83330159361485,38.4996221204751,15.893405404631,54.3930275251061,41.2819776643429,31.0950938901748,29.2654655700462
2024,1,NO,Norte,18669345,0.724203839491033,75.911917930031,22.5004925639185,1.81874282224888,37.6616657019583,16.4496347921067,54.111300494065,43.677395796255,31.4835380673505,29.7334591835748
2025,1,NO,Norte,18801282,0.706703957744637,76.1335194211984,22.6133726850584,1.78413216438278,36.9360231170606,17.0353442560926,53.9713673731532,46.1212193908988,31.8738125942688,30.2051921712451
2026,1,NO,Norte,18929341,0.681118447135676,76.3533925572372,22.7250338192984,1.75204059336561,36.2129445841212,17.6365809527819,53.8495255369031,48.7024216211218,32.2679792709107,30.6831814913261
2027,1,NO,Norte,19053881,0.657920421001457,76.5708525170606,22.835599865927,1.72243363364544,35.4743218211273,18.2484897087203,53.7228115298476,51.441405422026,32.6649801161244,31.1649006963981
2028,1,NO,Norte,19175267,0.637067062610508,76.785584126495,22.9450173599378,1.69520780328979,34.7422283737091,18.8735072343392,53.6157356080483,54.3244003560278,33.0640780125773,31.651201909253
2029,1,NO,Norte,19293882,0.618583303168618,76.9978257106111,23.0533186043422,1.67022016735704,33.9435672842281,19.5040749290994,53.4476422133276,57.4602980464047,33.4643659580794,32.1389569814948
2030,1,NO,Norte,19409992,0.601796984142444,77.2077424297496,23.1604391354085,1.64733335350379,33.103347650098,20.1466874253044,53.2500350754024,60.8599699288864,33.864897213765,32.6296297472576
2031,1,NO,Norte,19521320,0.573560257005767,77.4152194011826,23.2663740529874,1.6263679577825,32.3535610769067,20.8271323672617,53.1806934441684,64.3735393385417,34.2659608571552,33.1217060754343
2032,1,NO,Norte,19625458,0.533457778469892,77.6207445476808,23.37139945485,1.60718452828475,31.6737990881462,21.5493832061786,53.2231822943248,68.035359908068,34.6679843599064,33.6186561999298
2033,1,NO,Norte,19722458,0.494255981185265,77.8240741373435,23.4754362478584,1.58969008687744,30.9438221208645,22.2929001967432,53.2367223176077,72.0431371072025,35.0704991740887,34.1175454827733
2034,1,NO,Norte,19812493,0.4565100354124271,78.0253375854734,23.5785238973295,1.57386101212865,30.2091245310449,23.0662386533642,53.2753631844091,76.3552039704419,35.4727541859573,34.6181138487143
2035,1,NO,Norte,19895607,0.419502987332288,78.2245598186318,23.68057962941,1.55959610016977,29.5693405815949,23.8962692063351,53.46560978793,80.8143459959639,35.8741633768701,35.1188665295917
2036,1,NO,Norte,19971690,0.382411051846776,78.4216632992124,23.7816557282556,1.54678619048012,28.9585298068721,24.7820736228159,53.740603429688,85.5778031139375,36.2743728247334,35.6167111725869
2037,1,NO,Norte,20040651,0.345293763321974,78.6166400474504,23.8816850132117,1.53527414403362,28.4146318481264,25.737759455469,54.1523913035954,90.5792466115168,36.6731890096784,36.113148251043
2038,1,NO,Norte,20102400,0.308118733268703,78.809569766722,23.980586652003,1.52495682072283,27.989241504511,26.7778829538206,54.7671244583316,95.6720565275227,37.0703897544572,36.6064648886873
2039,1,NO,Norte,20157022,0.271718799745302,79.0003228603985,24.0783076841169,1.51580880381221,27.5930801369213,27.8816378750408,55.4747180119621,101.045761244079,37.4655572137591,37.0979537962379
2040,1,NO,Norte,20204507,0.235575473400784,79.1886220395917,24.1747622484615,1.50772451181437,27.2276609361979,29.0399766424261,56.267637578624,106.656156437657,37.8582619709553,37.5864386861935
2041,1,NO,Norte,20245833,0.2045385220238229,79.3742444093719,24.2699353622093,1.50061299151205,26.9024923528056,30.2391683826446,57.1416607354502,112.402850955521,38.2479916237578,38.0724316637492
2042,1,NO,Norte,20281965,0.178466354039375,79.5574485038647,24.3639057803231,1.49444749752233,26.6100407477789,31.4644447142847,58.0744854620635,118.242752848513,38.6343405089201,38.5554960306994
2043,1,NO,Norte,20312875,0.152401406865654,79.7382538360267,24.4566517457241,1.48916278176341,26.3461222381642,32.7132176047425,59.0593398429067,124.167106297545,39.0171703414706,39.0357092068406
2044,1,NO,Norte,20338549,0.126392743518577,79.9166533064299,24.5481954853547,1.48463578910811,26.1066666561716,33.9846170739223,60.0912837300939,130.176010294629,39.3963119001262,39.5134408334907
2045,1,NO,Norte,20359031,0.100705315802019,80.0925636398832,24.6385209538205,1.48077945622349,25.8867115113098,35.2658070559508,61.1525185672606,136.231313276479,39.771498555113,39.9880651562758
2046,1,NO,Norte,20374328,0.0751361889473001,80.266027823305,24.7276385656538,1.47754175852172,25.6827079900976,36.5410804787109,62.2237884688085,142.278923596374,40.1424421458219,40.4618133198856
2047,1,NO,Norte,20384446,0.0496605335891243,80.4370355402467,24.8155699760016,1.47490592385648,25.4918834829509,37.7992941880459,63.2911776709968,148.279722890332,40.50897345947,40.9313814297409
2048,1,NO,Norte,20389379,0.0241998237283436,80.605517993346,24.9022454196734,1.47282876459023,25.3108155935619,39.0317501936263,64.3425657871882,154.209768742317,40.8710397702647,41.3934979842102
2049,1,NO,Norte,20388991,-0.0019029515317736,80.7715481793193,24.98772081583,1.47121857011031,25.1367395395357,40.2411164620268,65.3778560015625,160.088846840039,41.228642113776,41.8514942474267
2050,1,NO,Norte,20383307,-0.0278777895384773,80.9351655717032,25.0719948457868,1.47001630076105,24.9711923485702,41.4437723793038,66.414964727874,165.96633352863,41.5816500237179,42.3044814675262
2051,1,NO,Norte,20372387,-0.0535732499147511,81.0963503868005,25.1550712138774,1.46919572699256,24.8183117249752,42.663141281388,67.4814530063632,171.901867275102,41.929753150674,42.7515602603406
2052,1,NO,Norte,20356208,-0.0794163197469167,81.2551637513801,25.236947824727,1.46872212006225,24.6819156333175,43.9189951965465,68.600910829864,177.939977791924,42.272719162626,43.1920232426206
2053,1,NO,Norte,20334783,-0.105250447431071,81.4115408481392,25.3175718038829,1.46855687344221,24.5617789251291,45.2152709970365,69.7770499221656,184.087932453365,42.6104793446775,43.6166067817452
2054,1,NO,Norte,20307949,-0.131961083627008,81.5655536276112,25.3969846422379,1.4686870484068,24.4545053656266,46.5472306751681,71.0017360407946,190.342147507081,42.9431607298206,44.0308729064461
2055,1,NO,Norte,20275622,-0.159183972738952,81.7171985009721,25.4751387373971,1.46909461883995,24.3587716372859,47.9163758329386,72.2751474702245,196.710969446395,43.2706698221145,44.4378222158397
2056,1,NO,Norte,20237870,-0.186194041297472,81.8664606982349,25.5520081774823,1.46975075513461,24.2745055318331,49.3222067630927,73.5967122949259,203.185217092939,43.5927036293839,44.840134599276
2057,1,NO,Norte,20194797,-0.212833662831113,82.0133833019797,25.6276068677303,1.4706179301058,24.2014260289708,50.7625195130729,74.9639455420437,209.750117419968,43.908885194538,45.2380343975031
2058,1,NO,Norte,20146369,-0.239804341682659,82.1580228006374,25.7019367018234,1.47167057152647,24.1401888902381,52.2390410454599,76.379229935698,216.398642458777,44.2189747442827,45.628956868499
2059,1,NO,Norte,20092594,-0.266921547997057,82.3004211484436,25.7750176006334,1.47290761395288,24.0893518573017,53.7479845417439,77.8373363990456,223.119263897722,44.5229187928647,46.0135716782708
2060,1,NO,Norte,20033445,-0.294382099195356,82.4405769916469,25.8468441807758,1.47432052127154,24.0445091796737,55.2682618969855,79.3127710766592,229.858141349407,44.8206028468893,46.4038636689616
2061,1,NO,Norte,19968940,-0.321986557978415,82.5785384785136,25.9173829900372,1.47589193126531,23.9995886779999,56.758869537967,80.7584582159669,236.499342965812,45.1116846462556,46.7918636679871
2062,1,NO,Norte,19899225,-0.349117178978953,82.7142307428162,25.9866547481694,1.47760241357308,23.9551650636555,58.2206370377464,82.1758021014019,243.040016142815,45.3957790315955,47.1796416028239
2063,1,NO,Norte,19824422,-0.375909112038286,82.8476856582424,26.0546984551385,1.47943866028889,23.9142362203354,59.6620375699219,83.5762737902573,249.483349667628,45.6723942317209,47.5502047004197
2064,1,NO,Norte,19744655,-0.402367342664522,82.9789488518994,26.12156217934,1.48138902202809,23.8798190172761,61.0962371961918,84.9760562134679,255.848828468889,45.9413082173378,47.9084034243111
2065,1,NO,Norte,19659999,-0.42875400962944,83.1080805974091,26.1872723651413,1.4834436508957,23.8531336004907,62.5313113558948,86.3844449563855,262.151348343634,46.2023461445751,48.2494019790082
2066,1,NO,Norte,19570594,-0.4547558725715109,83.2351346984708,26.251960587803,1.48559327965153,23.8367120368039,63.9849263554226,87.8216383922265,268.430168794379,46.4552132142744,48.5922699069286
2067,1,NO,Norte,19476591,-0.480327781568612,83.3600747647102,26.3155131740683,1.48782915488036,23.8222542096059,65.4004339087727,89.2226881183785,274.53503490195,46.6997193708078,48.9344406302716
2068,1,NO,Norte,19378202,-0.505165405999441,83.4829069844139,26.3779479548066,1.49014320519256,23.8145297027487,66.8011166116292,90.615646314378,280.505714139376,46.9355739505657,49.2738782500849
2069,1,NO,Norte,19275671,-0.529104815813153,83.6037164682219,26.4393266097024,1.49252622019951,23.8128219117832,68.1681696935363,91.9809916053195,286.266658970833,47.1625942360191,49.5963229948885
2070,1,NO,Norte,19169147,-0.552634458224566,83.7225558005307,26.499653060253,1.49497129427471,23.8034295583344,69.3965653216883,93.1999948800227,291.540196557055,47.3808161103882,49.9047952484912
2000,2,ND,Nordeste,48974858,,69.9947440518285,20.4708635467104,2.61625933404933,56.5811105431162,14.7790645719202,71.3601751150365,26.1201387354499,27.0433625555382,22.9688243849062
2001,2,ND,Nordeste,49533198,1.14005435196973,70.249125282497,20.4883335330017,2.41487504384529,54.9224764793206,14.7954946539721,69.7179711332927,26.9388702083434,27.2872788266164,23.3231909240794
2002,2,ND,Nordeste,50065252,1.0741361783263,70.6209160612124,20.5417640839542,2.32245096604347,53.3320619861678,14.8177695239478,68.1498315101156,27.7839801652351,27.5445161646245,23.6959409074773
2003,2,ND,Nordeste,50575534,1.01923385904459,71.0573098346857,20.6867853291343,2.26944596881583,51.8315423720792,14.8595380041104,66.6910803761895,28.6689095559598,27.8144454984894,24.087313397218
2004,2,ND,Nordeste,51070449,0.978566039460893,71.8653075905386,20.9737630471136,2.16361426798491,50.426887034844,14.9387731497746,65.3656601846186,29.6246189844165,28.0968171632875,24.5020400081476
2005,2,ND,Nordeste,51553879,0.946594379853605,72.448141497025,21.2898341916103,2.15557963254887,49.1047220208853,15.0660488450747,64.17077086596,30.6814665169406,28.3914269380195,24.927415003795
2006,2,ND,Nordeste,52032456,0.9283045413517772,73.1680763106949,21.6325825645312,2.06230151318107,47.8557134807175,15.2425342660203,63.0982477467378,31.8510229132034,28.6945776882029,25.3684003394375
2007,2,ND,Nordeste,52482875,0.865650085784919,73.4902152458578,21.8005015758693,1.99159701827282,46.5925814654432,15.4586968647667,62.0512783302099,33.1784511150817,29.0158986717096,25.8253698911822
2008,2,ND,Nordeste,52917626,0.8283673483969739,73.7941208539503,21.9241579858956,1.96723508019514,45.3609177783953,15.7032797757662,61.0641975541615,34.6185230477092,29.3442003048285,26.292563819795
2009,2,ND,Nordeste,53339516,0.79725798734811,74.0480781040118,22.0564360493944,1.90376831318883,44.1677976982916,15.9684953152354,60.136293013527,36.1541578874172,29.6777350398155,26.7657121565125
2010,2,ND,Nordeste,53692489,0.661747661902301,74.1709267328501,21.9665437151396,1.83798130257565,43.0019432384997,16.2600532626447,59.2619965011444,37.8123685538171,30.0253907022265,27.2559227400736
2011,2,ND,Nordeste,53988268,0.55087593350347,74.3550501772717,22.0978419858956,1.84612827605985,41.8962431813188,16.579301737108,58.4755449184268,39.5722873417455,30.3788153011317,27.7545909544058
2012,2,ND,Nordeste,54290315,0.559467845866068,74.478433588676,22.1674486433617,1.79892112176527,40.8126016176904,16.9104445373133,57.7230461550038,41.4343704322524,30.7315926422604,28.2533679953191
2013,2,ND,Nordeste,54593052,0.557626162235381,74.6449945841921,22.3058834616344,1.76330677163816,39.7168797321107,17.2537896420792,56.9706693741899,43.4419565647037,31.0895564329322,28.7557035119084
2014,2,ND,Nordeste,54895712,0.55439289234096,74.7570772999095,22.278444929993,1.77809089870609,38.6692652894114,17.6162445769461,56.2855098663575,45.556191577733,31.4449131290983,29.2554924360009
2015,2,ND,Nordeste,55204481,0.562464696696163,74.8571487405625,22.2507744622583,1.82926512616266,37.7562330621395,18.0036087077356,55.7598417698751,47.6838054212271,31.7861038490698,29.7416255532953
2016,2,ND,Nordeste,55483846,0.506054934199995,74.9233430298107,22.2279063159446,1.70856332510611,36.9149828546171,18.4207865167596,55.3357693713767,49.9005690705762,32.1330083895049,30.2317185311139
2017,2,ND,Nordeste,55729786,0.443264152957235,75.1405349215688,22.3791298561901,1.75178022507466,36.1278616380347,18.8754736026471,55.0033352406818,52.2463072732081,32.4900870604456,30.7288148250883
2018,2,ND,Nordeste,55987936,0.463217282047346,75.4522008450428,22.4476182402259,1.80512077932592,35.4960778709301,19.3746020037779,54.8706798747081,54.582374070249,32.8328034632318,31.209705339097
2019,2,ND,Nordeste,56272587,0.508414884235053,75.8406959000603,22.4913978580505,1.74838547028189,34.9166350206069,19.9023741409171,54.819009161524,56.9996912049837,33.1680125351266,31.6725551687902
2020,2,ND,Nordeste,56524887,0.448353298560811,74.0664678652788,21.2373908138681,1.67805573124722,34.3059627304642,20.4173039234176,54.7232666538818,59.5153212397294,33.4987745840164,32.1228896536095
2021,2,ND,Nordeste,56713897,0.334383684836026,73.2278103585152,20.875749976654,1.67849199193643,33.6951884790274,20.9195128611182,54.6147013401455,62.0845699502139,33.8163267461589,32.5529425259059
2022,2,ND,Nordeste,56848401,0.237162330777596,74.9193910754588,21.7957989821371,1.56612675297142,33.1200532408733,21.5032566461742,54.6233098870476,64.9251874379149,34.1590337430951,33.0102455234563
2023,2,ND,Nordeste,56970423,0.214644559659649,75.9159515277552,22.7191099747263,1.56261597499825,32.5077659160615,22.1952859937725,54.703051909834,68.2768728281208,34.5414172894591,33.5033885503508
2024,2,ND,Nordeste,57112096,0.248678160595728,76.1510992616663,22.8450912041617,1.54418474547815,31.9165814679305,22.9613814271013,54.8779628950318,71.9418570882119,34.9342946194796,33.9994293495733
2025,2,ND,Nordeste,57244485,0.231805535555907,76.3785534556983,22.9635757063233,1.52290951123554,31.3818210961238,23.7675851014142,55.149406197538,75.7367936953471,35.3295744734187,34.4948558685668
2026,2,ND,Nordeste,57366981,0.213987426037643,76.6005293287057,23.0770991052371,1.50489914349083,30.8413796182769,24.5860852017084,55.4274648199854,79.7178514904646,35.7265678840586,34.9899298291794
2027,2,ND,Nordeste,57480567,0.197998915090203,76.8184965676535,23.1874904316011,1.48968475687429,30.286335486699,25.4023814829979,55.6887169696969,83.8740675449294,36.1240600845152,35.4853984260513
2028,2,ND,Nordeste,57586115,0.183623797587096,77.0334806772353,23.29592489053,1.47689626392398,29.7602634690853,26.2215214832612,55.9817849523465,88.1091711788772,36.521240632399,35.978780642258
2029,2,ND,Nordeste,57684426,0.170719973035172,77.2453416850531,23.4020881377074,1.46620677887749,29.2179989989203,27.0400032592788,56.2580022581991,92.5457053382678,36.9173381217315,36.4710128055879
2030,2,ND,Nordeste,57776130,0.158975318572119,77.4538728713198,23.505839576297,1.45728346047607,28.5969769774844,27.8487760887653,56.4457530662497,97.383636426647,37.3114676770493,36.959625481968
2031,2,ND,Nordeste,57858209,0.14206385924429,77.6593122207325,23.6076777524642,1.44988138954234,28.0167797203194,28.680235813288,56.6970155336074,102.368066921294,37.703661929805,37.4462172907803
2032,2,ND,Nordeste,57927552,0.119849890272272,77.8620456988286,23.7079399592657,1.44384084508523,27.4932630338807,29.5466473110571,57.0399103449377,107.468681599001,38.0942163929178,37.9314532977676
2033,2,ND,Nordeste,57984557,0.0984074037860161,78.0624151159668,23.8069112664978,1.43898997445756,26.8892271737605,30.4134831738664,57.3027103476269,113.106572298757,38.4826462845961,38.4159039123223
2034,2,ND,Nordeste,58029645,0.0777586349413717,78.2602949086396,23.9044637743389,1.43516249076596,26.2872214530984,31.3023087808538,57.5895302339522,119.078042678277,38.8684263706938,38.8983166400332
2035,2,ND,Nordeste,58063028,0.0575274930598058,78.455595117549,24.0005619059882,1.43219126178864,25.7918813769846,32.2574183413479,58.0492997183325,125.068109107127,39.2509614724192,39.3794703528316
2036,2,ND,Nordeste,58084585,0.0371268959655335,78.6485467504761,24.0955723767782,1.42993699609508,25.3635133586325,33.2920919592322,58.6556053178647,131.25978049055,39.6298208380072,39.8579898909072
2037,2,ND,Nordeste,58094114,0.0164053853531021,78.8392860680465,24.1896137903201,1.42834292684158,25.0366616781585,34.4323093921451,59.4689710703036,137.527557925916,40.0047933771741,40.33486600677
2038,2,ND,Nordeste,58091703,-0.0041501622694561,79.0277209619771,24.2825444894226,1.4273357673449,24.8095721203246,35.6860311777813,60.4956032981059,143.839768798538,40.3756321104926,40.8089966181834
2039,2,ND,Nordeste,58077616,-0.024249590341674,79.2135451055394,24.3740111322039,1.42684333465415,24.6111848315062,37.0295853159586,61.6407701474648,150.458360982909,40.7419481887824,41.2808075338434
2040,2,ND,Nordeste,58051791,-0.0444663568835213,79.396564524489,24.46387635153,1.42679232756208,24.4539809041067,38.4551187911659,62.9090996952726,157.255045474857,41.1034306245608,41.749071648935
2041,2,ND,Nordeste,58013546,-0.0658808270015299,79.5769296354607,24.5523521646584,1.42712719619908,24.3333897118041,39.9415980207107,64.2749877325148,164.143173202602,41.4600790822199,42.2139739382171
2042,2,ND,Nordeste,57962156,-0.0885827596196265,79.7548830162136,24.63967105146,1.42779198745379,24.2409522364263,41.469197984701,65.7101502211273,171.070829149963,41.8119605661322,42.6735584092399
2043,2,ND,Nordeste,57897526,-0.1115037887824629,79.930453367401,24.7259366456469,1.42873527690792,24.1723907738689,43.0348133632278,67.2072041370967,178.032920970936,42.1589881750733,43.1281624045045
2044,2,ND,Nordeste,57819583,-0.134622332567369,80.1036675562362,24.8111956372229,1.42991881018972,24.1243412881892,44.6358916259617,68.7602329141509,185.02429182518,42.5009394135547,43.5723102156427
2045,2,ND,Nordeste,57728113,-0.158198996350423,80.2745550380627,24.8954007388922,1.43132257715611,24.0900681578783,46.250372456694,70.3404406145723,191.989379829,42.8375694178675,44.0100699882686
2046,2,ND,Nordeste,57622789,-0.18244836792084,80.4431444468654,24.9785509313082,1.43291532965442,24.0625870684853,47.8488879981138,71.9114750665991,198.851802019166,43.1687774953066,44.4353012348359
2047,2,ND,Nordeste,57503504,-0.207010111919437,80.6094439117749,25.0606182859654,1.43465935709885,24.0366719111357,49.4087560413394,73.4454279524751,205.555728446954,43.4944371911666,44.8540310052309
2048,2,ND,Nordeste,57370187,-0.231841523953047,80.7734579676316,25.1416719203753,1.43653084014952,24.0082794193662,50.9143251267346,74.9226045461008,212.069862389492,43.8145275175763,45.2629922967748
2049,2,ND,Nordeste,57222719,-0.257046399378125,80.9351822720261,25.2217335119434,1.43850512606342,23.9756660576648,52.366521747518,76.3421878051828,218.415294997725,44.1289725502208,45.6645746199917
2050,2,ND,Nordeste,57060905,-0.282779292609292,81.0946786767529,25.3007628367666,1.44058562423847,23.939878752875,53.7794343333193,77.7193130861942,224.643720582172,44.4375954079242,46.0592543994472
2051,2,ND,Nordeste,56884656,-0.308878732294904,81.2519473574605,25.378733024283,1.44275682757584,23.904466680718,55.178497699391,79.082964380109,230.829235541571,44.7402418501045,46.4461368088184
2052,2,ND,Nordeste,56694045,-0.335083330731578,81.4069643414978,25.455565056145,1.44499921370529,23.8732144320758,56.584374773708,80.4575892057838,237.020343174574,45.0367260617936,46.8280785128732
2053,2,ND,Nordeste,56489160,-0.361387161561677,81.5594971882065,25.5310109104267,1.44730138312463,23.8457679014813,57.9981783787842,81.8439462802654,243.222103890315,45.3270230076,47.205911324988
2054,2,ND,Nordeste,56269870,-0.388198372926774,81.7096764672497,25.6052260681171,1.44965467248452,23.8191901168354,59.4134925473915,83.2326826642269,249.435401690664,45.6112708453032,47.5701169283848
2055,2,ND,Nordeste,56036176,-0.41530929429906,81.8575288240421,25.6781440919939,1.45205910400874,23.7937146759745,60.8367593124161,84.6304739883905,255.684159202958,45.8894665653131,47.9248598299394
2056,2,ND,Nordeste,55788262,-0.442417769549441,82.0030690617155,25.7497321690875,1.45450418304203,23.7711063230403,62.2759874351103,86.0470937581507,261.981863985644,46.1614651841995,48.2713626940251
2057,2,ND,Nordeste,55526615,-0.469000091811433,82.1462861241873,25.8199687847234,1.45699155723646,23.7533701152428,63.7362954612073,87.4896655764501,268.325274064193,46.4270318837192,48.6102772966163
2058,2,ND,Nordeste,55251549,-0.495376856665941,82.2871671190824,25.8888643696184,1.45952148706292,23.7414043367568,65.2209100758174,88.9623144125742,274.713783357969,46.6860624305755,48.9410696779097
2059,2,ND,Nordeste,54963075,-0.522110248890939,82.4257299190844,25.9564405497891,1.46209033788093,23.7333181142724,66.7235094433719,90.4568275576443,281.138562766942,46.9386904389902,49.2525777818246
2060,2,ND,Nordeste,54661440,-0.54879571421359,82.5620308330977,26.0227608272368,1.4646942638737,23.7247524789328,68.2133098341226,91.9380623130554,287.519584850021,47.1847562376696,49.5570463547249
2061,2,ND,Nordeste,54347032,-0.575191579292456,82.6961506349212,26.0878170956998,1.46733222748218,23.7103719976371,69.6401967437915,93.3505687414286,293.711953362569,47.4238071915316,49.8549840463041
2062,2,ND,Nordeste,54020344,-0.601114703007144,82.8280745802035,26.1516465545315,1.47000055136186,23.692101847019,71.0038266408506,94.6959284878696,299.694079906146,47.655253213493,50.1466128533424
2063,2,ND,Nordeste,53681870,-0.626567650143062,82.9578377808241,26.2143352192816,1.47269551275319,23.6732016050111,72.3142341687153,95.9874357737264,305.468754819407,47.8785546405146,50.4230484395936
2064,2,ND,Nordeste,53331923,-0.651890479970241,83.0854558259153,26.2758970595876,1.47541813564321,23.6569843743383,73.587145161526,97.2441295358643,311.058856856451,48.093415345252,50.6915542443994
2065,2,ND,Nordeste,52970842,-0.677044778602864,83.2108985172165,26.3362786852679,1.47816431176629,23.6460814814568,74.8349798781173,98.481061359574,316.47941303426,48.2995277854938,50.9558324956625
2066,2,ND,Nordeste,52599125,-0.701738892502413,83.3341330784033,26.3955963827099,1.48093239126322,23.6464878841712,76.0927417581704,99.7392296423416,321.792995775522,48.4964294177897,51.2317961675257
2067,2,ND,Nordeste,52217337,-0.72584477403379,83.4551834775042,26.4537230646576,1.48371968048693,23.6439817623286,77.2476231102838,100.891604872612,326.711566126145,48.6836882164251,51.4943543829
2068,2,ND,Nordeste,51826019,-0.749402444632519,83.5741424095983,26.5107113137017,1.48652363912621,23.6498563745418,78.3730971916925,102.022953566234,331.389315649537,48.8608922672606,51.742220854339
2069,2,ND,Nordeste,51425753,-0.772326348276919,83.691154272091,26.566690740713,1.4893431289605,23.6653547096883,79.4649470172436,103.130301726932,335.785995993171,49.027767138383,51.9745817204622
2070,2,ND,Nordeste,51017220,-0.794413258275484,83.8063257114486,26.6218025308319,1.49217652918475,23.6807742573174,80.4416021350876,104.122376392405,339.691604932348,49.1843132573668,52.2237703317086
2000,3,SD,Sudeste,74758366,,71.5902511425148,20.0272778801821,2.06232349005594,42.8563208893702,14.8784693972627,57.7347902866329,34.7170944413781,29.6594417272309,27.2966168472065
2001,3,SD,Sudeste,75676496,1.22813010653551,72.1500515980059,20.2574368221872,1.91133265959159,41.86744165411,15.0245922235334,56.8920338776434,35.8861005830254,29.9288434549084,27.5961562493574
2002,3,SD,Sudeste,76559025,1.16618639425377,72.4589458161455,20.3810454578811,1.83131789593254,40.8968073296504,15.1834238237122,56.0802311533626,37.1261837172903,30.2130264589968,27.9119514769244
2003,3,SD,Sudeste,77407786,1.10863611442282,72.6956816965826,20.4320430005517,1.78958973815781,39.9668267072698,15.3604866593479,55.3273133666177,38.4330904523723,30.5073643625462,28.245803783379
2004,3,SD,Sudeste,78230351,1.0626385826356,73.0770793891329,20.5825555984046,1.76908496994962,39.0882218148578,15.568691855894,54.6569136707518,39.8296242014678,30.8090235335899,28.5949685939887
2005,3,SD,Sudeste,79032587,1.02547922864362,73.4115255229982,20.6923418951601,1.73341755838183,38.2523487224082,15.8168135321594,54.0691622545677,41.3486074984304,31.1160778148386,28.954625424838
2006,3,SD,Sudeste,79807799,0.9808764073482752,73.7769293399591,20.8690210052179,1.67649718115124,37.4209027516167,16.105816356935,53.5267191085517,43.0396253768601,31.4310653774577,29.3372388620426
2007,3,SD,Sudeste,80548781,0.928458132268495,73.9823033410438,20.928608155002,1.63734772711408,36.5678539538606,16.4316551676599,52.9995091215205,44.9346991715524,31.7552478168478,29.7349405983321
2008,3,SD,Sudeste,81271966,0.8978224015581351,74.2321654123269,21.0619784966343,1.64061619585676,35.732664512605,16.7938306242409,52.5264951368459,46.9985400006114,32.0799040963276,30.1421876028116
2009,3,SD,Sudeste,81977704,0.8683658520085571,74.3940950009063,21.1016618082593,1.61672817485479,34.930180559922,17.1926680745692,52.1228486344913,49.2200950552647,32.403171659943,30.5594949900972
2010,3,SD,Sudeste,82575202,0.728854274815993,74.6287687858536,21.2237205014633,1.61795549223019,34.1850250932432,17.6535009731984,51.8385260664417,51.6410355851624,32.7359812937545,30.9973117303509
2011,3,SD,Sudeste,83107250,0.644319344202149,74.8027832847282,21.3240552531445,1.64672101404497,33.5152052414329,18.1725331998792,51.6877384413121,54.221757166546,33.0691208649065,31.4518140183906
2012,3,SD,Sudeste,83689735,0.700883496927163,75.0675266734873,21.4988307822882,1.66159116248358,32.8913306944683,18.7191347904457,51.6104654849141,56.91206282996,33.3899308439679,31.8912677996521
2013,3,SD,Sudeste,84289393,0.716525150904102,75.3376855196337,21.6669699492942,1.65381704728897,32.2950728419769,19.3003968865962,51.5954697285731,59.7626671444124,33.7064221829193,32.3276948853107
2014,3,SD,Sudeste,84893919,0.717202934419037,75.5471412980932,21.7529915002996,1.70629482491634,31.7598368713903,19.9201662932135,51.6800031646038,62.721248770512,34.0148721252932,32.7564935064935
2015,3,SD,Sudeste,85494023,0.706886909061177,75.7081236532186,21.79673348297,1.73679818745313,31.3405729626175,20.5840665083365,51.924639470954,65.6786540976416,34.3113384429225,33.1763840817344
2016,3,SD,Sudeste,86032875,0.630280317958598,75.9484420968059,21.8900862488581,1.63734984514884,30.9716345490554,21.2992236534245,52.2708582024798,68.7700987162595,34.6181450172391,33.6057691642942
2017,3,SD,Sudeste,86509018,0.55344308788936,76.091068442503,21.9891943484238,1.67965241604918,30.6515809973428,22.0680706983323,52.7196516956752,71.9965169178236,34.935447030505,34.0459242306025
2018,3,SD,Sudeste,86949467,0.509136515686714,76.3247300287696,22.1032530694965,1.68391431994527,30.4261205865231,22.8878495174398,53.3139701039629,75.2243436765241,35.2500193934484,34.4862233889829
2019,3,SD,Sudeste,87386818,0.502994457688866,76.421147470411,22.1280892444519,1.63119592956232,30.2067492827201,23.7254599845618,53.9322092672819,78.5435723735228,35.565360132463,34.9210691463681
2020,3,SD,Sudeste,87778972,0.448756470340861,75.1435225998838,21.1113762753649,1.56839389263398,29.9489350467951,24.5233042262906,54.4722392730857,81.8837270439603,35.8740363010859,35.3378891377104
2021,3,SD,Sudeste,88016928,0.271085425789686,72.8953134060065,19.8719054202815,1.5128077724713,29.6897264076558,25.2454779811383,54.9352043887941,85.0310226322209,36.1634216658868,35.7277719385565
2022,3,SD,Sudeste,88178052,0.183060240411925,75.8312981870783,21.5900335172996,1.48160890438172,29.4419462372043,26.0176051165058,55.4595513537101,88.3691754169048,36.4732081516158,36.1402121587113
2023,3,SD,Sudeste,88387852,0.237927687493023,76.6489595547433,22.317529690665,1.4751188537971,29.1697449451306,26.9153996897505,56.0851446348811,92.2716319267767,36.8225471527467,36.5900762959563
2024,3,SD,Sudeste,88617693,0.260036865699598,76.8585460993648,22.4379620263248,1.45199619741334,28.8761353382413,27.8514160787801,56.7275514170214,96.4513282423074,37.1813433238439,37.0400869496816
2025,3,SD,Sudeste,88825643,0.234659685848504,77.0646975616198,22.5561606770912,1.43895943248716,28.569809813939,28.7957661888853,57.3655760028242,100.790892121501,37.5418046453095,37.4817431115772
2026,3,SD,Sudeste,89015421,0.2136522670598719,77.2681776047441,22.6726208449721,1.42897619730695,28.2082929996162,29.7266901158895,57.9349831155057,105.382803972909,37.9015993419837,37.9192623547911
2027,3,SD,Sudeste,89188478,0.194412381647902,77.46916295733,22.7876946397558,1.42143201669139,27.7893871958543,30.6349601305244,58.4243473263788,110.239782959642,38.2596600202102,38.3462032595372
2028,3,SD,Sudeste,89346200,0.17684122830306,77.6678342955636,22.9015625839724,1.41584632017313,27.3470125581675,31.5246197845435,58.871632342711,115.276283716512,38.6152021798353,38.7669281746792
2029,3,SD,Sudeste,89489886,0.160819374522925,77.8641093599752,23.0141082591742,1.41183609530983,26.8572787628946,32.3932480466694,59.2505268095641,120.612547282427,38.9674487461075,39.1795318849358
2030,3,SD,Sudeste,89620404,0.145846649083903,78.0578655871467,23.1251564136789,1.40908279373428,26.2973827540204,33.2392957681867,59.5366785222071,126.397733489676,39.3154954423102,39.5856477588173
2031,3,SD,Sudeste,89734008,0.126761312078005,78.2492553985875,23.2347804501158,1.40730664840037,25.791473869374,34.101999389891,59.893473259265,132.221987632841,39.6594213533848,39.9870397943392
2032,3,SD,Sudeste,89826776,0.103381094935595,78.4382729896756,23.3429536511455,1.406312928799,25.3357349429958,34.9891227557775,60.3248576987733,138.101866136906,39.9995488984265,40.3870650418441
2033,3,SD,Sudeste,89899108,0.0805238740840375,78.6247718844049,23.4495871753392,1.40598192929553,24.8482886329921,35.874756995607,60.7230456285991,144.37516211066,40.3354804254565,40.7845151212043
2034,3,SD,Sudeste,89951281,0.0580350585903444,78.8086153026001,23.5544937654299,1.40617649544331,24.4008071623157,36.7823694528489,61.1831766151646,150.742429167077,40.6667160971282,41.1796604649112
2035,3,SD,Sudeste,89983233,0.0355214507729018,78.9897621740261,23.6576732619024,1.4067960188625,24.053491118319,37.7493270625576,61.8028181808766,156.939077478894,40.9926822255875,41.5714908807755
2036,3,SD,Sudeste,89994489,0.0125089970928194,79.1683626592343,23.7593667715664,1.40776386393133,23.8127063456777,38.8018612774489,62.6145676231265,162.946036935831,41.3129705864545,41.959392327231
2037,3,SD,Sudeste,89984615,-0.0109717829499534,79.3446672715969,23.8597954416848,1.40899275047444,23.6585502661886,39.951194141697,63.6097444078856,168.865774496728,41.6274385682486,42.343972850468
2038,3,SD,Sudeste,89953691,-0.034365874655351,79.5188019268679,23.9591063320282,1.41043012581395,23.5508870914837,41.1936634758022,64.7445505672859,174.913426045418,41.9358939479204,42.7244166956095
2039,3,SD,Sudeste,89901937,-0.0575340482693475,79.6907726859666,24.0572920503688,1.41204195047424,23.4861990429682,42.5225473428648,66.0087463858329,181.053338026598,42.2381570377065,43.1007356954806
2040,3,SD,Sudeste,89829115,-0.0810015917677043,79.8605500683328,24.1542860640121,1.41380084772775,23.4646114415092,43.9196674999565,67.3842789414658,187.17406682585,42.5341597098001,43.4725930555653
2041,3,SD,Sudeste,89734783,-0.1050127233247269,80.0281422981448,24.250063295837,1.41569753700068,23.470081593303,45.348754672348,68.818836265651,193.219416353831,42.8239213550001,43.8402194077008
2042,3,SD,Sudeste,89618705,-0.129356751216525,80.1935604757069,24.3445847010404,1.41771465743747,23.4934600797604,46.7810051586385,70.2744652383988,199.123522034714,43.1075010177842,44.2040638303368
2043,3,SD,Sudeste,89481210,-0.153422212472276,80.3568299221071,24.4378480178334,1.41982505190001,23.5302879683873,48.2084075011638,71.7386954695511,204.878102494671,43.3848593687993,44.5637215386015
2044,3,SD,Sudeste,89322678,-0.177167921622878,80.5178283954467,24.5297536783282,1.42202193114522,23.5776506362253,49.6308028618794,73.2084534981047,210.499356477975,43.6559691033894,44.9184732439403
2045,3,SD,Sudeste,89143066,-0.201082193258917,80.6765032247141,24.620247775831,1.42429411673664,23.6300031927795,51.0334857814526,74.6634889742321,215.96901771493,43.9209257061003,45.2640174491299
2046,3,SD,Sudeste,88942311,-0.225205401842477,80.8328878178443,24.7093761835363,1.426632312017,23.6822380398538,52.3993542364508,76.0815922763046,221.260145043177,44.1798769316889,45.5977774256975
2047,3,SD,Sudeste,88720514,-0.249371752888228,80.9870170523138,24.7971981635435,1.42904125718871,23.7304700488664,53.7157926158822,77.4462626647486,226.357895588537,44.4329700344162,45.9210030619612
2048,3,SD,Sudeste,88478052,-0.273287415805545,81.1389695396852,24.8837637749859,1.43151076898784,23.7711431430895,54.9697205542842,78.7408636973737,231.245591444198,44.6803651599382,46.2292747245434
2049,3,SD,Sudeste,88215192,-0.297090627628194,81.2887570417725,24.9690519738608,1.43402558071618,23.8025075654519,56.1615719150319,79.9640794804838,235.948131769728,44.9222920696018,46.5269439886755
2050,3,SD,Sudeste,87931994,-0.321030871870687,81.4363767651271,25.0530492288172,1.43657750555205,23.8254000958039,57.3096243612988,81.1350244571027,240.540029258069,45.1590512436236,46.815960681554
2051,3,SD,Sudeste,87628651,-0.344974549309096,81.5818466960279,25.1357908043224,1.4391638636583,23.8432386565499,58.4427143896683,82.2859530462182,245.112315619143,45.3908795765896,47.096397770466
2052,3,SD,Sudeste,87305465,-0.368813163630699,81.7251606264253,25.2173041608212,1.44178248250495,23.8594485758823,59.583684954438,83.4431335303203,249.727837443262,45.6179276406122,47.3695034328181
2053,3,SD,Sudeste,86962657,-0.3926535412187569,81.866290943397,25.2975535435296,1.44442813716046,23.8733431010451,60.7363608994158,84.6097040004609,254.410790488563,45.8404408342767,47.634477323226
2054,3,SD,Sudeste,86600266,-0.416720248094538,82.0052839333478,25.3765817255148,1.447096976725,23.8824055370875,61.8947972245915,85.777202761679,259.164836341438,46.0587053277642,47.8901026991655
2055,3,SD,Sudeste,86218421,-0.44092820684869,82.1421464271273,25.4543520537355,1.44978471941342,23.8864320904162,63.0605220950325,86.9469541854486,264.00142916419,46.2728676392717,48.1313831656328
2056,3,SD,Sudeste,85817674,-0.4648043832767509,82.2769310438763,25.530861148473,1.45248621136455,23.8863474115354,64.2322657506315,88.1186131621669,268.907860393975,46.4828080285653,48.368535230665
2057,3,SD,Sudeste,85398961,-0.487909984602941,82.4096417015438,25.6061252730772,1.4552000210194,23.8834295574986,65.4069805522573,89.2904101097559,273.859247872221,46.6882221904316,48.6027079055091
2058,3,SD,Sudeste,84962686,-0.510866871085236,82.5403082015311,25.6801752856437,1.45792797613327,23.87832919196,66.5902910748702,90.4686202668301,278.873327105699,46.8890763881923,48.8336830645635
2059,3,SD,Sudeste,84509059,-0.533913205145142,82.6689573073625,25.7530236300021,1.46067047512737,23.8700910266122,67.7792194409266,91.6493104675388,283.95040205486,47.0853933422688,49.059871082982
2060,3,SD,Sudeste,84038674,-0.556608966619776,82.795617157567,25.8246899049383,1.46342840850745,23.8541686428612,68.9314431939767,92.7856118368379,288.970218270866,47.2768536543068,49.2937011618845
2061,3,SD,Sudeste,83552536,-0.578469384226599,82.920357085698,25.8951894032992,1.46620132758178,23.8263491723258,69.9971350719619,93.8234842442877,293.780362932242,47.4628632337384,49.5330277247727
2062,3,SD,Sudeste,83051673,-0.599458764483218,83.0431824098831,25.964544572577,1.46898718862447,23.7900108925409,70.9790250051435,94.7690358976844,298.356420792554,47.6427511821466,49.7746157976397
2063,3,SD,Sudeste,82536735,-0.620021224617595,83.164126691768,26.0327862073691,1.47178550395023,23.7488952997821,71.8918066490888,95.6407019488709,302.716424244578,47.816093549133,50.0147457570683
2064,3,SD,Sudeste,82008239,-0.640316096826465,83.2831781961676,26.0999112898728,1.47459806729946,23.7072551251087,72.7559691569352,96.463224282044,306.893264416251,47.9826284649278,50.2617887677182
2065,3,SD,Sudeste,81466896,-0.660108065483522,83.4003308261561,26.1659168886106,1.47742453853677,23.6696928270459,73.5873826206675,97.2570754477134,310.892850018669,48.1419689784179,50.5175786562698
2066,3,SD,Sudeste,80913543,-0.679236631281499,83.5156100380266,26.2309187183294,1.480263287454,23.6345060902006,74.3568541712746,97.9913602614752,314.611415561185,48.2936385939743,50.7714560333741
2067,3,SD,Sudeste,80349043,-0.697658239980914,83.6290086544605,26.2948192548723,1.48311326460466,23.5999378786294,75.0387393297498,98.6386772083791,317.961596829881,48.4372224943613,51.01062623135
2068,3,SD,Sudeste,79774090,-0.715569194769372,83.7405588003415,26.357656538735,1.4859733822475,23.5777747756021,75.7068508328256,99.2846256084277,321.094130185542,48.5724243673604,51.2313025560552
2069,3,SD,Sudeste,79189361,-0.732981096995278,83.8503089661335,26.4194515018572,1.48884277791835,23.5713343205021,76.3739182632159,99.945252583718,324.011857898035,48.6990865730057,51.4554525061256
2070,3,SD,Sudeste,78595747,-0.749613322425979,83.9583217825954,26.4802565412762,1.49172061858421,23.5799251768993,77.0251360002352,100.605061177135,326.6555573115,48.8172352379322,51.6745756865037
2000,4,SU,Sul,25503013,,72.7100378512466,19.7267434967722,2.11061606772202,43.591454482511,14.6605588192642,58.2520133017752,33.6317266613485,29.6541035367076,27.5153583576169
2001,4,SU,Sul,25778584,1.08054291467443,73.0394260399306,19.8704635220422,1.91251285241995,42.5099361260377,14.852759516815,57.3626956428528,34.9395009034549,29.9551863671022,27.8406453404529
2002,4,SU,Sul,26044118,1.03005657719601,73.2205058578791,20.023376630376,1.85077592554686,41.4338526500076,15.0600814048386,56.4939340548462,36.3472871616629,30.2679035243198,28.1750088495575
2003,4,SU,Sul,26300167,0.983135616264685,73.3514702182688,20.0700717896069,1.7545415695642,40.3842181232989,15.2885687534856,55.6727868767845,37.8577807469427,30.5888801390501,28.5198189460853
2004,4,SU,Sul,26548546,0.944400847340621,73.5488438557146,20.2207206872316,1.78391616549052,39.3739143567013,15.547984682491,54.9218990391924,39.4880339852337,30.9154693443475,28.872030437131
2005,4,SU,Sul,26791818,0.91632890177864,73.8569351247359,20.401725654921,1.75556854498557,38.399273756921,15.8480340502439,54.2473078071649,41.2717025602274,31.2469030657046,29.2374536385575
2006,4,SU,Sul,27034698,0.906545423681204,74.1060174416964,20.5295987539471,1.69335959935147,37.4692937255643,16.1882455756251,53.6575393011894,43.2040317978567,31.5770981055531,29.6103731042039
2007,4,SU,Sul,27263317,0.845650282462929,74.230499383989,20.6109191958997,1.60549959089016,36.4994695097516,16.5635404253331,53.0630099350847,45.3802223643494,31.9199370348076,29.9999362313393
2008,4,SU,Sul,27487139,0.8209639347992679,74.2705926800733,20.6902803755068,1.63468478924165,35.5449789128054,16.9722952304899,52.5172741432953,47.7487840747471,32.2628704646198,30.4065247632766
2009,4,SU,Sul,27713226,0.8225192152591759,74.4837608024823,20.8173421174282,1.60081727442606,34.6411662664226,17.4158916737959,52.0570579402184,50.2751308655476,32.5998093112653,30.8109159880964
2010,4,SU,Sul,27910392,0.711450915169531,74.6469311809235,20.9216291746727,1.60499891088577,33.8036720603173,17.9212134341231,51.7248854944403,53.0155818638446,32.9456891182324,31.2433616229791
2011,4,SU,Sul,28098358,0.67346241500299,74.8170556624852,21.0478752469705,1.6396443712994,33.0654534081313,18.4805327265962,51.5459861347275,55.890758546355,33.2873131590109,31.6832910425012
2012,4,SU,Sul,28315488,0.772749781321735,75.0361307368753,21.1544270004961,1.64957296501377,32.3978492840664,19.0609927590923,51.4588420431587,58.8341299817908,33.6117955657342,32.1046147560372
2013,4,SU,Sul,28551836,0.8346951322188099,75.3716489288561,21.3655638110641,1.68189950090768,31.8085063205446,19.6725354942885,51.4810418148331,61.8467755009998,33.9234065718226,32.5147966117195
2014,4,SU,Sul,28802860,0.879186893620432,75.6308598684587,21.5075116544775,1.71824648524264,31.3177804994117,20.3216394973884,51.6394199968001,64.8885047833136,34.2215654278776,32.9115595996206
2015,4,SU,Sul,29062489,0.9014000692986628,75.7935220342189,21.6360850906136,1.76264540511499,30.9520826546624,21.0134911492602,51.9655738039226,67.8903949169147,34.5064808798723,33.2977343708644
2016,4,SU,Sul,29316913,0.875437750703312,76.096094477854,21.7939236262561,1.69030136896341,30.6635978701633,21.7515950952077,52.415192965371,70.9362129887983,34.7941146463818,33.6860233686086
2017,4,SU,Sul,29561726,0.8350572244765428,76.2216721067805,21.8619462533931,1.71569272707657,30.4326385777738,22.5336632990173,52.9663018767911,74.0443955966228,35.0876267170598,34.0801357474658
2018,4,SU,Sul,29807638,0.8318594117271869,76.5668482362223,22.0370386438504,1.71038670249501,30.2825297320367,23.3588322949736,53.6413620270102,77.1363307546319,35.3777858883015,34.4724280319914
2019,4,SU,Sul,30066296,0.867757451965834,76.8210684338287,22.1453630958063,1.67011007466854,30.1501594406353,24.2093631738954,54.3595226145307,80.2959706450738,35.6662649100508,34.8546016852424
2020,4,SU,Sul,30323248,0.8546180746707102,76.3241389241367,21.7604822815444,1.62327919659081,30.0130383897346,25.0629864944375,55.0760248841721,83.5069950898736,35.951119385364,35.223653954891
2021,4,SU,Sul,30529735,0.680952779200972,73.0543182434974,19.9026840368429,1.57325420386668,29.8631627238725,25.8462533403479,55.7094160642204,86.5489485468547,36.2108436578306,35.5608696926985
2022,4,SU,Sul,30704015,0.570853300888463,75.7619102551418,21.341982793922,1.5644861393893,29.7911989969057,26.6570235149145,56.4482225118202,89.4795255393491,36.4734395159721,35.9062094631185
2023,4,SU,Sul,30903366,0.64926687926643,77.1173073065727,22.5222087113585,1.5616652550541,29.7287601240993,27.5964667686403,57.3252268927396,92.8275066078843,36.7731285970596,36.2892251310876
2024,4,SU,Sul,31113021,0.678421243821781,77.3144113474637,22.6348503528256,1.52937820593695,29.6280265994743,28.5940382466609,58.2220648461352,96.5101004977773,37.0885223585328,36.6776034462067
2025,4,SU,Sul,31310809,0.635708117189915,77.509013898114,22.7459536027011,1.51335387798889,29.5089833491985,29.5958866127357,59.1048699619342,100.294497653507,37.4072179355059,37.0659423505191
2026,4,SU,Sul,31498532,0.599546948786922,77.7012239412174,22.8558277309374,1.49958360095852,29.3187052819204,30.5682214745257,59.8869267564461,104.261839602364,37.7263616602831,37.450527147238
2027,4,SU,Sul,31676393,0.564664410392202,77.8913348263078,22.9646609621749,1.48778110091103,29.0569756118428,31.4955226956509,60.5524983074937,108.39229490496,38.0452887423136,37.833177969147
2028,4,SU,Sul,31844583,0.530963231830084,78.0794055229703,23.0725414716277,1.47770921818812,28.7288394246613,32.3737154691793,61.1025548938407,112.687167729404,38.3634940360186,38.2133408651765
2029,4,SU,Sul,32003403,0.4987347455609689,78.2652804416942,23.1792905386374,1.46914637604973,28.3202717490545,33.2023440092131,61.5226157582675,117.238790303351,38.6803283700799,38.5926620342134
2030,4,SU,Sul,32153051,0.4676002736333949,78.4488527930485,23.2847488379236,1.46189556794114,27.8278569849095,33.9813424269359,61.8091994118454,122.11268171086,38.9949543512994,38.9701052970052
2031,4,SU,Sul,32292890,0.434916736206459,78.6302276205972,23.3889988813696,1.45577848565516,27.3376759928953,34.7360903316017,62.073766324497,127.063069811161,39.3071861329228,39.3492087336609
2032,4,SU,Sul,32422276,0.400664047101396,78.809419280584,23.4920673942581,1.45067794631284,26.8705437492214,35.4776698247403,62.3482135739617,132.031826954631,39.617053472742,39.7287355226749
2033,4,SU,Sul,32541415,0.367460322649782,78.9863765121316,23.5939485388557,1.446463233687,26.3750579610943,36.1878400046998,62.5628979657941,137.204779068468,39.9241542508216,40.1089665810833
2034,4,SU,Sul,32650480,0.335157521576734,79.1609440682713,23.6944694668713,1.44302982704224,25.9030283818215,36.8869098222315,62.789938204053,142.403850540188,40.2279457759886,40.4894086568776
2035,4,SU,Sul,32749560,0.303456488235399,79.3331388508702,23.7935708886976,1.44028758520705,25.4959128332737,37.6110480726749,63.1069609059486,147.51795049907,40.5278649239868,40.8681256310652
2036,4,SU,Sul,32838620,0.271942584877483,79.5031283424787,23.8914190893879,1.43814308155614,25.1683899016116,38.3944615410669,63.5628514426785,152.55032877017,40.8234487320113,41.2450627110766
2037,4,SU,Sul,32917657,0.240683073771075,79.6710133530146,23.9881289154523,1.43652645616773,24.9001850287118,39.2522424458578,64.1524274745695,157.638356504568,41.1143339576082,41.6182445243139
2038,4,SU,Sul,32986896,0.210340000808684,79.8367598121966,24.0837364086115,1.43538976353884,24.6557648629206,40.1830097445423,64.8387746074629,162.976123304018,41.4002617584874,41.9877275185838
2039,4,SU,Sul,33046478,0.180623238997701,80.0003021826967,24.1781675309664,1.43468099237267,24.4575899512161,41.1886174039987,65.6462073552148,168.408324312227,41.6809638231342,42.3505558538259
2040,4,SU,Sul,33096401,0.1510690488711,80.161632323267,24.271302784225,1.43433935107553,24.3094308590386,42.2571725792498,66.5666034382884,173.830365771554,41.9562844310474,42.7083540993725
2041,4,SU,Sul,33137198,0.123267179413244,80.3208215892141,24.3631342069324,1.43432273890575,24.1935930784261,43.3586270599188,67.5522201383449,179.21532746032,42.2259185281749,43.0604424029271
2042,4,SU,Sul,33169562,0.0976666765850176,80.4778812461943,24.4536601474326,1.43461592438864,24.1041231489938,44.4712961364413,68.5754192854351,184.49663512567,42.4895412848683,43.4048124929142
2043,4,SU,Sul,33193781,0.0730157365357975,80.632841966785,24.5429041317726,1.43516233856289,24.0395409504078,45.5919713285387,69.6315122789465,189.654084587523,42.7469747119197,43.7415238925261
2044,4,SU,Sul,33210066,0.0490603947769674,80.7856434241063,24.6308271782323,1.43593129988671,23.9981232369361,46.724527187618,70.7226504245542,194.700755247823,42.9982091875397,44.0691622490011
2045,4,SU,Sul,33218442,0.0252212687562814,80.936280333916,24.7174428344328,1.43691282088803,23.9759753316086,47.8616514970516,71.8376268286603,199.623376463661,43.2432924157009,44.3802744745605
2046,4,SU,Sul,33218875,0.001303492800786,81.0847838574357,24.8028365849042,1.4380839004672,23.9688582846283,48.9943168061648,72.9631750907931,204.408220968897,43.4824522504149,44.6797400318591
2047,4,SU,Sul,33211397,-0.0225112981700915,81.2312140585246,24.8870967457108,1.43942544347821,23.9738335765566,50.1163697665056,74.0902033430623,209.046123584978,43.7158597995742,44.9672048105779
2048,4,SU,Sul,33196245,-0.0456228926473679,81.3756111094793,24.9702535330123,1.44091626084516,23.9880838842361,51.2197799541431,75.2078638383793,213.521764394873,43.9436585674072,45.2388721054153
2049,4,SU,Sul,33173504,-0.0685047360025171,81.5179521546716,25.052254962416,1.44253479301529,24.009033388043,52.30426494395,76.313298331993,217.852439532192,44.1661635442551,45.5001684207632
2050,4,SU,Sul,33143079,-0.0917147612745417,81.658210876419,25.1330677641239,1.44427622413167,24.0359662681204,53.382614787027,77.4185810551474,222.094731668141,44.3837255735956,45.7524004135527
2051,4,SU,Sul,33104932,-0.115097936434938,81.7963791490851,25.2127009609348,1.44612813781681,24.0698415431011,54.474523519365,78.5443650624661,226.318579712373,44.5966580447892,45.9965275686494
2052,4,SU,Sul,33059090,-0.138474835109159,81.9325284303724,25.2911800892975,1.44806350693387,24.1110429936747,55.5937286200609,79.7047716137356,230.573719414151,44.8052592494228,46.2394826958612
2053,4,SU,Sul,33005644,-0.161668091892431,82.0667085279082,25.368549708021,1.45008797897834,24.1575263942443,56.743184265031,80.9007106592753,234.888222158998,45.0099393303763,46.4634117694998
2054,4,SU,Sul,32944570,-0.185041079640802,82.1989018847,25.4447749186425,1.45219584022769,24.2053875152955,57.9153167750311,82.1207042903267,239.266224258686,45.2111987499002,46.6748785893352
2055,4,SU,Sul,32875828,-0.208659575766201,82.3291205036169,25.5198429957341,1.4543744627404,24.251249743593,59.1004043506258,83.3516540942188,243.70044832943,45.4094214448378,46.8813508169173
2056,4,SU,Sul,32799531,-0.232076284131921,82.4574345957803,25.5937571574249,1.45661671619677,24.2922750101996,60.2832430607335,84.5755180709332,248.15807920593,45.6047459946912,47.0897214711504
2057,4,SU,Sul,32715915,-0.254930474463189,82.5838830031691,25.6665397823171,1.45891614706285,24.3263222198764,61.4495495905777,85.7758718104541,252.60517818994,45.7972407313077,47.29309006589
2058,4,SU,Sul,32625064,-0.277696650086057,82.7084805711345,25.7382117356743,1.46127437620211,24.3513458890547,62.5975549022719,86.9489007913267,257.059939058267,45.9871083471285,47.5036735906324
2059,4,SU,Sul,32527038,-0.300462245836519,82.8311961649787,25.8087606575432,1.46368926138073,24.3657393973592,63.7248178281444,88.0905572255036,261.534512821109,46.1745221928907,47.7230781943526
2060,4,SU,Sul,32421949,-0.323081984901297,82.9520180480386,25.8781789558345,1.46615011753745,24.3661142732748,64.8052244559215,89.1713387291963,265.964542926736,46.359343696457,47.9505713579141
2061,4,SU,Sul,32309958,-0.345417235712753,83.0708972129202,25.9464329376259,1.4686535534517,24.3491142299024,65.8015398986144,90.1506541285168,270.242027193768,46.5411926874062,48.1867214879255
2062,4,SU,Sul,32191344,-0.367112826330507,83.1878581418025,26.0135347638697,1.47119981548445,24.3167569025142,66.7139683857646,91.0307252882788,274.353889596465,46.719588812446,48.4333564746397
2063,4,SU,Sul,32066201,-0.388747360159925,83.3029830642279,26.0795279302513,1.47378384014319,24.2705718255554,67.5501094440615,91.8206812696169,278.321046284272,46.8942139107779,48.6899187013738
2064,4,SU,Sul,31934584,-0.410453985490833,83.4163092771916,26.1444340580029,1.47640198342038,24.2142860501973,68.3251318371074,92.5394178873047,282.168682138579,47.064769686682,48.9549801093815
2065,4,SU,Sul,31796676,-0.431845299754019,83.5278263297521,26.20826119608,1.47905074721007,24.1525212089203,69.0527008356453,93.2052220445656,285.902661003117,47.230758208814,49.2140089432254
2066,4,SU,Sul,31652673,-0.452886962146615,83.6375558794302,26.2711246999026,1.4817273749151,24.0957189154066,69.7870520032371,93.8827709186437,289.62427827217,47.3916075902973,49.4644311693077
2067,4,SU,Sul,31502709,-0.473779892143711,83.7455276544744,26.3329553005424,1.48442995687561,24.0252188662001,70.3815259123449,94.406744778545,292.948531725391,47.5467402819231,49.7120940851264
2068,4,SU,Sul,31346942,-0.4944558894919179,83.8517870688438,26.3937704213293,1.48715572611435,23.9566679699956,70.9330307968819,94.8896987668775,296.088883836941,47.6956309486265,49.9603406702901
2069,4,SU,Sul,31185462,-0.515137967843882,83.9563703092189,26.4535839571292,1.48990261585469,23.9007316122758,71.5007810618795,95.4015126741552,299.157290336484,47.8378921562874,50.1976647842992
2070,4,SU,Sul,31018486,-0.535428976489105,84.0593160071356,26.5124529737856,1.49266891280677,23.8535645593747,72.042620551978,95.8961851113527,302.020355794851,47.973214102068,50.4171792435532
2000,5,CO,Centro-Oeste,12118738,,71.7160407161123,20.219205530114,2.14072314615691,49.2022472964023,10.8983729467302,60.1006202431326,22.1501527787474,27.0000576792732,24.4126796954931
2001,5,CO,Centro-Oeste,12377489,2.13513156237886,71.9867694492269,20.3330021998664,2.05245596227104,47.9638306083008,11.0405052584846,59.0043358667854,23.0183976518628,27.2768840271238,24.7490462086795
2002,5,CO,Centro-Oeste,12629107,2.03286789428776,72.2812473582563,20.4068483223542,2.00863137180909,46.7556270253295,11.1887423600108,57.9443693853404,23.9302583921062,27.5652337888973,25.1040783271383
2003,5,CO,Centro-Oeste,12873643,1.9362889236745,72.3540595279717,20.39449306482,1.98544476601516,45.5946577500757,11.3467098452291,56.9413675953048,24.8860511409592,27.8625259376852,25.4796691757048
2004,5,CO,Centro-Oeste,13111762,1.8496629120444,72.6676572426183,20.5810048043078,1.94766134578735,44.4844503047259,11.5224849433679,56.0069352480938,25.9022756591056,28.1680134981096,25.8660962683204
2005,5,CO,Centro-Oeste,13344533,1.7752839015839503,73.1256561643766,20.7762362571461,1.94736269033899,43.4117731035345,11.723951283004,55.1357243865385,27.0063866201526,28.4817273111019,26.2686027687303
2006,5,CO,Centro-Oeste,13576451,1.73792518629166,73.7177035148458,21.0552300835107,1.86260616705447,42.4022393878406,11.9524745162875,54.3547139041282,28.1883096007308,28.7947350894575,26.6733564314209
2007,5,CO,Centro-Oeste,13796173,1.61840528132131,73.9224021327356,21.1176874598777,1.77144888389101,41.3201734111379,12.2047803127303,53.5249537238682,29.5370984804252,29.1287497627059,27.098893234303
2008,5,CO,Centro-Oeste,14010845,1.55602571814661,74.0698945614406,21.2240441130216,1.80336821551721,40.2543264837283,12.4802811455429,52.7346076292713,31.0035770952167,29.466359166774,27.5304028150755
2009,5,CO,Centro-Oeste,14224409,1.52427637305244,74.0814481221317,21.2173337807064,1.75782057740999,39.2433267562239,12.7805504807574,52.0238772369814,32.567449136382,29.8009616427649,27.9589757638381
2010,5,CO,Centro-Oeste,14413092,1.3264733881035,74.3235905936625,21.3143237186639,1.74956224955953,38.3102976530715,13.1335425002522,51.4438401533237,34.2820163371902,30.1482176759851,28.4064162081298
2011,5,CO,Centro-Oeste,14590444,1.23049238844795,74.3523098951822,21.3556561212399,1.78686500162111,37.4855274807601,13.5321599923158,51.0176874730759,36.0996920725242,30.4929296188656,28.8543227485608
2012,5,CO,Centro-Oeste,14783413,1.32257112943239,74.5602409320806,21.5504515092005,1.77657773897955,36.7057638544532,13.9458219733818,50.651585827835,37.9935479034851,30.8256257198524,29.2864855623938
2013,5,CO,Centro-Oeste,14984338,1.35912458104228,74.7264963302279,21.6819668211116,1.80909485117227,35.9835328654787,14.3852205219818,50.3687533874605,39.9772322961162,31.1512436518717,29.708752745661
2014,5,CO,Centro-Oeste,15193306,1.39457612341634,74.9709896768491,21.7828037338574,1.87748510271277,35.3779491067211,14.8521178769586,50.2300669836797,41.9812856651348,31.4604084851579,30.1145883715136
2015,5,CO,Centro-Oeste,15405701,1.39795117665635,75.2326112875466,21.8514210571971,1.90272164003403,34.9013487894601,15.3513529540161,50.2527017434762,43.984984782743,31.7560890607964,30.5070360855911
2016,5,CO,Centro-Oeste,15608920,1.31911556637376,75.6243397467796,22.0084307670149,1.78874035612831,34.4466579074145,15.8859169370946,50.3325748445091,46.1174404198882,32.0644756972295,30.9092807381946
2017,5,CO,Centro-Oeste,15804681,1.25416108225296,75.9649443231693,22.1658050442275,1.85356952181641,34.0343400481191,16.4599300561263,50.4942701042455,48.3627125804543,32.381770818405,31.3177749595648
2018,5,CO,Centro-Oeste,16000668,1.24005666422498,76.2506709498709,22.2500472528302,1.86498949172706,33.7322494757428,17.0716241370373,50.8038736127801,50.6092075161299,32.6904859222127,31.7182568580121
2019,5,CO,Centro-Oeste,16203468,1.26744708408424,76.5051956416633,22.366008373013,1.83007323539079,33.4468384560356,17.7017992446238,51.1486377006593,52.9251793645371,32.9961389129784,32.1069083684759
2020,5,CO,Centro-Oeste,16400560,1.2163568934749,74.673727087017,20.9201697339672,1.75163204708425,33.1292204579715,18.3032168506785,51.4324373086499,55.2479551213661,33.2936120473935,32.4746583841701
2021,5,CO,Centro-Oeste,16570591,1.03673898940035,72.0074660992829,19.6235473652588,1.73106607205302,32.7715433078488,18.839858231469,51.6114015393178,57.4884681337445,33.5676337072106,32.8109989720587
2022,5,CO,Centro-Oeste,16729024,0.956109531639515,75.6964367663596,21.8276894256178,1.69775120009502,32.5101969295937,19.4515686039758,51.9617655335695,59.8322078642016,33.8611322453719,33.1655875917587
2023,5,CO,Centro-Oeste,16898404,1.01249182259526,76.5546999381113,22.5738960255306,1.71488256432841,32.2541878705942,20.1840942781803,52.4382821487745,62.5782126623685,34.1908174878527,33.5560982004082
2024,5,CO,Centro-Oeste,17071595,1.02489560552583,76.7681383431616,22.694223716037,1.67332826374237,31.9760487839138,20.9537935240487,52.9298423079624,65.5296521019506,34.5265529670778,33.9446665621407
2025,5,CO,Centro-Oeste,17238818,0.979539404490315,76.9774520087423,22.8114712239954,1.65506664676596,31.7030997211608,21.7480566935863,53.4511564147471,68.5991492468167,34.8671896182209,34.3361828988802
2026,5,CO,Centro-Oeste,17401676,0.9447167433405352,77.1836763690198,22.9262846666624,1.63888612126603,31.3771029773383,22.5464733667097,53.923576344048,71.8564533602533,35.2086660503276,34.7277301162743
2027,5,CO,Centro-Oeste,17560394,0.9120845601308772,77.3872599216109,23.0393322615209,1.62449018221297,31.0101361875502,23.3443740625547,54.354510250105,75.2798179323278,35.5501591820776,35.1190282742931
2028,5,CO,Centro-Oeste,17715117,0.881090709012566,77.5884838040178,23.1509149771758,1.61161739918308,30.6098399584609,24.1407489896509,54.7505889481118,78.8659758509391,35.8910999007232,35.5107502848789
2029,5,CO,Centro-Oeste,17866096,0.8522608120510761,77.7874283899448,23.2612716437113,1.60016692294335,30.1207331815779,24.9274707040657,55.0482038856437,82.7585123967418,36.2307534337664,35.9004137137363
2030,5,CO,Centro-Oeste,18013516,0.8251382954619799,77.9840914011826,23.3703216344002,1.58987900972385,29.5555120760497,25.7081216939654,55.2636337700151,86.9824945946309,36.56820400859,36.2883632317973
2031,5,CO,Centro-Oeste,18156543,0.793998239988247,78.1785029529684,23.4779943814198,1.58053932060458,29.0578081654672,26.5144795458892,55.5722877113564,91.2473487157213,36.9037007760784,36.6747468864959
2032,5,CO,Centro-Oeste,18294222,0.758288623555714,78.3702696871606,23.5842073389061,1.57223495152114,28.6029937151996,27.3467838029018,55.9497775181014,95.6081173711887,37.2376020691123,37.0608972043632
2033,5,CO,Centro-Oeste,18426606,0.723638315966646,78.55932718438,23.6889040063999,1.5648308866583,28.094332245789,28.1813471019219,56.2756793477109,100.309723880858,37.5694665094592,37.4463935305703
2034,5,CO,Centro-Oeste,18553808,0.690317033967069,78.7455608220173,23.7918931243819,1.55823842277335,27.6067171663403,29.0356013328159,56.6423184991562,105.175856867972,37.8987094185733,37.8299636483926
2035,5,CO,Centro-Oeste,18675819,0.657606244497089,78.9289293494822,23.8931182949209,1.55238793474267,27.2152269946735,29.9392017847584,57.1544287794319,110.009009995096,38.2247800216954,38.2111454274479
2036,5,CO,Centro-Oeste,18792507,0.624807940149763,79.1097106700497,23.9927843896442,1.54709666175602,26.9083806480008,30.905209345517,57.8135899935178,114.853471674124,38.5474379229977,38.5900069906254
2037,5,CO,Centro-Oeste,18903704,0.591709238155391,79.2880224813785,24.0910777303182,1.54245597621297,26.65794033008,31.9371921896211,58.5951325197012,119.803674980787,38.8665951392383,38.9664805469058
2038,5,CO,Centro-Oeste,19009450,0.55939301631045,79.4638350262657,24.187929895974,1.53837078038161,26.4330922996998,33.0322195520866,59.4653118517864,124.965400103649,39.1819118385855,39.3405144671539
2039,5,CO,Centro-Oeste,19109783,0.527805907062007,79.6371887046986,24.2832347283645,1.53473405206703,26.2440976182271,34.1872080815984,60.4313056998255,130.266273883445,39.4929289359277,39.7103722374403
2040,5,CO,Centro-Oeste,19204626,0.496306002009539,79.8079406442479,24.3768516998153,1.53155608266317,26.1092832409064,35.3936678509606,61.502951091867,135.559706960887,39.7995175745677,40.075863774161
2041,5,CO,Centro-Oeste,19293939,0.4650598246485059,79.9760986477404,24.4687697423089,1.52870436366002,26.0032331240206,36.6217672236679,62.6250003476885,140.835437843452,40.1015197570595,40.4330564034026
2042,5,CO,Centro-Oeste,19377817,0.43473756188408,80.1418603160216,24.5590846680582,1.52620911415968,25.9180961957569,37.8511176902255,63.7692138859823,146.041273264593,40.39881979482,40.7840175264153
2043,5,CO,Centro-Oeste,19456302,0.4050249829482769,80.305295627381,24.6478817443711,1.52404620770351,25.8511219049072,39.0761216929871,64.9272435978944,151.158320465656,40.6911744071407,41.1273283443492
2044,5,CO,Centro-Oeste,19529406,0.375734299354513,80.4665128030906,24.7352254512144,1.52211891022268,25.7994646832738,40.2965870007898,66.0960516840636,156.191562481972,40.9783896653078,41.4625556639694
2045,5,CO,Centro-Oeste,19597039,0.346313656441977,80.625516772942,24.8211075059764,1.52045477337567,25.7582691680364,41.5039951848502,67.2622643528866,161.12882008529,41.2604690943361,41.7915956685624
2046,5,CO,Centro-Oeste,19659044,0.316399839792125,80.7823747605816,24.9056041596131,1.51900415251097,25.7235066048395,42.6885194895,68.4120260943395,165.951400581866,41.5375087923909,42.1140873015873
2047,5,CO,Centro-Oeste,19715369,0.286509354167985,80.9371014610307,24.9887210238535,1.51774551274978,25.692404704411,43.8438177105669,69.5362224149779,170.648945534629,41.8095570516585,42.4301381382271
2048,5,CO,Centro-Oeste,19766053,0.257078627338903,81.0896080234007,25.0704022608153,1.51668353832393,25.6620599053626,44.9608917463893,70.6229516517519,175.203751811809,42.0765214987534,42.7447245951221
2049,5,CO,Centro-Oeste,19811015,0.227470805628216,81.2398706817937,25.15065300122,1.51576178120249,25.6297879940136,46.0399145837509,71.6697025777645,179.634394925563,42.3385118329374,43.060577599086
2050,5,CO,Centro-Oeste,19850133,0.1974558093060799,81.3879054509527,25.229475597856,1.51498647004965,25.5951920600055,47.0924596550846,72.6876517150901,183.989475619799,42.5956353541813,43.3518413394036
2051,5,CO,Centro-Oeste,19883352,0.167349004664108,81.5337022912915,25.3069766316073,1.51438752486135,25.5611965215386,48.137815841073,73.6990123626116,188.323796972926,42.847943193884,43.6351981840272
2052,5,CO,Centro-Oeste,19910665,0.137366174476017,81.6773959736233,25.3832537963194,1.51391173983072,25.5307302328157,49.1906353528933,74.721365585709,192.672261640471,43.0953838558381,43.9129972980881
2053,5,CO,Centro-Oeste,19932045,0.1073796379980289,81.8189354879243,25.4583231819746,1.51355263116903,25.5025328126389,50.2534047124917,75.7559375251306,197.05260289906,43.3380163952068,44.188886524041
2054,5,CO,Centro-Oeste,19947371,0.0768912572693958,81.9583317199146,25.5321898095975,1.51332096255139,25.4724273852338,51.3205472565648,76.7929746417986,201.474898643994,43.5761901154794,44.4549536372349
2055,5,CO,Centro-Oeste,19956576,0.0461464320285598,82.0956479907978,25.6048669600819,1.51320657675399,25.4390068555892,52.3894316141252,77.8284384697144,205.941340051232,43.8100401591936,44.7194613122155
2056,5,CO,Centro-Oeste,19959732,0.015814336086506,82.2309419290146,25.6763813361751,1.5132220188305,25.4029083074952,53.4549648915023,78.8578731989976,210.428523555038,44.0393917613724,44.9871195658314
2057,5,CO,Centro-Oeste,19957010,-0.0136374576572451,82.364206985664,25.7467618603031,1.51333833034493,25.3646806241998,54.5117394609839,79.8764200851837,214.911988321965,44.2639878418661,45.2584234522778
2058,5,CO,Centro-Oeste,19948407,-0.0431076599149871,82.4954797950148,25.8160213190383,1.51355894380526,25.3234229867871,55.5619250820963,80.8853480688834,219.409220906221,44.4838974861501,45.52991307344
2059,5,CO,Centro-Oeste,19933883,-0.0728078186894798,82.6247496182847,25.8841520228614,1.51389597672114,25.2778609359062,56.6054627910285,81.8833237269347,223.932962265104,44.6992830749533,45.8059662071578
2060,5,CO,Centro-Oeste,19913528,-0.102112568835688,82.7520442809244,25.9511505083309,1.51433671573286,25.226354158173,57.6266687088217,82.8530228669947,228.438355964932,44.9099900831234,46.0941854614661
2061,5,CO,Centro-Oeste,19887563,-0.130388748794286,82.8774473716151,26.017047626137,1.51487687809572,25.1684851692762,58.6059577937859,83.7744429630621,232.854529780472,45.1155509601654,46.3948665305048
2062,5,CO,Centro-Oeste,19856201,-0.157696546328978,83.0009797333717,26.0818579496589,1.51550391148815,25.1060442477958,59.5421689435934,84.6482131913892,237.162686227723,45.3155390097028,46.6872799255624
2063,5,CO,Centro-Oeste,19819556,-0.184551919070519,83.1226164175442,26.1456104083597,1.51622837675604,25.0399509919525,60.4392999470689,85.4792509390214,241.37147858833,45.5097780697005,46.9663250474608
2064,5,CO,Centro-Oeste,19777714,-0.21111471921974,83.2423389232487,26.2082959611469,1.51704153599439,24.9724554205415,61.3051355453262,86.2775909658677,245.491020057637,45.698197273962,47.2317203503043
2065,5,CO,Centro-Oeste,19730846,-0.236973797881801,83.3601677487141,26.2699019232393,1.51792858153952,24.9064333844281,62.144756624414,87.0511900088421,249.512869487238,45.8805296032415,47.5044605352642
2066,5,CO,Centro-Oeste,19679156,-0.261975588882501,83.4761355241292,26.3305572214391,1.51888930703133,24.8537627579881,63.0245136293014,87.8782763872895,253.581376160216,46.0564572992866,47.7775975927607
2067,5,CO,Centro-Oeste,19622869,-0.286023445314421,83.5902364944563,26.3902315096965,1.51991622929538,24.7878899574118,63.7648554861307,88.5527454435425,257.241966120091,46.2257776882677,48.0447126622068
2068,5,CO,Centro-Oeste,19562132,-0.309521507787669,83.7025423294138,26.4488824396781,1.52100950646423,24.7265237109501,64.4737367689104,89.2002604798605,260.74727496109,46.3883701428863,48.2850874531636
2069,5,CO,Centro-Oeste,19497128,-0.332295068860589,83.8131097766148,26.5065520663568,1.52216365216016,24.6775358670564,65.1883640049259,89.8658998719823,264.160750717214,46.5441952271124,48.5067261244079
2070,5,CO,Centro-Oeste,19428108,-0.354000855920933,83.9219617401344,26.5633104877461,1.52337220997232,24.6336657038937,65.8499519430584,90.4836176469521,267.316901733589,46.69331151546,48.7115039447338
2000,11,RO,Rondônia,1376519,,68.3924093441855,19.0289974757197,2.70958459858727,58.0981302846255,9.17723287957555,67.275363164201,15.7960898820941,25.048023310975,22.0960202497968
2001,11,RO,Rondônia,1397209,1.50306679384737,68.5272120095114,19.0627446393977,2.59173131802009,56.483074477047,9.29675727625443,65.7798317533015,16.459368337027,25.33734466354,22.453802583159
2002,11,RO,Rondônia,1418120,1.49662648895048,68.8840574158365,19.1002456096126,2.34108576479322,54.9063798871159,9.41635602873203,64.3227359158479,17.1498395051567,25.6336868530167,22.8222237930303
2003,11,RO,Rondônia,1439286,1.4925394183849,69.4577917334692,19.204856899435,2.26768022135065,53.3667531779601,9.53925662162269,62.9060097995828,17.8749053550485,25.9387474067003,23.2080232475725
2004,11,RO,Rondônia,1460771,1.49275404610341,70.1072569780237,19.4193228422078,2.1683181796628,51.8577330349165,9.67337072389664,61.5311037588132,18.6536706442286,26.2543663585873,23.6103396672931
2005,11,RO,Rondônia,1482624,1.49599081580891,71.164295459935,19.7963962850634,2.168252841661,50.3720199505558,9.82713984406065,60.1991597946165,19.5091240210473,26.5821806472848,24.0265455937098
2006,11,RO,Rondônia,1504503,1.47569444444444,72.3545938788281,20.4478911229465,2.03612937110347,48.8467268582506,10.0091121512596,58.8558390095102,20.4908553654071,26.9333480890367,24.4710847086215
2007,11,RO,Rondônia,1526378,1.45396851983679,73.2026733441321,20.8169117149467,1.96366157029666,47.2829558270725,10.2180012237869,57.5009570508594,21.610326691836,27.3058095701065,24.9358218508911
2008,11,RO,Rondônia,1548087,1.4222558239178,73.3317898602132,20.8878409971157,1.91032107006029,45.7564661283145,10.4504419054961,56.2069080338106,22.8392679543695,27.686164278881,25.412934738821
2009,11,RO,Rondônia,1569789,1.40185919783578,72.9086351304112,20.6445753995949,1.9972567192432,44.3977429130097,10.7042676570817,55.1020105700913,24.1099365750529,28.0510826614277,25.8752933011666
2010,11,RO,Rondônia,1587848,1.15040938622961,73.324220258951,20.9972405552973,1.91743953811062,43.2494401453436,11.0176481732465,54.2670883185901,25.4746607961182,28.4166122953834,26.3416937247366
2011,11,RO,Rondônia,1603348,0.97616396531659,73.7784583897559,21.0666355035739,2.00811978155967,42.2555213662764,11.3900130038513,53.6455343701277,26.9550880821495,28.7814398371408,26.8046600913484
2012,11,RO,Rondônia,1619871,1.03053111364471,74.2132096793663,21.3399862903425,1.88763912011895,41.2729682972067,11.7817077537816,53.0546760509883,28.5458212477994,29.1412093925998,27.2610900505454
2013,11,RO,Rondônia,1635974,0.994091504817352,74.5004160135413,21.4953409073702,1.90160041228041,40.2642838437186,12.2011569291332,52.4654407728518,30.3026796067966,29.5100527269993,27.7230359520639
2014,11,RO,Rondônia,1651873,0.9718369607340852,74.9214024708695,21.7765419296543,1.91519577286965,39.3420946085215,12.6588218839257,52.0009164924472,32.1762783855025,29.8734600057026,28.1785152984451
2015,11,RO,Rondônia,1666906,0.910057855537327,75.0610740807908,21.722345928008,1.93580293127489,38.5412884196578,13.1584910708679,51.6997794905257,34.1412848672606,30.2319578908469,28.6288194911832
2016,11,RO,Rondônia,1680084,0.790566474654231,75.3956964948312,21.8141334901697,1.83946494718794,37.7736346105127,13.695952628452,51.4695872389647,36.2579687384392,30.5990557614976,29.0869992543889
2017,11,RO,Rondônia,1691568,0.683537251708843,75.7984187234093,21.9838712942304,1.89903645145538,37.0629101596575,14.2800649545274,51.3429751141849,38.529259826097,30.9726525921512,29.5514226945492
2018,11,RO,Rondônia,1701892,0.610321311351369,76.1447090662916,22.2278245649763,1.95401404782291,36.5107019081473,14.9213651105782,51.4320670187256,40.8684696013706,31.3344759831999,30.0065828222984
2019,11,RO,Rondônia,1712560,0.626831784860604,76.5674681221642,22.4040961045311,1.89358772155613,36.005215876377,15.5986749620229,51.6038908383999,43.3233757452824,31.6915489092353,30.4479876378451
2020,11,RO,Rondônia,1722753,0.595190825430936,74.1536568014283,20.7628778877746,1.82040532036159,35.4690948546909,16.2562244482765,51.7253193029675,45.8320814638059,32.0423223758716,30.8746231066652
2021,11,RO,Rondônia,1729622,0.3987222776567599,70.5407421742752,18.5393097619749,1.81040723949166,35.0420512694416,16.8485214655989,51.8905727350406,48.0808652896746,32.3586101471882,31.264151618094
2022,11,RO,Rondônia,1734648,0.290583722917503,74.9421542642753,21.344461540293,1.78148586639977,34.7265458726265,17.5150188036738,52.2415646763003,50.4369736855407,32.691354672533,31.6781194793958
2023,11,RO,Rondônia,1740255,0.323235607454664,75.7744757360027,22.06160042925,1.72963575232176,34.4102499289077,18.328909812843,52.7391597417507,53.2658433191007,33.0767875972199,32.146707676628
2024,11,RO,Rondônia,1746227,0.343168098928026,76.0011374792503,22.1855593430527,1.7153167341959,33.9845021071696,19.1724809346098,53.1569830417794,56.415365080676,33.4708041967052,32.616926625659
2025,11,RO,Rondônia,1751950,0.327735168451748,76.2252267688685,22.3083597056154,1.68900135330851,33.5050737776968,20.0315845838486,53.5366583615453,59.7867198166952,33.865626872913,33.0853222177137
2026,11,RO,Rondônia,1757338,0.307543023488122,76.4469897699295,22.4301879604409,1.66474885348715,32.9529805922052,20.8927287960059,53.845709388211,63.4016359690021,34.2618022258666,33.5525954510037
2027,11,RO,Rondônia,1762414,0.288845970439389,76.6662442080636,22.5509661114951,1.64245714700889,32.3779380743653,21.7552184818389,54.1331565562043,67.1914883272424,34.6585393670273,34.0176971326165
2028,11,RO,Rondônia,1767197,0.271389128774513,76.8829067878122,22.6705745653652,1.62202267790288,31.8536850175227,22.629274360698,54.4829593782208,71.0413076171553,35.0557000719218,34.4801089406461
2029,11,RO,Rondônia,1771714,0.255602516301234,77.0970411876001,22.7889721818595,1.60334167713275,31.2777042976278,23.500670057431,54.7783743550588,75.1355337137495,35.452314538351,34.9392933901437
2030,11,RO,Rondônia,1775998,0.241799748717919,77.3085299419696,22.9059959866859,1.58631123337481,30.6559741060096,24.3725962251897,55.0285703311994,79.5035778047968,35.8470465619894,35.394604221136
2031,11,RO,Rondônia,1779940,0.221959709414077,77.5174430605628,23.0217724909836,1.57083018972566,30.0795432329777,25.2662786963079,55.3458219292856,83.998212674344,36.2401794442509,35.8475399264064
2032,11,RO,Rondônia,1783410,0.194950391586235,77.7238784024544,23.1363100000783,1.5567998790605,29.5298057999815,26.1838238247328,55.7136296247143,88.6691365398319,36.6320072221194,36.3006897077316
2033,11,RO,Rondônia,1786424,0.169002080284408,77.9279679450144,23.2497325177955,1.54412471225876,28.8894322076448,27.0994782684625,55.9889104761073,93.8041221221766,37.0223603131172,36.7537799443958
2034,11,RO,Rondônia,1789002,0.14431064517717,78.1296307087351,23.3619565171498,1.53271263426691,28.2478763885152,28.031234821987,56.2791112105022,99.2330695463668,37.4102684066312,37.2061883270864
2035,11,RO,Rondônia,1791165,0.120905398652438,78.3288649255219,23.4728685769181,1.52247546311987,27.7169485578181,29.0154941692327,56.7324427270508,104.685023709251,37.7952042385822,37.6580976373144
2036,11,RO,Rondônia,1792920,0.0979809230305495,78.5256528638891,23.5823854444135,1.51332912672903,27.2617113053977,30.0577887595335,57.3195000649312,110.256426762109,38.1766665551168,38.1083390817813
2037,11,RO,Rondônia,1794263,0.0749057403565123,78.7199570110659,23.6904346089514,1.5051938115831,26.8496861416202,31.1594266712695,58.0091128128897,116.051362786579,38.5542598827485,38.5572812930902
2038,11,RO,Rondônia,1795207,0.0526121309975203,78.9117412445276,23.7969631801405,1.49799403660563,26.507028271462,32.3297832901707,58.8368115616326,121.966834452648,38.9273604659518,39.0029027297193
2039,11,RO,Rondônia,1795757,0.0306371354389822,79.1009409061131,23.9019422273017,1.49165866435303,26.2197075122167,33.5627773882528,59.7824849004694,128.005918344492,39.2956986941997,39.4434928858645
2040,11,RO,Rondônia,1795921,0.0091326387701595,79.2875026053936,24.0052874494647,1.48612086059393,25.9665520214832,34.8460169827692,60.8125690042524,134.195779839925,39.6590195225737,39.8800550046483
2041,11,RO,Rondônia,1795653,-0.0149227053974021,79.4715002638786,24.1071178741866,1.48131801213809,25.7516407057334,36.1685666210389,61.9202073267723,140.451503787043,40.0170806943212,40.3132387247278
2042,11,RO,Rondônia,1794936,-0.0399297637126983,79.6529913460837,24.2074590454171,1.47719161162504,25.5696618871915,37.5160479334623,63.0857098206538,146.720938661512,40.3697747440577,40.7420009364757
2043,11,RO,Rondônia,1793786,-0.0640691367268853,79.831966406718,24.3063092193396,1.47368711686929,25.4194222067525,38.8858153040101,64.3052375107626,152.976786756704,40.7167622001733,41.1663729291505
2044,11,RO,Rondônia,1792198,-0.0885278399987532,80.0084173653227,24.4036527740394,1.4707537913127,25.2969506263286,40.2764548663688,65.5734054926974,159.214663701204,41.057773750445,41.5847227149107
2045,11,RO,Rondônia,1790158,-0.1138267088792609,80.1823709934486,24.4994998784795,1.46834453116812,25.1934176478923,41.6731605282585,66.8665781761508,165.412891219009,41.3930714495592,41.9980928162746
2046,11,RO,Rondônia,1787673,-0.138814562736922,80.3538746683692,24.5938819252959,1.46641568396011,25.1030978262914,43.058581388961,68.1616792152525,171.52696327329,41.7225862895507,42.40413443904
2047,11,RO,Rondônia,1784738,-0.16417991433556,80.522923666883,24.6867877833839,1.46492686238027,25.0220730223047,44.4169019540084,69.438974976313,177.51087975171,42.0460554994627,42.803998226593
2048,11,RO,Rondônia,1781377,-0.188318957740574,80.6895742915603,24.7782717072548,1.46384075667597,24.9475637882085,45.739803324681,70.6873671128895,183.343767403453,42.3633531812749,43.1959448532385
2049,11,RO,Rondônia,1777583,-0.2129813060345989,80.8537984890163,24.8683187544406,1.46312294817861,24.8766038597075,47.025340693262,71.9019445529694,189.034407423389,42.6747071726046,43.5718007503126
2050,11,RO,Rondônia,1773347,-0.238301108865235,81.015585091606,24.9569638882117,1.46274172604551,24.8082293263942,48.2804327053061,73.0886620317004,194.614585628403,42.9802119946068,43.9359200343938
2051,11,RO,Rondônia,1768669,-0.263794959474939,81.1748783377943,25.0442813015872,1.4626679088324,24.7411060787731,49.5135424846132,74.2546485633863,200.126632685569,43.2798307653948,44.2792316978529
2052,11,RO,Rondônia,1763550,-0.289426681872074,81.3317409090599,25.1303081556526,1.46287467212365,24.6777816016726,50.7345525147855,75.4123341164582,205.587979234515,43.5735618496782,44.6122377315424
2053,11,RO,Rondônia,1758012,-0.31402568682487,81.4861939707322,25.2150579921622,1.46333738311914,24.6154263326882,51.9426782617079,76.5581045943962,211.016772814251,43.8613985570064,44.9380796976984
2054,11,RO,Rondônia,1752049,-0.339189948646534,81.6382419525694,25.2984848475287,1.46403344280169,24.5518401025525,53.1349895338082,77.6868296363607,216.419581228391,44.1436152756002,45.2748158994014
2055,11,RO,Rondônia,1745653,-0.365058283187281,81.7879231921708,25.3805880771846,1.46494213608208,24.4872623502093,54.3195131719519,78.8067755221612,221.827627748218,44.420245604367,45.6125847584119
2056,11,RO,Rondônia,1738846,-0.389940039629866,81.9353080289576,25.4613496272284,1.46604449013268,24.4247194220187,55.5059095734884,79.930628995507,227.253007964752,44.6912055466672,45.9506754766214
2057,11,RO,Rondônia,1731629,-0.4150453806720081,82.0803808236333,25.5407481020828,1.46732314097049,24.3650618547754,56.7008207220556,81.0658825768309,232.713633398565,44.956159200383,46.2945037781249
2058,11,RO,Rondônia,1724012,-0.4398748230712289,82.2231818543103,25.6188041456739,1.46876220823086,24.3082500541689,57.9118817479905,82.2201318021594,238.239616668986,45.2154352753925,46.6347244561077
2059,11,RO,Rondônia,1716005,-0.46443992269195,82.363703381599,25.6954907933413,1.47034717797929,24.2530949164715,59.1340645999692,83.3871595164407,243.820695064399,45.4690155331715,46.9707929189683
2060,11,RO,Rondônia,1707630,-0.488052190990118,82.5019970068578,25.7708055755026,1.47206479333698,24.196115852255,60.3425078699866,84.5386237222416,249.389233538336,45.7166775003953,47.2872846237732
2061,11,RO,Rondônia,1698884,-0.512171840504094,82.6380292116358,25.8446442827901,1.47390295264201,24.1428572990072,61.5537053857866,85.6965626847938,254.956174505152,45.9580612920011,47.6038021825741
2062,11,RO,Rondônia,1689794,-0.535057131622874,82.7718176639918,25.9170329554101,1.47585061482986,24.0918811688498,62.761543752253,86.8534249211029,260.509103927517,46.1928146271084,47.9200515242593
2063,11,RO,Rondônia,1680361,-0.558233725531043,82.9033876604566,25.9880253003949,1.47789771169094,24.042996894271,63.95217445784,87.9951713521109,265.990861035625,46.4205144013697,48.2388589881593
2064,11,RO,Rondônia,1670609,-0.580351483996588,83.0327692014968,26.0576640550325,1.48003506664703,23.9942584035373,65.1217259202742,89.1159843238115,271.405453859219,46.6412781207332,48.5457003429174
2065,11,RO,Rondônia,1660563,-0.6013375960503,83.1600142266693,26.1260601626677,1.48225431968102,23.9480662287308,66.2577101719862,90.205776400717,276.672485950018,46.8547817818415,48.8425237183199
2066,11,RO,Rondônia,1650219,-0.622921262246601,83.2851020707915,26.1933263648248,1.48454785805337,23.8927258278637,67.2716699527134,91.164395780577,281.557116744969,47.0606980043255,49.129449332321
2067,11,RO,Rondônia,1639602,-0.643369152821538,83.408077006023,26.2593492649131,1.4869087524426,23.8295420746573,68.1653711670738,91.9949132417311,286.054054054054,47.2588109797378,49.4302709274053
2068,11,RO,Rondônia,1628725,-0.66339270139949,83.5289939618128,26.3241596382284,1.48933069815558,23.766827819233,68.9919581516175,92.7587859708505,290.286775653698,47.4489137208553,49.7314403829417
2069,11,RO,Rondônia,1617635,-0.680900704538823,83.6478767669728,26.3878705117232,1.49180796106392,23.7312809241109,69.9253331992515,93.6566141233624,294.654694042274,47.6307152107861,50.0286929958542
2070,11,RO,Rondônia,1606337,-0.698427024637815,83.7647952323191,26.4505251102769,1.49433532793635,23.7177009432991,70.9202164074664,94.6379173507655,299.018090231479,47.8043872487529,50.2955558588064
2000,12,AC,Acre,587326,,70.4926572521022,20.5384158983988,3.98430768477021,73.4348254658677,10.3543879961823,83.78921346205,14.1001056794164,23.2697786237967,19.4516154145582
2001,12,AC,Acre,605327,3.0649077343758,71.1922610851311,20.5278356527735,3.73385581817469,72.3770029185492,10.3196520678842,82.6966549864334,14.2581920385645,23.3963989711346,19.6868744747498
2002,12,AC,Acre,623537,3.00829138630856,71.5618711551964,20.5730484938464,3.69764795243449,71.3627689483881,10.3019796932131,81.6647486416012,14.436070579974,23.5406687975212,19.9324740718473
2003,12,AC,Acre,641931,2.94994523179859,72.0663565188436,20.6002269329423,3.44538978341012,70.3742900086128,10.3057818208429,80.6800718294557,14.6442426908771,23.7029119952144,20.1915156507414
2004,12,AC,Acre,660422,2.88052765795701,72.0610679172792,20.4803545589647,3.29253559974329,69.3722519698751,10.3168125027208,79.6890644725959,14.8716701703743,23.8815848048672,20.4632190672355
2005,12,AC,Acre,678929,2.80229913600698,72.09504603316,20.4519808499302,3.29708640155184,68.286253245882,10.3336779821993,78.6199312280813,15.1328817895313,24.0791393503592,20.7489125706829
2006,12,AC,Acre,697370,2.71618976358352,72.9124063786352,20.6949564224156,3.10751991117406,67.0371321948874,10.3615027893027,77.3986349841901,15.4563634362822,24.3005377346315,21.0525443275191
2007,12,AC,Acre,715533,2.60449976339676,72.9431086981996,20.8911420721792,2.97880943202221,65.547148375928,10.4051757843718,75.9523241602998,15.8743378502078,24.5530967823986,21.381049105552
2008,12,AC,Acre,733604,2.52552991965429,73.5528264618659,21.1511199985323,2.9406994547766,63.9716565015277,10.4654563612369,74.4371128627647,16.3595206589453,24.8170048145866,21.7127110859888
2009,12,AC,Acre,750670,2.32632319343951,73.5858795026774,21.2217816592204,2.6782556095393,62.2802675354277,10.5517630400497,72.8320305754775,16.9423855381601,25.1034489189657,22.0582987989043
2010,12,AC,Acre,765021,1.91175882877963,74.095839533428,21.535835297254,2.41843226943824,60.378063041811,10.6807057713421,71.0587688131531,17.6897125102305,25.4389905636577,22.437762973352
2011,12,AC,Acre,778363,1.74400441295075,74.294614521286,21.597502128873,2.62140335664707,58.5884422230881,10.8496470234817,69.4380892465698,18.5184084297195,25.7695239881649,22.7975956820412
2012,12,AC,Acre,791681,1.71102686021818,74.3951839742956,21.5735143482543,2.42501486914899,56.8547241272548,11.0315168017508,67.8862409290056,19.4029906416564,26.0878219889071,23.1412967125597
2013,12,AC,Acre,803838,1.53559325031167,74.5519525882133,21.693600491786,2.3483319431111,54.9925764788109,11.2277139276837,66.2202904064947,20.4167810395461,26.4263470997888,23.5061737007325
2014,12,AC,Acre,815526,1.45402431833279,74.7046982448201,21.8081713383787,2.40695073391732,53.2108591365024,11.4460677424044,64.6569268789068,21.5107741693133,26.7579623457744,23.8618701084718
2015,12,AC,Acre,826677,1.36733838038272,74.8176947073026,21.8203460722618,2.36886400545701,51.5823028564996,11.6896660010784,63.2719688575779,22.6621638696486,27.0790683664841,24.2094958563536
2016,12,AC,Acre,836294,1.16333223254064,75.2314838481804,22.0367312316148,2.16691729620641,49.9499518879852,11.9646933318877,61.9146452198729,23.9533630757424,27.4214666134159,24.5835364202545
2017,12,AC,Acre,844496,0.980755571605196,74.5358402984872,21.7291692752581,2.21620031245065,48.3704801343714,12.2695722141801,60.6400523485516,25.3658268019993,27.775895918986,24.9708189311353
2018,12,AC,Acre,851504,0.829844072677677,74.6311016409837,21.884650757776,2.23874364475857,47.0029204140315,12.6083908481197,59.6113112621512,26.8246967147084,28.1173594017174,25.3551320043103
2019,12,AC,Acre,857919,0.753372855559098,74.8275146864509,21.7568891080008,2.20297193538059,45.7367796977001,12.9640077767028,58.7007874744029,28.3448197760953,28.4548144988047,25.736518385531
2020,12,AC,Acre,863657,0.668827709842068,72.8373237733006,19.9695625219108,2.05097587976749,44.4335488112195,13.2774551696432,57.7110039808626,29.8815996580733,28.7933184122864,26.1286166061095
2021,12,AC,Acre,868346,0.542923869082279,71.2339296746177,19.3641220407995,2.0895560836836,43.2022702123089,13.5510517964391,56.753322008748,31.3665271057404,29.1174589391786,26.520495331435
2022,12,AC,Acre,872566,0.485981394513257,75.1999969043779,21.5242181480701,1.93310144570889,42.0624806747441,13.8918429100216,55.9543235847657,33.0266847964647,29.4693707983121,26.9412185913293
2023,12,AC,Acre,876582,0.460251717348603,75.6269130173387,22.2426987650725,1.91196159218546,40.8461998718362,14.3279719314147,55.1741718032508,35.0778578579446,29.869036781499,27.417605587402
2024,12,AC,Acre,880631,0.461907727970678,75.8554032126081,22.3618706201901,1.86904931825808,39.7589008010897,14.8126110186687,54.5715118197583,37.2560878701725,30.2765176333788,27.9010301930802
2025,12,AC,Acre,884372,0.424809028980366,76.0814437329173,22.4801334886646,1.8218375909445,38.9658295192611,15.3487106022192,54.3145401214803,39.3901805545604,30.6906245335673,28.4012705481695
2026,12,AC,Acre,887794,0.386941241920824,76.3045489983258,22.5966540142934,1.77868075120906,38.0889443924099,15.8975960037465,53.9865403961564,41.7380850463119,31.1117973313629,28.9098693105002
2027,12,AC,Acre,890930,0.353235097331139,76.5251256437996,22.7118488112422,1.73940158030621,37.1017195409272,16.4505104160024,53.5522299569296,44.3389433685296,31.5379535990482,29.433465513879
2028,12,AC,Acre,893806,0.322808750406889,76.7432327190823,22.8257681988394,1.70380168116834,36.2372074519165,17.0343238126595,53.271531264576,47.0078270663171,31.9678968366737,29.9613316261204
2029,12,AC,Acre,896444,0.295142346325705,76.958751154401,22.9382973861255,1.6716681871606,35.3130054391221,17.6314227023633,52.9444281414854,49.9289779590101,32.4006295987256,30.5018085518667
2030,12,AC,Acre,898869,0.270513272440898,77.1718532877995,23.049623403835,1.64277970863308,34.3074810813379,18.2415105739156,52.5489916552535,53.1706496628758,32.835325280992,31.0438167839458
2031,12,AC,Acre,901074,0.245308270726885,77.3822313824864,23.1594336257905,1.61691145414101,33.4260835461911,18.8973769045208,52.3234604507119,56.5348222097475,33.2714738190204,31.5940773309194
2032,12,AC,Acre,903058,0.2201816942892559,77.5902232193753,23.2681398598597,1.5938395149925,32.6207147649084,19.5993985753247,52.2201133402331,60.0826766567627,33.7087617849573,32.1467501140883
2033,12,AC,Acre,904839,0.197218783289665,77.7956804711703,23.3755320032966,1.57334434151771,31.735906066773,20.322286286616,52.058192353389,64.0356265356265,34.1462282240266,32.7032083821424
2034,12,AC,Acre,906441,0.177048071535379,77.998776962407,23.4818230990099,1.55521346764639,30.8328235895459,21.0749030090246,51.9077265985705,68.3521667998326,34.5830208474683,33.2613815271582
2035,12,AC,Acre,907854,0.15588438740084,78.1996535741878,23.5870316328511,1.53924355833493,30.060037391562,21.8919728651745,51.9520102567364,72.8274971185488,35.0183311413509,33.8204825596643
2036,12,AC,Acre,909092,0.136365538952288,78.39834897238,23.691273086856,1.52524186382255,29.3570520115135,22.7769596358525,52.134011647366,77.5859906741304,35.4522468573038,34.381185175398
2037,12,AC,Acre,910156,0.117039859552159,78.5947571636772,23.7944010638817,1.51302716746066,28.7339511632894,23.7393789535756,52.473330116865,82.6178718640866,35.8842165518878,34.9411803625777
2038,12,AC,Acre,911045,0.0976755633100179,78.78878447024,23.8963771331262,1.50243031171303,28.2285954230527,24.7917698929246,53.0203653159773,87.8250211226542,36.314431230071,35.5025987872326
2039,12,AC,Acre,911771,0.0796887091197407,78.9803928237922,23.9971067351798,1.49329438142535,27.746282339935,25.9098661237917,53.6561484637267,93.3813972133478,36.7420075874315,36.0623490743225
2040,12,AC,Acre,912339,0.0622963441478275,79.1695756529269,24.0965869026472,1.48547461590593,27.317837643897,27.0871624068752,54.4050000507722,99.1555874955084,37.1665630867474,36.6212243525059
2041,12,AC,Acre,912727,0.0425280515247151,79.3561265730869,24.1945748529034,1.47883811276261,26.9401049417888,28.3000960974241,55.2402010392129,105.048202887754,37.5879326457966,37.1780808012452
2042,12,AC,Acre,912899,0.0188446271448095,79.5400411744229,24.291140782256,1.47326337756327,26.5984737837644,29.5289662980534,56.1274400818178,111.017521298827,38.0065450833006,37.733652800435
2043,12,AC,Acre,912861,-0.0041625634380149,79.7214386410079,24.3863727634883,1.46863976475951,26.2874102111919,30.7706998150458,57.0581100262377,117.054892695155,38.4226097949195,38.2878477205933
2044,12,AC,Acre,912599,-0.0287009741899324,79.9003372148615,24.4803191155322,1.46486684728115,26.0012051864576,32.0235011359229,58.0247063223804,123.161603111389,38.8355882485078,38.8385052296183
2045,12,AC,Acre,912134,-0.0509533760172819,80.0766906995751,24.5729629648343,1.46185374497234,25.7370233166267,33.2752233602092,59.0122466768359,129.289323597545,39.2453389523908,39.3845725424673
2046,12,AC,Acre,911457,-0.0742215507809174,80.2505462139747,24.6644366782896,1.45951843568941,25.4893252490073,34.5102885570742,59.9996138060815,135.391142056294,39.651094895316,39.9259510384698
2047,12,AC,Acre,910569,-0.0974264282352366,80.421927680954,24.7547017943293,1.45778706743033,25.2527073897687,35.7179223368937,60.9706297266624,141.441952284946,40.0531568722414,40.4568304051631
2048,12,AC,Acre,909477,-0.119925013919864,80.5908108695218,24.843707277469,1.45659328527833,25.0230996426899,36.892844362708,61.9159440053979,147.435149479915,40.4517684339461,40.9851928868493
2049,12,AC,Acre,908166,-0.144148780013131,80.7571976556187,24.9314367504888,1.45587758315078,24.7972588936243,38.0350025370654,62.8322614306897,153.38389900363,40.8462274518095,41.5124252683138
2050,12,AC,Acre,906638,-0.168251178749257,80.9212061962134,25.0179267106412,1.45558668726161,24.5794012733102,39.1697295344742,63.7491308077843,159.359982364612,41.2362971770431,42.0360992548651
2051,12,AC,Acre,904908,-0.190814856646204,81.082789032862,25.1030968736484,1.45567297574325,24.3752525381219,40.3265613681287,64.7018139062506,165.440588995169,41.6216941390727,42.5444651509504
2052,12,AC,Acre,902958,-0.215491519579891,81.2419308708062,25.1869404294063,1.45609393693933,24.1902122544116,41.5312049773797,65.7214172317914,171.685988285636,42.0016025108588,43.0471556886228
2053,12,AC,Acre,900792,-0.239878266763238,81.398637230986,25.2695038850726,1.45681166738966,24.0238299385362,42.7916658178902,66.8154957564265,178.121747978447,42.3766019236405,43.5084966257419
2054,12,AC,Acre,898402,-0.265322072132079,81.5530297650828,25.3508006780202,1.4577924094055,23.8711535081651,44.1053178719538,67.9764713801188,184.764082962592,42.7467414364616,43.9623716302953
2055,12,AC,Acre,895789,-0.290849753228506,81.7050347491473,25.4307095308366,1.45900612730966,23.7345382830977,45.4827607051374,69.2172989882351,191.631116487855,43.1117361342906,44.4203511315133
2056,12,AC,Acre,892957,-0.316145878102991,81.8547207391751,25.5092820234747,1.46042612083174,23.617472353267,46.9341253318563,70.5515976851233,198.726284632927,43.4707147152662,44.8759644150527
2057,12,AC,Acre,889908,-0.341449812253003,82.0021376688323,25.5865199172505,1.46202867375607,23.518168500717,48.4666643475303,71.9848328482473,206.081797339162,43.8240065265174,45.3379435706947
2058,12,AC,Acre,886642,-0.367004229650703,82.1472778964067,25.6624559129935,1.46379273567494,23.4405336005511,50.089638003382,73.5301716039331,213.688130385412,44.171113030964,45.7869014316274
2059,12,AC,Acre,883156,-0.393168832516388,82.2901626523138,25.7370737789528,1.46569963456986,23.3838414894187,51.795819836832,75.1796613262507,221.502612649294,44.5114758887445,46.217394895515
2060,12,AC,Acre,879455,-0.419065261403417,82.4307375553793,25.810342900575,1.46773281789935,23.339347747813,53.5638925934195,76.9032403412325,229.500383524808,44.8454667947763,46.6479108862412
2061,12,AC,Acre,875539,-0.445275767378661,82.5690523626886,25.8823702228055,1.46987761989167,23.3050423752161,55.3665410273312,78.6715834025472,237.573226153887,45.1722915826708,47.0755404520144
2062,12,AC,Acre,871410,-0.471595211635345,82.7050812209169,25.9530560075668,1.47212105280633,23.2806008110784,57.2050520490292,80.4856528601076,245.719827049341,45.4920657325484,47.5095444337504
2063,12,AC,Acre,867081,-0.4967810789410219,82.8389071681873,26.02249666578,1.47445162002508,23.2684510691274,59.0722312881681,82.3406823572955,253.87264116839,45.8039687180321,47.9370993256182
2064,12,AC,Acre,862554,-0.522096551533247,82.9705176377803,26.0907523299191,1.47685914895123,23.2676058744628,60.9616485403549,84.2292544148177,262.002239806128,46.107915562388,48.3406547519626
2065,12,AC,Acre,857837,-0.546864312263351,83.0999446284535,26.1577482614715,1.47933464182521,23.274999728765,62.8653264041835,86.1403261329485,270.098075775656,46.4037212197655,48.73198390962
2066,12,AC,Acre,852936,-0.571320658819796,83.227170918899,26.2236089702829,1.48187014270073,23.2849534424379,64.7388191309255,88.0237725733634,278.02855303518,46.6908736411642,49.1091658084449
2067,12,AC,Acre,847860,-0.595120853147246,83.3522337354255,26.2882730560129,1.48445861896183,23.2909374629195,66.5300237539263,89.8209612168458,285.647685327591,46.9692732290708,49.4946910793412
2068,12,AC,Acre,842617,-0.618380392989404,83.4751874204924,26.3517613247396,1.48709385589608,23.3127550486554,68.3557692745131,91.6685243231685,293.21188822106,47.238715810386,49.8786584860294
2069,12,AC,Acre,837209,-0.641809980097718,83.5960034190176,26.4140868433145,1.48977036296849,23.3296064607339,70.0694399526903,93.3990464134241,300.345571926489,47.498880207929,50.2617642168274
2070,12,AC,Acre,831656,-0.663275239516059,83.7148156240905,26.4752987774459,1.49248329056411,23.3084907361229,71.4181353301068,94.7266260662298,306.403945835175,47.7500396798676,50.6247401247401
2000,13,AM,Amazonas,2850718,,69.4021726951525,19.6794316057306,3.43951426954753,69.7890482310337,9.6261928108483,79.415241041882,13.7932713725816,23.3799776056418,19.8338747391052
2001,13,AM,Amazonas,2921349,2.47765650618545,69.6600337081779,19.596879603259,3.11796319718493,68.2705470801029,9.55157777738551,77.8221248574884,13.990773746369,23.5635454716297,20.1258322237017
2002,13,AM,Amazonas,2990832,2.37845598043918,70.3225219135134,19.8511554875091,2.99236164623236,66.7666198725361,9.49708685910016,76.2637067316362,14.2243038171335,23.7696189555281,20.4356617363542
2003,13,AM,Amazonas,3059850,2.3076521850776,70.9195813567214,20.079145914002,2.80892477742527,65.321328992699,9.46841320264208,74.7897421953411,14.4951325220287,23.9938944719512,20.7568927257805
2004,13,AM,Amazonas,3129049,2.26151608738991,71.6574451231768,20.2489748586687,2.71534784424405,63.956189880798,9.46250468317361,73.4186945639716,14.7952914343551,24.2289161978608,21.0841385901306
2005,13,AM,Amazonas,3198932,2.23336227716473,72.0589138741779,20.4131782527448,2.77384262247578,62.645854519432,9.4757684836941,72.1216230031261,15.1259306084728,24.4695132625514,21.4149262210528
2006,13,AM,Amazonas,3270286,2.23055694838152,72.5700168017018,20.6850204849009,2.74531571299863,61.3665540672931,9.50683564410238,70.8733897113955,15.4918844451937,24.7100437087154,21.7395947345067
2007,13,AM,Amazonas,3342171,2.19812579083298,72.9821422532641,20.7704446842974,2.69799103574122,60.0375701014251,9.55414174340696,69.591711844832,15.9136049764615,24.9560647854344,22.0643030088287
2008,13,AM,Amazonas,3414261,2.15698119575569,73.231417648359,20.9631870620435,2.67018354877859,58.6778423845212,9.62145903452682,68.299301419048,16.3970906964788,25.2055560485856,22.3863092704833
2009,13,AM,Amazonas,3485454,2.08516572107404,73.419709141561,21.0933078044079,2.61401905938193,57.3071699733466,9.71781485978917,67.0249848331357,16.9574153885263,25.4606186166852,22.705281489178
2010,13,AM,Amazonas,3551196,1.8861818288234504,74.0833479609717,21.520568903342,2.45307507417661,55.8917017588242,9.86196203045666,65.7536637892809,17.644769652947,25.7394114546198,23.0349447392337
2011,13,AM,Amazonas,3611905,1.70953673072396,74.0586837658009,21.5096636310126,2.48251777144885,54.5101650195391,10.0539859333133,64.5641509528524,18.4442405002984,26.0319266425889,23.3637991510936
2012,13,AM,Amazonas,3673149,1.69561491788959,74.1762561530508,21.6023168465666,2.47761914189444,53.2187207904927,10.2721324609427,63.4908532514354,19.3017274905596,26.316785406745,23.6786210669506
2013,13,AM,Amazonas,3735289,1.69173643650176,74.4123233154573,21.7221317035855,2.46827841129481,51.9759176606722,10.5141422841681,62.4900599448403,20.2288728268548,26.5987670565785,23.9857489342937
2014,13,AM,Amazonas,3798063,1.68056608203542,74.7308077231751,21.8595493716637,2.51285017962748,50.8420315313935,10.7837229649451,61.6257544963386,21.2102519119175,26.8723096483655,24.2834007798192
2015,13,AM,Amazonas,3859110,1.60731930986926,74.7717291497386,21.8944803719875,2.4268827614609,49.805054410498,11.0838407783148,60.8888951888129,22.2544496929182,27.1481473707668,24.5840310483168
2016,13,AM,Amazonas,3914566,1.43701527036026,75.0882152112728,22.039096697456,2.26633897665829,48.7983828091201,11.4213082661653,60.2196910752854,23.4050958427062,27.4527030582701,24.9145053789418
2017,13,AM,Amazonas,3966332,1.32239435993671,75.2770696219096,22.1883475953383,2.26938056644907,47.8471356858351,11.7956743076284,59.6428099934635,24.6528326900882,27.7775340037092,25.2770316705802
2018,13,AM,Amazonas,4018483,1.31484202532719,75.3442156482301,22.1828774883127,2.25556377890373,46.9941885109198,12.1971548660822,59.191343377002,25.954602585058,28.1047178748797,25.6516349841821
2019,13,AM,Amazonas,4073280,1.36362403424377,75.3402656995327,22.1607227542035,2.22278339252138,46.1497808070541,12.6045297796846,58.7543105867387,27.3122202516679,28.4330296468694,26.0348339898706
2020,13,AM,Amazonas,4121226,1.17708578835729,71.8054257057749,18.7644482190585,2.15455746182902,45.2943581749736,12.9365172303244,58.230875405298,28.560990268038,28.7371372014056,26.4102263802582
2021,13,AM,Amazonas,4160013,0.941151977591126,69.7219278980939,18.0391813607177,2.21212727937087,44.4768606370275,13.183056614514,57.6599172515415,29.6402588350378,28.9997824526029,26.7500203252033
2022,13,AM,Amazonas,4199791,0.956198934955244,74.8210547074959,21.5653839298149,2.03455326838247,43.6111647383316,13.5212431138907,57.1324078522223,31.0040862128279,29.3040337007246,27.1310517415378
2023,13,AM,Amazonas,4240571,0.97100069979672,75.2446990093347,22.2026862453379,1.95887508425497,42.5764392041507,13.9741741036654,56.5506133078161,32.8213781257289,29.6778521100107,27.5787161025503
2024,13,AM,Amazonas,4281209,0.958314340215027,75.4796013165535,22.320677457803,1.96129835982889,41.5322952330188,14.4490476712696,55.9813429042884,34.789908889462,30.0590010905798,28.0307809838016
2025,13,AM,Amazonas,4321616,0.9438221773335528,75.7118875395855,22.4374199570191,1.91621655633526,40.6086214411926,14.9451823888233,55.5538038300159,36.8029789202921,30.4402663263002,28.4889596233834
2026,13,AM,Amazonas,4360926,0.909613440898038,75.9418031550894,22.5530226235822,1.87410982646455,39.7126658449732,15.4552499665535,55.1679158115267,38.9176844155623,30.827254349191,28.9520207363521
2027,13,AM,Amazonas,4399268,0.879216936953298,76.1693740034202,22.66761954564,1.83491160768899,38.7330936977145,15.9657875729404,54.6988812706549,41.2200163961662,31.2186545579856,29.4248650369407
2028,13,AM,Amazonas,4436790,0.852914621250633,76.3945498991471,22.7811237290068,1.79853835698607,37.7060329291271,16.4790549261287,54.1850878552559,43.7040273027477,31.6133377960192,29.9007441237844
2029,13,AM,Amazonas,4473602,0.829698949014945,76.6174296313986,22.8936278187392,1.76489257288737,36.6007841085323,16.993641778654,53.5944258871863,46.4297205444089,32.0101043856829,30.3827853761178
2030,13,AM,Amazonas,4509800,0.8091466339652081,76.8378563619049,23.0050107396212,1.73386568329519,35.4904631228082,17.524368098759,53.0148312215672,49.3776822187954,32.407931837332,30.8651414178517
2031,13,AM,Amazonas,4544701,0.773892412080368,77.0558907660627,23.1153461843546,1.70534074541279,34.5484519128646,18.1038762470786,52.6523281599431,52.4014109018222,32.8071272455548,31.3497785837243
2032,13,AM,Amazonas,4577617,0.724272069823728,77.271607350303,23.2247227621074,1.67919491935837,33.7146855401207,18.7335150342887,52.4482005744095,55.5648517379636,33.2079411623996,31.83331104484
2033,13,AM,Amazonas,4608601,0.676858723654683,77.4849344620665,23.333031355218,1.65530169101764,32.8784449936014,19.398656580946,52.2771015745474,59.0011376289882,33.609913290389,32.3125720335576
2034,13,AM,Amazonas,4637694,0.631276172530448,77.6958249510129,23.44022474378,1.63353283197656,32.0622899517063,20.1024604215944,52.1647503733007,62.6981430580087,34.0121420257568,32.7896233990718
2035,13,AM,Amazonas,4664945,0.587598060587879,77.904166160427,23.5461361825574,1.61376009471012,31.3175852778636,20.8591218533874,52.1767071312509,66.6051410679205,34.4140634026768,33.2626871170667
2036,13,AM,Amazonas,4690325,0.544057861346703,78.1100383101984,23.6508368428472,1.59585664951157,30.5720204065338,21.6631169234145,52.2351373299483,70.859291062048,34.815221972891,33.7340303973127
2037,13,AM,Amazonas,4713821,0.500946096485855,78.3134510542254,23.7543113306997,1.57969827598777,29.911350682883,22.5317445533642,52.4430952362473,75.3284089115312,35.2154880297746,34.2035832642916
2038,13,AM,Amazonas,4735419,0.458184559829489,78.5144049123821,23.8565707036142,1.56516432647947,29.4251672497292,23.4848714797476,52.9100387294768,79.8121936926754,35.6148247916393,34.6737402913292
2039,13,AM,Amazonas,4755111,0.415844933679566,78.7128675496138,23.9576121931018,1.55213848170452,28.9749557270495,24.4952786815617,53.4702344086112,84.5394861421452,36.0128979113211,35.1440547512065
2040,13,AM,Amazonas,4772914,0.374397148668026,78.9087796355853,24.0573717879179,1.5405093205177,28.5417916336022,25.5481380706805,54.0899297042828,89.5113327104622,36.4092221230049,35.6170981668713
2041,13,AM,Amazonas,4789170,0.340588579639189,79.1021651655889,24.1558925612877,1.53017072618367,28.1539817477306,26.6309123775363,54.7848941252669,94.5902168160743,36.8031377044457,36.0899059960405
2042,13,AM,Amazonas,4804207,0.313979249013929,79.2930282208517,24.2531870599616,1.52102215121454,27.8024430608577,27.7282745510393,55.530717611897,99.7332302429107,37.1940773992461,36.5688790459966
2043,13,AM,Amazonas,4818001,0.287123348348639,79.4813607124095,24.3492374731999,1.51296876184902,27.4800937771113,28.8367537234743,56.3168475005856,104.936882520732,37.5820596550312,37.0473289020187
2044,13,AM,Amazonas,4830534,0.26012863011029,79.6671660473397,24.4440568416913,1.50592148184073,27.1812379638786,29.9563121324103,57.137550096289,110.209520891652,37.9670899739035,37.527245990033
2045,13,AM,Amazonas,4841815,0.233535257178596,79.8504325135292,24.5376274872281,1.49979695353762,26.9007395381101,31.0762618903281,57.9770014284381,115.521961194794,38.3488538905348,38.0050206289789
2046,13,AM,Amazonas,4851866,0.207587443964719,80.0311708473522,24.629932489731,1.49451743240455,26.6368808933506,32.1841838394776,58.8210647328282,120.825647598671,38.7270141013787,38.4842945102143
2047,13,AM,Amazonas,4860682,0.181703286941559,80.2093977990936,24.7209938168694,1.49001062926783,26.388122905773,33.2726422875455,59.6607651933184,126.089462317406,39.1013275503314,38.9607773947504
2048,13,AM,Amazonas,4868238,0.155451436650256,80.385056199985,24.810730981121,1.48620951271953,26.1497467936314,34.3331155426713,60.4828623363026,131.294256168602,39.4719222848184,39.4365529916275
2049,13,AM,Amazonas,4874493,0.128485912151377,80.5581795064966,24.8991817577103,1.48305208236512,25.9183989496449,35.3703044388621,61.288703388507,136.467937342814,39.8389215042467,39.9073351786613
2050,13,AM,Amazonas,4879447,0.1016310824530909,80.7287725432925,24.9863762153198,1.48048112196619,25.6964095994727,36.4070480471961,62.1034576466688,141.681459062449,40.2023647351841,40.3648773715872
2051,13,AM,Amazonas,4883136,0.0756028295829436,80.896840573001,25.0723236367732,1.47844394004174,25.489972283823,37.474340426739,62.964312710562,147.01601088253,40.561793282022,40.8173568507157
2052,13,AM,Amazonas,4885542,0.0492716156174966,81.0623916906444,25.1570429861754,1.47689210415721,25.3033902819834,38.5962022454269,63.8995925274103,152.533719060202,40.9169291759236,41.262713313011
2053,13,AM,Amazonas,4886650,0.0226791623119782,81.2254419384683,25.2405363715674,1.4757811739517,25.1369937676568,39.7803172430411,64.917311010698,158.254076086957,41.2678303132002,41.7105819143429
2054,13,AM,Amazonas,4886424,-0.0046248452416297,81.3860113371348,25.3227970224876,1.47507043692607,24.987591239636,41.0205249899354,66.0081162295714,164.163582622032,41.6147170200539,42.1605769770444
2055,13,AM,Amazonas,4884829,-0.0326414572292544,81.5441177513494,25.4037813616944,1.47472265012974,24.8521971598858,42.3141838709766,67.1663810308624,170.263351762219,41.9575610528025,42.6122132844302
2056,13,AM,Amazonas,4881887,-0.0602272873830412,81.6997701668349,25.4834355814476,1.47470379013087,24.7284435407796,43.6528409394665,68.3812844802461,176.528865908923,42.2960373724341,43.0623572184766
2057,13,AM,Amazonas,4877631,-0.0871794041935048,81.8530093804701,25.5617699925064,1.47498281302072,24.6148736185864,45.0285803719709,69.6434539905573,182.932405299739,42.6295861659072,43.5197611736609
2058,13,AM,Amazonas,4872060,-0.114215281967822,82.003835020836,25.638782074284,1.4755314256758,24.5131102241326,46.443861572876,70.9569717970086,189.465396876293,42.9578685402068,43.9746293021358
2059,13,AM,Amazonas,4865172,-0.141377569241763,82.1522765941482,25.7144941382699,1.47632386906762,24.4229426709495,47.8972193503211,72.3201620212706,196.115676950319,43.2807302598963,44.4282986963399
2060,13,AM,Amazonas,4856956,-0.168873782879619,82.29831346306,25.7888836596863,1.47733671405789,24.3380212986162,49.3580660873645,73.6960873859807,202.802296381304,43.5981345105865,44.872670541973
2061,13,AM,Amazonas,4847420,-0.19633696496324,82.4419719824979,25.8618987107738,1.47854866983515,24.2456766617352,50.7535832569786,74.9992599187138,209.330446681566,43.9097233167334,45.2945167326068
2062,13,AM,Amazonas,4836566,-0.223912926876568,82.5832694788016,25.9335719259628,1.47994040492627,24.1480157809067,52.0905474525831,76.2385632334899,215.713572184137,44.2151042702612,45.703934021346
2063,13,AM,Amazonas,4824451,-0.250487639370578,82.722233020174,26.0039351110379,1.48149438054498,24.0518117449224,53.3931896766382,77.4450014215606,221.992381459206,44.5135910801042,46.100191613236
2064,13,AM,Amazonas,4811129,-0.276135046246717,82.8588974385137,26.0730473316099,1.48319469590916,23.964870911741,54.6932424779747,78.6581133897157,228.222562430658,44.8048304254573,46.4942457026261
2065,13,AM,Amazonas,4796579,-0.302423817777486,82.9932691089219,26.1409193204736,1.48502694506473,23.8906736130255,56.016233175615,79.9069067886405,234.4690404421,45.0886479718149,46.8834743580311
2066,13,AM,Amazonas,4780850,-0.327921212180593,83.1254053873478,26.2076749604412,1.48697808468686,23.8348725826103,57.4044322190741,81.2393048016844,240.842203037224,45.3649043580116,47.2672114944903
2067,13,AM,Amazonas,4763958,-0.353326291349865,83.2553166793896,26.2732541972993,1.48903631228691,23.7910644796276,58.818341137616,82.6094056172436,247.228707181145,45.6333955924884,47.639543623354
2068,13,AM,Amazonas,4745963,-0.377732129460417,83.3830205778267,26.3376782742591,1.49119095422877,23.7622733487349,60.2638193195557,84.0260926682906,253.611337750073,45.8938988778463,48.0018157161154
2069,13,AM,Amazonas,4726928,-0.401077715945108,83.5085511561554,26.4010069515108,1.49343236294885,23.7483475774868,61.7282269668291,85.4765745443159,259.926408628729,46.1462268940843,48.362805975522
2070,13,AM,Amazonas,4706869,-0.4243559453412479,83.6319383251056,26.4632068043088,1.49575182277578,23.7333485751846,63.0932066989524,86.826555274137,265.841992330244,46.3904410766478,48.7120222024047
2000,14,RR,Roraima,339804,,69.1911602904965,20.113768562018,3.65649401364561,72.0315015676638,7.9341793068384,79.9656808745022,11.0148742344144,22.7446557427223,19.513165112452
2001,14,RR,Roraima,354478,4.31837176725407,69.7877428062299,19.8559507545863,3.44649195549354,71.041459487019,7.90017011867923,78.9416296056982,11.1205064982129,22.8948905150672,19.7160837307896
2002,14,RR,Roraima,368838,4.0510271441387,70.9500631568595,19.8516420204942,3.05642505846546,70.0057873161321,7.87605497950326,77.8818422956354,11.2505769614969,23.0658581816407,19.9386156414537
2003,14,RR,Roraima,382871,3.80465136455572,70.7708132848845,19.9694316192746,3.33291871002502,68.9526334263176,7.8734920840184,76.826125510336,11.4186967092881,23.2567366031901,20.1808845766129
2004,14,RR,Roraima,396533,3.5683036845308296,71.0226932502446,19.9655965791199,3.06964423179193,67.8714218593477,7.89207733836866,75.7634991977164,11.6279829155837,23.4654064100592,20.4423617047259
2005,14,RR,Roraima,409855,3.35961950203387,71.7766954674925,20.2987114576275,2.95330717839379,66.7155331489476,7.94875837939426,74.6642915283418,11.9144043436602,23.6915323712044,20.7197448432097
2006,14,RR,Roraima,422550,3.09743689841528,72.1225940711557,20.5209211110149,2.83535200000494,65.3097809811748,8.03055351582851,73.3403344970033,12.2960962281335,23.9500840137262,21.028306319004
2007,14,RR,Roraima,434778,2.89385871494499,73.3092243421634,21.3292423464536,2.71219026813796,63.7138757456094,8.14804273838747,71.8619184839968,12.7884901727219,24.2323047624305,21.3576044311101
2008,14,RR,Roraima,446905,2.78923956593939,73.8267785866796,21.8147505421479,2.78056535569543,62.1031920045453,8.30927858638164,70.4124705909269,13.3797930801584,24.516852574932,21.683014354067
2009,14,RR,Roraima,458716,2.6428435573556,74.1823671752868,21.8406641500503,2.57653759606685,60.4457245141117,8.50235532000309,68.9480798341148,14.0660987825833,24.8099237872671,22.0090161163079
2010,14,RR,Roraima,469991,2.4579478370059,74.7913925351188,21.9034589246615,2.51864347964106,58.7390783791103,8.7344460439858,67.4735244230961,14.8699065171102,25.1257832596794,22.3463045912654
2011,14,RR,Roraima,481480,2.44451489496607,74.8664253353285,21.8020897778644,2.49584517886505,57.089735010245,8.99626765276063,66.0860026630056,15.758117726674,25.4462968347595,22.6812465219811
2012,14,RR,Roraima,493876,2.57456176788236,74.6183290297135,21.8396324865681,2.58081049456239,55.5158135670696,9.26826175882767,64.7840753258973,16.6948138977204,25.7515894678016,23.0036512502766
2013,14,RR,Roraima,507022,2.66180174780715,74.5420045710379,21.8494421575075,2.55761955551371,54.0350186643609,9.54737714914389,63.5823958135048,17.6688699016605,26.0430119403103,23.3200564358585
2014,14,RR,Roraima,520569,2.67187617105371,74.5908557347266,21.9125504571559,2.5447471467209,52.62026177651,9.84127380424809,62.4615355807581,18.7024417439164,26.3313508872023,23.6381689844079
2015,14,RR,Roraima,534380,2.65305848023989,75.2239838080772,22.1437539776656,2.50908136432213,51.327674311081,10.15692756794,61.484601879021,19.7884040223253,26.619766832591,23.9600528562716
2016,14,RR,Roraima,548233,2.5923500130993,74.3517495194437,21.7234340759287,2.45949159322853,50.1708495000528,10.4901006927757,60.6609501928284,20.9087563740866,26.9110487694101,24.2987373737374
2017,14,RR,Roraima,564013,2.87833822480588,74.1893849191346,21.6683200934764,2.46243918440437,49.0985179913637,10.8157993972163,59.91431738858,22.0287695834705,27.201651380376,24.6585306677019
2018,14,RR,Roraima,587497,4.16373381464612,73.5564421412653,21.5724091081143,2.67650977765503,48.1403379429606,11.0996969680543,59.2400349110149,23.0569568938336,27.4656568459073,25.0477514848685
2019,14,RR,Roraima,618125,5.21330321686748,74.1225419339472,21.715799809738,2.80444524794021,47.4091081866839,11.34337021399,58.7524784006739,23.9265631602327,27.6852497472194,25.4369047619048
2020,14,RR,Roraima,640975,3.6966632962588406,71.4237623839945,19.3695355127866,2.50504401838843,46.9351507130577,11.625870449851,58.5610211629086,24.7700716269705,27.9016295487343,25.7775289444773
2021,14,RR,Roraima,654972,2.1837045126565,69.0701553987518,18.5626509070888,2.48651214646279,46.6997035400802,11.9383247108063,58.6380282508865,25.5640267620974,28.1164629938379,26.0743544452856
2022,14,RR,Roraima,673404,2.81416610175702,73.3190046952105,21.0163960194206,2.32657958944547,46.3225320271289,12.2597965335343,58.5823285606632,26.4661623556206,28.3634831393933,26.4210827608767
2023,14,RR,Roraima,695270,3.24708495940029,74.0859147179881,21.9303555560827,2.25849638411979,45.6619185404577,12.6198319450167,58.2817504854745,27.6375420665586,28.6654407640197,26.8293030999762
2024,14,RR,Roraima,716793,3.09563191278208,74.3479648956395,22.0547126392572,2.26333775000857,45.0350254780862,13.0135581784546,58.0485836565408,28.8965267373657,28.976174432507,27.2399922420481
2025,14,RR,Roraima,738772,3.06629668537499,74.6071971296908,22.1777129740557,2.20267672686101,44.4943921098364,13.4225978628669,57.9169899727033,30.1669429031251,29.2902221524367,27.6543358698109
2026,14,RR,Roraima,761012,3.01040104389447,74.8639933793094,22.2997066132317,2.14487192813057,43.88020914285,13.8290839534879,57.7092930963379,31.5155379238689,29.6148628405334,28.0784977908689
2027,14,RR,Roraima,783520,2.95764061539108,75.1181390992092,22.4205658376789,2.08999934974973,43.1233984786049,14.2213091709441,57.344707649549,32.9781735036486,29.9490517153359,28.5122842203281
2028,14,RR,Roraima,806316,2.90943434755973,75.3697685649421,22.5404394727406,2.03810481139295,42.2410472874399,14.6023069890486,56.8433542764886,34.5689984665472,30.2917367384499,28.9530404217926
2029,14,RR,Roraima,829419,2.86525382108256,75.6188400364458,22.6592803308773,1.98920569217363,41.2977900375518,14.980225461767,56.2780154993189,36.2736733567234,30.6412380232428,29.3966582035271
2030,14,RR,Roraima,852839,2.82366331130586,75.8650232284929,22.7770834973394,1.94329310156949,40.3190858227686,15.3610251636045,55.6801109863731,38.0986444760361,30.9966183535228,29.8425220938137
2031,14,RR,Roraima,875745,2.68585278112281,76.1084420685973,22.893767041428,1.90033437787425,39.3566351319516,15.7624569800005,55.1190921119521,40.0503166166351,31.3586626243941,30.2879492459975
2032,14,RR,Roraima,897233,2.45368229336165,76.3491685481516,23.0094031594275,1.86027580658994,38.3958015306632,16.1923976829852,54.5881992136485,42.1723132151672,31.7273907669468,30.7348685079952
2033,14,RR,Roraima,917203,2.22573177758731,76.5874196962541,23.1244022450221,1.82304545660343,37.2662886904113,16.6317382601123,53.8980269505236,44.6294461954075,32.1020362994888,31.1825886478763
2034,14,RR,Roraima,935597,2.00544481428866,76.8228058325893,23.2381626076076,1.78855604156118,35.9019175681155,17.0713921335234,52.973309701639,47.5500844798455,32.481364305358,31.6292605336623
2035,14,RR,Roraima,952319,1.7873079969260397,77.0555200588231,23.350717142294,1.75670772629985,34.6962204026944,17.5683562053412,52.2645766080357,50.6347838509145,32.8650788233775,32.0779866546901
2036,14,RR,Roraima,967268,1.56974711204965,77.285733046326,23.4624057634237,1.72739081227677,33.6875580782078,18.1426903081598,51.8302483863676,53.8557596428938,33.2529361045749,32.5270218228498
2037,14,RR,Roraima,980378,1.3553637668154,77.5131264860217,23.5726859447075,1.70048825057263,32.7941676717073,18.7934873364876,51.5876550081949,57.3074075994965,33.6446462486918,32.9802177975385
2038,14,RR,Roraima,991581,1.14272250091292,77.7381292244016,23.6820787776644,1.67587794529808,32.0678447044866,19.5310373928651,51.5988820973517,60.9053635280095,34.0400017749432,33.4334638592887
2039,14,RR,Roraima,1000857,0.93547577051194,77.9604492126213,23.790147337484,1.65343482343762,31.3816563383015,20.33874410313,51.7204004414315,64.8109324883101,34.4386310931532,33.8889072738103
2040,14,RR,Roraima,1008165,0.730174240675741,78.1801968132904,23.8969727081221,1.63303265883625,30.7292930419437,21.2096459407445,51.9389389826881,69.0209368363749,34.8398347492722,34.3359292152704
2041,14,RR,Roraima,1014345,0.612994896668706,78.3972056897927,24.0024603071771,1.61454564791176,30.1415474594565,22.1311832250723,52.2727306845289,73.4241772252769,35.2416741838329,34.7816414979346
2042,14,RR,Roraima,1020244,0.581557556847034,78.6112018716105,24.1063334585781,1.59784974266109,29.601671375892,23.0855801925195,52.6872515684115,77.9874213836478,35.6422973327949,35.2201629327902
2043,14,RR,Roraima,1025868,0.551240683601173,78.8223102473728,24.2087112949347,1.58282375266107,29.1025120345927,24.0724703465246,53.1749823811173,82.7161253912062,36.0414751215556,35.6602945149959
2044,14,RR,Roraima,1031215,0.521217154643683,79.030271138442,24.3093756985873,1.56935023217899,28.6451616750577,25.0933643827366,53.7385260577942,87.6007078172166,36.4384177887249,36.1003927676576
2045,14,RR,Roraima,1036312,0.494271320723616,79.2351775346386,24.4083646036994,1.55731617140071,28.2267158231855,26.141436710982,54.3681525341675,92.6123920144807,36.8325832374806,36.5332464146023
2046,14,RR,Roraima,1041160,0.467812782250898,79.4369370247033,24.505729308685,1.54661351238612,27.8496112947905,27.2095135972359,55.0591248920263,97.7015919871229,37.2230723423873,36.9608717186726
2047,14,RR,Roraima,1045775,0.443255599523606,79.6356033280836,24.6014642784889,1.53713951090928,27.5109280906309,28.2944431366823,55.8053712273132,102.848013863692,37.609671296407,37.3695204993616
2048,14,RR,Roraima,1050146,0.417967536037867,79.831340935981,24.6957181810661,1.52879696506566,27.2045260352903,29.3913442855673,56.5958703208576,108.038435396523,37.9925657956132,37.7751206358217
2049,14,RR,Roraima,1054260,0.391755051202414,80.0239355558385,24.7882845601051,1.52149433064112,26.9264195967518,30.5052399568738,57.4316595536256,113.291111160407,38.3716199040085,38.1779058187509
2050,14,RR,Roraima,1058133,0.367366683740245,80.2134005141158,24.8791960721439,1.51514574192207,26.6788267103989,31.6510775704053,58.3299042808042,118.637442020898,38.7459147385064,38.5856963700968
2051,14,RR,Roraima,1061768,0.34352959410584,80.399691637849,24.9685159642888,1.5096709550384,26.4680506268334,32.8501226657864,59.3181732926198,124.112361461493,39.1154969823916,38.9933679748393
2052,14,RR,Roraima,1065147,0.318242779966993,80.5830603009098,25.0565394060194,1.50499522919688,26.2975028125551,34.1193426979745,60.4168455105296,129.743660229537,39.4798708535066,39.4082996367624
2053,14,RR,Roraima,1068282,0.294325571963316,80.7635271550343,25.143332507519,1.50104915938145,26.1665925300556,35.4636261578172,61.6302186878728,135.53016548518,39.8391726154704,39.8199700517288
2054,14,RR,Roraima,1071136,0.267157922720784,80.9409306843152,25.2286943658195,1.49776847234229,26.0659505819393,36.8764365936435,62.9423871755827,141.473592063029,40.1942554446868,40.2314252575561
2055,14,RR,Roraima,1073700,0.239372031189311,81.1154516762319,25.3127100986283,1.49509379602095,25.98919087699,38.3517235362455,64.3409144132354,147.567978232831,40.5448700754401,40.6409594346674
2056,14,RR,Roraima,1075992,0.213467449008098,81.2871709950941,25.3953983969787,1.49297041099875,25.9322553653128,39.8761358960885,65.8083912614013,153.770411922702,40.8905902646116,41.0472719841973
2057,14,RR,Roraima,1078003,0.186897300351685,81.4561320633819,25.4768357603835,1.49134799113298,25.8934558549609,41.4359555445176,67.3294113994785,160.024817763284,41.23091865236,41.4481663593526
2058,14,RR,Roraima,1079717,0.158997702232733,81.6223908978804,25.556947524399,1.49018033926844,25.8698498459979,43.0267317610363,68.8965816070342,166.319990325311,41.5660927817197,41.8454311105081
2059,14,RR,Roraima,1081112,0.129200521988637,81.7859179642791,25.6356849018855,1.48942512278441,25.8554263608679,44.6403479582841,70.4957743191521,172.653691086862,41.8967951516587,42.2424366034401
2060,14,RR,Roraima,1082177,0.0985096826230825,81.9466776202667,25.7130146103228,1.48904361275396,25.8391054630107,46.2398470942177,72.0789525572284,178.952971728883,42.2229302600222,42.6555991257393
2061,14,RR,Roraima,1082898,0.0666249606118052,82.1048300227263,25.788926931358,1.48900042964711,25.8124812639969,47.784783239473,73.5972645034699,185.122781303954,42.5441094175075,43.0781964573269
2062,14,RR,Roraima,1083307,0.0377690234906636,82.2602786668676,25.8633562474205,1.48926329778955,25.7747084239543,49.2689997059194,75.0437081298737,191.15250072094,42.8597710528964,43.5333990559838
2063,14,RR,Roraima,1083393,0.0079386545088322,82.4130453130721,25.9364290209278,1.48980281018443,25.7267403991454,50.6894507842218,76.4161911833672,197.030210581615,43.1694260531497,43.9894823991169
2064,14,RR,Roraima,1083145,-0.0228910469238786,82.5631129973418,26.0082112937405,1.49059220480233,25.6716422808517,52.0565634952801,77.7282057761318,202.778470211501,43.4724409012644,44.4271364502058
2065,14,RR,Roraima,1082557,-0.0542863605519139,82.7104859655155,26.0787325895051,1.49160715303242,25.6050020334814,53.3673128618522,78.9723148953336,208.425341236328,43.769363645517,44.8546623177283
2066,14,RR,Roraima,1081626,-0.0860000905264058,82.8551285665895,26.1480553248633,1.49282556065413,25.5121200922865,54.5374189746612,80.0495390669476,213.77062657819,44.0595769702282,45.260092272203
2067,14,RR,Roraima,1080359,-0.1171384563610769,82.9971162774568,26.2160565918705,1.494227381422,25.4016151732458,55.6115541853763,81.0131693586221,218.929205115859,44.3428045677409,45.653521403325
2068,14,RR,Roraima,1078769,-0.147173300726888,83.1366106340046,26.2829293999457,1.49579444314745,25.2925508136767,56.6851044950852,81.9776553087619,224.117784373228,44.618275089477,46.0358431166787
2069,14,RR,Roraima,1076863,-0.176682867231071,83.2736227159058,26.3485884494768,1.49751028600047,25.1791169732755,57.6930718794418,82.8721888527174,229.13064004856,44.8855379003643,46.3886574706364
2070,14,RR,Roraima,1074652,-0.20531859670172,83.4081911393592,26.413058734419,1.4993600126334,25.0529700838636,58.5741478651347,83.6271179489983,233.801212666844,45.1445351611498,46.733811965812
2000,15,PA,Pará,6493843,,70.7140460520735,19.9757888176591,3.02581027635214,66.3843888571969,10.4388693820703,76.8232582392672,15.7248858681608,24.2092204877759,20.4431000794452
2001,15,PA,Pará,6621374,1.96387562803721,70.9029261252622,20.2268113105668,2.92738297183201,64.6814120156326,10.4497768730917,75.1311888887243,16.155764921406,24.4243388154785,20.762938756088
2002,15,PA,Pará,6747419,1.90360792186033,71.0844559446389,20.283896832222,2.75069246703075,63.059460707899,10.4809370753868,73.5403977832858,16.6207210745681,24.6524699296131,21.095629221934
2003,15,PA,Pará,6872273,1.8503964256555,71.2757912098815,20.4557708403612,2.7445419864406,61.5297217788627,10.5298156667606,72.0595374456232,17.1133809195573,24.8916546243143,21.4408364772052
2004,15,PA,Pará,6996232,1.8037554678052,71.4970019824205,20.5545522521711,2.59462916830521,60.0804416361459,10.5959545961195,70.6763962322654,17.6362794739257,25.1410593588091,21.7925852384773
2005,15,PA,Pará,7119568,1.7628917966127997,72.1230301456959,20.8601488348422,2.55911437530998,58.6900683403921,10.6816268377171,69.3716951781092,18.2000586125842,25.4000895840871,22.1531476170968
2006,15,PA,Pará,7243750,1.7442350434745395,72.5466924212006,21.1188302835401,2.50874172438415,57.3520802974433,10.7872880022246,68.1393682996679,18.8088870469542,25.6646231578947,22.5192338731371
2007,15,PA,Pará,7366330,1.69221742881795,72.9089752038205,21.2290084559711,2.40857509330968,55.9982770688146,10.9096618962802,66.9079389650948,19.4821385002142,25.9406667906542,22.8925932336533
2008,15,PA,Pará,7486557,1.6321153138672897,73.1112546334995,21.2547129500875,2.36664200173637,54.6373716746963,11.0495149161325,65.6868865908288,20.2233646631465,26.2263644022212,23.275521592109
2009,15,PA,Pará,7601341,1.53320144360085,73.253969389919,21.390583458133,2.22464875902729,53.2420803211704,11.2145707118895,64.4566510330599,21.0633593658253,26.5286548781327,23.6708298390639
2010,15,PA,Pará,7700603,1.30584853383107,73.7564965022598,21.747321891604,2.12758715937074,51.8150911949692,11.4300832209609,63.2451744159301,22.0593710391282,26.8603283405209,24.0864924462794
2011,15,PA,Pará,7788583,1.14250793087243,74.0036998627457,21.8720359334916,2.11555683965283,50.4356460375945,11.694768833656,62.1304148712504,23.1875067584913,27.2050844165107,24.5070846652909
2012,15,PA,Pará,7875244,1.11266709233246,74.399186935926,22.0079212360909,2.02776872753458,49.0346572255696,11.9817655317763,61.0164227573459,24.4352998669037,27.5574659020089,24.9327871081798
2013,15,PA,Pará,7961082,1.08997257735761,74.6530503446402,22.149239102698,2.01883046199551,47.6191882239016,12.2903506303416,59.9095388542432,25.809660115484,27.9170827533242,25.3642738171125
2014,15,PA,Pará,8047210,1.08186299299518,74.8436639335275,22.1974105658086,2.04011455191015,46.2918018244674,12.6235575652756,58.915359389743,27.2695316832612,28.2702253327551,25.7876045768989
2015,15,PA,Pará,8131409,1.04631294572901,74.9317246213016,22.2290401348646,2.03743904466116,45.0741206674825,12.9835376388062,58.0576583062887,28.8048606307539,28.6169384666298,26.2028270394325
2016,15,PA,Pará,8207830,0.9398248200281228,75.0095097873811,22.2929557411414,1.9190818168901,43.8896296482222,13.3750351352403,57.2646647834625,30.4742492530511,28.9767312432153,26.6304379689408
2017,15,PA,Pará,8275842,0.828623399851125,75.1279168684415,22.441713495891,1.92255812479162,42.7318749639443,13.8013658145379,56.5332407784821,32.2975900921338,29.3515332941349,27.072447735744
2018,15,PA,Pará,8339467,0.768803947682906,75.3059150568253,22.4318944461343,1.95335797227859,41.6857214877047,14.2583916010687,55.9441130887734,34.204497588639,29.722659133971,27.5161575341984
2019,15,PA,Pará,8404430,0.778982637619396,75.6921449145994,22.4482965704405,1.89984224915489,40.6682935694937,14.7206479409523,55.388941510446,36.1968665240348,30.0911890514883,27.9564201572512
2020,15,PA,Pará,8465192,0.722975859159991,73.2953887289138,20.1748202340694,1.82679933919846,39.6169698307945,15.1186931795748,54.7356630103693,38.1621644566642,30.4472342741901,28.393224159183
2021,15,PA,Pará,8520153,0.649258752784343,73.1568369674544,20.3400748063657,1.87615092009713,38.5974178711496,15.4672950175969,54.0647128887465,40.0733931716147,30.7813362037043,28.8121120072623
2022,15,PA,Pará,8570045,0.585576338828653,75.1949020730198,21.7422037250076,1.7531991838469,37.6272238137794,15.8867499148692,53.5139737286485,42.2214245555137,31.141178021819,29.2611908278821
2023,15,PA,Pará,8616120,0.537628448858785,76.0404412440051,22.4687522571119,1.73130234898571,36.6442241340264,16.3969743878038,53.0411985218302,44.7464089506487,31.5393312767232,29.7485653098931
2024,15,PA,Pará,8664306,0.559254049386504,76.2573054820521,22.5801701627463,1.71613585113362,35.7544767580806,16.9481802166102,52.7026569746907,47.4015612961805,31.9432116086389,30.2394829529445
2025,15,PA,Pará,8711196,0.541185872244121,76.4718227739319,22.6905896627277,1.68818434345979,35.0134359056081,17.5350257291682,52.5484616347763,50.0808483247417,32.348567177228,30.7336771683299
2026,15,PA,Pará,8756324,0.518045972103032,76.6842340588102,22.7999942339593,1.6625395928248,34.3018551132783,18.143553134904,52.4454082481822,52.8937956124728,32.7566485662248,31.2319498395541
2027,15,PA,Pará,8799820,0.496738128922591,76.8944890442846,22.9083865351505,1.63907917958419,33.6200118730704,18.773340038778,52.3933519118483,55.8397781346872,33.1665597705408,31.7338586307341
2028,15,PA,Pará,8841797,0.477021120886567,77.1025485237856,23.0157011017714,1.61767923790883,32.9697395472101,19.4252189284331,52.3949584756431,58.9183269119177,33.577657686554,32.2382949305521
2029,15,PA,Pará,8882382,0.459013026424371,77.3084600486636,23.1220064665959,1.59821606306581,32.2679046867265,20.0897640015685,52.357668688295,62.2592765058973,33.9892359954796,32.7447918480494
2030,15,PA,Pará,8921654,0.442133652887255,77.5121391218733,23.2272262266395,1.58056746408798,31.5192649707368,20.7695166188463,52.2887815895831,65.8946731090626,34.4005480373931,33.2524267091865
2031,15,PA,Pará,8959078,0.419473788156322,77.7136057293698,23.3314062476034,1.56461387769809,30.8438095474517,21.4867736751784,52.3305832226301,69.663164150077,34.8117040615117,33.7619103822708
2032,15,PA,Pará,8994102,0.390933084855383,77.9128342419666,23.434562928958,1.55023926284499,30.2458262737692,22.2475753332428,52.493401607012,73.5558524071042,35.2230054762554,34.274421943163
2033,15,PA,Pará,9026753,0.363026792446863,78.1098191466795,23.5366460538675,1.53733179726675,29.6085852394189,23.0307766033828,52.6393618428017,77.7841170631861,35.6340050514288,34.7887930437193
2034,15,PA,Pará,9057150,0.33674345581407,78.3045728857246,23.6376736642291,1.52578439837824,28.9762729938683,23.8462654684489,52.8225384623172,82.2958338137381,36.0440853910998,35.3051018350474
2035,15,PA,Pará,9085334,0.311179565315811,78.4970346658954,23.7376105011785,1.51549509073533,28.4351216778822,24.7203981998271,53.1555198777093,86.9361435476307,36.4526647011546,35.8214260956369
2036,15,PA,Pará,9111314,0.285955364987123,78.6872203948478,23.8365085101889,1.50636724158407,27.906156021025,25.6507954484935,53.5569514695185,91.9180535978075,36.8593871312085,36.3382955486146
2037,15,PA,Pará,9135074,0.260774680797971,78.8751560724268,23.9343876086978,1.4983096847613,27.4311579199491,26.6535550943266,54.0847130142757,97.1652570121473,37.2640372699772,36.8533997401472
2038,15,PA,Pará,9156576,0.235378498302263,79.060756282671,24.0311267630235,1.49123675164232,27.0600952804898,27.7436674518513,54.8037627323411,102.526126254457,37.6664511931097,37.3664148351648
2039,15,PA,Pará,9175884,0.210864847296621,79.2440404054854,24.1267274669204,1.48506822607279,26.7111529201396,28.9005813976166,55.6117343177562,108.196682801461,38.0661823972491,37.8770405828728
2040,15,PA,Pará,9193009,0.18663051974066,79.4249526354977,24.2211370707399,1.47972923838219,26.3909427286016,30.1171877527102,56.5081304813118,114.119408550231,38.4628376845927,38.3846362975151
2041,15,PA,Pará,9207840,0.161329114330244,79.6034903432489,24.3143652047146,1.47515011174232,26.104700185914,31.3806892328953,57.4853894188093,120.210877770695,38.8562518462528,38.8895557712885
2042,15,PA,Pará,9220250,0.134776451371876,79.7796874236833,24.4064246543196,1.47126617236341,25.8461713565769,32.6777121463139,58.5238835028908,126.431538719945,39.2463585043789,39.3917128642502
2043,15,PA,Pará,9230207,0.107990564247173,79.9535677200906,24.497334635556,1.46801753335725,25.6120615563399,34.0063673009181,59.618428857258,132.774814811814,39.6330401907563,39.891209558483
2044,15,PA,Pará,9237716,0.0813524550424383,80.1251739008246,24.5871381642832,1.46534886056454,25.3990342011415,35.3652653510436,60.7642995521851,139.238622504214,40.0161824632842,40.3881175100224
2045,15,PA,Pará,9242798,0.0550135985994737,80.29449987515,24.6758136738928,1.46320912725942,25.2026293989765,36.7396623088643,61.9422917078408,145.777100187635,40.3954350187032,40.8819383259912
2046,15,PA,Pará,9245444,0.0286276947738084,80.4615564706422,24.7633932454476,1.46155136341005,25.0190471115616,38.1111087977364,63.130155909298,152.328378566124,40.7705906822863,41.3727001688279
2047,15,PA,Pará,9245672,0.0024660795090003,80.6263431796555,24.8498663849177,1.46033240409022,24.8452575108021,39.4658969395206,64.3111544503227,158.846801738166,41.1414862002459,41.8609704097985
2048,15,PA,Pará,9243457,-0.0239571553046658,80.7887660173646,24.9351299738003,1.45951264069621,24.6788973416703,40.7946274872612,65.4735248289314,165.301662073773,41.5079528146234,42.3482176804379
2049,15,PA,Pará,9238778,-0.0506195896189054,80.9489003290569,25.0192612665475,1.45905577781491,24.5180248776712,42.0997920248041,66.6178169024753,171.70955749843,41.8699173202343,42.8306240129816
2050,15,PA,Pará,9231660,-0.0770448212956354,81.1067356842578,25.1022282809931,1.45892859790435,24.3640334418635,43.3951738012689,67.7592072431324,178.111616472768,42.2271720362318,43.3066208669509
2051,15,PA,Pará,9222125,-0.1032858662472379,81.2622659497046,25.1840390978748,1.45910073537128,24.2208049600026,44.7026313745661,68.9234363345686,184.562946807038,42.579442807379,43.7766228521075
2052,15,PA,Pará,9210195,-0.129362809547695,81.4155150884023,25.264704130248,1.45954446115261,24.0921378276921,46.0403743057688,70.1325121334609,191.101240724469,42.9264486799682,44.2396080191943
2053,15,PA,Pará,9195868,-0.155555881281555,81.5664558680692,25.3441924067501,1.46023447851409,23.9785115177974,47.4109953649991,71.3895068827965,197.722845848082,43.2679455598971,44.6910965521406
2054,15,PA,Pará,9179103,-0.182310141902864,81.7151381685371,25.4225291792076,1.46114773046085,23.8776500777927,48.8108725385248,72.6885226163175,204.420754887941,43.6038655411101,45.1324247032388
2055,15,PA,Pará,9159872,-0.2095084890103129,81.8615712757616,25.4996610384063,1.46226321889891,23.7889979757893,50.2443340529092,74.0333320286984,211.208282518012,43.9340916554292,45.5508181171449
2056,15,PA,Pará,9138182,-0.236793701920723,82.0057963271194,25.5755657345737,1.46356183548518,23.7133515720792,51.7153680599003,75.4287196319795,218.085443985875,44.2582945929508,45.9580304111192
2057,15,PA,Pará,9114075,-0.263805207644141,82.1478338786326,25.6502360648642,1.46502620394783,23.6513881826897,53.2254627599082,76.876850942598,225.041601570193,44.5760849016494,46.3534225771978
2058,15,PA,Pará,9087556,-0.290967541961196,82.2876941100664,25.7236743145638,1.46664053354068,23.6040675895414,54.7751150452761,78.3791826348175,232.057948645877,44.8871157437709,46.7401165396683
2059,15,PA,Pará,9058630,-0.318303403027176,82.425394300971,25.7958938901004,1.46839048320928,23.5700489501655,56.3607407119027,79.9307896620683,239.120168274012,45.1912746187889,47.1168710228155
2060,15,PA,Pará,9027271,-0.346178174845424,82.5609507391021,25.866897206084,1.47026303598531,23.547019236879,57.9729451479101,81.5199643847891,246.200780509466,45.488383034031,47.4812322211994
2061,15,PA,Pará,8993496,-0.374144079644889,82.6943938582236,25.9366347516836,1.47224638308683,23.5306142352463,59.5819733329641,83.1125875682104,253.210446345752,45.7781576819515,47.8404928077591
2062,15,PA,Pará,8957343,-0.401990505138383,82.8257233379922,26.0051323699373,1.47432981717872,23.5209705945853,61.1862795214581,84.7072501160433,260.135011331308,46.0602304723622,48.20070029391
2063,15,PA,Pará,8918879,-0.429413052508987,82.9549667087451,26.0724328491441,1.47650363423873,23.519739968645,62.790365387086,86.310105355731,266.968790772322,46.3342023139904,48.5612306120629
2064,15,PA,Pará,8878148,-0.4566829530931019,83.0821465138768,26.1385882935573,1.47875904347529,23.5285102787208,64.3995863026028,87.9280965813236,273.708728430826,46.5997957006349,48.9166437985946
2065,15,PA,Pará,8835186,-0.483907229300529,83.2072752137787,26.203623900245,1.48108808475271,23.5470392171377,66.0148535297784,89.5618927469161,280.353096289628,46.8568505518729,49.252689471272
2066,15,PA,Pará,8790056,-0.510798527614476,83.3303785488508,26.2676841603525,1.4834835529945,23.5794558915134,67.6675777858086,91.247033677322,286.976841607966,47.1050931871196,49.5717075845055
2067,15,PA,Pará,8742830,-0.537266201717035,83.451444468363,26.3306566350831,1.48593892905517,23.6162408847303,69.2930837915286,92.9093246762588,293.4128430081,47.3443163140539,49.879681247938
2068,15,PA,Pará,8693572,-0.563410245881479,83.5704959116327,26.3925274060862,1.48844831657352,23.6568122070224,70.8837013837358,94.5405135907583,299.633360418249,47.5742611897618,50.1898390734429
2069,15,PA,Pará,8642386,-0.588779847915222,83.6875728774913,26.453331770774,1.49100638434557,23.6931954556818,72.3697052109749,96.0629006666567,305.445102777895,47.7947777384625,50.4940404889942
2070,15,PA,Pará,8589345,-0.613730976607618,83.8027105044846,26.5130814476521,1.49360831378054,23.7134653763387,73.6581212882293,97.371586664568,310.617280600943,48.0058586539486,50.7860753938649
2000,16,AP,Amapá,500966,,69.4502893996958,19.8395103138373,3.96716314213204,77.6761693842061,8.4762704558629,86.152439840069,10.9123177971575,22.1587353233553,18.6545040946315
2001,16,AP,Amapá,522673,4.3330285887665,69.3403753698691,19.7810847413005,3.70102851694141,75.948653041366,8.32537133468952,84.2740243760555,10.9618419831028,22.306281365213,18.9116902392177
2002,16,AP,Amapá,543703,4.02354818404624,69.8169342617816,20.0069618390625,3.4325360344177,74.2046422987364,8.2203179417666,82.424960240503,11.077902523501,22.4854929989351,19.1946489726027
2003,16,AP,Amapá,564107,3.75278414869884,70.8844198820883,20.4153296551237,3.38071468959966,72.4564874937565,8.1594754165546,80.6159629103111,11.2612075174879,22.6953485774862,19.500206509169
2004,16,AP,Amapá,583964,3.52007686485012,72.06544453792,21.1231275748779,3.01048288804389,70.6777024502869,8.13751247802948,78.8152149283164,11.5135498126205,22.9355097232021,19.8259998397051
2005,16,AP,Amapá,603274,3.30671068764512,73.3165490512911,21.7524018708119,2.84176617775155,68.8457735673022,8.14891313595996,76.9946867032622,11.8364755216146,23.2029923384731,20.1721932733302
2006,16,AP,Amapá,621428,3.0092462131635,74.0320704232153,22.4806606968583,2.88810253984874,66.7550615949373,8.1846947278337,74.939756322771,12.2607852232952,23.5166728888946,20.5582273603083
2007,16,AP,Amapá,638841,2.80209453066165,74.0856947838598,22.4331128332653,2.63263296989234,64.5491697973381,8.23711421067863,72.7862840080167,12.7609917161449,23.850363392456,20.9594144791588
2008,16,AP,Amapá,655719,2.6419719460711,74.0359711080586,22.3247404633901,2.77029991630122,62.3612759489454,8.30288171237012,70.6641576613155,13.3141626530663,24.1860339566186,21.3614498391561
2009,16,AP,Amapá,672357,2.53736737840446,74.4031320291512,22.3773742077813,2.65677537946565,60.3391421315211,8.39297724329696,68.7321193748181,13.9096728041025,24.5083415506941,21.7460732984293
2010,16,AP,Amapá,686987,2.17592737191701,74.4819290116231,22.2541590585684,2.58965196506578,58.4608316438896,8.53570195781009,66.9965336016997,14.6007193496746,24.839238588212,22.1223415998234
2011,16,AP,Amapá,699770,1.86073390035038,74.1041052838824,21.836563958888,2.46068860313751,56.6631610044313,8.71822747415067,65.381388478582,15.3860591601461,25.1785572402361,22.4934056271981
2012,16,AP,Amapá,711828,1.7231376023550502,73.6826439154316,21.5947951605782,2.33543941498064,54.758203958502,8.91352733426532,63.6717312927673,16.2779760655049,25.5333605871081,22.8832535190829
2013,16,AP,Amapá,723831,1.6862219524941502,73.7194364242569,21.4947941408906,2.48007203717498,52.9741762536196,9.12822740842099,62.1024036620406,17.2314664502165,25.8742731383431,23.2642285298399
2014,16,AP,Amapá,735883,1.66502954418919,73.9605576907323,21.5917615231529,2.47547310489161,51.4323360516034,9.36579524696052,60.798131298564,18.2099355502024,26.1893385225641,23.6227110157368
2015,16,AP,Amapá,747050,1.51749666726912,74.1778299310337,21.6225038165983,2.41546791936019,50.0506611602047,9.63887356941006,59.6895347296148,19.2582342490092,26.5060705441403,23.9819061645277
2016,16,AP,Amapá,756948,1.3249447828124,74.2856865431962,21.8996598258693,2.32376676623657,48.7775417464408,9.95602547460822,58.7335672210491,20.411084934051,26.8388673990816,24.3656362736083
2017,16,AP,Amapá,765558,1.13746254696492,74.4291995475553,22.0554624173008,2.30880639844261,47.6134579639765,10.3185425558909,57.9320005198674,21.6714832258092,27.1873169635743,24.7649930264993
2018,16,AP,Amapá,772784,0.943886681348771,74.0136149388053,21.7101856727514,2.37002329958964,46.6573124091218,10.7190423629751,57.3763547720969,22.9739815893884,27.5315301559038,25.1662422184494
2019,16,AP,Amapá,779468,0.864924739642636,73.9463344627087,21.3465000892344,2.28108422812584,45.7921310313728,11.1258294144173,56.9179604457901,24.2963783598428,27.8715072331385,25.5730116425866
2020,16,AP,Amapá,785533,0.77809480312212,70.6886321568378,18.9737732694094,2.18498172894965,44.8771205585954,11.4780365563104,56.3551571149058,25.5765887236987,28.2047603347027,25.9792708333333
2021,16,AP,Amapá,790871,0.679538606271146,70.4491515504337,19.3934325255423,2.2286423782571,44.1888357156102,11.8205776643298,56.00941337994,26.7501450828088,28.5249882724237,26.3823921899143
2022,16,AP,Amapá,795457,0.579867007388057,73.6364631817299,21.0948499793981,2.03548887576603,43.5009045556713,12.2426323744782,55.7435369301495,28.1433972454766,28.8858693807459,26.8233059118795
2023,16,AP,Amapá,799124,0.460992863222032,73.7616261535823,21.6971938577482,1.93854834693645,42.608044792659,12.7517156910395,55.3597604836985,29.9279531672773,29.3049651868796,27.3253514162605
2024,16,AP,Amapá,802837,0.4646337739825149,74.3249130940799,21.93299860976,1.93656961902161,41.5551252478341,13.2856437514947,54.8407689993288,31.971131532535,29.7374298892552,27.841633885923
2025,16,AP,Amapá,806517,0.458374489466729,74.5820748197238,22.054786476984,1.88150385704049,40.5537038348805,13.8517853416473,54.4054891765278,34.1566466975409,30.1722803115123,28.364465743699
2026,16,AP,Amapá,809953,0.426029457531585,74.8370904004309,22.1759407485058,1.83108688948905,39.5811145934761,14.4538857108082,54.0350003042843,36.5171265621471,30.6153184197108,28.895755481915
2027,16,AP,Amapá,813150,0.394714261197882,75.089863081543,22.2965593404321,1.78515755113655,38.7150531532554,15.0983618961147,53.8134150493701,38.9986856955797,31.0649154522536,29.4384204909285
2028,16,AP,Amapá,816149,0.368812642193928,75.3402896703567,22.4164732826427,1.74351775415075,37.7369313928688,15.7628259863756,53.4997573792444,41.7702908121309,31.5198364514323,29.9855919003115
2029,16,AP,Amapá,818996,0.348833362535528,75.5884698030514,22.5356003707005,1.7059419917067,36.5695496623168,16.4380260244925,53.0075756868093,44.9500367827366,31.978593302043,30.5411999714632
2030,16,AP,Amapá,821698,0.329916141226572,75.8340488101312,22.6535742196249,1.67218605163178,35.3946454892089,17.1428253193883,52.5374708085972,48.4333861307207,32.4385139065691,31.0971055088702
2031,16,AP,Amapá,824240,0.30935939968213,76.077391477137,22.7707679325103,1.64199473735631,34.3055504265298,17.8861848665017,52.1917352930315,52.1378746124699,32.8994249247792,31.6537626628075
2032,16,AP,Amapá,826561,0.281592739978653,76.3182424126981,22.8871548446795,1.61510849111994,33.2914771494652,18.6705544504216,51.9620315998867,56.0820848128738,33.3617252689154,32.2123143023595
2033,16,AP,Amapá,828689,0.257452263051361,76.5566022440559,23.0026355424634,1.59126889466536,32.2306515037236,19.4760949319352,51.7067464356588,60.4272455668018,33.8245747198285,32.7706933471166
2034,16,AP,Amapá,830636,0.234949420108155,76.792363623376,23.117235133007,1.57022308393381,31.1708751107885,20.3104996516772,51.4813747624658,65.158580179379,34.2868211828045,33.3274388884761
2035,16,AP,Amapá,832429,0.2158586914123629,77.0255917549317,23.2308366336431,1.55172715722799,30.2520045193793,21.1997824002562,51.4517869196355,70.0772816117877,34.7474018805207,33.8829218726479
2036,16,AP,Amapá,834066,0.196653408278658,77.2561205825416,23.3434527420396,1.53554868305307,29.3800921006022,22.1346630698384,51.5147551704406,75.3389846228042,35.2053758335671,34.4348122350091
2037,16,AP,Amapá,835549,0.177803675008925,77.4839600878283,23.4550415883888,1.52146842724876,28.6226718368311,23.1311581107711,51.7538299476021,80.8141121228465,35.6609319142265,34.9851117575015
2038,16,AP,Amapá,836873,0.158458690034946,77.7090426401605,23.5654612312073,1.50928142215705,28.0731571065422,24.2082258983145,52.2813830048566,86.2326449655816,36.1134831688918,35.5312884852217
2039,16,AP,Amapá,838051,0.140762098908676,77.931260162031,23.6746832607673,1.49879749633232,27.580971844607,25.339671185884,52.920643030491,91.8737429871917,36.5626101514108,36.0751102855816
2040,16,AP,Amapá,839084,0.123262188100726,78.1506444041498,23.7826673194449,1.489841374218,27.1175486200368,26.5118808291863,53.6294294492231,97.7665098002147,37.0074056947815,36.6144239775211
2041,16,AP,Amapá,839959,0.104280381940303,78.3646704605158,23.8884592453994,1.48225244333728,26.7164330039071,27.723282004137,54.4397150080441,103.768650553323,37.447584941646,37.1500470735917
2042,16,AP,Amapá,840654,0.0827421338422507,78.5781811612608,23.9937242364364,1.47588427344326,26.3718191074375,28.9708607974337,55.3426799048712,109.855375085836,37.8831588263423,37.6822090729783
2043,16,AP,Amapá,841168,0.0611428720971974,78.7887791403156,24.0977087013505,1.47060395887341,26.0778661790041,30.2506890277786,56.3285552067827,116.001396817252,38.3139967283587,38.2108643933386
2044,16,AP,Amapá,841500,0.0394689289178851,78.9964429692897,24.2003832994896,1.4662913428111,25.8222644487752,31.5610026146382,57.3832670634134,122.223992699197,38.7401639928699,38.7246906403123
2045,16,AP,Amapá,841629,0.0153297682709441,79.2010127036089,24.3015443379713,1.46283817072848,25.5963814129362,32.8917436859271,58.4881250988633,128.501537601342,39.1612337502629,39.2255466533133
2046,16,AP,Amapá,841575,-0.0064161287217978,79.402710342275,24.4013314809508,1.46014721020673,25.3939382444428,34.2250208633639,59.6189591078067,134.776341242989,39.5766782520869,39.719362745098
2047,16,AP,Amapá,841325,-0.0297062056263564,79.6015014674687,24.4996895264187,1.45813136567348,25.2150234562357,35.5533474102596,60.7683708664953,141.000651742274,39.9860921760319,40.2064469548968
2048,16,AP,Amapá,840891,-0.051585297001755,79.797301077763,24.5965131302257,1.4567128093314,25.0537241007471,36.867827158592,61.9215512593391,147.15507766565,40.3896283822755,40.6933450970507
2049,16,AP,Amapá,840242,-0.0771800387921906,79.9901780452357,24.6918427258094,1.45582214357611,24.9008259971742,38.1718990171876,63.0727250143618,153.295714051893,40.787856355669,41.1786860327647
2050,16,AP,Amapá,839380,-0.1025894920749,80.180072808637,24.7856002306323,1.45539760537964,24.7574734189302,39.4796880319638,64.237161450894,159.465739350352,41.1808763611237,41.6712811271298
2051,16,AP,Amapá,838302,-0.128428125521218,80.367157078817,24.878002752821,1.45538431929811,24.6254341648248,40.8114935269972,65.4369276918219,165.729031430815,41.5681401213405,42.1652953760079
2052,16,AP,Amapá,837011,-0.154001779788193,80.5513447850599,24.9689766654633,1.45573360279729,24.5106591463123,42.1900642098051,66.7007233561175,172.129455833719,41.9494893137605,42.6514949612726
2053,16,AP,Amapá,835506,-0.17980647805107,80.7327197221056,25.0587201369274,1.45640232533498,24.4108502499789,43.617192433463,68.0280426834419,178.679529745183,42.3249791144528,43.1314711047922
2054,16,AP,Amapá,833765,-0.208376720215053,80.9112680357608,25.1470868413464,1.45735232096682,24.3207548703278,45.0872067034566,69.4079615737843,185.385720730505,42.6948864488195,43.6014880952381
2055,16,AP,Amapá,831777,-0.238436489898231,81.0869847307661,25.2340578239442,1.45854985303726,24.237644260689,46.6009008398391,70.8385451005281,192.266625991458,43.0594883003497,44.0651728553137
2056,16,AP,Amapá,829554,-0.267259133157083,81.2598664842422,25.319648613992,1.45996512868493,24.1599571254082,48.159757708702,72.3197148341102,199.337099228765,43.418675577479,44.50858559037
2057,16,AP,Amapá,827103,-0.2954599700562,81.4299319323743,25.403907995439,1.46157186034902,24.0869499419885,49.7589161103731,73.8458660523617,206.580394073195,43.771805929854,44.9459728350203
2058,16,AP,Amapá,824415,-0.324989753392257,81.5972228359451,25.4867976280153,1.46334687114292,24.0205215940623,51.407827315595,75.4283489096573,214.016282345437,44.1183918293578,45.39111747851
2059,16,AP,Amapá,821499,-0.353705354706069,81.7616593367775,25.5683296550565,1.46526974081027,23.9596444643688,53.0967118988913,77.0563563632602,221.608930707854,44.4584302598056,45.8389486754967
2060,16,AP,Amapá,818341,-0.384419214143905,81.9233883689616,25.648557823098,1.4673224889502,23.8965779998996,54.7777654053322,78.6743434052318,229.228492069293,44.7924019449105,46.3013044200731
2061,16,AP,Amapá,814942,-0.4153525241922359,82.0823967710504,25.7273234531358,1.46948929226039,23.8249533874032,56.4197102167292,80.2446636041324,236.809320460453,45.1197066785121,46.7598441515378
2062,16,AP,Amapá,811333,-0.442853601851423,82.2387576106518,25.8047674484862,1.47175623267002,23.7450543738826,58.0239003123082,81.7689546861908,244.362044401672,45.4396665734045,47.2142322408917
2063,16,AP,Amapá,807508,-0.471446372821027,82.3924544342461,25.8807752204152,1.47411107339886,23.6606504585345,59.5960902590079,83.2567407175423,251.878494902119,45.7516557111508,47.6559707209124
2064,16,AP,Amapá,803479,-0.4989424253381999,82.5434529182364,25.9553329799086,1.47654306016817,23.5764750240827,61.1487519513333,84.7252269754161,259.363420056949,46.0558384226595,48.0876526342755
2065,16,AP,Amapá,799249,-0.526460554662911,82.6918783192169,26.0285515257744,1.47904274499079,23.4990448679122,62.6932395284909,86.1922843964031,266.790586089301,46.351688897953,48.5044891910739
2066,16,AP,Amapá,794843,-0.551267502367847,82.8376803594933,26.1004054886058,1.48160183017419,23.4031262971209,64.0527715935248,87.4558978906456,273.693227051485,46.6385927786997,48.9144928779818
2067,16,AP,Amapá,790247,-0.578227398366726,82.9809896608571,26.1709817766799,1.48421303037356,23.3072456570943,65.3661028927238,88.6733485498181,280.454000676084,46.9168032273454,49.3279245932685
2068,16,AP,Amapá,785500,-0.600698262695076,83.1217000846884,26.2402047710675,1.48686995072909,23.2284807050043,66.7347841964106,89.963264901415,287.297241020302,47.1855480585614,49.7364540466392
2069,16,AP,Amapá,780604,-0.623297262889877,83.2599701204142,26.3082431105397,1.48956697930874,23.1875705106195,68.2589395202825,91.446510030902,294.377280660003,47.444650552649,50.141124871001
2070,16,AP,Amapá,775558,-0.646422513848255,83.3957622566815,26.3750434583438,1.49229919225339,23.1597537466575,69.7531248056713,92.9128785523288,301.182497744555,47.6943813357608,50.5221286507794
2000,17,TO,Tocantins,1191784,,69.8390784887183,19.9914210886595,2.79806645721892,61.8536816310785,12.2928529992387,74.1465346303172,19.8740845735885,25.4937748786693,21.6881200500208
2001,17,TO,Tocantins,1215566,1.99549582810308,70.1605709230095,20.1111758918098,2.6258288814755,60.3251360532624,12.3071395298635,72.632275583126,20.4013456662531,25.7174484972433,22.0227253703859
2002,17,TO,Tocantins,1238303,1.87048667040703,70.4457744317855,20.2057805227266,2.56017548803673,58.7709492575095,12.3332039081791,71.1041531656886,20.9852045338594,25.9640516093396,22.3901579933219
2003,17,TO,Tocantins,1260206,1.76879164469439,71.1633751829649,20.4715567767947,2.53445223740136,57.226222359797,12.3774275601254,69.6036499199225,21.6289439521364,26.2305869040458,22.7751207633039
2004,17,TO,Tocantins,1281514,1.69083467306139,71.9196072842376,20.8767111750126,2.38811747119994,55.6988268143963,12.4539274359577,68.152754250354,22.3594070974916,26.5167567424156,23.1803265567472
2005,17,TO,Tocantins,1302370,1.6274500317592997,72.6975992819428,21.1831497182326,2.43164851778204,54.1814224441457,12.5646245438832,66.7460469880289,23.1899126621044,26.8200188886415,23.6024876604146
2006,17,TO,Tocantins,1323739,1.6407779663229398,73.2726253996569,21.4139139171851,2.37503373209841,52.7716177937562,12.7027898685694,65.4744076623256,24.0712534495624,27.1169603675649,24.0168215062265
2007,17,TO,Tocantins,1343650,1.50414847639906,73.438759986538,21.4071075127472,2.18716859990535,51.2236880508306,12.8607837318669,64.0844717826975,25.1071022436043,27.442438134931,24.4618237176985
2008,17,TO,Tocantins,1362487,1.40192758530868,73.5575337120572,21.4372550422012,2.19778627098818,49.6232217643154,13.0369328627983,62.6601546271137,26.2718388675305,27.7822261790388,24.9186131668208
2009,17,TO,Tocantins,1380854,1.34804955937193,73.7265103537799,21.5796030939843,2.10577691350932,48.0796797110203,13.2393744224436,61.3190541334639,27.5363199214678,28.1233359935229,25.3786546324153
2010,17,TO,Tocantins,1396508,1.133646279766,74.0829364208925,21.9400810150832,2.05405464947967,46.6159887637229,13.5018774901826,60.1178662539055,28.9640482766932,28.4828665499947,25.8514619433665
2011,17,TO,Tocantins,1410841,1.02634571373741,74.5370002337323,22.0825647857029,2.07603972503781,45.2832273859586,13.8172517735895,59.1004791595481,30.5129571614278,28.8440880297638,26.3234326625387
2012,17,TO,Tocantins,1426020,1.07588310801856,75.0871217430531,22.2573606407547,2.00587291447494,43.9986203852497,14.1491470010569,58.1477673863065,32.1581605904178,29.201576415478,26.7904939133132
2013,17,TO,Tocantins,1441047,1.05377203685784,75.3864937613576,22.4178324817398,1.9644256095775,42.7395762520446,14.5042615945816,57.2438378466262,33.9363720151245,29.5657462941875,27.2623228469086
2014,17,TO,Tocantins,1456210,1.05222105871634,75.589108174388,22.6111092401472,2.01824422521549,41.601787285898,14.8835180044983,56.4853052903963,35.7761504384775,29.9216486633109,27.7239734063355
2015,17,TO,Tocantins,1471416,1.04421752357147,75.7453813323981,22.728610688204,2.02780695444366,40.6392998921183,15.2928172814229,55.9321171735412,37.6306120479917,30.26479187395,28.1713297705124
2016,17,TO,Tocantins,1485416,0.951464439696181,75.8877255637949,22.7913271415024,1.90740787705676,39.7850362984197,15.7334332839862,55.5184695824059,39.546107652065,30.6178807822186,28.6255401815803
2017,17,TO,Tocantins,1498537,0.8833215745622789,76.0268649301373,22.8672610107014,1.98773692456129,39.0628189413195,16.2087727060316,55.271591647351,41.494119332198,30.973536188963,29.0816420112445
2018,17,TO,Tocantins,1511702,0.8785235199397781,76.1970144627861,22.876985707485,2.0373382909882,38.5632724672934,16.7213488593781,55.2846213266715,43.3608140324707,31.3088598149635,29.5169969389399
2019,17,TO,Tocantins,1525148,0.8894610181107149,76.7042019885642,23.0273271062269,1.95963957086817,38.117238358174,17.2580201509795,55.3752585091535,45.2761556039609,31.6414492232885,29.9436842105263
2020,17,TO,Tocantins,1537886,0.835197633278861,75.2354742321515,21.8114774528402,1.89562290055783,37.6135989313566,17.7808472757476,55.3944462071042,47.27239025491,31.9749142654267,30.366647699561
2021,17,TO,Tocantins,1548514,0.691078532479006,72.5185796860474,20.2509608447719,1.89900982058698,36.9891643194371,18.2301053496787,55.2192696691158,49.2849884151051,32.2823571501452,30.7645080239909
2022,17,TO,Tocantins,1557580,0.585464516304013,75.4011815659369,22.1871200403936,1.80978787370152,36.4693654659455,18.7441455374546,55.2135110034001,51.3969609779956,32.6058224938687,31.1828508611213
2023,17,TO,Tocantins,1567191,0.617046957459655,76.4683537669718,23.1021123874253,1.86947628339126,35.9980487089056,19.3904594953414,55.388508204247,53.8653071230062,32.9635315669883,31.6384652724404
2024,17,TO,Tocantins,1577342,0.647719390935753,76.676970826878,23.2039372061131,1.80305356873467,35.5234093601925,20.0893222694999,55.6127316296924,56.5523485254543,33.327026098335,32.0953270269173
2025,17,TO,Tocantins,1586859,0.603356786289844,76.8830379603046,23.3045310232482,1.77599151118295,35.0710323140295,20.8217369392593,55.8927692532888,59.3701854933136,33.6996677083471,32.5629634107028
2026,17,TO,Tocantins,1595994,0.575665512814938,77.0870082864986,23.4038896249793,1.75057962394326,34.5623422612643,21.5617357619392,56.1240780232035,62.3850536487064,34.0751349942418,33.0320012929815
2027,17,TO,Tocantins,1604779,0.550440665817042,77.2888524204727,23.5021342942017,1.72676765915003,34.0271384775449,22.3059035784252,56.3330420559701,65.553274757868,34.4525563956158,33.504482592265
2028,17,TO,Tocantins,1613212,0.525492918339543,77.488581107344,23.599283434142,1.70450177622706,33.519659894979,23.0618187465422,56.5814786415212,68.8008733346267,34.8317077978592,33.976920302921
2029,17,TO,Tocantins,1621325,0.50290972296263,77.6862013534904,23.6953663719403,1.68372535552701,32.9474431268806,23.8186403050766,56.7660834319572,72.2928338121748,35.2120679074214,34.4511901416931
2030,17,TO,Tocantins,1629134,0.481643100550477,77.8816151258365,23.7903701455043,1.66437974201825,32.2864752235771,24.5770137342957,56.8634889578728,76.1216997647003,35.5928855453265,34.9241689056422
2031,17,TO,Tocantins,1636542,0.454720115104101,78.0730265322287,23.8836687621538,1.64640491793152,31.686655527799,25.3715701676684,57.0582256954675,80.0702054068461,35.97390839954,35.3975100401606
2032,17,TO,Tocantins,1643477,0.423759365784693,78.2641851491566,23.9766972309547,1.62974010476482,31.1056233548696,26.2025364919837,57.3081598468533,84.2372975235094,36.3554299816791,35.8712901150165
2033,17,TO,Tocantins,1649949,0.393799243920046,78.4532180718842,24.0687803787225,1.61432429626711,30.4205047354739,27.0420180257216,57.4625227611955,88.8940478169891,36.7367694395403,36.34491300145
2034,17,TO,Tocantins,1655973,0.365102194067823,78.640016863643,24.1598056676677,1.60009672499533,29.7543331137102,27.9147354429849,57.6690685566951,93.8173789219372,37.1173026371807,36.8175855666774
2035,17,TO,Tocantins,1661561,0.3374451153491,78.8244823104012,24.2497134052772,1.58699726578601,29.1994201398665,28.8506099185,58.0500300583665,98.8054207251523,37.4961533160684,37.2885812449475
2036,17,TO,Tocantins,1666705,0.309588393083371,79.0066289515453,24.3384814542675,1.57496678002582,28.6960020699286,29.8499682281183,58.5459702980469,104.021348184244,37.8730501198472,37.7576168868001
2037,17,TO,Tocantins,1671410,0.282293507249332,79.1865933806803,24.4262235044955,1.56394740497004,28.2641347341633,30.9255020958161,59.1896368299794,109.416058148194,38.2477626674484,38.2244583299521
2038,17,TO,Tocantins,1675699,0.256609688825593,79.3643603417645,24.5129670090708,1.55388279256863,27.8631196271619,32.070433033929,59.9335526610909,115.099936629729,38.6193421372215,38.6865467184625
2039,17,TO,Tocantins,1679591,0.232261283201818,79.539816947957,24.5985712927521,1.54471830234243,27.4771131731455,33.2777573063174,60.7548704794629,121.110820837034,38.9872058137963,39.143883860928
2040,17,TO,Tocantins,1683075,0.207431452061835,79.7129597167027,24.6830180950594,1.53640115282836,27.1661876883845,34.5502360301204,61.7164237185049,127.18102527464,39.3509647520164,39.5881822376977
2041,17,TO,Tocantins,1686139,0.182047739999702,79.8837201625319,24.7662361855712,1.52888053600544,26.8928425263125,35.8606304198423,62.7534729461549,133.346374169095,39.710755756198,40.0256135484955
2042,17,TO,Tocantins,1688775,0.156333493264782,80.0521818257718,24.8482908393092,1.52210769894091,26.6502317765786,37.191748792608,63.8419805691866,139.555066929263,40.0664919838344,40.4484188364699
2043,17,TO,Tocantins,1690984,0.130804873354951,80.2183698301538,24.9292031023075,1.51603599667514,26.437666406173,38.540084314087,64.9777507202601,145.777179127611,40.4175166648531,40.86454513707
2044,17,TO,Tocantins,1692787,0.106624308686531,80.3822216235477,25.0089105012012,1.51062092011045,26.2534391726551,39.9052982154093,66.1587373880643,152.000269195107,40.7633695202054,41.2695403052968
2045,17,TO,Tocantins,1694185,0.082585700386395,80.5437882522704,25.087447746451,1.50582010239344,26.0935797417434,41.2748246725855,67.3684044143289,158.180000908637,41.1040388151235,41.6676447229086
2046,17,TO,Tocantins,1695153,0.0571366173115706,80.703086363283,25.164882205088,1.50159330699472,25.9512050553249,42.6345132936985,68.5857183490235,164.287219814289,41.4394812739617,42.0590380619778
2047,17,TO,Tocantins,1695685,0.0313835978227317,80.8601234067033,25.2412793395337,1.49790240040127,25.8221951639584,43.972471331814,69.7946664957724,170.289439192176,41.7697078171948,42.4453921134249
2048,17,TO,Tocantins,1695793,0.0063691074698502,81.0149874817257,25.3166585277081,1.49471131205205,25.7033676144384,45.277979431337,70.9813470457754,176.155825612138,42.0943823921906,42.8335463803315
2049,17,TO,Tocantins,1695469,-0.0191061055211383,81.1675728139713,25.3908990717768,1.49198598387172,25.5934068834995,46.5518536794374,72.145260562937,181.890023049062,42.413441354575,43.2347705442903
2050,17,TO,Tocantins,1694702,-0.0452382202210666,81.3179417408136,25.4639862164214,1.48969431149463,25.4927987368645,47.8101697133811,73.3029684502456,187.543824461471,42.7269077395318,43.6198412698413
2051,17,TO,Tocantins,1693479,-0.0721660799361756,81.4661748254235,25.5359611504614,1.48780607902352,25.4050367250469,49.074120819171,74.4791575442179,193.166895802157,43.0343240158278,43.9921409699521
2052,17,TO,Tocantins,1691805,-0.0988497643017672,81.6122734513586,25.606804898599,1.48629288893664,25.3316218705831,50.3638416107689,75.695463481352,198.81806963673,43.3359855302473,44.3508972633468
2053,17,TO,Tocantins,1689673,-0.126019251627696,81.7563199840592,25.6766153461645,1.48512808854474,25.2702681474733,51.6801499657027,76.9504181131759,204.509701535835,43.6318021297612,44.7057440902579
2054,17,TO,Tocantins,1687070,-0.154053476619442,81.8982879759255,25.7453604026491,1.48428669420455,25.2147483606653,53.0145060127428,78.2292543734081,210.251973386516,43.9219724137113,45.0572531071925
2055,17,TO,Tocantins,1684002,-0.181853746436134,82.0381337302602,25.8129801540798,1.48374531431934,25.1644926207523,54.3597473870939,79.5242400078462,216.017657126396,44.2061856221073,45.3917729065395
2056,17,TO,Tocantins,1680452,-0.2108073505850959,82.1759308860207,25.879470823593,1.48348207199841,25.1194166848702,55.7087039940429,80.828120678913,221.775468327643,44.4844339499135,45.7232970027248
2057,17,TO,Tocantins,1676448,-0.238269227564969,82.3116980508125,25.9448424345595,1.4834765281054,25.0780586270807,57.0530885577025,82.1311471847833,227.502014434615,44.7567010727443,46.0544908271498
2058,17,TO,Tocantins,1671967,-0.267291320697094,82.4454457318335,26.0090997112141,1.48370960529955,25.0370261475912,58.3896313621892,83.4266575097804,233.213126103665,45.0229538023179,46.3828398599172
2059,17,TO,Tocantins,1667020,-0.295879045459624,82.577174384749,26.0722637876042,1.48416351356271,24.9927978796958,59.7161034977928,84.7089013774886,238.933247030763,45.2834273134096,46.7023589269195
2060,17,TO,Tocantins,1661615,-0.324231262972252,82.7068775737063,26.1343105353619,1.48482167760749,24.9429256959708,61.0090736952367,85.9519993912074,244.594697666489,45.5376347709909,47.0111023549045
2061,17,TO,Tocantins,1655761,-0.352307845078437,82.8345992754662,26.1951988241099,1.48566866647725,24.8798097293389,62.200202247318,87.0800119766568,250.00272479564,45.7853410003014,47.3258593892851
2062,17,TO,Tocantins,1649472,-0.379825349189888,82.9603470587614,26.2549515644613,1.48669012557474,24.8060477299915,63.2985171475132,88.1045648775047,255.173729553792,46.0260586417957,47.6449899575987
2063,17,TO,Tocantins,1642749,-0.4075849726457911,83.0841296735921,26.3136102514803,1.48787271129339,24.7256996471555,64.326798920061,89.0524985672165,260.161693452672,46.2595192570502,47.9666088464874
2064,17,TO,Tocantins,1635591,-0.435733030426433,83.2059973225435,26.3712374621119,1.48920402837096,24.6418015318595,65.3123820473959,89.9541835792554,265.0471068966,46.4858372294785,48.2700557994877
2065,17,TO,Tocantins,1628028,-0.462401663985679,83.3259018400447,26.4278254165529,1.49067257003965,24.559359306791,66.2827227585819,90.8420820653728,269.8878335163,46.7045462363055,48.5659829453791
2066,17,TO,Tocantins,1620064,-0.489180775760611,83.4439266399264,26.483567008871,1.49226766100825,24.5079072478465,67.4202907478862,91.9281979957327,275.096074365184,46.9152940871472,48.8603147710553
2067,17,TO,Tocantins,1611735,-0.514115491733658,83.5600582030127,26.5382974770622,1.49397940327976,24.4435509829473,68.4166944876218,92.860245470569,279.896707869294,47.1178109304569,49.1692125597392
2068,17,TO,Tocantins,1603056,-0.53848802687787,83.6743052260908,26.5920431897023,1.49579862478161,24.3784275007311,69.3448201687496,93.7232476694808,284.451571647392,47.3118749438572,49.470664928292
2069,17,TO,Tocantins,1594046,-0.562051481670012,83.7867247432603,26.644898815028,1.49771683076393,24.3247202739575,70.2835411821439,94.6082614561015,288.938743757685,47.4974868981196,49.7582407320945
2070,17,TO,Tocantins,1584730,-0.584424790752591,83.8972892244212,26.6968136868019,1.49972615790417,24.2691392426914,71.1280717112807,95.3972109539721,293.080323121475,47.6745130085251,50.0240434091122
2000,21,MA,Maranhão,5907492,,69.8200249454532,20.6881047885441,3.15367067396257,67.486209628337,13.2793315628537,80.7655411911907,19.6771038646062,25.0264704548055,20.3991304626323
2001,21,MA,Maranhão,5985865,1.32667128453157,69.1197606988171,20.2633241287054,2.66467507535766,65.4359527433085,13.2939079690652,78.7298607123737,20.3159080165218,25.2434540371358,20.7313671607399
2002,21,MA,Maranhão,6060566,1.24795664452839,68.8401158800356,20.0630571369808,2.71583393047784,63.5162338344338,13.2974837614977,76.8137175959315,20.9355671121179,25.4646287161958,21.0751312361935
2003,21,MA,Maranhão,6133227,1.19891442482434,69.6441038202071,20.3198005653537,2.83551966269064,61.7462380224818,13.3116105610806,75.0578485835624,21.5585774735521,25.6940970878789,21.4374447871302
2004,21,MA,Maranhão,6205349,1.17592256083134,70.6080207078879,20.6958278829094,2.65213451786237,60.1289942002933,13.3547578143674,73.4837520146607,22.2101799505941,25.9339324830884,21.8073348834382
2005,21,MA,Maranhão,6277575,1.16393131151851,71.5294982648043,21.30464887519,2.65016932365278,58.6463135630157,13.4366174944367,72.0829310574524,22.9112738347978,26.185643341577,22.1921268051587
2006,21,MA,Maranhão,6355062,1.23434606516051,72.8471213354494,21.846063210553,2.53585559751171,57.3988384727065,13.5580832244071,70.9569216971136,23.6208320327842,26.4290353107491,22.572731414686
2007,21,MA,Maranhão,6428834,1.1608383993736,73.5405083958989,22.1570821049649,2.42170568049044,56.1320910488466,13.7102703519545,69.8423614008011,24.4250126723832,26.6973354732756,22.9733082282056
2008,21,MA,Maranhão,6498707,1.08686894077525,74.0046525704193,22.30363461897,2.33246910458244,54.8612470755033,13.8885614202732,68.7498084957765,25.3157960502775,26.9847788183096,23.3973003348777
2009,21,MA,Maranhão,6565252,1.02397292261369,74.4200743630037,22.5148978953918,2.24974031245889,53.6110425667898,14.0948241288953,67.7058666956852,26.2908972742615,27.2855968057281,23.8299721969041
2010,21,MA,Maranhão,6621117,0.8509193554185,74.5875914580156,22.4106721906497,2.14621858017343,52.379446369605,14.3411141601446,66.7205605297496,27.3792778544268,27.605535893717,24.2772319205875
2011,21,MA,Maranhão,6667356,0.698356485771212,74.6963686329346,22.4702469629151,2.1513166535268,51.1882056583732,14.6260400763098,65.814245734683,28.5730665652221,27.9356236565139,24.7274456714792
2012,21,MA,Maranhão,6711398,0.660561697920437,74.8231385561239,22.4376245383329,2.03738986435135,49.9470724779096,14.9253647012119,64.8724371791215,29.8823613892747,28.2742640207003,25.1840022452989
2013,21,MA,Maranhão,6752584,0.6136724420158,74.7692626151388,22.4999941760803,1.99848138281616,48.6206312507765,15.2337683640825,63.854399614859,31.3319016479022,28.627099344488,25.6520512193133
2014,21,MA,Maranhão,6792706,0.594172541948379,74.7970531333375,22.4135693196696,2.01605368712374,47.3290795039277,15.5514871617798,62.8805666657075,32.858207522268,28.9778462368311,26.1157759026785
2015,21,MA,Maranhão,6831416,0.569875981677992,74.9833373380174,22.4298210239431,2.0156801791742,46.112418081194,15.8795323742457,61.9919504554397,34.4365640211825,29.3218782167562,26.57005764609
2016,21,MA,Maranhão,6863878,0.475186989051757,75.1239132379713,22.3062948874877,1.87970385200275,44.9044227890456,16.2210246624439,61.1254474514896,36.1234454313062,29.679590895992,27.0356741477369
2017,21,MA,Maranhão,6890375,0.386035416130648,75.2577555824685,22.33016620052,1.90762122616901,43.7106727308214,16.5789541636163,60.2896268944377,37.9288469562404,30.0493222792664,27.5120373091752
2018,21,MA,Maranhão,6917016,0.386640785153203,75.6540291290114,22.3362606321694,1.98408065498724,42.6584838761413,16.9593756526214,59.6178595287627,39.756161287548,30.4044940766365,27.9726107582495
2019,21,MA,Maranhão,6946725,0.4295060182020641,75.9674369240506,22.3615861918139,1.92368487571047,41.6471166623714,17.3482046115275,58.9953212738989,41.6552357085545,30.751005401826,28.4220421551465
2020,21,MA,Maranhão,6970988,0.349272498911368,73.8612938817673,20.8379150159706,1.80745562378247,40.555145542334,17.6963169411536,58.2514624834875,43.6351952495918,31.0964464434597,28.8717225474543
2021,21,MA,Maranhão,6988154,0.2462491686974649,73.1782528745554,20.5602814288798,1.86319097309925,39.333409726226,17.9883875298883,57.3217972561144,45.7330998128402,31.4240152692685,29.3082592964104
2022,21,MA,Maranhão,6998087,0.14214054240933,74.8224187058997,21.4952487987127,1.68238692403468,38.2052479782944,18.3519284615529,56.5571764398473,48.0350984031808,31.7769024592006,29.7740691752596
2023,21,MA,Maranhão,7003234,0.0735486712297284,75.3805237590711,22.0349505805775,1.67917752935325,37.0929744853798,18.8166094371681,55.9095839225478,50.7282300711275,32.1738760978142,30.2855492696415
2024,21,MA,Maranhão,7010960,0.110320460518665,75.6152783107932,22.1498176603579,1.65576947483101,36.0658841054208,19.3445282964497,55.4104124018704,53.6366396562067,32.5801523614455,30.8014504151882
2025,21,MA,Maranhão,7018211,0.103423782192458,75.8473107765393,22.2637230716769,1.62329321726375,35.1395503237302,19.9197992994038,55.059349623134,56.6876898420401,32.9943380157707,31.3231705628824
2026,21,MA,Maranhão,7024557,0.0904219038156517,76.0769109551171,22.3766577199422,1.59462762485581,34.2446869589855,20.5178493767028,54.7625363356882,59.9154239642395,33.4145535440883,31.8498036316592
2027,21,MA,Maranhão,7030114,0.07910819144894,76.3040565063242,22.4884868265869,1.56944379978229,33.3949082036938,21.1309216997566,54.5258299034504,63.2758789779193,33.8384972135587,32.3806671572691
2028,21,MA,Maranhão,7034961,0.068946250373747,76.5288011786744,22.5992086837065,1.54742289760282,32.6334255267689,21.7652153187126,54.3986408454816,66.6960791500689,34.265009855776,32.9134253974441
2029,21,MA,Maranhão,7039203,0.0602988417419903,76.7510358966925,22.708784165307,1.52826055867272,31.8549420099831,22.4082331513596,54.2631751613427,70.3446050673614,34.6931506308314,33.4503542453359
2030,21,MA,Maranhão,7042949,0.0532162518966928,76.9706800144471,22.8172120963525,1.51166996549607,31.0318852717432,23.0561369724011,54.0880222441443,74.2982154339022,35.1217481483964,33.9862723266064
2031,21,MA,Maranhão,7045850,0.0411901321449193,77.1876976992671,22.9246107486147,1.49738374844237,30.2962824832647,23.7343629660996,54.0306454493644,78.340842574366,35.5504137896776,34.5277056681296
2032,21,MA,Maranhão,7047525,0.0237728592008102,77.4021612409826,23.0310734951845,1.48515495668314,29.6337350229966,24.4465972252739,54.0803322482706,82.4958352576976,35.9792163915701,35.0692278057581
2033,21,MA,Maranhão,7048055,0.007520370626568,77.6140918249068,23.1366269556825,1.47475729444669,28.8754967857131,25.1579606461574,54.0334574318706,87.1256374664521,36.4075053330316,35.6153828215365
2034,21,MA,Maranhão,7047533,-0.0074062986171408,77.8234516642989,23.2412404553054,1.46598479963127,28.0941643779947,25.8866610296511,53.9808254076458,92.1424844012353,36.8344070187397,36.1611467119522
2035,21,MA,Maranhão,7045983,-0.0219935117721337,78.0302367392083,23.3448997303232,1.45865111612647,27.452397619881,26.6861874343717,54.1385850542527,97.2089498479565,37.2590704519157,36.707968856484
2036,21,MA,Maranhão,7043368,-0.037113345291917,78.2344794298627,23.4476325486795,1.45258848543752,26.8588219250284,27.565986133846,54.4248080588744,102.6328936198,37.681097026309,37.254021133237
2037,21,MA,Maranhão,7039641,-0.0529150258796629,78.4362316843101,23.5494576057287,1.44764655903299,26.3680519028933,28.5580573387883,54.9261092416817,108.305526111524,38.100290483563,37.799247593233
2038,21,MA,Maranhão,7034848,-0.0680858583555599,78.6354984371519,23.650418169732,1.44369111117949,26.0226989522573,29.6811885719952,55.7038875242525,114.058840039805,38.5163996436028,38.3437030498798
2039,21,MA,Maranhão,7029031,-0.0826883537497936,78.8322321113815,23.7504614238447,1.44060271330703,25.6969093681409,30.9028653466211,56.599774714762,120.259074365319,38.9288581882766,38.8842251228123
2040,21,MA,Maranhão,7022193,-0.0972822569711207,79.0263985588912,23.84953696878,1.43827541523307,25.4166883668474,32.220750101916,57.6374384687634,126.770056101973,39.3371868303819,39.419392090331
2041,21,MA,Maranhão,7014108,-0.1151349727926849,79.2179919169493,23.9476548947825,1.43661546570716,25.1807887667694,33.6209939335212,58.8017827002906,133.518430438883,39.7416663672701,39.9508094704694
2042,21,MA,Maranhão,7004580,-0.135840508871543,79.4070072896459,24.0447841992341,1.43554009444301,24.9794847032783,35.0885042811899,60.0679889844682,140.469287889613,40.1426018405101,40.4777092104504
2043,21,MA,Maranhão,6993591,-0.156883067935554,79.5934190716363,24.1409138366844,1.43497636974406,24.8095135101197,36.6233807003698,61.4328942104895,147.618294431414,40.5398814428811,41.001317325973
2044,21,MA,Maranhão,6981152,-0.177862846140131,79.7772090177184,24.2359978603005,1.43486013965487,24.6670763900847,38.2225283481473,62.889604738232,154.953622162987,40.9333581334427,41.5211122853625
2045,21,MA,Maranhão,6967244,-0.199222134111965,79.9583881487011,24.3300052140155,1.43513505995304,24.5436927293111,39.8603405146773,64.4040332439883,162.405636976845,41.3228932415744,42.0372604925897
2046,21,MA,Maranhão,6951804,-0.2216084293875759,80.137015664183,24.4229900591547,1.43575170893505,24.4301401834025,41.5005502934302,65.9306904768327,169.874384599827,41.7086629600029,42.5507341041589
2047,21,MA,Maranhão,6934820,-0.244310685399074,80.3131566582077,24.5150120623859,1.436666786584,24.3195692719997,43.1143517652243,67.4339210372239,177.282546754905,42.0906751725351,43.0608022849765
2048,21,MA,Maranhão,6916287,-0.267245580995612,80.4868410593681,24.6060823708964,1.4378423941168,24.2080308743785,44.6859693395386,68.894000213917,184.591508377634,42.4686916549299,43.5684633296807
2049,21,MA,Maranhão,6896209,-0.290300272386035,80.6580730748756,24.6961994607629,1.4392453889108,24.093298221949,46.2167302305216,70.3100284524706,191.824007675371,42.8425772768778,44.0725774794402
2050,21,MA,Maranhão,6874552,-0.314042106322476,80.8268299181379,24.7852843302057,1.44084680925603,23.9758142462182,47.7158648454924,71.6916790917106,199.016660520795,43.2119927233076,44.5896674921079
2051,21,MA,Maranhão,6851285,-0.33845114561647,80.993095025513,24.873300253281,1.44262136315267,23.8593421938055,49.2029010400985,73.0622432339039,206.22069393377,43.5766994074834,45.1056770670383
2052,21,MA,Maranhão,6826421,-0.36291002344816,81.1568583950603,24.9602024062815,1.44454697537924,23.7479457711698,50.6949816125597,74.4429273837296,213.471018087399,43.9363307654187,45.6076263581921
2053,21,MA,Maranhão,6799982,-0.387303976710485,81.3181718287762,25.0460329968341,1.44660438722499,23.6417124523181,52.1912726618288,75.8329851141469,220.759273538628,44.290590180974,46.1023501095805
2054,21,MA,Maranhão,6771919,-0.412692268891302,81.4770202759439,25.1307486109192,1.44877680355473,23.5380419990369,53.6890741787576,77.2271161777945,228.094903479883,44.6394284987756,46.5827990594099
2055,21,MA,Maranhão,6742228,-0.438442928806448,81.6333717216914,25.2142725212142,1.45104958221437,23.4386712002868,55.2025304616402,78.641201661927,235.519027465024,44.982658848084,47.0560443436634
2056,21,MA,Maranhão,6710949,-0.463926761302047,81.7872111507394,25.2965469367872,1.45340996116118,23.3487663349448,56.7522423564508,80.1010086913956,243.063130369817,45.3199805273442,47.5152939843662
2057,21,MA,Maranhão,6678117,-0.489230360713511,81.9385697967693,25.3775709695122,1.45584681909159,23.2722771819451,58.3545517692667,81.6268289512118,250.74706404124,45.6510531336902,47.9672751866566
2058,21,MA,Maranhão,6643758,-0.514501318260818,82.0875041690687,25.457394099666,1.45835046572617,23.2105429787384,60.011356641567,83.2218996203054,258.552144585929,45.9755221367184,48.3974327484756
2059,21,MA,Maranhão,6607869,-0.540191259224077,82.2340616039424,25.5360670872584,1.46091245828562,23.1612671636934,61.7162728195251,84.8775399832186,266.463282787346,46.2934293945597,48.8193346741316
2060,21,MA,Maranhão,6570439,-0.566445854177799,82.378298457026,25.6136264334928,1.46352544104623,23.1237369750104,63.4671264200689,86.5908633950793,274.467429242329,46.6045183586668,49.2294216371146
2061,21,MA,Maranhão,6531480,-0.592943637403831,82.5202649948727,25.6900441981494,1.46618300519456,23.0926177762773,65.2110411467026,88.3036589229799,282.389124431327,46.9082103902944,49.6262671271026
2062,21,MA,Maranhão,6491013,-0.619568612320642,82.6599930163354,25.7653552253026,1.46887956650648,23.0701111634471,66.9500032348144,90.0201143982616,290.202343458543,47.2038376752596,50.0121238858981
2063,21,MA,Maranhão,6449078,-0.646047080786927,82.7975218863193,25.8396278139008,1.47161025865491,23.059162981933,68.6950021720379,91.7541651539709,297.907613671237,47.4906149375151,50.3701241545446
2064,21,MA,Maranhão,6405699,-0.672638786505608,82.9328295127648,25.9128563395216,1.47437084020393,23.0621917346364,70.4603006476632,93.5224923822995,305.523002576729,47.7682202988308,50.720471252221
2065,21,MA,Maranhão,6360870,-0.699829948300723,83.0658958744508,25.9850229387548,1.47715761357493,23.0804923992333,72.2550057087897,95.335498108023,313.056604074833,48.0361700522098,51.0634286645861
2066,21,MA,Maranhão,6314599,-0.727431939341627,83.1966839167567,26.0561529100349,1.47996735447506,23.1419947700223,74.282753954686,97.4247487247083,320.98682370679,48.2937779580303,51.4056264066016
2067,21,MA,Maranhão,6266912,-0.755186513031147,83.3252059363016,26.1261526602163,1.48279725046095,23.201122274177,76.1976503259406,99.3987726001176,328.422260895323,48.540305656119,51.732855644046
2068,21,MA,Maranhão,6217835,-0.7831129589820349,83.4515545034244,26.1951131003195,1.48564484747275,23.2585810608947,78.0017407634824,101.260321824377,335.367581363891,48.7750545004813,52.0395689902467
2069,21,MA,Maranhão,6167438,-0.810523276992714,83.5757863792763,26.2630924895642,1.48850800331767,23.3200683179021,79.718879997261,103.038948315163,341.846682910715,48.9975476040456,52.3206793083942
2070,21,MA,Maranhão,6115778,-0.837624958694361,83.6979685739346,26.3301275224348,1.4913848472093,23.3771957417702,81.2813306901218,104.658526431892,347.694957034085,49.2077719302434,52.6063469742832
2000,22,PI,Piauí,2930352,,70.777981422795,20.3395086628086,2.72455892211015,56.8303719417272,14.7943854404721,71.6247573821993,26.032533194824,26.9954756288664,22.7036499229142
2001,22,PI,Piauí,2962306,1.09044920200714,70.3858482125621,20.072835633371,2.57368069576978,55.0383911829301,14.8293183629701,69.8677095459003,26.943589818391,27.247340078979,23.0670685071202
2002,22,PI,Piauí,2992376,1.01508757029152,70.9807725728378,20.1546065735553,2.34967292417208,53.3750026706308,14.8677672289422,68.242769899573,27.8553002061452,27.504248797611,23.4532522474881
2003,22,PI,Piauí,3021150,0.961577021069537,71.5601425231656,20.5412444838315,2.16925399343751,51.8459080540484,14.9383464391315,66.7842544931799,28.8129709746013,27.7728368336561,23.8505964129409
2004,22,PI,Piauí,3048794,0.915015805239716,72.3716698707461,20.8756207192333,2.16156015009461,50.4475346508209,15.059617000671,65.5071516514919,29.852037577075,28.0552529951187,24.2696955976595
2005,22,PI,Piauí,3075209,0.866408160079035,72.951933788228,21.3534230957979,2.15273923562154,49.1640256785308,15.2406399958942,64.404665674425,30.9995769987353,28.3528608949831,24.7046262432922
2006,22,PI,Piauí,3100299,0.815879506075845,73.5761108543834,21.6190868565075,2.12675622060381,47.9757476703265,15.4796293611356,63.4553770314621,32.2655302164472,28.6646487967773,25.1543347892402
2007,22,PI,Piauí,3123388,0.744734620757548,73.9996889957365,21.8725558501686,2.01878252318794,46.8349178353041,15.7654909318454,62.6004087671495,33.661831087833,28.9929739756956,25.6246101648446
2008,22,PI,Piauí,3144436,0.673883616124549,74.5679976509051,22.1056196268507,1.97694274234163,45.7212034509287,16.0924638941564,61.8136673450852,35.1969385745238,29.3390185076115,26.1116997255706
2009,22,PI,Piauí,3164490,0.637761430030692,75.0957332392997,22.4101890187671,1.89673586442288,44.6463016369574,16.4526056156981,61.0989072526555,36.8509932793155,29.6976978912874,26.6168237155238
2010,22,PI,Piauí,3181697,0.543752705807266,75.2623141571005,22.3243998288918,1.82625534527789,43.5766529714185,16.8386009368699,60.4152539082884,38.6413361024175,30.0726455096133,27.1383797239194
2011,22,PI,Piauí,3196841,0.475972413463643,75.3590894424908,22.4640390388755,1.84739564905543,42.5477431293181,17.2462088911238,59.7939520204418,40.5337806959731,30.450663013894,27.6690044622782
2012,22,PI,Piauí,3211704,0.4649277208344179,75.4804520621686,22.5462191798377,1.7603162874429,41.5006789505506,17.6663428848956,59.1670218354462,42.5688044909954,30.8322314260592,28.2030463066592
2013,22,PI,Piauí,3225625,0.433445921541953,75.6252457896956,22.7861970273223,1.69810538968927,40.3725411205219,18.0974512154381,58.4699923359601,44.8261385415716,31.2280361170316,28.7501922875223
2014,22,PI,Piauí,3239971,0.444751017244727,75.6641970039599,22.8087781287861,1.75080318523146,39.2723907404927,18.5421025072758,57.8144932477685,47.2140915224639,31.6198898076557,29.2938132515251
2015,22,PI,Piauí,3255812,0.488924129259183,75.9779084691817,22.9111313521068,1.79957585226388,38.2968762682189,19.001493841046,57.2983701092649,49.6163021442421,31.9923349382581,29.8190865470055
2016,22,PI,Piauí,3271094,0.4693759959113029,76.1192929103705,23.0082181929523,1.70693664938182,37.3576367679507,19.4777641505001,56.8354009184508,52.1386410802361,32.3669503230418,30.3444281314904
2017,22,PI,Piauí,3285746,0.447923538730466,76.2888167146557,23.0728971038978,1.76561879062612,36.4583779666262,19.9721964340975,56.4305744007237,54.7808145836326,32.7426983096076,30.8687714581555
2018,22,PI,Piauí,3302227,0.501590810732178,76.4125487349204,23.0612162622669,1.81734406563089,35.6986810235677,20.4873406735402,56.1860216971079,57.3896292135129,33.0954919210581,31.3667184927748
2019,22,PI,Piauí,3320228,0.545116977118765,76.7122037520261,23.1585556535203,1.77011492707793,34.9958013421608,21.0254781230425,56.0212794652033,60.0800019335815,33.4382949002297,31.8474554186367
2020,22,PI,Piauí,3335863,0.470901395928225,75.2943907818012,22.1038842698482,1.6868680266256,34.2713499291793,21.5652410334222,55.8365909626014,62.9249827566935,33.7819244974988,32.3210235778443
2021,22,PI,Piauí,3347856,0.359517162425438,74.0742162695404,21.3964453172237,1.71621798420573,33.5854427833999,22.0910653743907,55.6765081577906,65.7757157375025,34.1089225462505,32.7751817040222
2022,22,PI,Piauí,3357043,0.274414431206127,75.4788023945271,22.4201153040041,1.6038821164044,32.9389159044869,22.6821930381654,55.6211089426522,68.8613830034269,34.4507189809603,33.24276013772
2023,22,PI,Piauí,3365881,0.263267405273027,76.7605735432839,23.5883461749647,1.6115566484184,32.3247003343448,23.4135742318537,55.7382745661985,72.4324556443821,34.8308790477144,33.7442712483722
2024,22,PI,Piauí,3375646,0.290117208540641,76.9619778652316,23.6818650002718,1.58725157810359,31.7793725397033,24.2397085243142,56.0190810640175,76.2749752029576,35.2218333912975,34.247915649712
2025,22,PI,Piauí,3384547,0.263682862480241,77.1606195082454,23.773971565291,1.56536170884255,31.3130076021605,25.1090826153207,56.4220902174812,80.1873870895373,35.61516711099,34.750612769322
2026,22,PI,Piauí,3392617,0.238436635685657,77.3570763555169,23.8648681695704,1.54594399139807,30.8402803939197,25.9795644325906,56.8198448265103,84.2390668980836,36.0099395245617,35.2514339585194
2027,22,PI,Piauí,3399915,0.215114172923148,77.5513949477327,23.9545474630999,1.52878867336697,30.3767915702562,26.8354058118178,57.212197382074,88.3418044652684,36.4054304298784,35.7504607187212
2028,22,PI,Piauí,3406484,0.193210712620751,77.743686916128,24.0430739302823,1.51369643619576,29.9907055797996,27.6850598675453,57.6757654473449,92.3121324834473,36.8011979507316,36.2471349873336
2029,22,PI,Piauí,3412351,0.172230370082471,77.9338225604401,24.1303688556148,1.50047950756847,29.5723491125604,28.5156957590712,58.0880448716315,96.4268873282022,37.1967171606907,36.7405522369865
2030,22,PI,Piauí,3417554,0.152475522008144,78.1217669236815,24.2164054710499,1.48896231044772,29.0395524206964,29.3199845419439,58.3595369626402,100.965690232359,37.5912374756917,37.2299773732597
2031,22,PI,Piauí,3421999,0.130063782459611,78.3075948494254,24.3013031307001,1.47898173509776,28.5244521269493,30.1435431102275,58.6679952371767,105.676151030254,37.9844345366553,37.7153495941659
2032,22,PI,Piauí,3425597,0.105143221841963,78.4913200160917,24.3851381212653,1.4703871121305,28.0269126994591,31.0016916766168,59.0286043760759,110.614008788828,38.3763025831702,38.1975802285454
2033,22,PI,Piauí,3428371,0.0809785856304757,78.672965138941,24.4679383513921,1.46303995520278,27.4317495940172,31.8654762485567,59.2972258425739,116.162755639569,38.7663467576875,38.6772468643575
2034,22,PI,Piauí,3430332,0.0571991771018965,78.8524516592184,24.5496375751715,1.45681353228758,26.8303269654751,32.7576316833784,59.5879586488535,122.091809486818,39.1541524260626,39.1541777740753
2035,22,PI,Piauí,3431500,0.0340491824114997,79.0297594074606,24.630215997484,1.45159231502572,26.3324335934603,33.7223810410023,60.0548146344626,128.064050446812,39.5390534751566,39.6303801673484
2036,22,PI,Piauí,3431896,0.0115401427946971,79.2049512283677,24.7097816552617,1.44727134691196,25.8852590932007,34.7660537982876,60.6513128914883,134.308309115668,39.9206202635511,40.1042482299042
2037,22,PI,Piauí,3431512,-0.0111891502539652,79.3780285364482,24.7883977782965,1.44375556319421,25.5135176328301,35.9102239696601,61.4237416024902,140.749795800214,40.2985951965198,40.5791757049892
2038,22,PI,Piauí,3430344,-0.0340374738599158,79.5489957481552,24.8660961526368,1.44095908846365,25.2319507343173,37.1664184382726,62.3983691725899,147.299029035133,40.6726342897389,41.0514069039824
2039,22,PI,Piauí,3428417,-0.0561751241274888,79.7178090011771,24.9427864003538,1.43880453199709,24.9716037785333,38.5113322620177,63.482936040551,154.220500227237,41.0422352356787,41.5250010267362
2040,22,PI,Piauí,3425745,-0.0779368437386685,79.8844552386628,25.0184196467058,1.43722229593956,24.7556373716769,39.9434039277828,64.6990412994597,161.350739341021,41.4072527289684,41.9948254745866
2041,22,PI,Piauí,3422293,-0.10076640263651,80.0489347576482,25.0929952124804,1.43614990730611,24.5772327867198,41.4439697306486,66.0212025173684,168.627485812978,41.7675675343987,42.4648185669552
2042,22,PI,Piauí,3418013,-0.125062348548177,80.2112908039018,25.1665687645542,1.43553138144522,24.4298212743613,42.9959897311254,67.4258110054866,175.997970874429,42.1233804552528,42.931015079901
2043,22,PI,Piauí,3412909,-0.149326523919013,80.3715330616598,25.2391289291329,1.43531662194015,24.3103197408261,44.5975747485615,68.9078944893877,183.451206006417,42.4745098682678,43.3943126115225
2044,22,PI,Piauí,3406996,-0.173253960184694,80.529667828606,25.3106951641153,1.43546085983101,24.2168073096317,46.2456683868037,70.4624756964353,190.965174704968,42.8206822080214,43.8528119779744
2045,22,PI,Piauí,3400260,-0.197710827955189,80.6856830563628,25.3812227178478,1.43592413342716,24.1427085188724,47.9157221043768,72.0584306232492,198.468709784244,43.1615073553199,44.3053488756614
2046,22,PI,Piauí,3392697,-0.222424167563662,80.8395734724516,25.4507499337083,1.43667080876217,24.0799243281203,49.5752158214832,73.6551401496035,205.877789090847,43.4968704838658,44.7520233859726
2047,22,PI,Piauí,3384313,-0.24711903243938,80.9914084678477,25.5193337790675,1.43766913984886,24.0225633007241,51.1983452889143,75.2209085896384,213.126070885912,43.8267426801244,45.1926742294699
2048,22,PI,Piauí,3375106,-0.272049305132238,81.141206330267,25.5869796293208,1.43889086725631,23.9675670693902,52.7706444693936,76.7382115387838,220.175223945816,44.1509591106176,45.6264472882389
2049,22,PI,Piauí,3365093,-0.296672163777967,81.2889600191298,25.6536659314403,1.44031085309967,23.914084204216,54.2921357358999,78.2062199401159,227.029959718584,44.4692417118933,46.0541642092847
2050,22,PI,Piauí,3354276,-0.321447282437659,81.4346236901963,25.7192737165839,1.44190675026294,23.8613007738239,55.7662998366669,79.6276006104908,233.710225461988,44.7812994518042,46.4735254762866
2051,22,PI,Piauí,3342637,-0.346989931657382,81.5782337844508,25.7838147790993,1.44365870352707,23.8101323883239,57.2043519676294,81.0144843559533,240.25213734503,45.087071375085,46.8867040997835
2052,22,PI,Piauí,3330186,-0.372490342205867,81.7198095772725,25.8472773832185,1.44554908022056,23.7618703381198,58.6161403739362,82.378010712056,246.681509240885,45.3864117499743,47.2914268533631
2053,22,PI,Piauí,3316936,-0.39787567421159,81.8593798038098,25.9096864473581,1.44756222802339,23.715866424963,59.9952811300032,83.7111475549662,252.975286902666,45.6790676696807,47.6886731111015
2054,22,PI,Piauí,3302889,-0.423493247985485,81.9969276219355,25.9709852611834,1.44968425761811,23.6700182047332,61.3398683657751,85.0098865705083,259.14584363737,45.9652080345419,48.078811369509
2055,22,PI,Piauí,3288048,-0.449333901320936,82.1324723378252,26.0311613065476,1.45190284797857,23.6266419784424,62.6709402677932,86.2975822462356,265.255385530352,46.2447592005956,48.4547848213298
2056,22,PI,Piauí,3272404,-0.475783808508878,82.2661028048242,26.0902464072589,1.45420707220665,23.5908346634377,64.022912194764,87.6137468582017,271.388923317707,46.517557734314,48.8200749403883
2057,22,PI,Piauí,3255978,-0.501955137568588,82.3978320930247,26.1482364555077,1.45658724195966,23.5671943354687,65.4194969878591,88.9866913233279,277.58712410413,46.7835363138203,49.1690512476401
2058,22,PI,Piauí,3238784,-0.528074821144364,82.5277005684611,26.2052015895849,1.45903476865082,23.5568312905763,66.8695900649457,90.426421355522,283.8649614632,47.0427725343833,49.502780168904
2059,22,PI,Piauí,3220816,-0.554776113504329,82.6556954562395,26.2611492140513,1.46154203974582,23.5559069869433,68.3631308484724,91.9190378354157,290.21650869298,47.2955350445353,49.8224904823864
2060,22,PI,Piauí,3202092,-0.581343361433873,82.7818284224462,26.3161627574866,1.46410230861716,23.5608495749286,69.8759007810343,93.4367503559629,296.576320640789,47.5416274735392,50.1202326928647
2061,22,PI,Piauí,3182626,-0.607915075519383,82.9061056061202,26.370339539466,1.46670959655214,23.5690829671854,71.3806180196835,94.9497009868689,302.857001772469,47.7806358648487,50.4085738643283
2062,22,PI,Piauí,3162435,-0.634413217261465,83.0285117950527,26.4236589382122,1.4693586056378,23.5816155760445,72.8729358647346,96.4545514407791,309.024356833138,48.0120381920893,50.6865817462281
2063,22,PI,Piauí,3141533,-0.660946390993011,83.1490885725923,26.4761370364793,1.47204464136606,23.5974128669857,74.3461755356518,97.9435884026375,315.060705827065,48.2353055021227,50.9515987735436
2064,22,PI,Piauí,3119925,-0.687817062561491,83.2678366607698,26.5277625400757,1.47476354391441,23.6159455952754,75.7950746850572,99.4110202803326,320.948718226302,48.4501576159683,51.1835841701732
2065,22,PI,Piauí,3097637,-0.714376146862505,83.3847468845968,26.5784967147844,1.47751162716091,23.6370898560723,77.216931553144,100.854021409216,326.676981063755,48.6562040678104,51.4111323335828
2066,22,PI,Piauí,3074698,-0.740532218591139,83.4998589094242,26.6284012709467,1.48028562458747,23.6619627506692,78.610021439647,102.271984190316,332.221051431685,48.8529946680942,51.6458364553674
2067,22,PI,Piauí,3051141,-0.766156546106311,83.61314762277,26.6773986244918,1.48308264131268,23.684653062314,79.9229249803142,103.607578042628,337.446044787053,49.0401754622287,51.8880081917476
2068,22,PI,Piauí,3026994,-0.791408853278164,83.7246580239584,26.7255540414141,1.48590011157444,23.7003090176729,81.1156843892283,104.815993406901,342.255809106715,49.2173112995929,52.1181521161006
2069,22,PI,Piauí,3002304,-0.815660685154973,83.8344051096156,26.7728371756211,1.48873576105488,23.7131361959723,82.2059228999686,105.919059095941,346.668286390272,49.384162629767,52.3372926479623
2070,22,PI,Piauí,2977122,-0.838755835518323,83.9424163645009,26.8192685841943,1.49158757350511,23.715411449768,83.1278533578172,106.843264807585,350.52250109129,49.5406829145732,52.5657979487688
2000,23,CE,Ceará,7711598,,71.4600424539917,21.0437344937809,2.58948695275475,57.9816110306753,15.9309951332603,73.9126061639356,27.4759442693511,27.3074758305607,23.249835899272
2001,23,CE,Ceará,7815114,1.3423417558851,71.792383853083,21.0504669692749,2.4210259797484,56.2846697104431,15.9301569434837,72.2148266539268,28.3028345470206,27.5546356713415,23.5714625514463
2002,23,CE,Ceará,7911267,1.23034673582496,71.5389586727849,20.8783135672825,2.29729930794955,54.5466317447841,15.9101407906893,70.4567725354735,29.1679619470009,27.8188147359961,23.9161688152884
2003,23,CE,Ceará,8000590,1.12906061696565,71.5978887394829,20.8881040988351,2.15209192986443,52.8048288329927,15.8886814580286,68.6935102910212,30.0894478955327,28.0971352112782,24.2898240976392
2004,23,CE,Ceará,8085167,1.05713453632794,72.4160826815994,21.1958745414419,2.06120810824839,51.0900945744151,15.9005016843292,66.9905962587444,31.1224745555509,28.3902211296316,24.682747647562
2005,23,CE,Ceará,8166770,1.00929269611871,73.3336317629207,21.5502070327696,2.08259644766737,49.4198204357513,15.9679089760658,65.3877294118171,32.3107385564564,28.6971380362126,25.0928677103045
2006,23,CE,Ceará,8248964,1.00644440825444,74.0935986895774,22.0021667465759,1.99757832058236,47.8496791715401,16.0965754779137,63.9462546494538,33.6398817225248,29.0068591643751,25.5138816874853
2007,23,CE,Ceará,8327037,0.946458246150672,74.5541536008409,22.1404921701598,1.93423743877773,46.2861955280826,16.2732681354413,62.5594636635239,35.1579298099106,29.3320834289556,25.9490616355864
2008,23,CE,Ceará,8402114,0.901605216837642,74.9260476639884,22.3149684306487,1.88624182673086,44.7548512957578,16.4806464377264,61.2354977334841,36.8242681197078,29.6649332537026,26.4000359271876
2009,23,CE,Ceará,8474592,0.8626162415791951,75.1014715374537,22.471297645379,1.81478850291636,43.2524247563447,16.7072578004154,59.9596825567601,38.6273322120852,30.0062558763891,26.8591820305904
2010,23,CE,Ceará,8537726,0.744979817317448,75.2638032176583,22.4415140407911,1.77231840698231,41.815424108878,16.957399984602,58.77282409348,40.5529785862,30.3583031359873,27.3363175820339
2011,23,CE,Ceará,8591799,0.633341946087285,75.3253248129441,22.6455580205432,1.75341582436219,40.4836313157032,17.2388953731073,57.7225266888105,42.5823840719064,30.7159962657413,27.8219729043184
2012,23,CE,Ceará,8645927,0.629996116063691,75.2203990646094,22.6788534448774,1.71569599645123,39.2222688183565,17.5352313008535,56.75750011921,44.7073354732778,31.0736411491793,28.3116797469683
2013,23,CE,Ceará,8701148,0.638693803452184,75.2073052113186,22.8100675663877,1.68921459843529,38.0199705371524,17.8412875379033,55.8612580750557,46.9260951174834,31.4314507694847,28.8022404080093
2014,23,CE,Ceará,8757083,0.642846208339409,75.2857054664956,22.7179527268916,1.70439270335327,36.9226393639198,18.160312493525,55.0829518574447,49.184762536968,31.783000343836,29.2902709810797
2015,23,CE,Ceará,8816218,0.675281940344741,75.7150854554031,22.8101336108128,1.78670912342213,36.0151537669898,18.4987633583933,54.5139171253831,51.3638327857109,32.115208698333,29.762569213732
2016,23,CE,Ceará,8873158,0.64585517281901,75.5806814513155,22.6649021288424,1.68287617054635,35.2519617480834,18.8595982367714,54.1115599848548,53.4994289723374,32.4459464150193,30.2352070424565
2017,23,CE,Ceará,8924184,0.575060198409627,75.7044300208639,22.803608780281,1.69861728509248,34.5711427425946,19.2497027582039,53.8208455007986,55.6814187530071,32.787084511032,30.7183507207083
2018,23,CE,Ceará,8976628,0.587661572195275,75.9230141285957,22.8095866352127,1.76237825583478,34.0603714472989,19.6853161046076,53.7456875519065,57.79536531205,33.1154859040611,31.1900026343519
2019,23,CE,Ceará,9035631,0.657295813082603,76.7825504569481,22.9958204479966,1.72306654318008,33.6369295252063,20.1634272122343,53.8003567374405,59.9443156579573,33.4323935981892,31.6440359768249
2020,23,CE,Ceará,9088929,0.589864725551537,74.1864397432826,21.3550573691174,1.63372843333961,33.1959705487239,20.6398938153573,53.8358643640812,62.1759010933654,33.7415614094906,32.0862092940101
2021,23,CE,Ceará,9129520,0.446598273569965,73.5425740140316,21.062602988859,1.61209412447291,32.6974458642605,21.1123950799154,53.8098409441759,64.5689426861076,34.0400484362814,32.5170783148512
2022,23,CE,Ceará,9162955,0.366229549855857,75.8839603560755,22.3474611038041,1.51782540223514,32.2122717127373,21.6973681204757,53.9096398332131,67.357460268461,34.3695623300562,32.9793673129385
2023,23,CE,Ceará,9196672,0.367970812909157,77.0677730406745,23.453158911214,1.51339610331113,31.701572448397,22.4026266176952,54.1041990660922,70.6672410466754,34.7418531399184,33.4828553906865
2024,23,CE,Ceará,9233656,0.402145471753257,77.2607265568293,23.5481511969908,1.49510104986329,31.2288698904542,23.1975760466528,54.4264459371069,74.2824704448996,35.1256986398454,33.9894487539418
2025,23,CE,Ceará,9268836,0.38099751604348,77.4512516547966,23.6419295146915,1.4756118609302,30.7894240571314,24.0328946038732,54.8223186610046,78.055680935372,35.5112431593352,34.4983344792828
2026,23,CE,Ceará,9302211,0.360077576083984,77.6398254624734,23.7346828752135,1.45966078174339,30.3376079114903,24.8775843444117,55.215192255902,82.0024585227413,35.8979790933575,35.0064926367673
2027,23,CE,Ceará,9333972,0.341434955625064,77.8265321103116,23.8264748573428,1.44672596274139,29.8746450315079,25.7142709502254,55.5889159817333,86.0738961855623,36.2849025045286,35.516433522117
2028,23,CE,Ceará,9364259,0.324481367632123,78.0114415847409,23.9173694349989,1.43635053946752,29.4157147641746,26.5414458347816,55.9571605989562,90.2287979318673,36.671373997665,36.0242989591416
2029,23,CE,Ceará,9393177,0.308812475178222,78.1944571264958,24.0072519361137,1.42813829685483,28.9239233443541,27.3564736432994,56.2803969876535,94.5807846245705,37.0567986741866,36.5323607444738
2030,23,CE,Ceará,9420821,0.294298723424458,78.3755085493628,24.0960493873609,1.42174829662168,28.3214876145611,28.143992830453,56.4654804450142,99.3732858014957,37.4403853974086,37.0372299202288
2031,23,CE,Ceará,9446663,0.274307302941001,78.5546067911961,24.183821739135,1.41688907147125,27.7155121880684,28.9318233939344,56.6473355820028,104.388557561601,37.8223530361991,37.5413552649139
2032,23,CE,Ceará,9470145,0.248574549552583,78.7317682783087,24.2705796927492,1.4133128002873,27.1711684962124,29.7417504751638,56.9129189713762,109.460697206709,38.2031132575056,38.0445969526586
2033,23,CE,Ceará,9491310,0.223491826154731,78.9070210930985,24.3563475037446,1.41080973184587,26.55587340192,30.5407266792161,57.0966000811361,115.005544035347,38.5822879033558,38.5467532467532
2034,23,CE,Ceará,9510236,0.199403454317681,79.0802462562527,24.4409852617204,1.40920301573842,25.9158128637526,31.341827460405,57.2576403241577,120.937080481244,38.9594536875846,39.0472559748934
2035,23,CE,Ceará,9526972,0.175978808517474,79.2514291503999,24.5244468102192,1.40834402158406,25.3799625111043,32.1933451834807,57.5733076945851,126.845519056206,39.3339858666531,39.5443235779477
2036,23,CE,Ceará,9541491,0.152398894423111,79.4205957684351,24.6067878257986,1.40810817446445,24.93810603985,33.1137242091935,58.0518302490435,132.783637042361,39.7054006548872,40.0387348178138
2037,23,CE,Ceará,9553784,0.128837306454521,79.5877982708634,24.6880476317721,1.40839129981971,24.5959520530046,34.1206768717863,58.716628924791,138.724765759243,40.0734110170379,40.5277974119182
2038,23,CE,Ceará,9563890,0.1057800762504169,79.7530765405491,24.7683037378491,1.40910644978616,24.3379048454158,35.2177432459171,59.5556480913328,144.703266240893,40.4377342273907,41.0136188757618
2039,23,CE,Ceará,9571876,0.0835015877430623,79.9163374299063,24.8474509215699,1.41018117117663,24.1106422450928,36.3890259193889,60.4996681644818,150.925162214603,40.7978859107661,41.4927423784675
2040,23,CE,Ceará,9577740,0.0612628078341171,80.0775451651237,24.9254370916614,1.41155516998611,23.9267145266181,37.6337679683564,61.5604824949745,157.287654042469,41.1533774147137,41.9675978893211
2041,23,CE,Ceará,9581440,0.0386312428610536,80.2366966644172,25.002269395888,1.41317832622783,23.7817822516657,38.9411724345945,62.7229546862602,163.743709460072,41.504158247612,42.4345642479056
2042,23,CE,Ceará,9582905,0.0152899772894344,80.3938054357171,25.0779636639188,1.41500901447277,23.6690734020351,40.301230619341,63.9703040213761,170.269574709569,41.8501770600877,42.8962367903445
2043,23,CE,Ceará,9582138,-0.0080038359975387,80.5488878235288,25.1525442499629,1.41701268856397,23.5852410722957,41.7132104543986,65.2984515266943,176.861497096999,42.1912897727,43.3481288445377
2044,23,CE,Ceará,9579145,-0.0312352003279392,80.7018995170212,25.2259675423486,1.41916069285115,23.5283368765741,43.1770513554114,66.7053882319855,183.510851540044,42.5270861856669,43.7899517982944
2045,23,CE,Ceará,9573883,-0.0549318336866222,80.8528393758376,25.2982548468099,1.4214292664421,23.4939891311279,44.6821591804764,68.1761483116043,190.185493536624,42.8572484121646,44.2173933625128
2046,23,CE,Ceará,9566275,-0.0794661894238713,81.001747748389,25.3694978133721,1.42379871108078,23.4768111011264,46.2137528776145,69.6905639787409,196.848510125795,43.1817323879985,44.6305817610063
2047,23,CE,Ceará,9556257,-0.104722057436146,81.1486692021151,25.4397615280528,1.42625269715216,23.4726452455877,47.760111438062,71.2327566836497,203.471363957327,43.5005400126849,45.0332610620133
2048,23,CE,Ceará,9543843,-0.129904417597815,81.2936411452594,25.5090943685733,1.42877768587872,23.4784697848445,49.312247594487,72.7907173793315,210.031778247824,43.8137058625126,45.4187404949537
2049,23,CE,Ceará,9529006,-0.155461484435571,81.436603221225,25.5774016670832,1.43136244896957,23.4923013077201,50.8692638576095,74.3615651653296,216.535890593625,44.121056278063,45.7954602281606
2050,23,CE,Ceará,9511690,-0.181718848744561,81.5775537000621,25.6446465605431,1.43399766980234,23.513187693989,52.4366198407632,75.9498075347522,223.009404438039,44.4223893966267,46.1607191799594
2051,23,CE,Ceará,9491856,-0.2085223551230089,81.7165269388226,25.7108349405047,1.43667561267495,23.5410993704649,54.0250624259662,77.5661617964311,229.492521040657,44.7176549033192,46.5165466942247
2052,23,CE,Ceará,9469470,-0.2358442858804379,81.8535777809723,25.7759859028973,1.43938984878382,23.5772377726669,55.6419737852156,79.2192115578825,235.998696377068,45.0067074503642,46.8678623060993
2053,23,CE,Ceará,9444569,-0.262960862645956,81.9887752440865,25.8401896948971,1.44213502940197,23.6203040189738,57.287228571248,80.9075325902218,242.533832440217,45.2896566269991,47.222204386535
2054,23,CE,Ceará,9417134,-0.290484404317448,82.1220546318892,25.9033742073358,1.44490669827595,23.666068744849,58.9515489407088,82.6176176855578,249.097345132743,45.5667353783009,47.5654452764059
2055,23,CE,Ceará,9387137,-0.318536403963243,82.2534289098782,25.9655144971798,1.44770113657124,23.7109764136799,60.6251942845821,84.336170698262,255.684090047024,45.8381030339708,47.9000756545324
2056,23,CE,Ceará,9354597,-0.346644562660581,82.3829413307539,26.0265960299234,1.45051523480083,23.7534260361043,62.2951165274905,86.0485425635949,262.257395766001,46.1037478151117,48.2255490872734
2057,23,CE,Ceará,9319600,-0.374115528440189,82.5106165987392,26.0866058069967,1.45334638710213,23.7922587559377,63.9492270439922,87.7414857999299,268.781655831785,46.3636274089017,48.5404473492387
2058,23,CE,Ceará,9282199,-0.401315507103306,82.6364673280736,26.1455570220105,1.45619240400667,23.826977422602,65.5821143861916,89.4090918087936,275.243112976559,46.6176850981109,48.8452831920433
2059,23,CE,Ceará,9242377,-0.429014719464649,82.7604911858826,26.2034643188158,1.45905144050044,23.854447606496,67.1855389331962,91.0399865396922,281.64785050357,46.8661683028078,49.136860536059
2060,23,CE,Ceará,9200158,-0.456798072617037,82.8826901198305,26.2603693668845,1.46192193671725,23.8705763244962,68.7349634181369,92.6055397426332,287.948487224418,47.1090853004916,49.4225809974212
2061,23,CE,Ceará,9155613,-0.484176467404152,83.003085295552,26.3163247820531,1.46480256906253,23.8680812115055,70.160580550835,94.0286617623404,293.951490817848,47.3460055596496,49.7023999661977
2062,23,CE,Ceará,9108837,-0.510899707097712,83.1216983021258,26.3713295380292,1.46769220994295,23.8503125350451,71.4658537960823,95.3161663311274,299.643259144182,47.5762713725144,49.9755925568196
2063,23,CE,Ceará,9059905,-0.537192618552729,83.2385415679023,26.4253988133813,1.47058989459241,23.8215780854503,72.667668786792,96.4892468722423,305.049768433166,47.7994005455907,50.2371844277738
2064,23,CE,Ceará,9008836,-0.563681407255379,83.353627728308,26.4785328932271,1.47349479374582,23.7867742204326,73.7936169559477,97.5803911763803,310.229610253583,48.015089407777,50.4965524303659
2065,23,CE,Ceará,8955680,-0.590042931184454,83.4669570044748,26.5307285175812,1.47640619112932,23.7507083158218,74.8700302843133,98.6207386001351,315.232831327551,48.2229572740428,50.7608205906867
2066,23,CE,Ceará,8900516,-0.615966626766473,83.5785489229379,26.5820661472939,1.47932346491525,23.7317321675434,76.0141340059965,99.7458661735399,320.305881885676,48.4224517994238,51.0373966258683
2067,23,CE,Ceará,8843427,-0.641412250705464,83.688428372239,26.6325471128443,1.48224607243913,23.7117126199237,77.080952114976,100.7926647349,325.075431498815,48.6129986712165,51.3077902895219
2068,23,CE,Ceará,8784477,-0.666596784255691,83.7966021023345,26.6821693552668,1.48517353759911,23.6963912293087,78.1023084986317,101.79869972794,329.595792637115,48.7940840416567,51.5622811427013
2069,23,CE,Ceará,8723744,-0.691367283447841,83.9030907116592,26.7309434654943,1.48810544046046,23.6844912366811,79.0521620648697,102.736653301551,333.771839449262,48.9652973539801,51.8086413586414
2070,23,CE,Ceará,8661295,-0.715850900714188,84.0079348159369,26.7788946334024,1.49104140867174,23.6764646425707,79.9169387891342,103.593403431705,337.537465984014,49.1263718647154,52.0638257939123
2000,24,RN,Rio Grande do Norte,2846263,,70.7854431848117,20.7075884873008,2.48110618695136,53.8755216618266,15.8871486741425,69.762670335969,29.4886215188136,27.8613845593327,24.0684296058586
2001,24,RN,Rio Grande do Norte,2886371,1.40914595734829,71.0627273603769,20.7499007528218,2.25774399201918,52.2472106362614,15.7999319979786,68.04714263424,30.2407187016657,28.0891804968938,24.3812976039353
2002,24,RN,Rio Grande do Norte,2925058,1.3403335884403,71.6478090629242,20.9175744751621,2.19833076974304,50.6398327448768,15.7199796163506,66.3598123612274,31.0427163050632,28.3363738428435,24.720438123638
2003,24,RN,Rio Grande do Norte,2962562,1.28216261010892,72.3816759158198,21.0218508728715,2.09365542597671,49.0858373609654,15.6654170858351,64.7512544468005,31.9143319704123,28.6000691293549,25.0845648132176
2004,24,RN,Rio Grande do Norte,2999247,1.23828632109639,73.0571417487992,21.4189216337062,2.04460150658046,47.6021776561074,15.6647093310311,63.2668869871384,32.9075477264878,28.8789769565494,25.4766191385608
2005,24,RN,Rio Grande do Norte,3035448,1.20700295774239,73.8181969713646,21.7884927406983,2.0680827075516,46.1879989715172,15.7365867814357,61.9245857529529,34.0707264480974,29.1734999248875,25.8841983935454
2006,24,RN,Rio Grande do Norte,3072555,1.22245546621125,74.8114759104298,22.2455338121906,1.9477769423248,44.8961992488816,15.8849450318862,60.7811442807678,35.3814917468362,29.4706945847999,26.3032936293088
2007,24,RN,Rio Grande do Norte,3107299,1.13078529106883,74.96609468188,22.4465723632773,1.84501943566571,43.5519785447857,16.0930547991656,59.6450333439513,36.9513747409126,29.7970777836314,26.7515065548351
2008,24,RN,Rio Grande do Norte,3141098,1.08772924652567,74.9894489783123,22.4340589569512,1.87603408394277,42.2609914425311,16.3315424700181,58.5925339125491,38.6444849317523,30.1276610917584,27.2087981923457
2009,24,RN,Rio Grande do Norte,3174404,1.06032985917663,75.3939908766057,22.6104069140634,1.81794922374874,41.0611799374579,16.5805144106595,57.6416943481174,40.3800242367949,30.4550807017632,27.6675560021483
2010,24,RN,Rio Grande do Norte,3202809,0.894813640607817,75.4206125964064,22.4271430996636,1.73790964874922,39.8952459903673,16.8398212046858,56.7350671950531,42.2100949289842,30.7984925107929,28.1453620794575
2011,24,RN,Rio Grande do Norte,3227267,0.763642165361711,75.551852384145,22.6025345512356,1.77089171793035,38.8051142443735,17.1086595761641,55.9137738205377,44.0886720972475,31.1472199232354,28.635491503918
2012,24,RN,Rio Grande do Norte,3251725,0.757854866052288,75.3519818631244,22.6146593545558,1.72963112017815,37.7720373385144,17.378469472081,55.1505068105954,46.0088221250407,31.4922701027916,29.1217741101885
2013,24,RN,Rio Grande do Norte,3275502,0.731211895224848,75.5150667856581,22.7912638085275,1.70083299620431,36.757359929399,17.6588805666184,54.4162404960174,48.0417543603141,31.8418712612601,29.6156948154702
2014,24,RN,Rio Grande do Norte,3298890,0.714027956630781,75.5474244518209,22.7674241099659,1.7315016852753,35.8248888573943,17.9700903313392,53.7949791887336,50.160910206509,32.1874391083061,30.1066755491784
2015,24,RN,Rio Grande do Norte,3322012,0.700902424755001,75.4865353749713,22.7244214804106,1.77656942221684,35.0454032787127,18.3230818736372,53.3684851523499,52.2838379912923,32.5190694675396,30.5894489955471
2016,24,RN,Rio Grande do Norte,3342283,0.61020249174295,75.5749988233343,22.7202832584234,1.63831957052907,34.3385207770999,18.7240280526798,53.0625488297797,54.5277654044048,32.8612978015327,31.0824825867249
2017,24,RN,Rio Grande do Norte,3359217,0.506659669453491,75.5890917976859,22.7718781688104,1.66267106151849,33.6761958325029,19.1770935998697,52.8532894323726,56.9455460327283,33.2195288366307,31.5905481425582
2018,24,RN,Rio Grande do Norte,3375511,0.48505351098187,75.9056527152898,22.8332147288935,1.73240108344889,33.1784428707815,19.6971302692195,52.8755731400011,59.3672534480688,33.5651096974651,32.0886568245318
2019,24,RN,Rio Grande do Norte,3392434,0.50134631467651,76.24416841571,22.6975779667385,1.66638421100498,32.7480582042562,20.2696863357119,53.0177445399681,61.8958419130864,33.9008853230453,32.5695690106439
2020,24,RN,Rio Grande do Norte,3407618,0.447584241874721,75.1038887596349,21.945657797791,1.5890066930255,32.2756168976358,20.8726565080706,53.1482734057064,64.6700466617559,34.2381998216936,33.043664143538
2021,24,RN,Rio Grande do Norte,3419382,0.345226489588923,74.1014887018464,21.4400103316376,1.59632458599202,31.7453651894999,21.4993718967374,53.2447370862373,67.7244434530826,34.5667965731819,33.5004622715312
2022,24,RN,Rio Grande do Norte,3427955,0.250717819769775,75.9569458303041,22.3100586129968,1.48616328917953,31.301722435192,22.2315830396321,53.5333054748241,71.0235134365561,34.9168075426894,33.9811152215104
2023,24,RN,Rio Grande do Norte,3436278,0.2427978196913429,77.6544042911369,23.5131902868912,1.47684744104139,30.7945047967955,23.0664387297022,53.8609435264977,74.9043989566037,35.3080391051015,34.4965275888955
2024,24,RN,Rio Grande do Norte,3446071,0.284988583577928,77.83391943229,23.6055352473476,1.46555963710047,30.2545343220079,23.9847428898546,54.2392772118625,79.2765230975889,35.7112024099329,35.0158141990932
2025,24,RN,Rio Grande do Norte,3455236,0.265955054321276,78.0117386248559,23.6973126753439,1.4489378252717,29.7810541928041,24.9496655716092,54.7307197644134,83.7769724674075,36.1146708936814,35.529955955255
2026,24,RN,Rio Grande do Norte,3463737,0.246032398365847,78.1879119650809,23.7883127380441,1.43578530310831,29.2990790528553,25.9205550329889,55.2196340858442,88.4688388540419,36.5183000325949,36.0424691495069
2027,24,RN,Rio Grande do Norte,3471617,0.227499951641819,78.3624147600712,23.8784343468525,1.42551514563846,28.7825745422459,26.8711670745257,55.6537416167716,93.3591504647551,36.9209397234776,36.5506731558141
2028,24,RN,Rio Grande do Norte,3478949,0.211198412728142,78.53510431519,23.9674745945566,1.41762886819144,28.2834550566083,27.8054006907672,56.0888557473755,98.3097738063323,37.3220564601551,37.0558195663156
2029,24,RN,Rio Grande do Norte,3485788,0.19658235863762,78.7058841418318,24.055303057495,1.41170677481747,27.7511467740625,28.7186160516498,56.4697628257123,103.486231705897,37.7207581183939,37.5564934576628
2030,24,RN,Rio Grande do Norte,3492168,0.183028916273731,78.8746713562602,24.1418446843126,1.40739802078995,27.1350116963579,29.6019288667549,56.7369405631128,109.091269972543,38.1161418923717,38.0525650936104
2031,24,RN,Rio Grande do Norte,3497917,0.164625527752382,79.0414560999671,24.2271515064226,1.40441103779051,26.5778624387664,30.496277146787,57.0741395855533,114.74315218934,38.5084551748941,38.5440839224457
2032,24,RN,Rio Grande do Norte,3502871,0.141627145526901,79.2063352476473,24.3113721279951,1.40250469483397,26.1038180791245,31.4180730086665,57.521891087791,120.358151874311,38.8981638204775,39.0332636579572
2033,24,RN,Rio Grande do Norte,3507052,0.11935923418247,79.3693734441064,24.3945876595093,1.40148037716227,25.5532501745542,32.3244227781647,57.8776729527189,126.49828322173,39.2847767868854,39.5175047374768
2034,24,RN,Rio Grande do Norte,3510469,0.0974322593448873,79.5305631269134,24.4767353570792,1.40117503962318,24.9987717086412,33.2353104241594,58.2340821328006,132.947773640699,39.6678201687581,39.9984685916822
2035,24,RN,Rio Grande do Norte,3513147,0.0762861030819462,79.6898337411225,24.5576791561373,1.4014552129441,24.5634268747642,34.2052970405537,58.7687239153179,139.252952020694,40.0467455532034,40.4739947468037
2036,24,RN,Rio Grande do Norte,3515064,0.054566461352179,79.8472156059782,24.6374597408049,1.40221189656681,24.1977193624666,35.2475030153423,59.4452223778089,145.664566512889,40.4211078375813,40.9454732510288
2037,24,RN,Rio Grande do Norte,3516202,0.0323749439554932,80.0027771795394,24.7161290503853,1.40335624942807,23.9258254183627,36.3888949679754,60.3147203863381,152.090447588268,40.790825726167,41.4118345498783
2038,24,RN,Rio Grande do Norte,3516551,0.0099254820968841,80.1565053612359,24.7937416551122,1.4048159822831,23.7561243152815,37.6412866627043,61.3974109779857,158.448769517892,41.1556749781249,41.8738149690182
2039,24,RN,Rio Grande do Norte,3516133,-0.0118866468878154,80.308270167113,24.8701745756223,1.40653235626114,23.618716952932,38.9810890075405,62.5998059604725,165.043211641103,41.5152871066026,42.3306710830622
2040,24,RN,Rio Grande do Norte,3514937,-0.0340146405155894,80.4580419057596,24.9454157803362,1.40845769848772,23.5187869358883,40.4045972122732,63.9233841481614,171.797114036601,41.8693239736587,42.7824406459608
2041,24,RN,Rio Grande do Norte,3512910,-0.0576681744224761,80.6058534411875,25.0195200322599,1.41055335428643,23.4549322889944,41.8997208715586,65.354653160553,178.639274483085,42.2178327938945,43.2291140738403
2042,24,RN,Rio Grande do Norte,3510023,-0.0821825779766638,80.7518074839712,25.0925856053942,1.41278800508236,23.4201181800332,43.4535782763249,66.8736964563581,185.539534609911,42.5609293728275,43.6704022988506
2043,24,RN,Rio Grande do Norte,3506283,-0.106552008348659,80.895971689305,25.1647339101999,1.41513629070102,23.4107931907336,45.0662225562233,68.477015746957,192.501903669207,42.8983479085972,44.1062508692801
2044,24,RN,Rio Grande do Norte,3501664,-0.131734945524931,81.0383833703099,25.2360001734297,1.41757768374223,23.4230670736181,46.7338353654181,70.1569024390362,199.520563291454,43.2299418219452,44.5334685191134
2045,24,RN,Rio Grande do Norte,3496137,-0.157839244427793,81.1790320760682,25.3064013320672,1.42009557183369,23.449012631493,48.4321619552782,71.8811745867713,206.542436205743,43.5553764054441,44.9536995239659
2046,24,RN,Rio Grande do Norte,3489679,-0.184718161788278,81.317919245101,25.3759511456406,1.42267651072999,23.4815819755441,50.1283289280119,73.609910903556,213.479351519928,43.8746185537409,45.3584317517798
2047,24,RN,Rio Grande do Norte,3482269,-0.212340447359194,81.4550509163353,25.4446803675697,1.42530961742043,23.5150815218759,51.7959179152793,75.3109994371552,220.266801401874,44.1873832837153,45.7533540490038
2048,24,RN,Rio Grande do Norte,3473936,-0.2392979979432999,81.5904218479143,25.5125856461473,1.42798607769916,23.5462132392083,53.4188663328686,76.9650795720769,226.868183814446,44.493682382174,46.1365014528151
2049,24,RN,Rio Grande do Norte,3464665,-0.266873079987662,81.7239641938137,25.5795690747906,1.43069874712092,23.5718383147643,54.9971421046582,78.5689804194226,233.317153164972,44.7935820634895,46.5075785146968
2050,24,RN,Rio Grande do Norte,3454421,-0.295670721411734,81.8556786165057,25.6455856741229,1.43344182801225,23.5915127579261,56.5374300807874,80.1289428387135,239.651567328138,45.0869361319885,46.8701890797254
2051,24,RN,Rio Grande do Norte,3443210,-0.324540639371984,81.9855515341343,25.7106214269642,1.43621060832792,23.6071387682897,58.0545394975301,81.6616782658198,245.919423219183,45.3735737872508,47.2227336879818
2052,24,RN,Rio Grande do Norte,3431048,-0.353216910963894,82.1135858918095,25.7746563970371,1.43900125072821,23.6215339472425,59.5607424144058,83.1822763616483,252.145955243345,45.6533583907891,47.5677810353126
2053,24,RN,Rio Grande do Norte,3417963,-0.381370356812261,82.23984973805,25.8377532213582,1.44181062238647,23.6340666869836,61.0532043426294,84.687271029613,258.327122247879,45.9262832862731,47.908271565152
2054,24,RN,Rio Grande do Norte,3403950,-0.409981032562379,82.3643365429313,25.8998913304557,1.44463615779198,23.6408393278945,62.5237152734291,86.1645546013236,264.473331112468,46.1928356761997,48.2556737435942
2055,24,RN,Rio Grande do Norte,3389012,-0.438843108741316,82.4870674727028,25.9610472974002,1.44747574825302,23.6418362918084,63.9761926906179,87.6180289824263,270.605852696751,46.45320819165,48.5831988162497
2056,24,RN,Rio Grande do Norte,3373190,-0.466861728432943,82.6080984993362,26.0212182102066,1.45032765298379,23.6388378397616,65.4170512865781,89.0558891263397,276.735479679731,46.7073328214539,48.8961839618396
2057,24,RN,Rio Grande do Norte,3356519,-0.494220604235163,82.727452614641,26.0803980321717,1.45319042762179,23.6342813817338,66.8523378106279,90.4866191923617,282.861732628333,46.9550623726545,49.2038706914042
2058,24,RN,Rio Grande do Norte,3339043,-0.520658455977752,82.8451498864419,26.1386123229023,1.45606286680735,23.6292126565341,68.2834868691792,91.9126995257133,288.979103373962,47.196325713685,49.5115412170331
2059,24,RN,Rio Grande do Norte,3320768,-0.547312508404352,82.9611959105131,26.1958681077073,1.45894395809708,23.6224410191445,69.7066850791418,93.3291260982863,295.086714462104,47.4314200811379,49.811927980266
2060,24,RN,Rio Grande do Norte,3301724,-0.573481796981901,83.0756237923799,26.2522041241922,1.46183284500274,23.611211853697,71.0956449127549,94.7068567664519,301.109681931141,47.6603177612665,50.0942127757884
2061,24,RN,Rio Grande do Norte,3281939,-0.599232401012317,83.1884209773002,26.3076052186721,1.46472879737023,23.5906531228913,72.3963166663681,95.9869697892593,306.885596974499,47.8825362080161,50.3695803789376
2062,24,RN,Rio Grande do Norte,3261449,-0.624326046279344,83.2995818387983,26.3620688191795,1.46763118765639,23.5632923981169,73.613078472163,97.1763708702799,312.405742068735,48.0975321091944,50.6416925645902
2063,24,RN,Rio Grande do Norte,3240282,-0.649006009292186,83.4091299195054,26.4156352214624,1.47053947193956,23.5336451520713,74.7616532716795,98.2952984237508,317.679869771893,48.3047098987063,50.9093738945879
2064,24,RN,Rio Grande do Norte,3218457,-0.67355248709835,83.5170918775633,26.4683539510951,1.47345317472552,23.5063751656279,75.8639444320208,99.3703195976488,322.737741984789,48.5036854616979,51.1627942705871
2065,24,RN,Rio Grande do Norte,3195999,-0.69778779085754,83.6235145886709,26.5202384469392,1.47637187679267,23.4857829817202,76.9402164676725,100.425999449393,327.603369781445,48.6941867003087,51.4148537929086
2066,24,RN,Rio Grande do Norte,3172931,-0.721777447364658,83.7284074738488,26.5713811893739,1.47929520546847,23.4902186040956,78.118812761945,101.60903136604,332.558900700587,48.875622886221,51.6717393301787
2067,24,RN,Rio Grande do Norte,3149289,-0.745115478401515,83.8317710856313,26.6217345878971,1.48222282684783,23.4822095408659,79.1078620764188,102.590071617285,336.884235441082,49.0475008803574,51.9329629367495
2068,24,RN,Rio Grande do Norte,3125096,-0.768205140906408,83.9336105498923,26.6713049049459,1.48515443956127,23.4872873903159,80.090092437577,103.577379827893,340.993368483238,49.2093855676754,52.1725295508274
2069,24,RN,Rio Grande do Norte,3100376,-0.7910156999976989,84.0339384181432,26.7200856645905,1.48808976977774,23.5144600388628,81.1210952350779,104.635555273941,344.98387418213,49.3608372016813,52.3867078370828
2070,24,RN,Rio Grande do Norte,3075174,-0.812869148774209,84.1327873409902,26.7681255687761,1.49102856719012,23.5420100829012,82.0180240882675,105.560034171169,348.390064397424,49.5017397389546,52.6015561601986
2000,25,PB,Paraíba,3500188,,70.7203881305664,20.9588651738179,2.51119925256469,53.4782749110895,17.7949705132245,71.273245424314,33.2751393772698,28.489007161901,24.3403831882885
2001,25,PB,Paraíba,3534522,0.980918739222014,71.4959585546701,20.990530104473,2.43555597927619,51.9593072316498,17.7950655551815,69.7543727868312,34.2480808603661,28.7218164153456,24.6795094031071
2002,25,PB,Paraíba,3568570,0.9632985733290192,71.8148091194946,20.9931044181107,2.29385362423209,50.5315884923508,17.7848789357382,68.316467428089,35.1955667066163,28.9576382136262,25.0278135419762
2003,25,PB,Paraíba,3602131,0.940460744780114,72.1045756481936,21.1462567757693,2.21244932562276,49.1951656163923,17.785532636076,66.9806982524682,36.1530089658844,29.1996854084429,25.3998128239585
2004,25,PB,Paraíba,3635226,0.918761699671666,72.8832710545558,21.3387364095684,2.12421320956686,47.9491772448602,17.8251757053294,65.7743529501896,37.1751440369922,29.4507340121357,25.7825295581829
2005,25,PB,Paraíba,3667851,0.897468272949187,73.3658699182188,21.6150278113985,2.14228541560704,46.7804908933584,17.918626888807,64.6991177821653,38.3036315921835,29.7131227522601,26.1833876680982
2006,25,PB,Paraíba,3699871,0.872990751260061,73.95930773644,21.8033008395729,2.03230933889193,45.6661071501432,18.0675305318564,63.7336376819996,39.5644202218794,29.9881528301933,26.6022755133313
2007,25,PB,Paraíba,3729368,0.7972440120209698,73.8888379782231,21.8275154934804,1.93167771020857,44.5206331470323,18.2560304134049,62.7766635604373,41.0057744531916,30.2857092676293,27.0430578474161
2008,25,PB,Paraíba,3757574,0.756321178280084,73.9470032634204,21.8290719095984,1.92095194735887,43.4133177319453,18.4700673499167,61.8833850818621,42.5447035952418,30.5899247759326,27.4977908018402
2009,25,PB,Paraíba,3786420,0.767676165525955,74.1719125850342,21.9961494833393,1.92189116007052,42.4170600988492,18.7041099212994,61.1211700201486,44.0957244036035,30.8875795606404,27.9441863960917
2010,25,PB,Paraíba,3812591,0.691180587467843,74.1767925553438,21.9396485011332,1.85579363823372,41.4892461941047,18.9610475965225,60.4502937906271,45.7011137484024,31.191269401832,28.402334412539
2011,25,PB,Paraíba,3835568,0.602661025008966,74.2823758291475,21.9899516815408,1.83844226630469,40.5921446575763,19.2352423245253,59.8273869821016,47.3866125743991,31.503538719689,28.869235049097
2012,25,PB,Paraíba,3858388,0.594957513463457,74.3286704876063,21.9664837351487,1.76265934851835,39.6740395040621,19.5101021019435,59.1841416060056,49.1759910153488,31.821197349774,29.3418751701812
2013,25,PB,Paraíba,3881604,0.601702057957887,74.6610111592518,22.1143187274381,1.75436102055996,38.7355488142554,19.7886292018094,58.5241780160648,51.086482075418,32.1439974299285,29.8165962501316
2014,25,PB,Paraíba,3905995,0.628374249408226,74.8992747744167,22.2224436722421,1.7686383153475,37.8496236649354,20.0835356694478,57.9331593343833,53.0613880001496,32.4622415031253,30.2866512695106
2015,25,PB,Paraíba,3932039,0.666769926740818,75.0202457592281,22.0984631895283,1.84901219531719,37.0893872805329,20.3945711027813,57.4839583833142,54.9876193654074,32.7625440642883,30.738687595181
2016,25,PB,Paraíba,3957455,0.646382195090123,75.441918962527,22.2794972367068,1.72043577713432,36.3455382887397,20.720946338811,57.0664846275508,57.010976627166,33.0668328509105,31.1921034315802
2017,25,PB,Paraíba,3981512,0.607890677215539,75.5645779050896,22.3774481384751,1.76035265467279,35.5909541446923,21.0747038943388,56.6656580390311,59.2136524597269,33.3844642437345,31.65383093963
2018,25,PB,Paraíba,4008413,0.675647844336513,76.0308093568345,22.542281398383,1.85553203572452,34.9825242718447,21.466243840562,56.4487681124067,61.3627640868642,33.6806080112004,32.0917423490804
2019,25,PB,Paraíba,4037810,0.733382513229053,76.2024806772174,22.5385191980663,1.77627259005191,34.4366209725316,21.8964033968994,56.333024369431,63.5846455851897,33.9664503778038,32.508045622688
2020,25,PB,Paraíba,4064935,0.671775046374146,74.8791824373861,21.6836269624512,1.74064966090937,33.8808155008026,22.3406851488817,56.2215006496843,65.9390419582799,34.2499102691679,32.9134669369931
2021,25,PB,Paraíba,4087783,0.562075408339857,73.3867347114209,21.0856966954335,1.73473187747545,33.3889517838851,22.7980117964097,56.1869635802948,68.2801063776222,34.5166250263285,33.2924857026782
2022,25,PB,Paraíba,4106026,0.446281028126982,74.9113984909307,21.769889930504,1.58950212830599,32.9533192015935,23.3367450992184,56.2900643008119,70.8175857990353,34.8081544052571,33.6952272511624
2023,25,PB,Paraíba,4124468,0.449144744821384,76.6180912622666,23.1377991675895,1.61948995811333,32.4996309736263,24.0080779778341,56.5077089514604,73.8718479521102,35.1415915943584,34.136982393864
2024,25,PB,Paraíba,4145040,0.498779478953404,76.8229281800867,23.2400529835085,1.5921713107753,32.0210168350296,24.7745588866676,56.7955757216972,77.3696819632702,35.4874387219424,34.5800633721675
2025,25,PB,Paraíba,4164468,0.468704765213368,77.0249954140247,23.3407520580031,1.56884065341209,31.5458623695023,25.5783778481228,57.1242402176251,81.0831466533349,35.8369232276488,35.0233974358974
2026,25,PB,Paraíba,4182828,0.4408726396744941,77.2246739913082,23.4400341706099,1.54822189254519,31.0867626257359,26.3954958899695,57.4822585157054,84.9091177738699,36.188936289037,35.4647026573787
2027,25,PB,Paraíba,4200175,0.414719419493226,77.4221637240511,23.538086085893,1.53007678140164,30.6544254280199,27.2098575371792,57.8642829651991,88.7632280078813,36.5428378579464,35.9057722485561
2028,25,PB,Paraíba,4216549,0.389840899486327,77.6175645343278,23.6350325056703,1.51417920924556,30.2439366762263,28.0147909106161,58.2587275868424,92.6294457316385,36.8979129615238,36.3452780072235
2029,25,PB,Paraíba,4232037,0.367314597790758,77.8107987997658,23.730833573898,1.50031660921887,29.7905174481353,28.8030264420194,58.5935438901547,96.685217006267,37.2534082287088,36.7829463037044
2030,25,PB,Paraíba,4246698,0.346428918272701,78.0018344664076,23.8254518509322,1.48829076941713,29.2327804412542,29.5673426590947,58.8001231003488,101.144476210577,37.6082612891239,37.2172865630341
2031,25,PB,Paraíba,4260413,0.322956800789687,78.1907671899552,23.9190123694288,1.47791816181515,28.6944040555246,30.3465524868272,59.0409565423518,105.757737390558,37.9624501192725,37.6487841174835
2032,25,PB,Paraíba,4273030,0.29614499814925,78.3775836598308,24.0115508591699,1.46902989240681,28.2154684737003,31.1617822525931,59.3772507262934,110.442193372189,38.3162612946785,38.0789327222131
2033,25,PB,Paraíba,4284557,0.269761738157692,78.5622718656609,24.1030876064251,1.46147136300148,27.6221395484662,31.9685583130581,59.5906978615243,115.735271907397,38.6693147039472,38.5077653503018
2034,25,PB,Paraíba,4295041,0.244692741863384,78.744772226467,24.1934945657705,1.45510172177873,27.0113683082596,32.7901374205418,59.8015057288014,121.393840720447,39.0209155162896,38.9351488066005
2035,25,PB,Paraíba,4304532,0.22097577182616,78.9250567139419,24.2826496056827,1.449793166804,26.4951130320633,33.670182128298,60.1652951603613,127.080726500588,39.3703443254691,39.3618457706551
2036,25,PB,Paraíba,4313025,0.1973036790062109,79.1031775841744,24.3705829812368,1.4454301547925,26.0193970822814,34.6121086328971,60.6315057151785,133.024253111796,39.7171078303511,39.7872154687118
2037,25,PB,Paraíba,4320497,0.173242677703001,79.2791498012359,24.457325467052,1.44190855677739,25.6717923748401,35.653107723512,61.3249000983521,138.880477073561,40.0610281641209,40.211964513283
2038,25,PB,Paraíba,4326950,0.149357816936346,79.453010458405,24.5429683666258,1.4391347931109,25.4192969374707,36.7905766483312,62.2098735858018,144.734831725806,40.4018740683391,40.6360930867932
2039,25,PB,Paraíba,4332397,0.125885438935036,79.624726184929,24.6274565010584,1.43702497240448,25.1736718551977,37.9958427976413,63.169514652839,150.93484580318,40.7391887216245,41.0583344191804
2040,25,PB,Paraíba,4336837,0.102483682820398,79.7942700255475,24.7107597008485,1.43550405251706,24.9736694902769,39.2710321218963,64.2447016121733,157.249747127413,41.0725669422208,41.4794873043704
2041,25,PB,Paraíba,4340269,0.0791360154877907,79.961646663278,24.7929242055548,1.4345050364058,24.8110403575037,40.5972546211413,65.408294978645,163.625765127835,41.4018529727075,41.8973619661799
2042,25,PB,Paraíba,4342662,0.0551348315046773,80.1268687577676,24.8739790628135,1.43396821141615,24.6797170435774,41.9576716531309,66.6373886967082,170.00872246244,41.7270001671786,42.3120841940888
2043,25,PB,Paraíba,4344015,0.0311560052336457,80.2899665210908,24.9539541898214,1.43384043725831,24.5765909249051,43.3495821188623,67.9261730437673,176.385660042595,42.0478918696183,42.7237695195073
2044,25,PB,Paraíba,4344308,0.0067449122528318,80.4508896718373,25.0327751673702,1.43407448535027,24.4979376695393,44.7708837746453,69.2688214441846,182.753684732872,42.3642361453193,43.1323149006784
2045,25,PB,Paraíba,4343536,-0.0177703790799399,80.6096461025323,25.1104372218375,1.43462843027153,24.4364318369409,46.2039267975232,70.6403586344641,189.078041777262,42.6758691536113,43.5369254324527
2046,25,PB,Paraíba,4341673,-0.0428913217249693,80.7662659089391,25.1870380890486,1.43546509264751,24.3858037273912,47.6249281418787,72.0107318692699,195.297758787357,42.9825021368491,43.937231277281
2047,25,PB,Paraíba,4338718,-0.068061321062185,80.9208113047317,25.2626417597414,1.43655153177166,24.3422905864335,49.0164975253113,73.3587881117448,201.363537877694,43.2839262657771,44.3319204647738
2048,25,PB,Paraíba,4334676,-0.0931611595867743,81.0732760851937,25.3372477423919,1.43785858558196,24.3039996647335,50.3680678011999,74.6720674659334,207.24188815015,43.5799010122094,44.7207931227562
2049,25,PB,Paraíba,4329534,-0.1186247830287649,81.2235972854484,25.4107942039732,1.43936045517062,24.2673972950117,51.6789239541548,75.9463212491664,212.956186961087,43.8704537255049,45.1037547614729
2050,25,PB,Paraíba,4323251,-0.145119544043304,81.3717801908615,25.4832400806887,1.44103433075934,24.2300682503077,52.9531485592763,77.183216809584,218.543125889065,44.1554975642173,45.4786444906445
2051,25,PB,Paraíba,4315812,-0.172069583746126,81.5178667594263,25.5545804229829,1.44286005597047,24.1928530181698,54.2031744798244,78.3960274979942,224.046227367709,44.4349480468565,45.8470544696027
2052,25,PB,Paraíba,4307236,-0.198711157946641,81.6618958141489,25.6248226630634,1.44481982722827,24.1583005771236,55.4391013867062,79.5974019638298,229.482621137695,44.708447366246,46.2062505264931
2053,25,PB,Paraíba,4297539,-0.225132776564829,81.8038931614157,25.6939924541733,1.4468979252034,24.1263959911895,56.6578915043304,80.7842874955199,234.837774879517,44.975850829975,46.5448399510233
2054,25,PB,Paraíba,4286716,-0.251841809928888,81.943858208134,25.7620802758525,1.4490804753448,24.0933975213859,57.8559622817376,81.9493598031234,240.132020527131,45.237452632738,46.8698769946218
2055,25,PB,Paraíba,4274737,-0.279444684462415,82.0818000974737,25.8290660309209,1.45135523470762,24.0593249378909,59.0442902424398,83.1036151803307,245.411250709912,45.4934282506737,47.1836239535008
2056,25,PB,Paraíba,4261605,-0.307200185648848,82.2177648603464,25.8949691144323,1.4537114024701,24.0258650881843,60.238242453854,84.2641075420383,250.722470274249,45.7438908580218,47.5003862969921
2057,25,PB,Paraíba,4247364,-0.334169872618417,82.3517815857715,25.9597893914604,1.45613945172595,23.9965821772858,61.4497279233234,85.4463101006092,256.077000755088,45.9885533709849,47.8144430281142
2058,25,PB,Paraíba,4232055,-0.360435319412233,82.4838901404644,26.0235555871259,1.4586309803346,23.9724731433199,62.6826115318,86.6550846751198,261.47745022823,46.2273916572445,48.1210888333422
2059,25,PB,Paraíba,4215674,-0.387069638745241,82.6140534892655,26.0862556064691,1.46117857880347,23.9513458899515,63.9332601525031,87.8846060424547,266.929718464487,46.460831648747,48.4167655839718
2060,25,PB,Paraíba,4198229,-0.413812832775973,82.7422599480357,26.147860498226,1.46377571336177,23.9307410867687,65.1870217694295,89.1177628561982,272.398675549047,46.6888747612386,48.7020416024653
2061,25,PB,Paraíba,4179742,-0.440352348573647,82.868522366827,26.2083164517548,1.46641662256012,23.9129018932529,66.4527274292359,90.3656293224888,277.894869162599,46.9112727531986,48.9756671899529
2062,25,PB,Paraíba,4160246,-0.4664402731077709,82.9928576751725,26.2676511819612,1.46909622589478,23.8974884287353,67.7208120635011,91.6183004922365,283.380457596836,47.1274859707815,49.2332391519937
2063,25,PB,Paraíba,4139796,-0.491557470399584,83.1152729415583,26.325909735135,1.4718100431073,23.8841620307843,68.9801586876381,92.8643207184224,288.811299298378,47.3369021082198,49.4903649417804
2064,25,PB,Paraíba,4118401,-0.516812905756714,83.2357830208692,26.3831423766482,1.47455412295076,23.8721498889434,70.2189226496554,94.0910725385988,294.145784842688,47.5392988686629,49.7531170494939
2065,25,PB,Paraíba,4096083,-0.541909347826985,83.35438950911,26.4393477228835,1.47732498034144,23.8621366999771,71.4275020977954,95.2896387977725,299.334057950745,47.7345112391521,50.0273510915137
2066,25,PB,Paraíba,4072880,-0.566468013465549,83.4711245951749,26.4945530863152,1.48011954093197,23.8531605640324,72.5925765150474,96.4457370790798,304.331060532531,47.9221852841233,50.2908236928194
2067,25,PB,Paraíba,4048846,-0.59009840702402,83.5860027756435,26.5488121650312,1.48293509224687,23.8282030903355,73.58884592693,97.4170490172655,308.83086587749,48.1019613983836,50.5392098062001
2068,25,PB,Paraíba,4024017,-0.613236462932898,83.6990385327905,26.6021460959173,1.48576924061703,23.8035414699348,74.5227670148862,98.326308484821,313.074283963219,48.2734426817779,50.7853832281335
2069,25,PB,Paraíba,3998432,-0.635807453099724,83.8102523003771,26.6544900552331,1.48861987323514,23.7988535513836,75.5226889449313,99.3215424963148,317.337508640372,48.4364153248073,51.0489593871947
2070,25,PB,Paraíba,3972167,-0.656882497939193,83.9197074230221,26.7059089081722,1.49148512473057,23.8024618645969,76.4952996045143,100.297761469111,321.375578877793,48.5908623680726,51.3128182521547
2000,26,PE,Pernambuco,8149336,,68.2706152510703,19.4918671135374,2.46292489479901,52.4119725980775,15.075332268452,67.4873048665295,28.7631461308614,27.7983768248112,24.1208891449421
2001,26,PE,Pernambuco,8236052,1.06408669368891,68.9020827596812,19.6810893363184,2.33418060293858,51.0981564612645,15.0994495495783,66.1976060108427,29.5498910240032,28.0216642634116,24.4473566442908
2002,26,PE,Pernambuco,8321143,1.03315277756868,69.7284430594063,19.8679120901704,2.18112949229062,49.8414804384819,15.134310905325,64.9757913438069,30.3648903928625,28.2579286283146,24.789405356864
2003,26,PE,Pernambuco,8404555,1.00241036597977,70.0556496236446,19.9645157349711,2.18686656474819,48.6558179204133,15.1876404220581,63.8434583424714,31.2144386245869,28.5048943102877,25.1496372152829
2004,26,PE,Pernambuco,8486414,0.973983750478169,70.9150214261804,20.1990863793845,2.06148072540354,47.5466186300311,15.2737468518167,62.8203654818478,32.1237288621185,28.7611525904817,25.5271053441379
2005,26,PE,Pernambuco,8567075,0.9504721311027312,71.3672041925173,20.4546431709014,2.06722526251018,46.5044774703384,15.4051702909075,61.9096477612459,33.126208762873,29.0270318632672,25.9141073194078
2006,26,PE,Pernambuco,8645942,0.920582579235041,72.0433140667986,20.7678572927597,1.98461766069993,45.4958467972718,15.5859309791811,61.0817777764529,34.2579203957485,29.3053841906411,26.3196111012456
2007,26,PE,Pernambuco,8721073,0.86897413838769,72.3531102907055,20.9284031980458,1.92290589183848,44.4737237246896,15.8080912876416,60.2818150123312,35.5447890657866,29.6004828763617,26.7400116624657
2008,26,PE,Pernambuco,8795257,0.850629274631687,72.7157226143406,21.0656218847982,1.92814535785604,43.4953978086393,16.0593965503792,59.5547943590185,36.9220592510351,29.8988168282064,27.1647639782911
2009,26,PE,Pernambuco,8868632,0.8342564634552521,73.078664007346,21.1904901849197,1.87533486726069,42.5590922829106,16.3299532700988,58.8890455530093,38.3700694590612,30.1994760860525,27.5927700566956
2010,26,PE,Pernambuco,8929674,0.688291046465794,73.3368121164499,21.1107847294163,1.79646845677307,41.6191078199592,16.6240209788785,58.2431287988376,39.9432420579331,30.5176678342345,28.0388967155429
2011,26,PE,Pernambuco,8982283,0.589148047285937,73.6931005189073,21.2497624538857,1.85635248969477,40.7341039721704,16.9422287695296,57.6763327417,41.592246097041,30.8388956348848,28.4931833093598
2012,26,PE,Pernambuco,9039233,0.634025892971746,73.8375134574046,21.3268225316001,1.84327216160543,39.8947023065101,17.2682688333815,57.1629711398916,43.2846163400587,31.1500781095033,28.9346807947354
2013,26,PE,Pernambuco,9097265,0.642001373346601,74.1861188127006,21.5053910179763,1.80364228381651,39.0280559138252,17.6050519205463,56.6331078343715,45.1087083594904,31.4651433150513,29.3789754556069
2014,26,PE,Pernambuco,9154884,0.633366182033823,74.2360084034599,21.4540523717387,1.82479090508969,38.1789931846556,17.9613660706367,56.1403592552923,47.045153819969,31.7798646056029,29.8204110199147
2015,26,PE,Pernambuco,9213107,0.63597747388171,74.053187574185,21.3254174003909,1.89272659941873,37.4548770801524,18.3411743398952,55.7960514200477,48.9687212179221,32.078523564309,30.247248737204
2016,26,PE,Pernambuco,9262684,0.53811379809221,73.9602368686593,21.2630300562624,1.6964687711931,36.7311113651322,18.7479804905102,55.4790918556424,51.0411468472668,32.3916401552725,30.6857393797709
2017,26,PE,Pernambuco,9304183,0.448023488656202,74.2890280656328,21.5407037125803,1.76529422588673,36.0026468891713,19.1973860718383,55.2000329610096,53.3221519265919,32.7243910615258,31.1408599494224
2018,26,PE,Pernambuco,9348293,0.474087837696224,74.7953529481709,21.8171617840914,1.8111247274169,35.4159942878847,19.7040598597293,55.120054147614,55.6360487850817,33.0462321837794,31.5811790367115
2019,26,PE,Pernambuco,9396505,0.515730518930035,75.166060317721,21.8527293007042,1.75488535853843,34.861004529549,20.2424177798789,55.1034223094279,58.0660771341827,33.364682826221,32.0091309823678
2020,26,PE,Pernambuco,9438962,0.451838210057898,73.1283045020463,20.2595405686339,1.70121082403824,34.2828372546939,20.7435086254385,55.0263458801324,60.506977504023,33.6704650363038,32.4130861739622
2021,26,PE,Pernambuco,9470176,0.330693141894201,72.4619395301268,20.0682633260147,1.68193791116121,33.7381652445297,21.2224710673251,54.9606363118549,62.9034534436224,33.960557016047,32.7958224471837
2022,26,PE,Pernambuco,9493026,0.241283794514491,74.2906423598193,21.2041572646245,1.57423208666904,33.2167642040458,21.7973059010509,55.0140701050967,65.6214005890314,34.2833954104834,33.2098612997489
2023,26,PE,Pernambuco,9514483,0.22602908703715,75.285030423533,22.2179474377702,1.55888887638897,32.6332037368648,22.4796019245141,55.1128056613789,68.8856727208781,34.6505510598947,33.666582211702
2024,26,PE,Pernambuco,9539029,0.257985641468905,75.5201141160814,22.3412145507039,1.54411640135605,32.0466681587889,23.2267605347224,55.2734286935113,72.4779263155703,35.0294382164055,34.1259680727851
2025,26,PE,Pernambuco,9562007,0.2408840564380289,75.75257277803,22.463077320537,1.52085752233087,31.5326049931891,24.0105643047395,55.5431692979286,76.1451973597666,35.4092973368457,34.5838761529067
2026,26,PE,Pernambuco,9583176,0.2213865771066639,75.9826642601626,22.5836242325765,1.50108427661723,30.989999408249,24.8026900609894,55.7926894692384,80.0344967234408,35.7905338480687,35.0410646924026
2027,26,PE,Pernambuco,9602780,0.204566836714681,76.2103898067796,22.7029151841683,1.48437991365119,30.3736782449435,25.5852573121535,55.958935557097,84.2349652413694,36.1719554129117,35.4979626425621
2028,26,PE,Pernambuco,9621033,0.190080372558787,76.4357857846473,22.8209533885587,1.4703646597239,29.7740006722316,26.3718791015338,56.1458797737653,88.5735155038443,36.5526672655629,35.9526212672052
2029,26,PE,Pernambuco,9638121,0.177610865693945,76.6587691280149,22.9376187831068,1.45869602690657,29.1678541056626,27.1624460340403,56.3303001397028,93.1245950958285,36.931844702925,36.4052318440316
2030,26,PE,Pernambuco,9654190,0.166723368590205,76.8793015629406,23.0528047656492,1.44906784924608,28.4764516455696,27.9458673417721,56.4223189873418,98.1367611723492,37.3086132549701,36.8539576841536
2031,26,PE,Pernambuco,9668708,0.150380301195652,77.0973765326309,23.1665296640284,1.44120845276381,27.8813862487217,28.7687243769126,56.6501106256343,103.182546664916,37.6831004721624,37.3002591024918
2032,26,PE,Pernambuco,9681125,0.128424604404231,77.3129896812876,23.2788299138302,1.43487828248898,27.3872822637899,29.6412558163148,57.0285380801048,108.23000081138,38.0556881560769,37.7459097652127
2033,26,PE,Pernambuco,9691555,0.107735412981436,77.526187853174,23.3897476515446,1.42986723446454,26.8025496400477,30.5176986101063,57.3202482501539,113.861177462414,38.4258895502321,38.1906521396993
2034,26,PE,Pernambuco,9700083,0.0879941351001001,77.7368969028912,23.49921656351,1.42599187618552,26.2278467187806,31.4220746357099,57.6499213544905,119.804248410564,38.7931297082716,38.6353249251817
2035,26,PE,Pernambuco,9706761,0.068844771740606,77.9450757238755,23.6071655083127,1.42309268596035,25.7462834279701,32.3858799993809,58.132163427351,125.78856319199,39.1568227547789,39.0782200150059
2036,26,PE,Pernambuco,9711579,0.0496355066329501,78.1507070563583,23.7136113014536,1.42103139964258,25.332949740012,33.4154953176006,58.7484450576125,131.905268279211,39.5165990000184,39.5218699383365
2037,26,PE,Pernambuco,9714465,0.0297171036759414,78.3538097127046,23.818597428992,1.41968852081662,25.0289572182149,34.5308175100669,59.5597747282818,137.963468509735,39.8724070754282,39.9631729744607
2038,26,PE,Pernambuco,9715428,0.0099130523399937,78.5544228057098,23.922184041264,1.41896102632514,24.8245867581822,35.7345409359813,60.5591276941635,143.948180423198,40.2240483898393,40.4058822280566
2039,26,PE,Pernambuco,9714513,-0.0094180101998575,78.7524946446251,24.024331724421,1.4187602814731,24.6509165090103,37.0049384470508,61.6558549560612,150.115872704063,40.5712469580307,40.8459834633913
2040,26,PE,Pernambuco,9711713,-0.0288228550417324,78.9479893151096,24.1250275144239,1.41901016693381,24.5124384616417,38.3330315103223,62.845469971964,156.381959184958,40.9137502312929,41.2852405639055
2041,26,PE,Pernambuco,9706928,-0.0492704016273993,79.1408912586878,24.2243128378681,1.41964541110355,24.4095788799911,39.7016760875938,64.111254967585,162.647935397762,41.251512321921,41.7204806132353
2042,26,PE,Pernambuco,9700041,-0.0709493260895755,79.3312241513362,24.3222235911323,1.42061011639748,24.3331865529124,41.0939359448424,65.4271224977548,168.880207512008,41.5847028894002,42.1519214377042
2043,26,PE,Pernambuco,9691008,-0.0931233177261848,79.5189804764503,24.4187727749057,1.42185646494038,24.2772019793552,42.5049379760606,66.7821399554158,175.081700157233,41.9133812499174,42.5766866324737
2044,26,PE,Pernambuco,9679813,-0.115519458863311,79.70413356366,24.5139145727719,1.42334358764884,24.2374233818435,43.9322832831739,68.1697066650174,181.258059452326,42.2374385744849,42.9966414503717
2045,26,PE,Pernambuco,9666410,-0.138463418663148,79.8866650027898,24.60763383491,1.42503658033982,24.2078213411622,45.3602317507185,69.5680530918807,187.378414238333,42.5566636424484,43.4083662010707
2046,26,PE,Pernambuco,9650765,-0.161849124959523,80.0666112450264,24.6999854526136,1.42690565086992,24.1833163546107,46.768861394636,70.9521777492467,193.393084343121,42.8708684751934,43.8149365882267
2047,26,PE,Pernambuco,9632862,-0.185508609939211,80.2440131005847,24.7910157109756,1.42892538214221,24.159648872076,48.142843012169,72.302491884245,199.269630395221,43.1799048922324,44.2146578009625
2048,26,PE,Pernambuco,9612662,-0.209698841320471,80.4188742785657,24.8807442566885,1.43107409691849,24.1321854939962,49.471567209571504,73.6037527035676,205.002432216011,43.4839420131489,44.608530202187
2049,26,PE,Pernambuco,9590125,-0.234451185322027,80.5912027083192,24.9691584107051,1.43333331160947,24.0983792770041,50.7554993015964,74.8538785786005,210.617895577857,43.7830374473743,44.9975954010647
2050,26,PE,Pernambuco,9565234,-0.25954823320864,80.7610008561236,25.0562250180972,1.43568726748856,24.058255329347,52.0049174999015,76.0631728292485,216.16246393588,44.077041293501,45.3800523168909
2051,26,PE,Pernambuco,9537995,-0.284770869170581,80.928288074112,25.1419193287658,1.4381225290257,24.0147503578317,53.2377306764403,77.2524810342719,221.687628991232,44.3657383968014,45.7564399180408
2052,26,PE,Pernambuco,9508430,-0.309970806233384,81.0930827970544,25.2262267401481,1.44062764022624,23.971486769355,54.4694736755186,78.4409604448737,227.226096568829,44.6489171188093,46.1253790175864
2053,26,PE,Pernambuco,9476537,-0.335418149999522,81.2554029037923,25.3091776157685,1.44319283096425,23.9279207284202,55.7004122346576,79.6283329630778,232.784172376916,44.9266623451162,46.4795788476913
2054,26,PE,Pernambuco,9442291,-0.36137673498241,81.4152492243229,25.3907593596791,1.44580976630745,23.8816013339918,56.9282686427863,80.8098699767781,238.377099787516,45.1992207187853,46.8273304837316
2055,26,PE,Pernambuco,9405683,-0.38770251838246,81.5726498553991,25.4709383830494,1.44847133273981,23.8333313661093,58.1642278571687,81.997559223278,244.045731432566,45.4666228917134,47.1712518535862
2056,26,PE,Pernambuco,9366764,-0.413781753010389,81.7276260946434,25.5496963920452,1.45117145599784,23.7860972859042,59.4218018785591,83.2078991644633,249.817366692487,45.7286202577539,47.5108583247156
2057,26,PE,Pernambuco,9325655,-0.438881560376669,81.8801885472677,25.6270333905297,1.45390494595417,23.7439346744761,60.7110899428536,84.4550246173297,255.690940761036,45.9847638584099,47.8419213867976
2058,26,PE,Pernambuco,9282407,-0.4637529481843369,82.0303624599047,25.7029671337444,1.4566673646119,23.7087068338284,62.039142611754,85.7478494455824,261.672401816679,46.2349955135559,48.1544324805699
2059,26,PE,Pernambuco,9237027,-0.488881816968378,82.1781634574507,25.7775134162218,1.45945491382444,23.6793721146613,63.4010955426087,87.0804676572701,267.748212391803,46.4793868200234,48.4646021996164
2060,26,PE,Pernambuco,9189550,-0.513985722895471,82.3236157463752,25.8507121643347,1.46226433983521,23.651087562927,64.7643430837797,88.4154306467066,273.832410080362,46.7178101212791,48.7757282403611
2061,26,PE,Pernambuco,9140068,-0.538459445783523,82.4667458252127,25.9225203191331,1.46509285214704,23.6207800909527,66.098937058565,89.7197171495177,279.833844623457,46.9499106571198,49.0917191862784
2062,26,PE,Pernambuco,9088692,-0.562096474555773,82.6075429223395,25.9929544186946,1.46793805459114,23.59066262041,67.4029349160274,90.9935975364374,285.718701507402,47.1750367379597,49.3967732804982
2063,26,PE,Pernambuco,9035515,-0.585089691674001,82.7460370328686,26.062073948999,1.4707978867748,23.5639924170374,68.680598551918,92.2445909689554,291.464185424962,47.3926799966576,49.6958391540236
2064,26,PE,Pernambuco,8980627,-0.607469524426663,82.8822622913636,26.1299299817601,1.47367057435399,23.5435119967235,69.9394750772316,93.4829870739551,297.064750097457,47.6025943400166,49.9900479188943
2065,26,PE,Pernambuco,8924078,-0.629677638320802,83.0162634512997,26.1965709748808,1.47655458680552,23.5303666621283,71.1831338213783,94.7135004835067,302.516041689848,47.8046430118607,50.2990140040011
2066,26,PE,Pernambuco,8865961,-0.651238144713662,83.1480543209705,26.2621222243782,1.47944860156965,23.5227319181565,72.3899753947937,95.9127073129502,307.744762158846,47.998514430641,50.5900422420395
2067,26,PE,Pernambuco,8806387,-0.67194069543054,83.2776433856781,26.3264979323379,1.482351473602,23.5133685197713,73.5017575321528,97.0151260519242,312.59560904831,48.1838966422893,50.8613447177309
2068,26,PE,Pernambuco,8745471,-0.691725221705564,83.4050528297214,26.3897176226191,1.48526220951669,23.5177241014476,74.6168302217651,98.1345543232127,317.279129136361,48.3605626272158,51.1061508873453
2069,26,PE,Pernambuco,8683293,-0.710973714280227,83.530321998123,26.4518026477799,1.48817994562555,23.5374236147383,75.734202697133,99.2716263118713,321.760800743336,48.5283928574102,51.3688584566007
2070,26,PE,Pernambuco,8619955,-0.729423733599688,83.6535145477145,26.5128282385387,1.49110392928229,23.5563105230605,76.7243394305401,100.280649953601,325.706096272719,48.6874644937242,51.6305746051104
2000,27,AL,Alagoas,2882661,,68.4734246387451,19.6406895302814,2.9362588264534,62.0233899003113,12.5627142459149,74.5861041462262,20.2548010776365,25.6187768870498,21.703990995393
2001,27,AL,Alagoas,2918610,1.24707691955455,68.2945515171917,19.6462354596235,2.86951383064954,60.6353155833233,12.599709515073,73.2350250983963,20.7794902918561,25.8355038871244,22.0135412974123
2002,27,AL,Alagoas,2951483,1.12632383223521,69.0471002227507,19.8182652592114,2.70841738004357,59.2285763372227,12.6605846536427,71.8891609908653,21.3758044454059,26.0775681242277,22.3604909744784
2003,27,AL,Alagoas,2981741,1.02517954533365,69.7268026940047,20.0060565152238,2.61313125911959,57.8336633414133,12.7526335331308,70.5862968745441,22.0505373450879,26.3428366179356,22.7291144671357
2004,27,AL,Alagoas,3009912,0.94478360125847,70.8825557515361,20.3690974387203,2.41196239412054,56.4603353212558,12.8832001800383,69.343535501294,22.8181432269817,26.6293994641704,23.1202577948093
2005,27,AL,Alagoas,3036152,0.87178628478175,71.027410807491,20.5859549114871,2.42676940462271,55.0916800918878,13.0527485198105,68.1444286116983,23.6927762922455,26.9351491624925,23.5339738596036
2006,27,AL,Alagoas,3060167,0.790968304617157,71.5090679989843,20.7908613760701,2.29110222711462,53.6863771332184,13.254253616986,66.9406307502044,24.6882995738316,27.2583496260171,23.9631624299871
2007,27,AL,Alagoas,3081004,0.680910551613678,71.5484227776904,20.9391708644145,2.21695882245734,52.1705888994629,13.4828029313246,65.6533918307875,25.8436855242465,27.6054549101527,24.4221662644703
2008,27,AL,Alagoas,3100630,0.637000146705424,71.7758956965582,20.9214280499709,2.22337428613511,50.6568675115275,13.7325842231976,64.3894517347251,27.1090276556731,27.9554432486301,24.8844450643328
2009,27,AL,Alagoas,3118274,0.569045645562349,71.9552776439125,21.0036381234633,2.05738077448511,49.1145970647684,14.0030298084609,63.1176268732293,28.5109328902664,28.3157663502309,25.3614945474469
2010,27,AL,Alagoas,3131625,0.428153523391472,71.7788838912881,20.7268180198986,2.03302168482685,47.5646756243242,14.2988279513648,61.863503575689,30.0618636912401,28.6895365824452,25.851848895983
2011,27,AL,Alagoas,3142169,0.336694208278443,71.9437853619132,20.7664699327822,2.01126343007763,46.1139019050152,14.6240101491682,60.7379120541835,31.7128014438911,29.0595139854031,26.3409836361015
2012,27,AL,Alagoas,3152317,0.322961623006268,72.1969873577275,20.835190960241,1.95884274812058,44.7013450388964,14.9728652053623,59.6742102442587,33.4953348547652,29.4300183008244,26.8295156352504
2013,27,AL,Alagoas,3162669,0.328393369067892,72.4288658985814,20.993518116253,1.9404096912463,43.3187699318686,15.3419891007764,58.660759032645,35.4164929542233,29.8015467315739,27.3183035879245
2014,27,AL,Alagoas,3172381,0.307082404133974,72.6953914393565,20.9744307517366,1.88221453410743,41.9780428464759,15.7299282047611,57.707971051237,37.4717998699685,30.175341801631,27.8079697923694
2015,27,AL,Alagoas,3181178,0.277299605564396,72.6385823256178,20.7637187078189,1.91004645495383,40.7582066556753,16.1314583905629,56.8896650462382,39.5784302455729,30.5432968541842,28.2916223808078
2016,27,AL,Alagoas,3187906,0.2114939811604489,72.987456419792,20.7216497899202,1.77807911459723,39.6672409974145,16.5539567076147,56.2211977050292,41.7320597333544,30.9163739457813,28.7795348657374
2017,27,AL,Alagoas,3193155,0.164653537463155,73.4717117999585,20.9710491963975,1.84096214060764,38.7099102508519,17.0162980317416,55.7262082825935,43.9585055131125,31.2961760390585,29.2722690884892
2018,27,AL,Alagoas,3200128,0.218373364274527,74.0171474386283,21.1783194313635,1.92596622450777,38.0176890667258,17.5309966966669,55.5486857633927,46.1127362736274,31.6540744620215,29.7404741491037
2019,27,AL,Alagoas,3208704,0.267989280428793,74.388341638644,21.2103128836906,1.86402860518352,37.4404378481578,18.0817388295065,55.5221766776642,48.2946778102281,32.0024717144367,30.1919261171157
2020,27,AL,Alagoas,3214823,0.190700045875225,72.4951143728139,19.8550796719938,1.80628475608588,36.843787567107,18.6144259625158,55.4582135296228,50.5225634813241,32.3458955594134,30.6345832654391
2021,27,AL,Alagoas,3217819,0.0931933111091965,71.9772842471428,19.7289102789778,1.83800176937327,36.3004444556083,19.1367581356727,55.437202591281,52.7176964983859,32.6730673788675,31.0582942579796
2022,27,AL,Alagoas,3218381,0.0174652458699409,73.3874213393946,20.4507219065954,1.74004271337443,35.8172598253486,19.732522778724,55.5497826040726,55.0922177602176,33.0206992273444,31.5120538928314
2023,27,AL,Alagoas,3218607,0.0070221642496592,74.1319000375206,21.3274112199384,1.79487530834871,35.2765513000932,20.428267140627,55.7048184407202,57.9089122597225,33.39646188553,31.9971498620901
2024,27,AL,Alagoas,3220104,0.0465108042081663,74.3944405076485,21.466771149948,1.75417638992075,34.8020508785708,21.2038616514485,56.0059125300193,60.9270462980235,33.7788133550966,32.4911202326685
2025,27,AL,Alagoas,3220848,0.0231048438187109,74.654204711334,21.6049223858541,1.73652665133205,34.3857263570936,22.0283802290232,56.4141065861168,64.0625706150856,34.1675745021187,32.9889295872639
2026,27,AL,Alagoas,3221128,0.0086933627417407,74.911664972628,21.7418738944176,1.71970940738751,33.9148647030593,22.8677967289651,56.7826614320244,67.4270616415059,34.5587940001142,33.4949853481365
2027,27,AL,Alagoas,3220940,-0.0058364647415487,75.1666262767085,21.8775748534522,1.70371124567021,33.4258841850744,23.7173632618491,57.1432474469235,70.955081189564,34.9516675256292,34.0005407091609
2028,27,AL,Alagoas,3220302,-0.0198078821710412,75.4190289755155,22.0119721568408,1.68851674627654,32.9294322494816,24.5764369839966,57.5058692334781,74.6336493074019,35.3457917921984,34.5116158795176
2029,27,AL,Alagoas,3219223,-0.0335061742656406,75.6688226908924,22.1449788970899,1.67410877207865,32.4381429950326,25.4523526457455,57.8904956407781,78.4642716743778,35.7407700553829,35.0216322619618
2030,27,AL,Alagoas,3217685,-0.047775503592018,75.915883943116,22.276611056347,1.66046873824292,31.9239753339396,26.3427799340605,58.2667552680002,82.5172293190394,36.1361892167816,35.5355861554095
2031,27,AL,Alagoas,3215565,-0.0658858775796856,76.1603286357173,22.406997380524,1.64757686096137,31.4591178763005,27.2667275790392,58.7258454553397,86.673528756445,36.5319777395263,36.0491517642885
2032,27,AL,Alagoas,3212764,-0.087107553415966,76.4021222555815,22.5361345652121,1.63541238566638,31.0259877506429,28.2257664770508,59.2517542276937,90.9745942785203,36.9280230356167,36.5665806666389
2033,27,AL,Alagoas,3209302,-0.107757681547727,76.6412586564154,22.6640830197108,1.62395379524546,30.4530503039386,29.1788509872719,59.6319012912105,95.8158565268522,37.3235971560171,37.0836960160696
2034,27,AL,Alagoas,3205235,-0.126725375175041,76.8777300898915,22.7907444256592,1.61317899896101,29.8566972781169,30.1512800698093,60.0079773479262,100.986655653666,37.7182733871307,37.6022724897038
2035,27,AL,Alagoas,3200566,-0.14566794634403,77.1113945170422,22.9159903677618,1.60306550291925,29.362174721749,31.1859802039002,60.5481549256493,106.21141144835,38.1114696588041,38.1197200857395
2036,27,AL,Alagoas,3195285,-0.165002065259712,77.3421163341051,23.0396640340087,1.59359056303101,28.8957883028871,32.2823973305825,61.1781856334696,111.720078345664,38.5027992808153,38.637328824666
2037,27,AL,Alagoas,3189412,-0.183802070863792,77.5699948952742,23.1617516989188,1.58473132147126,28.4932294266429,33.4608554884882,61.9540849151311,117.434408671136,38.8919017047656,39.1533331926478
2038,27,AL,Alagoas,3182970,-0.201980803985191,77.7948806442672,23.2821915548278,1.57646492768064,28.1377531180542,34.7219948179105,62.8597479359648,123.400026548785,39.2781345724276,39.6672941873255
2039,27,AL,Alagoas,3176006,-0.218789369676753,78.0167462132583,23.4009674549584,1.56876864496633,27.7773679874924,36.0473543337386,63.824722321231,129.77239006219,39.6607786635164,40.1781744766762
2040,27,AL,Alagoas,3168526,-0.235515927866636,78.235655115529,23.518133509542,1.56161994375504,27.4700772939267,37.4399060668784,64.9099833608051,136.293413616117,40.0393754067349,40.6820533827778
2041,27,AL,Alagoas,3160453,-0.254787241764787,78.4516033685203,23.6338091427529,1.5549965825329,27.1925441230638,38.8723811085137,66.0649252315774,142.952350955435,40.4140985485309,41.1805904522613
2042,27,AL,Alagoas,3151719,-0.276352788666689,78.6646275506615,23.7480737919493,1.54887667747736,26.9387430178716,40.3255363468708,67.2642793647424,149.693459416864,40.7849411701995,41.6664539388239
2043,27,AL,Alagoas,3142351,-0.297234620218367,78.8746662685141,23.8609368402176,1.54323876174875,26.7066443666673,41.7955002833973,68.5021446500647,156.498509170858,41.151477349284,42.1433116722506
2044,27,AL,Alagoas,3132360,-0.317946658409585,79.0817045706137,23.9723638730761,1.53806183536571,26.4954777263047,43.2820644571022,69.777542183407,163.356422194765,41.5133084958306,42.6052570473227
2045,27,AL,Alagoas,3121782,-0.337700647435157,79.285832466956,24.0823566627736,1.53332540654095,26.3028192747712,44.7695704424136,71.0723897171848,170.208257809668,41.8700005317476,43.0585726272609
2046,27,AL,Alagoas,3110594,-0.358385050589693,79.487044883783,24.1909247831796,1.52900952530381,26.1245641186761,46.2383573348583,72.3629214535343,176.991880610184,42.2214438785647,43.4959666802308
2047,27,AL,Alagoas,3098820,-0.378512914253681,79.6852978692417,24.2980220264165,1.52509481018455,25.9573986458471,47.6720314310496,73.6294300768967,183.654888078227,42.5672820622043,43.9259439826439
2048,27,AL,Alagoas,3086446,-0.3993132869931079,79.8805878423325,24.4036581706178,1.52156246868346,25.7969925791724,49.0559250201256,74.852917599298,190.161410751933,42.9074300992144,44.3435405762364
2049,27,AL,Alagoas,3073469,-0.420451224482787,80.072929562756,24.5077968330725,1.51839431219679,25.642103599148,50.3929972433204,76.0351008424683,196.524427289947,43.2416770756432,44.7539537185992
2050,27,AL,Alagoas,3059905,-0.441325420884353,80.2623039945617,24.6103602910973,1.51557276602118,25.4980335788633,51.7089129174555,77.2069464963188,202.795689155888,43.5696850065607,45.1560746038842
2051,27,AL,Alagoas,3045746,-0.462726784001466,80.4486814099949,24.7112604784999,1.51308087500949,25.3719732507299,53.0431512402233,78.4151244909531,209.061986295044,43.8910739766218,45.5487924405016
2052,27,AL,Alagoas,3031006,-0.483953684910032,80.6320925232792,24.8104944250151,1.51090230540452,25.2691133148322,54.4266672516204,79.6957805664526,215.388116605079,44.2056079730624,45.9329073482428
2053,27,AL,Alagoas,3015679,-0.505673693816511,80.8125460282698,24.9080482354364,1.50902134333213,25.1874345600031,55.8639640548303,81.0513986148334,221.79298936439,44.5133868690932,46.2994388995191
2054,27,AL,Alagoas,2999739,-0.528570845902365,80.9900634919386,25.0039352686104,1.50742289039332,25.1212287104623,57.3446472019465,82.4658759124088,228.271665621451,44.8145758681005,46.6648524741317
2055,27,AL,Alagoas,2983211,-0.55098126870371,81.1646996351888,25.0981473577844,1.50609245675472,25.0702590985378,58.8680608735435,83.9383199720813,234.812335373817,45.1088551899279,47.0284873560855
2056,27,AL,Alagoas,2966097,-0.573677155253183,81.3365168492354,25.1906738548145,1.50501615209966,25.0342028057556,60.4298548600499,85.4640576658055,241.389171961795,45.3960588611903,47.3769180413721
2057,27,AL,Alagoas,2948424,-0.595833514547905,81.5054908509598,25.2814710923028,1.50418067476709,25.0116404022822,62.0229179538774,87.0345583561595,247.97621010183,45.6759292421985,47.7105441164534
2058,27,AL,Alagoas,2930198,-0.618160752998886,81.6716561176765,25.3705813450837,1.50357329937287,25.0009979076131,63.6484789956543,88.6494769032673,254.583753939968,45.9486457911718,48.0271429346941
2059,27,AL,Alagoas,2911393,-0.641765505266201,81.8350539517546,25.4580727345826,1.50318186317812,24.9974509204138,65.2941507120429,90.2916016324567,261.203235961637,46.2146068909282,48.3441894992577
2060,27,AL,Alagoas,2892036,-0.664870733700329,81.9956985437679,25.5439453914748,1.50299475144119,24.9911750810831,66.9034354812169,91.8946105622999,267.708242066052,46.4736206603237,48.6552997393571
2061,27,AL,Alagoas,2872158,-0.687335842292425,82.1536158371344,25.6280840941761,1.50300088196437,24.9701097054594,68.3849546798507,93.3550643853101,273.867257639237,46.7253048056548,48.959880518484
2062,27,AL,Alagoas,2851768,-0.709919161828843,82.3087920420513,25.7104914897115,1.50318968902276,24.9354727504207,69.7397406622363,94.675213412657,279.68084407407,46.9693214875824,49.2548232836805
2063,27,AL,Alagoas,2830890,-0.732107240140156,82.4612436459482,25.7912547184417,1.50355110684123,24.8907251477122,70.9902858340904,95.8810109818026,285.207784878921,47.205510281219,49.5403759523942
2064,27,AL,Alagoas,2809534,-0.754391728396375,82.611040586593,25.8704526008334,1.5040755527657,24.8421333127636,72.1736691338632,97.0158024466269,290.529272285892,47.4338274603546,49.8189559216385
2065,27,AL,Alagoas,2787727,-0.776178540640549,82.7582226439484,25.94818798848,1.50475391025709,24.7930043243282,73.3178647696949,98.110869094023,295.71996927275,47.6540486209733,50.0935467664052
2066,27,AL,Alagoas,2765493,-0.7975673371173,82.9028924784974,26.0247377092183,1.5055775118199,24.7434381378038,74.4200801697305,99.1635183075343,300.766933662421,47.8658839490825,50.3496198696696
2067,27,AL,Alagoas,2742851,-0.8187328624588821,83.0450257168072,26.0999323322309,1.50653812196272,24.6854531473654,75.4201131974711,100.105566344836,305.52452388552,48.0691069256041,50.5928010471204
2068,27,AL,Alagoas,2719843,-0.838835211974698,83.1846066515592,26.1737506172383,1.50762792027474,24.6436687093246,76.4801012775794,101.123769986904,310.343813576105,48.2634898411416,50.8336769089339
2069,27,AL,Alagoas,2696481,-0.8589466377287189,83.3217069707086,26.2462411392143,1.50883948469,24.6009966652928,77.465847352842,102.066844018135,314.889060824642,48.448760069142,51.0964708840952
2070,27,AL,Alagoas,2672812,-0.8777736613015291,83.4563665714629,26.3174090592474,1.51016577500085,24.5482599812382,78.3106350165304,102.858894997769,319.006866785596,48.624930971576,51.3596105702364
2000,28,SE,Sergipe,1826301,,69.4781125069327,20.1726763407556,2.69885659777416,56.9523010669094,12.8810274617822,69.8333285286916,22.6172204116022,26.3486068287758,22.6999325785881
2001,28,SE,Sergipe,1854456,1.54164072625487,69.6276570356405,20.2115490201758,2.42119278902071,55.3577227365331,12.8551421112689,68.2128648478021,23.2219489454996,26.5903612703672,23.0407310114962
2002,28,SE,Sergipe,1881740,1.47126704543004,70.6350717124766,20.4671398760982,2.25605550566233,53.7786357558423,12.8546760296475,66.6333117854898,23.9029418448031,26.854560672569,23.4174876847291
2003,28,SE,Sergipe,1908496,1.42187549820911,71.3516996897097,20.622808041007,2.24946585422822,52.2515553478874,12.8875390459379,65.1390943938253,24.6644123033918,27.1371750320671,23.8122783155986
2004,28,SE,Sergipe,1934956,1.38643203863147,72.1389817707496,20.9410906058815,2.10548284833876,50.7894275856641,12.9569028475584,63.7463304332226,25.5110235800642,27.4338253686389,24.2267602238946
2005,28,SE,Sergipe,1961295,1.36121958328768,72.5210902786902,21.1373929809684,2.13565174005165,49.3863615468145,13.0656908309154,62.4520523777299,26.4560709104479,27.741357623407,24.6542202244828
2006,28,SE,Sergipe,1988308,1.37730428109999,73.2226792128026,21.417479331377,2.08844892856124,48.0773317888391,13.2110230165336,61.2883548053726,27.4786942722983,28.0473608716557,25.0809242456214
2007,28,SE,Sergipe,2014700,1.32735974506968,73.8114785627039,21.542115369558,1.98207678156379,46.7358433732546,13.3862967493147,60.1221401225693,28.642463221227,28.3687263612448,25.5253195865552
2008,28,SE,Sergipe,2040599,1.28550156350822,73.8298475401533,21.5752446175546,1.99372470756612,45.4055873443285,13.5849477043519,58.9905350486805,29.919110177635,28.6962132197458,25.9731770699326
2009,28,SE,Sergipe,2065681,1.22914889206551,74.0652287410969,21.6452081793406,1.89864446955055,44.1107420389348,13.8056777655886,57.9164198045234,31.2977681341269,29.0278726482937,26.4285880197177
2010,28,SE,Sergipe,2087727,1.06725094532989,74.0939240219163,21.5251259204169,1.8277327274294,42.821053264353,14.0547709486292,56.8758242129823,32.8221047293325,29.375948100494,26.8986903026117
2011,28,SE,Sergipe,2107526,0.948351963642757,74.0352781215348,21.6130743759912,1.86595485381837,41.6248305340619,14.3375583880459,55.9623889221078,34.4447249492425,29.7257291250499,27.3750740159102
2012,28,SE,Sergipe,2126767,0.912966198281784,74.0872914503498,21.666056947688,1.78353666272862,40.4778663336764,14.6461261069386,55.123992440615,36.1830487462069,30.0774880370064,27.8518485191279
2013,28,SE,Sergipe,2145625,0.8866979786690271,74.3194629691826,21.8994645214485,1.79140053488872,39.3577206239368,14.9810279778882,54.3387486018249,38.0637591313581,30.4349250218468,28.3335960922154
2014,28,SE,Sergipe,2164191,0.865295659772802,74.1091720876165,21.8356203891989,1.78769503823641,38.3288480519204,15.3440648720807,53.6729129240011,40.0326794358536,30.7881892125048,28.8101316780511
2015,28,SE,Sergipe,2182252,0.8345381715384679,74.2100223434514,21.9319333870352,1.83272015731676,37.4395290920169,15.7383697913596,53.1778988833764,42.0367728255306,31.132609341176,29.2785553872669
2016,28,SE,Sergipe,2198312,0.735937004525611,74.3088725415996,21.9370035122924,1.67636970746546,36.6354513934264,16.1723939463872,52.8078453398137,44.1441099570812,31.4910544999982,29.759096546083
2017,28,SE,Sergipe,2212722,0.655502949535824,74.6769352362659,22.2428168452776,1.75922114397557,35.9180684610738,16.6535657843567,52.5716342454306,46.3654269226782,31.8621652426288,30.2506768593725
2018,28,SE,Sergipe,2227068,0.648341725711599,75.040398524986,22.3467620003794,1.78826541448712,35.3796185796827,17.1904265391155,52.5700451187982,48.5885015984525,32.2231108345143,30.7320412949136
2019,28,SE,Sergipe,2241300,0.639046495212536,75.4895798465864,22.3465804329569,1.71578613074867,34.8708512214789,17.7663336021095,52.6371848235884,50.948953007394,32.5868937670102,31.2100027107617
2020,28,SE,Sergipe,2254218,0.576361932806857,73.7716263194369,20.9996069887,1.67441147595143,34.3337965860174,18.3376272251706,52.671423811188,53.4098440853428,32.9452976597649,31.6754120879121
2021,28,SE,Sergipe,2264937,0.475508579915518,73.3022282078698,20.8537597432973,1.66025009965612,33.7467455748917,18.9028602546657,52.6496058295574,56.0138761016702,33.2904796027439,32.1226745790781
2022,28,SE,Sergipe,2273589,0.381997380059573,75.2652679201202,22.0503454889888,1.52533730886118,33.1493631232083,19.5606208373298,52.7099839605381,59.0075313502331,33.669436736367,32.6041718919823
2023,28,SE,Sergipe,2281994,0.369679832194825,76.1440316455131,23.1099186398748,1.56539537198072,32.5205958616033,20.3361651875515,52.8567610491548,62.5331875039907,34.0853446591008,33.1225942008685
2024,28,SE,Sergipe,2291077,0.398029092101027,76.3617434255048,23.2148134684178,1.52462190148086,31.9202341651185,21.1877330624574,53.1079672275759,66.3771229022209,34.5067210748482,33.6411642470023
2025,28,SE,Sergipe,2299425,0.36437011938053,76.5767981971322,23.318409139503,1.50292233927388,31.3831991900008,22.0884978905713,53.4716970805721,70.3831937491227,34.9324635506703,34.1628592379502
2026,28,SE,Sergipe,2307255,0.340519912586834,76.789400518019,23.4207841030264,1.48469371776334,30.8164993266397,23.0066535994773,53.823152926117,74.6569341170718,35.3592468106039,34.6865631766923
2027,28,SE,Sergipe,2314604,0.318517025643028,76.9995966047984,23.5218965513104,1.46948932433464,30.2372144388154,23.9317890260847,54.1690034649001,79.1468045924346,35.7859681396904,35.2101400180668
2028,28,SE,Sergipe,2321501,0.297977537410277,77.2075533422316,23.6218523375297,1.45690765219636,29.6737992975654,24.865863757519,54.5396630550844,83.797371237053,36.2116927798007,35.7334993247806
2029,28,SE,Sergipe,2327993,0.279646659639599,77.4131823856136,23.7205703504897,1.44659138585376,29.0735889148938,25.8023569422287,54.8759458571225,88.748441129023,36.6355886808938,36.2553843114009
2030,28,SE,Sergipe,2334102,0.262414878395245,77.6161652243557,23.8177041674652,1.43822516892397,28.4110555496102,26.7366107898027,55.1476663394129,94.1063620220529,37.0569902257913,36.7747638516848
2031,28,SE,Sergipe,2339726,0.240949195879181,77.8165663547696,23.9133652110612,1.43153261802081,27.8219167611078,27.6968889272931,55.5188056884009,99.5506138743487,37.4756941624789,37.292148491617
2032,28,SE,Sergipe,2344762,0.215238878398583,78.0146694652843,24.0078072277185,1.42627293483665,27.2847608113483,28.681884880276,55.9666456916243,105.120528923041,37.891806503176,37.8080031650935
2033,28,SE,Sergipe,2349229,0.190509740434219,78.2106454211327,24.1012138238264,1.42223737343855,26.6581319479054,29.656905636574,56.3150375844794,111.249001597444,38.3047672236295,38.3220547828796
2034,28,SE,Sergipe,2353143,0.166607853044543,78.4043023555441,24.1933982998752,1.41924574239293,26.0684298614899,30.6532425694931,56.721672430983,117.587605898644,38.7140781499467,38.8332482920883
2035,28,SE,Sergipe,2356505,0.142872745090283,78.5955119521229,24.2842776222239,1.41714306067904,25.5731768198431,31.7037260497786,57.2769028696216,123.972575926424,39.1192605150424,39.3414429768499
2036,28,SE,Sergipe,2359317,0.119329260918177,78.7843744588829,24.3739229856516,1.41579644038987,25.1307841963684,32.8223142543058,57.9530984506742,130.606008940417,39.5199309800252,39.8457169698522
2037,28,SE,Sergipe,2361569,0.0954513530822654,78.971017045655,24.4624855248977,1.41509223549129,24.8170773135507,34.0445741401103,58.861651453661,137.182044887781,39.9158483194859,40.345937696126
2038,28,SE,Sergipe,2363266,0.071859005601782,79.1553937612023,24.5499694232298,1.41493347197936,24.5906033363611,35.3685957528607,59.9591990892219,143.829719299984,40.3068325783048,40.8418644552474
2039,28,SE,Sergipe,2364416,0.048661471032041,79.3374633967113,24.636343665002,1.41523755843744,24.3787604925751,36.7697453974433,61.1485058900185,150.826968453306,40.6923502463188,41.3329416821894
2040,28,SE,Sergipe,2365018,0.0254608326115235,79.5171808805023,24.7215235593217,1.4159342653827,24.2249704937133,38.249765392389,62.4747358861023,157.893960706021,41.0721673154285,41.8188380788036
2041,28,SE,Sergipe,2365063,0.0019027339326793,79.6945662825454,24.8055153441811,1.41696395537974,24.1087138050871,39.7840692142711,63.8927830193582,165.019459502963,41.4463111553477,42.2993717760295
2042,28,SE,Sergipe,2364517,-0.0230860657834508,79.8696642758683,24.8883881713223,1.41827604249162,24.0214660593989,41.3534276314317,65.3748936908305,172.151972444877,41.8146716644456,42.773169311399
2043,28,SE,Sergipe,2363370,-0.0485088497989228,80.0424153081347,24.9701324245777,1.41982765831259,23.9585231389865,42.955332285253,66.9138554242395,179.290401315906,42.1771838518725,43.2394982497083
2044,28,SE,Sergipe,2361636,-0.0733698066743727,80.2128526391659,25.0507621743377,1.42158250189577,23.9164744965524,44.5869389013197,68.5034133978721,186.427723315772,42.5336042472252,43.6929903459855
2045,28,SE,Sergipe,2359296,-0.0990838554290385,80.3809112313852,25.1301706346167,1.42350985184634,23.8897405464806,46.2307782163454,70.1205187628259,193.517288839523,42.8836063808865,44.1348031117652
2046,28,SE,Sergipe,2356338,-0.125376383463538,80.5466609510536,25.2084673921992,1.42558372033531,23.8715423287326,47.8614438952433,71.7329862239759,200.495817304757,43.2272496560341,44.5608824254375
2047,28,SE,Sergipe,2352744,-0.15252480756156,80.7101236381747,25.2856566150825,1.4277821305474,23.8569092275279,49.4626729332724,73.3195821608003,207.330599540525,43.564466002251,44.9778189701216
2048,28,SE,Sergipe,2348509,-0.180002584216554,80.8712686859031,25.3616974680006,1.43008650093499,23.8412809978274,51.0189281635169,74.8602091613443,213.994072584297,43.8953859661598,45.3794031542166
2049,28,SE,Sergipe,2343619,-0.208217213559747,81.0301044046467,25.4366003792988,1.43248112149706,23.8227747134913,52.5310588217589,76.3538335352502,220.50772612986,44.2197682302456,45.7730978693589
2050,28,SE,Sergipe,2338074,-0.236599891023237,81.1866453354139,25.5103171544902,1.43495270906422,23.80259581439,54.0131235711689,77.81571938555891,226.921147560364,44.537459036797,46.1575436468673
2051,28,SE,Sergipe,2331879,-0.26496167358262,81.3408645117028,25.5828078456602,1.43749003020845,23.7842704161769,55.4916081158065,79.2758785319834,233.312214942124,44.8482095340281,46.5345325588113
2052,28,SE,Sergipe,2325022,-0.294054708670566,81.4927943159958,25.6540415690311,1.44008358188759,23.7712067992369,56.9868347195206,80.7580415187575,239.73050758765,45.1519817876992,46.9071489334888
2053,28,SE,Sergipe,2317494,-0.323781882494012,81.6424085367988,25.7239793786248,1.44272532127364,23.7628932870361,58.5023928525083,82.2652861395444,246.192212984537,45.4488486270083,47.2852001515343
2054,28,SE,Sergipe,2309300,-0.353571573432332,81.789738531465,25.7926950409289,1.4454084374017,23.7555997513786,60.0284593511172,83.7840591024958,252.691828366209,45.7388316805959,47.652467232074
2055,28,SE,Sergipe,2300444,-0.383492833326116,81.9347889140074,25.8601647125206,1.44812715832132,23.7488007385276,61.563297242041,85.3120979805685,259.226972847379,46.0219505451991,48.010073702166
2056,28,SE,Sergipe,2290934,-0.413398456993519,82.0775835698318,25.9264217275694,1.45087658834448,23.7416361910292,63.1031647902809,86.8448009813101,265.7911370663,46.2981251314966,48.3596968519238
2057,28,SE,Sergipe,2280801,-0.442308682834158,82.2181432792662,25.9914592577261,1.45365257077633,23.7355708556061,64.6445491367292,88.3801199923353,272.353041475135,46.5672748302022,48.7026581865623
2058,28,SE,Sergipe,2270043,-0.471676397897058,82.3565298817253,26.0553273975949,1.45645157219912,23.7301493016804,66.1842486141531,89.9143979158335,278.903633402199,46.8291428840775,49.0384703345531
2059,28,SE,Sergipe,2258678,-0.500651309248323,82.4927572079411,26.1180565561086,1.45927058496859,23.7237351776981,67.7204804163382,91.4442155940363,285.454545454545,47.0840704164117,49.3502192242833
2060,28,SE,Sergipe,2246716,-0.529601829034509,82.6268184299165,26.1796392215454,1.46210704508709,23.7119590279442,69.2218383668198,92.9337973947639,291.927960423864,47.3319867753646,49.6572534500168
2061,28,SE,Sergipe,2234178,-0.558058962503494,82.7587257959908,26.240044607844,1.46495876304963,23.6858330775164,70.6055512122242,94.2913842897407,298.091905744476,47.5723187677974,49.9603676048248
2062,28,SE,Sergipe,2221107,-0.585047386555593,82.8885505309287,26.2993259442555,1.46782386562775,23.6493059131848,71.8787661109218,95.5280720241066,303.936049433267,47.8045821295417,50.2569489115347
2063,28,SE,Sergipe,2207516,-0.611902083060389,83.0162895563104,26.3574981776958,1.47070074686973,23.6076884286903,73.0680479751678,96.6757364038581,309.509540486686,48.0285094196373,50.5430874785592
2064,28,SE,Sergipe,2193417,-0.638681667539442,83.1419879127499,26.4146065638607,1.47358802686276,23.5672453980262,74.2098310693531,97.7770764673793,314.885468437343,48.2439248897952,50.8226004293162
2065,28,SE,Sergipe,2178835,-0.664807467070783,83.2656476898028,26.4706486154792,1.47648451702876,23.5328156431516,75.3320445841502,98.8648602273018,320.114880116664,48.4505077254588,51.1016222677596
2066,28,SE,Sergipe,2163793,-0.690368935692698,83.3872390994453,26.5256377020184,1.47938919091802,23.521992806221,76.5531812591887,100.07517406541,325.453637750208,48.6477639034788,51.3871676960258
2067,28,SE,Sergipe,2148319,-0.715133101918719,83.5067992686598,26.5795798406775,1.48230115962686,23.5117706835754,77.6991556577487,101.210926341324,330.469179473697,48.8354480875512,51.660100311311
2068,28,SE,Sergipe,2132440,-0.739136040783517,83.6243820320586,26.6325201148892,1.48521965110343,23.512918294362,78.8264083735256,102.339326667888,335.247234676212,49.0129522987751,51.9147950341315
2069,28,SE,Sergipe,2116183,-0.762366115810997,83.7400180639923,26.6845070420483,1.4881439927217,23.526934610655,79.9340059013954,103.46094051205,339.755294194571,49.1801876302758,52.1508862105636
2070,28,SE,Sergipe,2099567,-0.785187292403355,83.8537494571768,26.735591675687,1.49107359660202,23.5382094252155,80.8965045165047,104.43471394172,343.681641432945,49.3371900015575,52.4022235969344
2000,29,BA,Bahia,13220667,,70.2440728726832,20.7441409115016,2.44069168709833,53.9727950560807,14.2706651275245,68.2434601836052,26.4404782311098,27.1834913472974,23.1502961041899
2001,29,BA,Bahia,13339902,0.901883392116298,70.7531450494978,20.862803237971,2.23942223607511,52.1787655109922,14.319014086265,66.4977795972571,27.4422247173488,27.4641231997057,23.5592690550613
2002,29,BA,Bahia,13453049,0.848184641836203,71.2269444444021,20.9965673270214,2.1985537206634,50.5160409184815,14.3886780139528,64.9047189324343,28.4833841930963,27.7592086373877,23.9847620367734
2003,29,BA,Bahia,13561082,0.8030372891676849,71.607432160827,21.156672137349,2.13294984695299,49.0055426595748,14.4878688164094,63.4934114759842,29.5637351004391,28.0672966213168,24.4428402071032
2004,29,BA,Bahia,13665384,0.769127419183802,72.2586259639406,21.4088939092985,2.05132013971574,47.6399712641972,14.6268798499089,62.2668511141061,30.702956911524,28.387339792281,24.9114492769674
2005,29,BA,Bahia,13766504,0.739971888093294,72.7403910293048,21.6261037501378,1.98984998008457,46.3855178332205,14.8096857370652,61.1952035702857,31.9273911963504,28.7181879291939,25.4019235928929
2006,29,BA,Bahia,13861288,0.688511767402966,73.2253863561611,21.9207878211192,1.89148124421599,45.1556189480991,15.0356126566125,60.1912316047116,33.2973238034765,29.065733357535,25.9068258156508
2007,29,BA,Bahia,13950172,0.641239111401481,73.4761809558741,22.0857845298919,1.85958769568018,43.9256941420591,15.2982158581635,59.2239100002226,34.8274880043737,29.4268376762666,26.4305961713089
2008,29,BA,Bahia,14037211,0.623927790997847,73.7492850507466,22.2461408395872,1.83474457628366,42.7406390934701,15.5891036665806,58.3297427600507,36.4737261707496,29.7903806532508,26.9560183818101
2009,29,BA,Bahia,14121771,0.602398866840437,73.8342459995677,22.293766787739,1.78845250971279,41.5926035467324,15.8991024098562,57.4917059565886,38.2257926989168,30.1572372190429,27.488341082388
2010,29,BA,Bahia,14187523,0.465607323614003,73.936489796679,22.2159452672889,1.73028046352828,40.4787983999993,16.2375306473128,56.7163290473121,40.1136676214012,30.5365256500377,28.0338883532117
2011,29,BA,Bahia,14237459,0.351971235570869,74.2101880407712,22.3637282311313,1.72458172909089,39.408669966566,16.605745532989,56.0144154995549,42.1372899594865,30.9237470675069,28.5920163678175
2012,29,BA,Bahia,14292856,0.389093306607591,74.5093740645964,22.5314962830456,1.70197481223776,38.3555563429182,16.9863944816697,55.3419508245879,44.2866590952368,31.3084714489532,29.1454245022019
2013,29,BA,Bahia,14351030,0.407014525298521,74.7045581938838,22.6193976034564,1.65108207688042,37.2861512522553,17.3822521746056,54.6684034268609,46.6185207934386,31.6965225492526,29.7007207022577
2014,29,BA,Bahia,14409611,0.408200665736191,74.9119267997298,22.6144932921287,1.66665180015089,36.2463608715435,17.8030675586451,54.0494284301886,49.1168413340554,32.0826603854885,30.2538829128913
2015,29,BA,Bahia,14470447,0.422190439422687,74.9851552586051,22.5937870338299,1.71263632075294,35.3422786091991,18.2617801491728,53.6040587583719,51.6712019366504,32.4545355095112,30.7944703145435
2016,29,BA,Bahia,14527076,0.391342437452002,75.0302846894356,22.6174351546055,1.64376572574086,34.5466517100721,18.7666318502644,53.3132835603365,54.3225780829953,32.8256703551355,31.333689220878
2017,29,BA,Bahia,14578692,0.355308941730592,75.2648821087649,22.753469740163,1.68566471747708,33.8432048647445,19.3219888467244,53.1651937114689,57.0926687467851,33.1998718403544,31.8747115590481
2018,29,BA,Bahia,14632652,0.370129226956717,75.3874222317555,22.7033591767146,1.70647210843952,33.277969547824,19.9215400513225,53.1995095991465,59.8640491652986,33.5610460769517,32.3990239191681
2019,29,BA,Bahia,14693250,0.4141286213873,75.6295506309863,22.7419019327336,1.6494176607556,32.7454653590245,20.5391650537436,53.2846304127682,62.7236926656873,33.9158522450785,32.9077525617446
2020,29,BA,Bahia,14748551,0.376370101917556,74.3659796130633,21.8537923160059,1.59079630390565,32.1830451609094,21.1459238452986,53.328969006208,65.705167859576,34.2687324334438,33.3978727615341
2021,29,BA,Bahia,14788270,0.269307812001318,73.4021634152498,21.3941832490414,1.57718702655602,31.6755836500185,21.7470543868549,53.4226380368735,68.6555759386686,34.6122898080709,33.8736562577257
2022,29,BA,Bahia,14811339,0.155995258404129,74.7373303297586,22.0282415827697,1.49432994789472,31.1856416035861,22.4054040909596,53.5910456945457,71.8452561462872,34.9756611471792,34.3640100415972
2023,29,BA,Bahia,14828806,0.117929918422632,75.5813735788575,22.8093560660097,1.46726989148434,30.635415750548,23.156423561272,53.79183931182,75.5871039904452,35.3736250915954,34.8869579462839
2024,29,BA,Bahia,14850513,0.146384004214495,75.810482244766,22.9183723656036,1.45969374179252,30.087388792989,23.9686898320276,54.0560786250166,79.663575981751,35.7820445664066,35.4018187560047
2025,29,BA,Bahia,14870907,0.137328589254793,76.0362855355907,23.0255230108625,1.4434254723078,29.5869058467863,24.8151052647044,54.4020111114907,83.8719175070475,36.1907615991412,35.9126876008055
2026,29,BA,Bahia,14889472,0.1248410739170149,76.2594734167093,23.1311425352777,1.43070332844738,29.0922650989009,25.6761483438725,54.7684134427734,88.2576459982914,36.5999835319882,36.4135288816509
2027,29,BA,Bahia,14906450,0.114026877514539,76.4803023515095,23.2355755610699,1.42090056065651,28.5804804221061,26.5380475343912,55.1185279564974,92.8537489309132,37.0084597607076,36.9106997596598
2028,29,BA,Bahia,14922077,0.104833813550509,76.6989248472125,23.3390501156245,1.41349004701354,28.0979081086816,27.4082011176957,55.5061092263773,97.5453439867548,37.4152342867551,37.401139546964
2029,29,BA,Bahia,14936533,0.096876594323958,76.9152074559157,23.4413776661375,1.40803233339383,27.6179573138973,28.2869278168187,55.904885130716,102.422230200873,37.8194287790882,37.8871957156767
2030,29,BA,Bahia,14949963,0.0899137704847508,77.1289785873891,23.5423523843321,1.40416366597542,27.0702499725936,29.1641938193919,56.2344437919855,107.735221687714,38.220112250445,38.3690563668496
2031,29,BA,Bahia,14961368,0.0762878142240186,77.3403953777364,23.6420942581395,1.40158471146718,26.5345480492187,30.0660394214305,56.6005874706492,113.309031552605,38.617454834344,38.8473757996082
2032,29,BA,Bahia,14969733,0.0559106627147975,77.5495358730184,23.7406673223132,1.40005033475415,26.0244167166069,31.0052733335648,57.0296900501717,119.13916715674,39.0118885887945,39.3247390765965
2033,29,BA,Bahia,14975126,0.0360260266499157,77.756393540921,23.8381203642664,1.39936058625116,25.467334496376,31.9600038055571,57.4273383019331,125.494106224995,39.4029805158234,39.7994335676388
2034,29,BA,Bahia,14977573,0.0163404301239289,77.9608443492558,23.9343474141983,1.3993529141827,24.9445680950064,32.9549000623266,57.899468157333,132.112530218248,39.7903311170642,40.2714257683845
2035,29,BA,Bahia,14977062,-0.0034117677143008,78.1627681264331,24.029269082511,1.39989553664856,24.5277327859999,34.0343122313749,58.5620450173748,138.7584923903,40.1734943742638,40.7406353235409
2036,29,BA,Bahia,14973560,-0.0233824230680191,78.3622029244709,24.1229744868666,1.4008818662966,24.1897002686272,35.2231526132808,59.412852881908,145.612191230676,40.5520149516882,41.2067772973175
2037,29,BA,Bahia,14967032,-0.0435968467084602,78.5593002791774,24.2156126884963,1.40222586316144,23.9526042575397,36.5507792606522,60.5033835181919,152.596264137529,40.9256202565746,41.6703470031546
2038,29,BA,Bahia,14957456,-0.0639806208739269,78.7541025716573,24.3072555908448,1.40385818918725,23.8195674544477,38.0301615418159,61.8497289962636,159.659328888085,41.2941470127006,42.1304821842173
2039,29,BA,Bahia,14944827,-0.0844328072902245,78.9465965152167,24.3978903661303,1.40572304464483,23.7336748089612,39.6379590213942,63.3716338303554,167.011469317124,41.6574134983296,42.5883286935355
2040,29,BA,Bahia,14929082,-0.1053541804130639,79.1366924534292,24.4874548218561,1.40777557782118,23.6837654362613,41.3501332622896,65.0338986985509,174.592732619198,42.0152777645672,43.0420663413175
2041,29,BA,Bahia,14910082,-0.127268374572531,79.3244075612113,24.5760262152254,1.40997977232107,23.6674912959732,43.1312413538658,66.7987326498389,182.238331957068,42.3676628337792,43.4944740454641
2042,29,BA,Bahia,14887696,-0.150140019350664,79.5097186448146,24.6636117851469,1.41230672945785,23.6743626794837,44.9468993011045,68.6212619805882,189.85473826527,42.7145465624768,43.9427396408231
2043,29,BA,Bahia,14861861,-0.173532560041523,79.692556380362,24.7501532537,1.414733275618,23.6988359187466,46.7905829583552,70.4894188771018,197.43831772489,43.0559372746118,44.3887364107049
2044,29,BA,Bahia,14832509,-0.1974988192932179,79.8728382594981,24.8355421756896,1.41724083570493,23.7365960701177,48.6578636001218,72.3944596702395,204.99090710558,43.3916834299578,44.8290034051575
2045,29,BA,Bahia,14799565,-0.2221067251669929,80.0505505290923,24.9197111296792,1.41981452362781,23.7789061853192,50.5136777181227,74.2925839034419,212.430619492957,43.7216031687418,45.2621680323823
2046,29,BA,Bahia,14762964,-0.24731132300172,80.2257158862459,25.0026794722018,1.4224424092919,23.8168133279598,52.3123163751217,76.1291297030816,219.644482470329,44.0454989932916,45.6849916087269
2047,29,BA,Bahia,14722701,-0.272729785156967,80.3984303797306,25.0845036902472,1.42511492875092,23.8437384250618,54.0186010842297,77.8623395092915,226.552565378974,44.3631899472794,46.0981853578811
2048,29,BA,Bahia,14678722,-0.298715568563135,80.5687214465527,25.1651924084021,1.42782441022604,23.8542472938901,55.606250903952,79.4604981978421,233.108386187456,44.6746734490918,46.4979021458891
2049,29,BA,Bahia,14630999,-0.325116859628516,80.7366286218521,25.244782921103,1.43056469372473,23.848036606112,57.0778300320636,80.9258666381756,239.339745132039,44.9799130599353,46.8893359709792
2050,29,BA,Bahia,14579502,-0.351971864668976,80.9021631935801,25.3232540574771,1.43333082614767,23.829396437038,58.4635976713713,82.2929941084093,245.342335152482,45.2788263961279,47.2685991689308
2051,29,BA,Bahia,14524236,-0.379066445479415,81.0653339811374,25.4006064839233,1.43611881718781,23.8057070282914,59.8145546402364,83.6202616685278,251.26140790169,45.5712885001318,47.6391622253011
2052,29,BA,Bahia,14465226,-0.406286430487635,81.2261335395443,25.4768305623924,1.43892544412192,23.7834685517977,61.1719919538919,84.9554605056896,257.203829713341,45.8572032680305,48.0019104471561
2053,29,BA,Bahia,14402461,-0.433902657310714,81.384534630802,25.5518973889781,1.44174809587553,23.7633242580761,62.542618286969,86.305942545045,263.189685111979,46.1365526349976,48.3549800491099
2054,29,BA,Bahia,14335932,-0.461927999666167,81.5405614778555,25.6258225425539,1.44458464859829,23.7437508745928,63.9172936572858,87.6610445318786,269.196278190742,46.4092972120682,48.6967983455064
2055,29,BA,Bahia,14265676,-0.4900692888331169,81.6942230488927,25.6985669309191,1.44743336649258,23.7262817614636,65.3050913217444,89.031373083208,275.243681156199,46.6753644201649,49.0261414249516
2056,29,BA,Bahia,14191722,-0.518405156544988,81.8455519815747,25.7701081638312,1.45029282285841,23.7125091092652,66.7145337780475,90.4270428873127,281.347424984142,46.9345618523249,49.3397251927979
2057,29,BA,Bahia,14114157,-0.54655101051162,81.9945552490251,25.8404226003039,1.45316183730426,23.7037719709256,68.1504003623358,91.8541723332614,287.50867349689,47.1866511758371,49.6483342245989
2058,29,BA,Bahia,14033062,-0.574564956305923,82.1412557618003,25.9095342539071,1.45603942587057,23.7016170738488,69.6201663224003,93.3217833962491,293.735934157909,47.4314689837471,49.952087178989
2059,29,BA,Bahia,13948473,-0.602783626267733,82.2856519397592,25.9774518032691,1.4589247614553,23.7055467747405,71.1178275500073,94.8233743247479,300.005008219372,47.6689013915717,50.2462418521624
2060,29,BA,Bahia,13860496,-0.630728539245839,82.4277427668047,26.0441496260798,1.46181714244874,23.7094495599298,72.5924735210787,96.3019230810085,306.175279765937,47.8986114926912,50.5252389866743
2061,29,BA,Bahia,13769228,-0.658475714000417,82.5675533440032,26.1095539368534,1.46471596790174,23.7065810575464,73.9854185002419,97.6919995577883,312.088100433574,48.1200608342022,50.7914936073136
2062,29,BA,Bahia,13674797,-0.685811869772224,82.7050787897987,26.1736869409293,1.46762071788679,23.6981829574573,75.2950491349596,98.9932320924169,317.724988747569,48.3326615378641,51.0470064338494
2063,29,BA,Bahia,13577355,-0.712566336450915,82.8403648585878,26.2366227037709,1.47053093798036,23.6884991457882,76.534842035332,100.22334118112,323.088607531895,48.5358343359218,51.2961049575829
2064,29,BA,Bahia,13477027,-0.738936265568657,82.9734581082163,26.2984322630957,1.47344622701144,23.6814820017664,77.7239897242617,101.405471726028,328.205767352162,48.7291816659564,51.531179389291
2065,29,BA,Bahia,13373933,-0.76496099621971,83.104361154324,26.3591383301496,1.47636622739431,23.680443635261,78.876920264486,102.557363899747,333.088862182613,48.9123577185559,51.7537202682883
2066,29,BA,Bahia,13268254,-0.7901864021600871,83.2331022306346,26.4188714402584,1.47929061750254,23.6770569672455,79.9232293689479,103.600286336193,337.55559012048,49.0849206685371,51.9679927307834
2067,29,BA,Bahia,13160165,-0.814643735340004,83.3596859515314,26.4775247000473,1.48221910565249,23.675646621069,80.8854649339086,104.561111554978,341.63994009747,49.2464939459346,52.1937794549553
2068,29,BA,Bahia,13049846,-0.8382797632096589,83.4841352681421,26.535108775065,1.48515142535337,23.6897067264105,81.8558033191345,105.545510045545,345.533206740282,49.3967418466088,52.4112078258676
2069,29,BA,Bahia,12937502,-0.860883722305994,83.6065120406542,26.5916884653612,1.48808733155203,23.7149161633617,82.7920762620827,106.506992425444,349.113931888962,49.5354480331675,52.619022205722
2070,29,BA,Bahia,12823350,-0.8823341631174259,83.7268873395181,26.6473233911709,1.49102659765742,23.7423934615666,83.6213324441554,107.363725905722,352.202622618982,49.6627787590606,52.8219131208404
2000,31,MG,Minas Gerais,18211412,,71.6048243981115,20.2287822843146,2.19145618890282,45.6305105181443,15.1132135925158,60.7437241106601,33.1208514235366,29.2395066346311,26.5257561142834
2001,31,MG,Minas Gerais,18422253,1.1577410911356,72.4015505583547,20.5539046333792,2.04212834379707,44.4653978329674,15.2696530288808,59.7350508618482,34.3405294297391,29.5273324060852,26.8515165524643
2002,31,MG,Minas Gerais,18624410,1.09735220768057,72.5472250195726,20.6081039425571,1.93540260213863,43.3244477647997,15.4377966017751,58.7622443665748,35.6329910668083,29.8277092804551,27.1960793403755
2003,31,MG,Minas Gerais,18816368,1.0306796295829,72.6819628406177,20.6678108378052,1.89273893393537,42.2239450605101,15.6196131885042,57.8435582490143,36.9923112729521,30.1368863534132,27.5588081462923
2004,31,MG,Minas Gerais,18998797,0.96952291749397,72.8747143536885,20.7394595187463,1.81347016869699,41.1685980236489,15.8255585317473,56.9941565553962,38.4408488301117,30.4537914690072,27.9338029272573
2005,31,MG,Minas Gerais,19172436,0.913947340981647,73.0809279872441,20.8658820913545,1.78987904146663,40.1463363443176,16.063600734786,56.2099370791036,40.0126193259965,30.7781294979939,28.330897696988
2006,31,MG,Minas Gerais,19335903,0.852614659921147,73.4624937718347,21.0629053060919,1.70582996193533,39.1180839950173,16.3375384922626,55.4556224872799,41.7646694923597,31.1142784487489,28.7452721809827
2007,31,MG,Minas Gerais,19487371,0.783351054253845,73.8140033993953,21.2041675817536,1.63857722165152,38.0553931451013,16.6469829165372,54.7023760616384,43.7440834024863,31.4653395781299,29.1821407514442
2008,31,MG,Minas Gerais,19633228,0.748469354845249,74.1887499171579,21.4343343497784,1.62705927504198,37.0048689399159,16.9960775042551,54.000946444171,45.9293006329825,31.8222865847633,29.6335349606262
2009,31,MG,Minas Gerais,19774776,0.720961423154654,74.4470641927411,21.5103476616761,1.56867797988134,35.9749010839085,17.3861520729143,53.3610531568228,48.328561160912,32.1838209444193,30.0930536805748
2010,31,MG,Minas Gerais,19886309,0.564016502639531,74.7902734174282,21.782119162578,1.56795884194773,35.0069472244616,17.8528141562881,52.8597613807497,50.9979177613442,32.5614779494777,30.5855709022323
2011,31,MG,Minas Gerais,19981515,0.4787514867640839,74.9232020216157,21.8673452222555,1.58653297569574,34.1292004685409,18.3886648279404,52.5178652964813,53.8795652271152,32.9412990956892,31.0880768505755
2012,31,MG,Minas Gerais,20094110,0.563495811003323,75.2437813622222,22.0753289400456,1.5904768086878,33.2957884438164,18.9505064355037,52.2462948793201,56.9156260332473,33.3083013878196,31.5779140637795
2013,31,MG,Minas Gerais,20214721,0.600230614841868,75.5925104080427,22.269358994265,1.57090493769159,32.4925386504338,19.5490931266531,52.041631777087,60.164868424007,33.6715269035867,32.061651089246
2014,31,MG,Minas Gerais,20340917,0.624277723150368,75.960590057172,22.4340731401314,1.62669633500427,31.7634510327962,20.1911089822163,51.9545600150125,63.5671135399258,34.0259041910451,32.5378546629602
2015,31,MG,Minas Gerais,20470203,0.635595730516969,76.2052681995109,22.5633687060403,1.64929917451894,31.1599388767394,20.8846769737583,52.0446158504977,67.0241268969515,34.3681628853412,33.0044968761485
2016,31,MG,Minas Gerais,20588168,0.576276649528107,76.5358374823806,22.6912730512152,1.54778675505202,30.5963436183086,21.6321350601922,52.2284786785008,70.701699948381,34.720762333006,33.4815767150885
2017,31,MG,Minas Gerais,20695003,0.518914553252148,76.7284859125931,22.7887896018997,1.59570137843059,30.0835727882874,22.4331030782644,52.5166758665518,74.5692781776184,35.0810431387712,33.9674717925561
2018,31,MG,Minas Gerais,20801238,0.513336480308801,77.0164209284859,22.8951845392745,1.61587324221696,29.6841588642026,23.2831944036106,52.9673532678133,78.4364297136572,35.4316955558126,34.4477046894841
2019,31,MG,Minas Gerais,20916751,0.555317909443653,77.1562293908309,22.9444014520704,1.5832294710803,29.3273871116246,24.1520448440878,53.4794319557124,82.3532105064844,35.7737194940075,34.9124072719052
2020,31,MG,Minas Gerais,21032009,0.55103204125726,76.6730406256019,22.4991130244393,1.53406858091851,28.9750086834384,25.0133180223667,53.9883267058051,86.3272149307889,36.10945806461,35.3602706887824
2021,31,MG,Minas Gerais,21117017,0.404183927460289,73.9752370235037,20.7603356992239,1.50991232949415,28.6772405017802,25.8172905557146,54.4945310574947,90.0271089685632,36.4208695290627,35.7790209643354
2022,31,MG,Minas Gerais,21178401,0.290684995896906,76.5053521514686,22.3377342292737,1.47638651085628,28.4520990479304,26.663419102285,55.1155181502155,93.7133638448531,36.7419185707174,36.2124006708101
2023,31,MG,Minas Gerais,21247401,0.325803633617094,77.3261263250558,23.0546122479332,1.47885972332859,28.2396827079423,27.6289842612077,55.86866696915,97.837445791971,37.0977314354824,36.6813943390841
2024,31,MG,Minas Gerais,21322691,0.354349221347117,77.5147147432322,23.156083474825,1.45909949926924,28.0463811565529,28.6347134887087,56.6810946452617,102.097712103646,37.458265985283,37.1461747096939
2025,31,MG,Minas Gerais,21393441,0.331806149608416,77.7011756758463,23.2565317463269,1.44787248376981,27.8671938637755,29.6516639422521,57.5188578060276,106.403479615492,37.8186770889265,37.6040690961157
2026,31,MG,Minas Gerais,21460311,0.312572437505487,77.8856616248472,23.3559899635702,1.43857091457682,27.6355100944096,30.6491442832225,58.2846543776321,110.904934189807,38.1772932368035,38.0564307819397
2027,31,MG,Minas Gerais,21523424,0.294091730543888,78.0682082549968,23.4544730583166,1.43094417890293,27.3543292791599,31.6166363239469,58.9709656031069,115.58183716109,38.5335213858167,38.498879875195
2028,31,MG,Minas Gerais,21582928,0.276461589011112,78.2488327139433,23.5519766250827,1.4247706968054,27.0571265851065,32.557684458592,59.6148110436986,120.329423585257,38.8869459231852,38.9355480912573
2029,31,MG,Minas Gerais,21638990,0.259751596261637,78.427476093167,23.6484093805918,1.41985554809276,26.7072776794282,33.4672081468368,60.174485826265,125.311192509207,39.2370563505968,39.3634958850651
2030,31,MG,Minas Gerais,21691665,0.243426333668983,78.6040692747956,23.7436775368135,1.41602800760778,26.2794659953733,34.3438869363555,60.6233529317288,130.687156818186,39.5831667601357,39.7855413444472
2031,31,MG,Minas Gerais,21739506,0.220550151406074,78.7786479257103,23.8378218345388,1.41313909795639,25.9020506038674,35.2323285899651,61.1343791938325,136.021387375039,39.9257716343692,40.2032302542113
2032,31,MG,Minas Gerais,21781071,0.191195696903135,78.9512599856101,23.9308757826465,1.41105923428413,25.5622260307406,36.140716216753,61.7029422474936,141.383290223985,40.2655742226817,40.6200351809079
2033,31,MG,Minas Gerais,21816402,0.162209654428835,79.1219282586325,24.0228623039217,1.409676009001,25.1642578636006,37.038980029875,62.2032378934756,147.188843122812,40.6022487576091,41.03512900482
2034,31,MG,Minas Gerais,21845584,0.13376174494768,79.2905878127977,24.1136908020141,1.40889214423537,24.7703441911711,37.9477598349459,62.718104026117,153.198355025166,40.9353516481867,41.4495056286387
2035,31,MG,Minas Gerais,21868646,0.10556824665342,79.4571941041914,24.2033036169084,1.40862362505996,24.4443031856213,38.9061831352253,63.3504863208466,159.162578044404,41.2643411027825,41.8611125936763
2036,31,MG,Minas Gerais,21885491,0.0770280885245445,79.6217655555636,24.2917377064971,1.40879801607549,24.1849231365472,39.9380088934111,64.1229320299583,165.135976111739,41.5888059354026,42.2701530018921
2037,31,MG,Minas Gerais,21896045,0.0482237295932775,79.7843448424959,24.379036034248,1.40935295679906,23.986016479232,41.058400171436,65.044416650668,171.176402746933,41.9085639438538,42.6762115852241
2038,31,MG,Minas Gerais,21900365,0.0197295904351691,79.9449448187369,24.4652283181675,1.41023482668199,23.8231662955449,42.2686351326539,66.0918014281988,177.42660487812,42.2233320312241,43.0790551314834
2039,31,MG,Minas Gerais,21898577,-0.0081642474908494,80.1035437715867,24.5502900803267,1.41139756782242,23.6899539639037,43.5615224508837,67.2514764147874,183.881836652187,42.5327602336901,43.4784611996413
2040,31,MG,Minas Gerais,21890702,-0.0359612407692111,80.2601161407394,24.6342136154407,1.41280165202692,23.5928192758508,44.9217802484591,68.5145995243099,190.404460455645,42.8365490060575,43.8738643633029
2041,31,MG,Minas Gerais,21876782,-0.063588641424106,80.4146778881167,24.7170371633756,1.41441317841259,23.5189085774635,46.3154800887243,69.8343886661878,196.928696483413,43.1345247669424,44.2649885958907
2042,31,MG,Minas Gerais,21856878,-0.0909823026073897,80.5672442559051,24.7987865896285,1.41620308792354,23.4618893855107,47.7163627022459,71.1782520877567,203.378176063322,43.4265467373703,44.651916509498
2043,31,MG,Minas Gerais,21831145,-0.117734106398915,80.7178370242216,24.8794874663437,1.4181464817376,23.4194709401162,49.1176961055117,72.5371670456279,209.730169529047,43.7124347806769,45.034643394961
2044,31,MG,Minas Gerais,21799759,-0.143767081387625,80.8664476064345,24.9591141747766,1.42022203139474,23.3909457666629,50.5214237677016,73.9123695343644,215.987092919113,43.9920087648675,45.4122729652131
2045,31,MG,Minas Gerais,21762815,-0.169469763404262,81.0130668042499,25.0376327849858,1.42241146947031,23.3731375381534,51.9163729108028,75.2895104489562,222.119828054991,44.2651705673186,45.7835706016106
2046,31,MG,Minas Gerais,21720372,-0.195025321862086,81.1577041899711,25.1150307994667,1.42469915066076,23.363089380377,53.2893553272162,76.6524447075932,228.092074894748,44.5319143705274,46.1467969186685
2047,31,MG,Minas Gerais,21672553,-0.220157371153684,81.3003777141914,25.1912994247616,1.42707167419112,23.3586261961152,54.6311053264647,77.9897315225799,233.879787568802,44.7922695125027,46.4985011510768
2048,31,MG,Minas Gerais,21619516,-0.2447196691594209,81.4411137104634,25.2664450293021,1.42951755945518,23.3576107837491,55.9307675945172,79.2883783782663,239.454146711918,45.0462643567044,46.8414069249684
2049,31,MG,Minas Gerais,21561387,-0.268872809178522,81.5799179018851,25.3404706823689,1.43202696773988,23.3589486432449,57.1888094051627,80.5477580484076,244.826127573601,45.2940199069754,47.1723548636164
2050,31,MG,Minas Gerais,21498240,-0.292870769399023,81.7167858403005,25.4133758369538,1.43459146375096,23.3637807505229,58.4213618918905,81.7851426424135,250.050976405362,45.5356892471198,47.491668302988
2051,31,MG,Minas Gerais,21430137,-0.31678407162633,81.8517229535921,25.4851944488828,1.43720381144406,23.3751067908793,59.6534385616901,83.0285453525694,255.200710291369,45.7714500845235,47.8017965782084
2052,31,MG,Minas Gerais,21357171,-0.340483124302937,81.9847427345239,25.5559541723843,1.43985779937209,23.3959005477195,60.9046281524764,84.3005287001959,260.32179453085,46.0013775700911,48.1011202850507
2053,31,MG,Minas Gerais,21279431,-0.363999520348457,82.1158726076934,25.6256798165799,1.44254809138963,23.4252036838851,62.1770734936638,85.6022771775488,265.428101854403,46.2257138830451,48.3883462675277
2054,31,MG,Minas Gerais,21196930,-0.387703035856546,82.2451262421755,25.6943647662351,1.44527009911211,23.4598325992704,63.4643388297293,86.9241714289998,270.52340872928,46.4448263026769,48.6634763472398
2055,31,MG,Minas Gerais,21109678,-0.411625645789271,82.3725188578822,25.7619960977553,1.4480198730174,23.4986321344722,64.7667360075272,88.2653681419994,275.619174924293,46.6589345891491,48.9244223613556
2056,31,MG,Minas Gerais,21017762,-0.435421137167513,82.4980796804858,25.828569904284,1.45079400950661,23.541341063924,66.0823763698998,89.6237174338238,280.707782069255,46.8680276234929,49.1609298832068
2057,31,MG,Minas Gerais,20921382,-0.458564522711791,82.6218297875472,25.8940937660474,1.45358957161425,23.5881102619044,67.407009916027,90.9951201779314,285.766893437376,47.0719246940761,49.3861577973335
2058,31,MG,Minas Gerais,20820592,-0.481755937537964,82.7438008463841,25.9585954800697,1.45640402138358,23.6379975889372,68.7424561887226,92.3804537776598,290.813364922648,47.2707531562983,49.600826788881
2059,31,MG,Minas Gerais,20715383,-0.505312240881528,82.8640056987862,26.0220791029818,1.45923516220375,23.6882519298625,70.0826366347142,93.7708885645767,295.853982143633,47.464690949716,49.804572907679
2060,31,MG,Minas Gerais,20605831,-0.528843710010096,82.9824456949931,26.0845244818022,1.46208108964911,23.733252882399,71.3889641696007,95.1222170519997,300.797216982186,47.6536242581044,49.9967797769218
2061,31,MG,Minas Gerais,20492077,-0.552047621860041,83.0991312461253,26.1458549257064,1.46494014957093,23.7702913960005,72.633035870117,96.4033272661176,305.562244316189,47.8371389586326,50.1962366735677
2062,31,MG,Minas Gerais,20374290,-0.574792882146602,83.2140708583339,26.2060979722898,1.46781090237224,23.7996960960063,73.8076346106825,97.6073307066888,310.120071756159,48.0146990152786,50.399290344854
2063,31,MG,Minas Gerais,20252570,-0.597419591063053,83.3272915203602,26.2653043363881,1.47069209255211,23.8218421314478,74.912366882149,98.7342090135968,314.469244102895,48.1859645960982,50.6004493966291
2064,31,MG,Minas Gerais,20126973,-0.620153392878042,83.4388239773142,26.3235307700065,1.47358262273897,23.8371776188661,75.9497934181882,99.7869710370543,318.619069054876,48.3507339628269,50.8002893114844
2065,31,MG,Minas Gerais,19997629,-0.642640102910652,83.5486790817346,26.3808177434539,1.47648153154677,23.8470285974797,76.9196194659516,100.766648063431,322.5543138489,48.5086752534513,51.0051118808743
2066,31,MG,Minas Gerais,19864705,-0.66469880004274,83.6568617562283,26.4372820572664,1.47938797468602,23.846981925188,77.7786021785427,101.625584103731,326.157005622545,48.6593741512899,51.2261473080413
2067,31,MG,Minas Gerais,19728389,-0.686222121093671,83.7633895656761,26.4928258464596,1.48230120884528,23.8324589547287,78.4828924453812,102.31535140011,329.310930921834,48.8024118441704,51.4305557686407
2068,31,MG,Minas Gerais,19588826,-0.707422182318085,83.8682808785765,26.5474653699496,1.48522057793041,23.8164170031175,79.1193138848681,102.935730887986,332.204940291866,48.9374991130147,51.6193866481823
2069,31,MG,Minas Gerais,19446199,-0.728103869011854,83.9715668898048,26.601220140429,1.48814550131027,23.8003876731491,79.6861488259724,103.486536499121,334.810297715747,49.0644084224377,51.8013899302151
2070,31,MG,Minas Gerais,19300724,-0.748089639522875,84.0732936417253,26.6541231660417,1.49107546376948,23.7857184977523,80.1811940261283,103.966912523881,337.098053328535,49.1830593505197,51.9934168005109
2000,32,ES,Espírito Santo,3181143,,72.4748573413013,20.7702781832946,2.12051054884987,45.9493737964354,13.0832851740832,59.0326589705185,28.4732610982789,28.3346897640251,25.564089752907
2001,32,ES,Espírito Santo,3229643,1.52460923636568,72.9658562553155,20.9916993311607,1.97583206669097,44.5850886033775,13.1946802310386,57.779768834416,29.594379296667,28.6389501873737,25.9102089185393
2002,32,ES,Espírito Santo,3277799,1.49106263447694,73.2652176590258,21.1055206134063,1.89851762795012,43.3096229271314,13.3166280572184,56.6262509843498,30.7475040353589,28.9518100408231,26.2794357454718
2003,32,ES,Espírito Santo,3325612,1.45869225050101,73.464003682901,21.1446952436748,1.88004923779652,42.139749534594,13.4530998450908,55.5928493796848,31.9249639441893,29.2698207126989,26.6634480899179
2004,32,ES,Espírito Santo,3373196,1.43083438476888,73.6780299119611,21.2226674542917,1.81516695050476,41.0740014839367,13.6110838515953,54.685085335532,33.1379543259703,29.5904207760237,27.057117868676
2005,32,ES,Espírito Santo,3420621,1.40593668437885,73.7414613136719,21.3221119379228,1.77226659618367,40.0950545794505,13.7982105732473,53.8932651526978,34.4137468273186,29.9126643963187,27.4699922498143
2006,32,ES,Espírito Santo,3466704,1.34721151510209,73.88199525288,21.4669171487665,1.70618513599785,39.1220110372575,14.0153645197185,53.137375556976,35.8247547815758,30.2470600316612,27.8963126820681
2007,32,ES,Espírito Santo,3511878,1.30308212065409,73.9530259262625,21.5684721180006,1.66603869780153,38.1590660219432,14.2637466325411,52.4228126544843,37.3797058458893,30.5890196071731,28.3416525509332
2008,32,ES,Espírito Santo,3557343,1.29460647550967,74.0708298049472,21.6609514537746,1.70332088362473,37.277043035053,14.5517045049567,51.8287475400097,39.0366384245477,30.9252408328351,28.7851517625008
2009,32,ES,Espírito Santo,3602364,1.26557939450878,74.4656974503896,21.7864746825501,1.6517492098012,36.4701779449148,14.8928338830648,51.3630118279796,40.8356490762375,31.2593510816786,29.2340502548943
2010,32,ES,Espírito Santo,3640888,1.06940886595579,74.8598298769856,22.0662636238687,1.66317923999559,35.7468584905817,15.3280846211682,51.0749431117499,42.8795291905351,31.6099462548697,29.7095713988281
2011,32,ES,Espírito Santo,3676063,0.966110465358994,74.9907404683262,22.2110030957747,1.70476287443147,35.1239942650881,15.8492035232499,50.9731977883381,45.1235796351425,31.9609329328687,30.1930367475989
2012,32,ES,Espírito Santo,3714258,1.03901918982345,75.4232143001431,22.4369973258894,1.69859252315353,34.5260755567765,16.412654240214,50.9387297969905,47.5369817610004,32.3009058606053,30.6626395155545
2013,32,ES,Espírito Santo,3753762,1.06357716669117,75.7648309407554,22.6735272155345,1.73712513463465,33.9605140795897,17.0263121482516,50.9868262278413,50.1356136963911,32.6343755944037,31.1243354026198
2014,32,ES,Espírito Santo,3793919,1.06978012990702,76.0368561018025,22.8171084338548,1.77366162733987,33.4650364012831,17.6907885012345,51.1558249025176,52.8634969617312,32.9578667862967,31.5779390871959
2015,32,ES,Espírito Santo,3834033,1.05732357491026,76.2351985801981,22.8312738727934,1.84262233740411,33.0899968349791,18.4055644306973,51.4955612656764,55.6227446091532,33.2682259125052,32.0215317383897
2016,32,ES,Espírito Santo,3870870,0.960789852356503,76.4302770901168,22.8300934623041,1.69912872815396,32.7353418907565,19.1708882790459,51.9062301698024,58.5632749553144,33.5900763910955,32.477384333215
2017,32,ES,Espírito Santo,3904551,0.870114470390382,76.6906889878386,22.9277862496069,1.79212271369672,32.4126611774762,19.9895004108111,52.4021615882873,61.6718889614096,33.9216478411986,32.9434695971567
2018,32,ES,Espírito Santo,3937119,0.834103588351143,76.8326002269543,22.9678423903108,1.817005269169,32.2122812760733,20.8592429934084,53.0715242694817,64.7555595787695,34.2420582156648,33.4020138329905
2019,32,ES,Espírito Santo,3970009,0.835382420495789,77.0869568188122,22.9840606400816,1.76943953191362,32.0203510383701,21.7437428419491,53.7640938803191,67.9060101992433,34.5601271936663,33.850754944889
2020,32,ES,Espírito Santo,4001467,0.792391150750538,75.0918180781057,21.534749576392,1.74083665040152,31.8093237717173,22.5747533364636,54.3840771081809,70.9689822344969,34.8629645077668,34.2714957084139
2021,32,ES,Espírito Santo,4027541,0.651611021657805,73.7459787455454,20.6525733984371,1.70488016499444,31.6612004781408,23.3397270164155,55.0009274945563,73.7171258952405,35.1439709738523,34.6627211198277
2022,32,ES,Espírito Santo,4050913,0.580304458725567,76.3148533176776,22.5500573018613,1.69597796716509,31.558393777543,24.1765305388867,55.7349243164297,76.6088753100316,35.4482443834266,35.0765100154083
2023,32,ES,Espírito Santo,4076068,0.620971124287295,76.9903088182083,23.1969900297847,1.72423108547392,31.4508898560634,25.1264390776074,56.5773289336709,79.8910275435762,35.7813147376344,35.5093739168794
2024,32,ES,Espírito Santo,4102129,0.63936617347895,77.1870530184253,23.2965282067725,1.68017520731782,31.3207185150791,26.0944461286374,57.4151646437164,83.3136893589285,36.1184575131596,35.9353351146021
2025,32,ES,Espírito Santo,4126854,0.602735798898579,77.3811902925865,23.3947894059334,1.66490025787068,31.1767719295017,27.0646500620411,58.2414219915428,86.810302629281,36.4603773237435,36.3523685186081
2026,32,ES,Espírito Santo,4150692,0.577631290081992,77.5732646452635,23.4920390027117,1.65045725750278,30.9561488101758,28.0097569644183,58.965905774594,90.4820465109374,36.8025497916974,36.7630905931342
2027,32,ES,Espírito Santo,4173644,0.552968035209545,77.7633330092136,23.588367434322,1.63682581416059,30.6791495649507,28.92537679862,59.6045263635707,94.2835026680976,37.1443470022839,37.1650254390284
2028,32,ES,Espírito Santo,4195747,0.529585177844583,77.9514380001281,23.6837998403346,1.62398406725888,30.3535246343441,29.8092970275713,60.1628216619154,98.2070365358593,37.4851422166303,37.5594143091533
2029,32,ES,Espírito Santo,4217060,0.507966757766853,78.1375073369615,23.7781645439375,1.61190897201294,29.9539265284856,30.6599395411849,60.6138660696705,102.356996542767,37.8241440719364,37.9477310169238
2030,32,ES,Espírito Santo,4237615,0.487424888429389,78.3214479171442,23.8713555479976,1.60057655923318,29.4623440290282,31.4787723004213,60.9411163294496,106.844086368031,38.1603442030482,38.3289782663003
2031,32,ES,Espírito Santo,4257145,0.4608724482993319,78.503317030361,23.9634360096065,1.58996217106381,29.0259645021812,32.3125806049402,61.3385451071214,111.323021160975,38.4940891137135,38.7055622429532
2032,32,ES,Espírito Santo,4275342,0.427446093567396,78.6831341467443,24.05446657247,1.58004067343902,28.6319703080573,33.1698162192275,61.8017865272848,115.848877539151,38.8257634126112,39.0790583274772
2033,32,ES,Espírito Santo,4292238,0.3951964544590899,78.8609016834496,24.1444549171423,1.57078664624778,28.1482668065044,34.0140852786133,62.1623520851177,120.839004093685,39.1549266373393,39.4477370961503
2034,32,ES,Espírito Santo,4307858,0.363912718726223,79.0365565422496,24.2332811515274,1.56217455235577,27.6830764365797,34.8759465469597,62.5590229835394,125.982914604374,39.4807421693101,39.8126400943794
2035,32,ES,Espírito Santo,4322219,0.333367534398765,79.2100671877428,24.3208469473048,1.55417888673838,27.291987462594,35.7916001492656,63.0835876118596,131.14325293576,39.802489184375,40.1733588649132
2036,32,ES,Espírito Santo,4335301,0.302668606102552,79.3814633603068,24.4071977988633,1.54677430704174,26.9743783068733,36.7870686167595,63.7614469236328,136.377818232741,40.1196823473157,40.5309982811499
2037,32,ES,Espírito Santo,4347105,0.272276365585689,79.550760108815,24.4923675841295,1.53993574691734,26.7162389952157,37.8767524735681,64.5929914687838,141.774268752241,40.432025221383,40.8852768773409
2038,32,ES,Espírito Santo,4357632,0.242161162428789,79.7179712881711,24.5764088862614,1.53363851347671,26.4644014542979,39.0520855015368,65.5164869558347,147.564589998292,40.7391757725297,41.2374634244779
2039,32,ES,Espírito Santo,4366921,0.213166233403839,79.8830741642225,24.6592736753289,1.52785837019143,26.2499575664947,40.31522468398,66.5651822504748,153.582056587543,41.0406595402115,41.5874307797835
2040,32,ES,Espírito Santo,4374959,0.184065615109597,80.0460490070605,24.7409459007992,1.52257160652604,26.0979262734656,41.6560133928332,67.7539396662988,159.614265732622,41.3360637208257,41.9341804849596
2041,32,ES,Espírito Santo,4381753,0.155292883887603,80.2068806993827,24.8214628399856,1.51775509554094,25.9790714332277,43.0352863396531,69.0143577728808,165.653674151765,41.6252602554274,42.2787964229704
2042,32,ES,Espírito Santo,4387329,0.127255005017402,80.3656295162702,24.9008785814843,1.51338634064289,25.8865390012721,44.4252592236895,70.3117982249616,171.615290949116,41.9080574992211,42.6166367555056
2043,32,ES,Espírito Santo,4391699,0.0996050216430121,80.5222881781807,24.9792213166888,1.50944351259531,25.8176153353414,45.8208904474983,71.6385057828397,177.479174014862,42.1843254740364,42.9476373682248
2044,32,ES,Espírito Santo,4394903,0.0729558196042035,80.6768813911611,25.0564865901948,1.50590547783086,25.7694496772787,47.2185900710939,72.9880397483726,183.234763110705,42.4538873781742,43.2675257032337
2045,32,ES,Espírito Santo,4396936,0.0462581312943744,80.8294223886139,25.1326947022122,1.50275181903804,25.735032029971,48.5965056267046,74.3315376566757,188.834059231436,42.7168974031007,43.5784249862863
2046,32,ES,Espírito Santo,4397835,0.0204460560717656,80.9798640133909,25.207797284874,1.49996284892186,25.7081685442933,49.9270954516428,75.635263995936,194.207126678908,42.9735110571452,43.880876576748
2047,32,ES,Espírito Santo,4397597,-0.0054117537379161,81.1282553922657,25.2818538968292,1.49751961796816,25.684207816737,51.1885101833805,76.8727180001174,199.29954837861,43.22369853354,44.1735105645999
2048,32,ES,Espírito Santo,4396248,-0.0306758441030452,81.2746082069258,25.3548770318364,1.49540391697247,25.6589316172171,52.366314469769,78.0252460869861,204.086106354605,43.4677156520742,44.4581676086805
2049,32,ES,Espírito Santo,4393804,-0.055592860093423,81.4189233381605,25.4268535153308,1.49359827502834,25.6298343960156,53.4618117106053,79.0916461066209,208.592107481258,43.7058334873381,44.7358530331237
2050,32,ES,Espírito Santo,4390253,-0.0808183523889561,81.5611973556985,25.4977726373919,1.49208595360645,25.5968034298892,54.4893211800663,80.0861246099555,212.875491775037,43.9384231387121,45.0069191679415
2051,32,ES,Espírito Santo,4385625,-0.105415337111547,81.701459400694,25.5676481104818,1.49085093729684,25.5625882091666,55.4738909122732,81.0364791214398,217.012027336029,44.1657132107738,45.2544525811409
2052,32,ES,Espírito Santo,4379924,-0.129992874447771,81.839734010934,25.636495700243,1.48987792172952,25.5308735940865,56.4370396713553,81.9679132654418,221.054087567247,44.3878944018207,45.4879116413941
2053,32,ES,Espírito Santo,4373149,-0.154683049294924,81.9760310701401,25.7043229009266,1.48915229913704,25.5000250911646,57.3789769495835,82.879002040748,225.015374472963,44.6052860307298,45.7145548448758
2054,32,ES,Espírito Santo,4365278,-0.179984720392556,82.1103637652073,25.7711294435609,1.48866014197319,25.465453633123,58.2945630705038,83.7600167036268,228.916256157636,44.8183302415104,45.9413202484655
2055,32,ES,Espírito Santo,4356314,-0.205347746466544,82.2427314174345,25.8369007201185,1.48838818495727,25.4275660425576,59.1951014948866,84.6226675374442,232.798929302997,45.0272891256232,46.1665133056057
2056,32,ES,Espírito Santo,4346275,-0.230447116530164,82.3731791574442,25.901636335455,1.4883238058716,25.3890908190826,60.09399889639,85.4830897154726,236.692205028558,45.2320656194097,46.3830058427301
2057,32,ES,Espírito Santo,4335186,-0.25513802048881,82.5017072832437,25.9653264507692,1.48845500540186,25.3516035045578,61.0004461940678,86.3520496986256,240.617703661628,45.4324658734366,46.6025387767047
2058,32,ES,Espírito Santo,4323047,-0.28001105373564,82.6283679670054,26.0280186576202,1.48877038627531,25.3147539464161,61.9219729850182,87.2367269314343,244.608235640325,45.6285791017308,46.8284163601109
2059,32,ES,Espírito Santo,4309835,-0.305617773760036,82.753159147796,26.0897156583124,1.48925913191969,25.2759647854616,62.8547993951648,88.1307641806264,248.674184857695,45.8206857107059,47.0585091905427
2060,32,ES,Espírito Santo,4295573,-0.330917540926745,82.8760897327512,26.1504047722854,1.48991098483763,25.2303574186242,63.7620711335085,88.9924285521327,252.71965067939,46.008464295683,47.2920488745517
2061,32,ES,Espírito Santo,4280303,-0.355482260457451,82.9972100621792,26.2100733201729,1.49071622486467,25.17579481249,64.622430256307,89.798225068797,256.684767005835,46.1914616792316,47.532452008217
2062,32,ES,Espírito Santo,4264049,-0.379739471714968,83.1165084210656,26.2687332619688,1.49166564745622,25.1139862961727,65.4351275757239,90.5491138718965,260.552533572482,46.3691554670221,47.7816739738323
2063,32,ES,Espírito Santo,4246830,-0.4038180611901979,83.2340152798959,26.3263994742194,1.49275054212737,25.0457652558734,66.2036926538264,91.2494579096998,264.330883794023,46.5412095610137,48.0423925065671
2064,32,ES,Espírito Santo,4228660,-0.427848536437769,83.3497451052658,26.3830917712238,1.49396267115072,24.9732124987463,66.9373932641177,91.910605762864,268.036774473761,46.7074661949648,48.2841279399263
2065,32,ES,Espírito Santo,4209558,-0.4517270246366499,83.4637192241686,26.438843082179,1.49529424860086,24.8990100422804,67.6386187793754,92.5376288216558,271.651839428635,46.8675115059586,48.5135740072202
2066,32,ES,Espírito Santo,4189575,-0.474705420379051,83.5759721443836,26.4937789862476,1.49673791981877,24.811603284157,68.2190083025405,93.0306115866975,274.948005258897,47.0208753871216,48.7431222401346
2067,32,ES,Espírito Santo,4168764,-0.496732962173962,83.6864858426022,26.5478157161566,1.49828674135644,24.7165278266252,68.7082354709782,93.4247632976033,277.984982166322,47.1673220167896,48.9855897590042
2068,32,ES,Espírito Santo,4147167,-0.518067225681285,83.7952754586382,26.6009941949335,1.49993416145037,24.6320247170949,69.2142693546352,93.8462940717301,280.993016812782,47.3064957355226,49.2195758766573
2069,32,ES,Espírito Santo,4124811,-0.539066789449283,83.9023900810186,26.653307583503,1.5016740010619,24.5570984354438,69.7200585166059,94.2771569520497,283.910001419294,47.4383131736218,49.4361800903
2070,32,ES,Espírito Santo,4101764,-0.558740752000519,84.0078714929238,26.7047803607712,1.50350043551377,24.4875982303119,70.1820755012487,94.6696737315606,286.60252770063,47.5627481249531,49.635297637972
2000,33,RJ,Rio de Janeiro,15351803,,70.7770276807133,19.6605942717403,1.96706898962409,41.2095184258121,16.6910740998563,57.9005925256684,40.5029583878895,30.7118008874918,28.6470427229818
2001,33,RJ,Rio de Janeiro,15521958,1.10837144014941,71.1137964434042,19.7931027682628,1.82292685734727,40.4603682565057,16.8214596141691,57.2818278706747,41.575152029083,30.9516218894549,28.8989298882648
2002,33,RJ,Rio de Janeiro,15676803,0.997586773524328,71.2933548815735,19.8669081808218,1.73325927872805,39.6632903521273,16.9585175280358,56.6218078801631,42.7562044839941,31.2148822690443,29.1808460780465
2003,33,RJ,Rio de Janeiro,15818316,0.902690427378583,71.4644302979658,19.940156319815,1.72258314563026,38.8555162783874,17.1146916208755,55.9702078992629,44.0470060885416,31.4955974453918,29.4862158066137
2004,33,RJ,Rio de Janeiro,15949905,0.831877426143213,71.8897544150127,20.1511879091571,1.69722923321693,38.063048889805,17.3109155779546,55.3739644677597,45.4795821219442,31.7892845129799,29.8095264970905
2005,33,RJ,Rio de Janeiro,16073930,0.777590838315345,72.2508217453057,20.2551133444891,1.64029676887434,37.283212633274,17.5571794034217,54.8403920366956,47.0913801772342,32.0910919731516,30.1488356132333
2006,33,RJ,Rio de Janeiro,16190233,0.723550494496372,72.5411576431053,20.4020132015785,1.60106277806206,36.4865907026851,17.8509319268834,54.3375226295685,48.9246366489641,32.3990455233103,30.5057084946064
2007,33,RJ,Rio de Janeiro,16297848,0.664690866400752,72.6179073470661,20.3579897374442,1.58513979107077,35.6510922139944,18.1828229966575,53.8339152106519,51.0021485106704,32.7114244776366,30.8737078718701
2008,33,RJ,Rio de Janeiro,16398749,0.619106277098669,72.7978485809873,20.4238871192326,1.57329489149841,34.790853547925,18.5484486302202,53.3393021781452,53.3141522517389,33.0230751138395,31.254145453458
2009,33,RJ,Rio de Janeiro,16495668,0.591014595076733,72.9452192598325,20.4196866352715,1.57485905610745,33.9282285263508,18.9474792423677,52.8757077687186,55.8457663878676,33.3313200168675,31.6408532893729
2010,33,RJ,Rio de Janeiro,16575147,0.481817408061325,73.244556580873,20.565032926527,1.56526272319548,33.0980265438719,19.4061947723397,52.5042213162116,58.6324829566998,33.6463995764261,32.0480854445445
2011,33,RJ,Rio de Janeiro,16642646,0.4072301741878889,73.5279601935381,20.7111635675103,1.60771352862157,32.336698927046,19.9301751458542,52.2668740729003,61.6333015030946,33.963038749968,32.4752013519344
2012,33,RJ,Rio de Janeiro,16719094,0.459350033642481,73.7820560792023,20.8920780817529,1.62781222020272,31.6485029852391,20.4921233384993,52.1406263237384,64.749107874255,34.266445538257,32.8885002668564
2013,33,RJ,Rio de Janeiro,16800610,0.487562304512434,74.0700446504662,21.0485605086848,1.63899209952554,31.0178479871297,21.0927135439306,52.1105615310603,68.0018599378094,34.5619212635732,33.2982218634357
2014,33,RJ,Rio de Janeiro,16885883,0.507558951728537,74.2081342243114,21.1152296131173,1.71288004945498,30.4858793935195,21.7326493698609,52.2185287633804,71.2875921646552,34.8431684620816,33.6958780376302
2015,33,RJ,Rio de Janeiro,16971856,0.509141274992841,74.1827029327634,21.069885881093,1.75386137374082,30.1093590524414,22.4152401514439,52.5245992038853,74.4460887141546,35.1069105229269,34.080809275911
2016,33,RJ,Rio de Janeiro,17043727,0.423471658020191,74.3283888939831,21.1698023554364,1.62153280721244,29.8195869765291,23.1549373848118,52.9745243613409,77.6500942251042,35.3839454832854,34.4760841260082
2017,33,RJ,Rio de Janeiro,17100398,0.332503565681375,74.2976247029977,21.2267335880028,1.66054324537156,29.6003063894136,23.9571647485151,53.5574711379287,80.9355296304746,35.6773395566583,34.8864555822988
2018,33,RJ,Rio de Janeiro,17148943,0.28388228157028,74.4836763525977,21.3274520298925,1.65453771064562,29.4965000469264,24.8156845552957,54.3121846022221,84.1309460980662,35.970383772341,35.2961965909342
2019,33,RJ,Rio de Janeiro,17193919,0.262266893067409,74.4893227591547,21.2539712909693,1.57878441298346,29.3932178287924,25.6884407969326,55.0816586257251,87.3958099673226,36.2681888288528,35.7019405430103
2020,33,RJ,Rio de Janeiro,17222305,0.165093251864223,72.5568339610737,19.6664256833189,1.5240275231252,29.2469730161985,26.4767724180534,55.723745434252,90.5282485246907,36.5495176748989,36.0796959595508
2021,33,RJ,Rio de Janeiro,17220455,-0.0107418838535267,71.4851889777062,19.1279545381137,1.46096256841052,29.0773795643737,27.1699154417789,56.2472950061526,93.4400411895029,36.8093718778046,36.4258801274693
2022,33,RJ,Rio de Janeiro,17211760,-0.0504922779334227,74.740397130306,21.1810237364926,1.40448522053629,28.8645582266011,27.9650986276576,56.8296568542586,96.8838615443816,37.1120785439723,36.8167795695013
2023,33,RJ,Rio de Janeiro,17213813,0.0119278911627774,75.385297359227,21.728746412792,1.38757223788676,28.5997370864801,28.9051061897404,57.5048432762205,101.067733952718,37.4662430107728,37.257687900832
2024,33,RJ,Rio de Janeiro,17219679,0.0340772843297366,75.6210527022552,21.8598575250242,1.38309392785953,28.3104751864897,29.8695697624665,58.1800449489561,105.507129660334,37.8264415381959,37.694744663341
2025,33,RJ,Rio de Janeiro,17223547,0.0224626719232068,75.8536500241925,21.9890928256301,1.37713142269824,28.0099717174117,30.8338959816443,58.843867699056,110.081853322534,38.1845734214909,38.1255376775461
2026,33,RJ,Rio de Janeiro,17225410,0.0108165873150323,76.0836208136167,22.1168033702536,1.37425097160975,27.6584314806054,31.7757715205366,59.4342030011421,114.886382992536,38.5399483089227,38.5461049949235
2027,33,RJ,Rio de Janeiro,17225576,0.0009636925913492,76.311120650042,22.243256010523,1.37341165192134,27.2379906582662,32.6808614774912,59.9188521357574,119.982644415708,38.8914966326815,38.959450163478
2028,33,RJ,Rio de Janeiro,17224268,-0.0075933600130362,76.5363099369997,22.368670031035,1.37391364991481,26.777198908702,33.5504138908721,60.3276127995741,125.294710642676,39.238547437836,39.3600719161682
2029,33,RJ,Rio de Janeiro,17221632,-0.0153039885352424,76.7590968242192,22.4929475461432,1.37529000439945,26.2381267436943,34.3783732563989,60.6165000000933,131.024495735622,39.5804987007039,39.7534982048954
2030,33,RJ,Rio de Janeiro,17217772,-0.0224136713640188,76.9794011586689,22.6159796080938,1.37723111023314,25.6067537677781,35.1693218228166,60.7760755905947,137.343929424867,39.9166329999027,40.1386268558773
2031,33,RJ,Rio de Janeiro,17211753,-0.0349580654221748,77.1971833530398,22.7377157546103,1.37953293330167,25.0525534994063,35.983204212214,61.0357577116202,143.630884624463,40.2473306466808,40.5218727411576
2032,33,RJ,Rio de Janeiro,17202600,-0.0531787784777027,77.4124474963902,22.8580865154639,1.38206187821177,24.5826064738327,36.835799142904,61.4184056167367,149.844969377492,40.5732651459663,40.9039109300309
2033,33,RJ,Rio de Janeiro,17190320,-0.0713845581481909,77.6251650375315,22.9770869016077,1.38473113179115,24.0967011239018,37.6966625728092,61.7933636967109,156.439100850272,40.8942738704108,41.2901682926731
2034,33,RJ,Rio de Janeiro,17174885,-0.089788904453203,77.8351925367498,23.0945635529748,1.3874848183232,23.6802574022565,38.5934165483974,62.2736739506539,162.977183452068,41.2100562536518,41.6779728316825
2035,33,RJ,Rio de Janeiro,17156215,-0.108705240238871,78.0425050188279,23.2104772224421,1.39028742914808,23.3789131855438,39.5568783238376,62.9357915093814,169.198961516728,41.5202019209948,42.0665536659849
2036,33,RJ,Rio de Janeiro,17134167,-0.128513194781021,78.2472091722211,23.3249456830742,1.39311679373398,23.1840945065695,40.6030412644159,63.7871357709855,175.133176984378,41.8244676265849,42.4581301376647
2037,33,RJ,Rio de Janeiro,17108585,-0.1493040192733,78.4494334461614,23.4380490832423,1.39595941941578,23.0975511195909,41.7456537435992,64.84320486319,180.736276012358,42.1229082942862,42.8479546788174
2038,33,RJ,Rio de Janeiro,17079440,-0.170353071279716,78.6491726847697,23.5497991221876,1.39880741083923,23.0827958320163,42.9823833876482,66.0651792196645,186.209606931717,42.4154726384472,43.2378974138237
2039,33,RJ,Rio de Janeiro,17046767,-0.191300183144183,78.8464124386228,23.6602029187943,1.40165644053962,23.1032475074109,44.2962080907668,67.3994555981777,191.731522057917,42.7021087341664,43.624781177512
2040,33,RJ,Rio de Janeiro,17010519,-0.212638560731193,79.0410964697129,23.7692214229332,1.40450441754862,23.1465234158927,45.6609758145234,68.8074992304161,197.269261539174,42.9828278608078,44.0084368041964
2041,33,RJ,Rio de Janeiro,16970634,-0.234472563711896,79.2331808898247,23.8768235955415,1.40735061863294,23.2044110217762,47.0384664308033,70.2428774525795,202.713468515361,43.2576443520024,44.3861479697617
2042,33,RJ,Rio de Janeiro,16927084,-0.256619758578258,79.4226776931202,23.9829849720537,1.41019512549233,23.2671071872147,48.3966047931938,71.6637119804085,208.004391795589,43.5266387878739,44.7594911827474
2043,33,RJ,Rio de Janeiro,16879962,-0.278382265959098,79.6096079322246,24.0877309659374,1.41303846378351,23.3301900216977,49.7258470435442,73.0560370652419,213.139485779147,43.7898006523948,45.128074755528
2044,33,RJ,Rio de Janeiro,16829380,-0.29965707268772,79.7939463870937,24.1910369053814,1.41588137484637,23.3920212985918,51.0289610645482,74.42098236314,218.146864750076,44.0471190857893,45.4911588650299
2045,33,RJ,Rio de Janeiro,16775377,-0.320885261370296,79.9756686836225,24.2928785080154,1.41872467431018,23.4491123933661,52.2983001966546,75.7474125900207,223.028911795612,44.2986768047001,45.8479038379733
2046,33,RJ,Rio de Janeiro,16718009,-0.341977411297523,80.1548281176269,24.3932945819514,1.42156916725208,23.4995850704131,53.5272509255042,77.0268359959173,227.779557660774,44.5445441499643,46.1931510821166
2047,33,RJ,Rio de Janeiro,16657310,-0.363075531302803,80.3314395848085,24.49230591909,1.42441559987397,23.5421097892402,54.7125911803394,78.2547009695797,232.403092459221,44.7848994825695,46.5172678666212
2048,33,RJ,Rio de Janeiro,16593374,-0.383831482994557,80.5054854625163,24.5898986790147,1.42726463449685,23.574243773026,55.8424256958929,79.416669468919,236.878969410627,45.0199773716907,46.8247251514472
2049,33,RJ,Rio de Janeiro,16526238,-0.404595231807592,80.6769551783081,24.6860672662506,1.43011683920305,23.5953072868566,56.9197857574703,80.5150930443269,241.233500651109,45.2500660464892,47.1103901655425
2050,33,RJ,Rio de Janeiro,16455926,-0.42545677969783,80.8458381563465,24.7808092824895,1.4329726864581,23.6087316060241,57.9770659725709,81.585797578595,245.574675251834,45.4755403615694,47.3759851387438
2051,33,RJ,Rio de Janeiro,16382471,-0.446374151172046,81.0121688614042,24.8741654984742,1.4358325570294,23.6214884592688,59.0612704505807,82.6827589098495,250.031959469539,45.6966272670344,47.629407439036
2052,33,RJ,Rio de Janeiro,16305949,-0.467096813417223,81.175976583594,24.9661683057239,1.43869674682922,23.6398244224055,60.2084778167602,83.8483022391657,254.69088408159,45.9134756278215,47.8726166513742
2053,33,RJ,Rio de Janeiro,16226415,-0.487760632637824,81.3373091317185,25.0568781526937,1.4415654751727,23.6646762925245,61.4304799871694,85.0951562796939,259.587239765349,46.1263645728277,48.1080018300905
2054,33,RJ,Rio de Janeiro,16143853,-0.50881232853961,81.4961300616228,25.1462380210995,1.44443889350785,23.6931061275338,62.7168880517195,86.4099941792534,264.705217265017,46.3356707968042,48.3366209596525
2055,33,RJ,Rio de Janeiro,16058256,-0.530214193600498,81.6524700305376,25.2342207893822,1.44731709404439,23.7223823892767,64.0531768912754,87.7755592805521,270.011568990767,46.5416070711539,48.5589643693749
2056,33,RJ,Rio de Janeiro,15969727,-0.551298970448599,81.8064194283182,25.3208171210376,1.45020011794847,23.7493726593546,65.4119932725156,89.1613659318702,275.426194244127,46.7440579291055,48.7761965241637
2057,33,RJ,Rio de Janeiro,15878470,-0.571437445361467,81.9579768640909,25.4060133128649,1.45308796292449,23.7726079276546,66.7684223410485,90.5410302687031,280.862842411904,46.9426016486475,48.9903621524361
2058,33,RJ,Rio de Janeiro,15784587,-0.591259737241689,82.107146648915,25.4898143361802,1.45598059010328,23.7928157110225,68.1241266395589,91.9169423505814,286.322255705107,47.1370676977484,49.2038234488256
2059,33,RJ,Rio de Janeiro,15688132,-0.611070786964529,82.2539092934307,25.5722038219564,1.45887793021684,23.80924865248,69.4758270635515,93.2850757160315,291.801845902915,47.3274343306137,49.4154970774854
2060,33,RJ,Rio de Janeiro,15589202,-0.630604077018215,82.3982637205098,25.6531518817094,1.46177988907645,23.8144391145975,70.761057546371,94.5754966609685,297.135100288786,47.51335135692,49.6308752366406
2061,33,RJ,Rio de Janeiro,15487970,-0.649372559288153,82.5402771008352,25.7325639435604,1.46468635239225,23.7960015691021,71.8739336391103,95.6699352082124,302.042061269802,47.6942114428166,49.8536263587022
2062,33,RJ,Rio de Janeiro,15384637,-0.667182335709582,82.6799300844206,25.8104342897978,1.46759718998338,23.7586475274151,72.8229748708198,96.5816223982348,306.511449301941,47.8692172587497,50.0877783720704
2063,33,RJ,Rio de Janeiro,15279338,-0.684442538358232,82.8172522973413,25.886816074154,1.47051225943233,23.709772145542,73.6421361479759,97.3519082935179,310.598244875257,48.0377627617113,50.3267115622106
2064,33,RJ,Rio de Janeiro,15172186,-0.70128692748338,82.9522475254633,25.9617533509779,1.47343140923805,23.6578498291288,74.3781820536027,98.0360318827315,314.391132714117,48.1994813403949,50.5755060509419
2065,33,RJ,Rio de Janeiro,15063273,-0.717846459303884,83.0849228864533,26.0352914556727,1.47635448152062,23.61084456551,75.0720002870119,98.6828448525219,317.955590613115,48.3540374658283,50.8359632046501
2066,33,RJ,Rio de Janeiro,14952732,-0.733844497142155,83.2153627199318,26.1077091208721,1.47928131432739,23.5716947674171,75.7308869756967,99.3025817431138,321.278922550698,48.5010420838145,51.1127575636779
2067,33,RJ,Rio de Janeiro,14840716,-0.749134004408025,83.3435599577871,26.1788302562911,1.4822117435865,23.5406258022406,76.3473130511637,99.8879388534043,324.32150994005,48.6401667547577,51.368792614779
2068,33,RJ,Rio de Janeiro,14727366,-0.763777165468293,83.4695219009198,26.2486551764674,1.48514560475032,23.5239555156676,76.9537377263724,100.47769324204,327.129243528449,48.7711926219529,51.6063786502478
2069,33,RJ,Rio de Janeiro,14612771,-0.778109269505489,83.5932825448182,26.317193260259,1.48808273416668,23.5261469906826,77.5712291242776,101.09737611496,329.723473865054,48.8939989547499,51.8304789755557
2070,33,RJ,Rio de Janeiro,14497053,-0.7918963487486439,83.7149169985281,26.3845134215062,1.49102297021247,23.5479815550615,78.194270802602,101.742252357663,332.06358099,49.0086799020463,52.0565808276564
2000,35,SP,São Paulo,38014008,,71.8853179211545,20.0447168502798,2.03614934308961,41.9687381253145,14.1927801912274,56.1615183165419,33.8175051840947,29.5464893099407,27.2757399996636
2001,35,SP,São Paulo,38502642,1.28540510645445,72.4305997944571,20.2757054713635,1.88105224592527,40.9944129214219,14.346237651417,55.3406505728389,34.9955923967392,29.8168279984527,27.5771383087227
2002,35,SP,São Paulo,38980013,1.2398395933453,72.8685971558785,20.4568310735061,1.81670180493532,40.0568745088821,14.5154551657913,54.5723296746733,36.2371137133344,30.1002615622524,27.8923623559444
2003,35,SP,São Paulo,39447490,1.19927358669685,73.1725976262696,20.4918124968203,1.76125088257773,39.1757062550426,14.7050125669448,53.8807188219875,37.5360496916428,30.3921341509941,28.2227428947044
2004,35,SP,São Paulo,39908453,1.16854836644866,73.6280468577647,20.6561699771636,1.77264773671131,38.3591245805756,14.9263216139359,53.2854461945115,38.9120496808584,30.6893621258634,28.5667825169464
2005,35,SP,São Paulo,40365600,1.14548915238584,74.0320350964138,20.7602154151473,1.7397354424908,37.5982470305789,15.1881585917864,52.7864056223653,40.395922127523,30.9903124194859,28.9198350674309
2006,35,SP,São Paulo,40814959,1.11322264502447,74.4373294593232,20.9434538796651,1.6889528565942,36.8550462461911,15.4915623260251,52.3466085722162,42.0337617338523,31.2977351759682,29.2933962701702
2007,35,SP,São Paulo,41251684,1.07001210022042,74.6412770601677,21.009578050174,1.65360620766721,36.1004100545591,15.8324151747626,51.9328252293217,43.8566075865476,31.6137161091411,29.682661906357
2008,35,SP,São Paulo,41682646,1.04471371399044,74.8734273801061,21.1312062337238,1.66627942617297,35.3775288481956,16.2086996025514,51.5862284507471,45.8163702504567,31.9287277971749,30.078739857218
2009,35,SP,São Paulo,42104896,1.01301150603539,74.9764494718102,21.1677290732315,1.65110274775546,34.7028749938095,16.6192136004697,51.3220885942792,47.8900194967546,32.2404267427712,30.4853893866299
2010,35,SP,São Paulo,42472858,0.873917370559463,75.1141068851094,21.1921990301478,1.65608834671505,34.0909670104191,17.0826550494928,51.1736220599118,50.1090363446478,32.5589194633429,30.909711074919
2011,35,SP,São Paulo,42807026,0.786780112607444,75.262569597788,21.2733256716471,1.68317883571743,33.5476780274192,17.5940046709944,51.1416826984135,52.4447762274768,32.8764114330204,31.3479896214928
2012,35,SP,São Paulo,43162273,0.8298801229499111,75.4886358754687,21.4243461977891,1.70296951972679,33.0418202982705,18.1285712824724,51.1703915807429,54.8655344010249,33.1821257420804,31.7734573914081
2013,35,SP,São Paulo,43520300,0.829490606298711,75.710107600666,21.5797334232436,1.68930880886286,32.55019130069,18.694000807719,51.2441921084091,57.4313085752057,33.4848405226986,32.1965931293215
2014,35,SP,São Paulo,43873200,0.81088595437071,75.8722590956246,21.6341483068861,1.73369335756474,32.0981388991077,19.294299063592,51.3924379626997,60.1103357557232,33.7823674361569,32.6151210479641
2015,35,SP,São Paulo,44217931,0.785743916559545,76.0701141477827,21.6827406938763,1.76037622834287,31.7420665140651,19.9354150252322,51.6774815392973,62.8044019011766,34.0701192238054,33.0267061289507
2016,35,SP,São Paulo,44530110,0.706000920757699,76.3072374560011,21.7631431146832,1.67811453951695,31.4297754318722,20.6246755661837,52.0544509980559,65.6214538054535,34.3669604454155,33.4468629158137
2017,35,SP,São Paulo,44809066,0.626443545726696,76.4828255907718,21.8802470312329,1.71449902368872,31.1588426706827,21.3646621304189,52.5235048011016,68.5669309230183,34.6734166027919,33.8768839308328
2018,35,SP,São Paulo,45062167,0.564843284169325,76.713983268343,22.0066930580407,1.71400300780383,30.9638922708738,22.1544839830964,53.1183762539702,71.5494156525533,34.9800786766424,34.3102584395131
2019,35,SP,São Paulo,45306139,0.541412045275136,76.8136577847233,22.064388164412,1.66059360388698,30.7605350224159,22.9633681127536,53.7239031351695,74.6520439128243,35.2905232776512,34.7410296360053
2020,35,SP,São Paulo,45523191,0.479078563724,75.552614619638,21.1006333838933,1.58579858965181,30.4992736015135,23.7356939477183,54.2349675492318,77.8238008479665,35.5985949666841,35.1592589731946
2021,35,SP,São Paulo,45651915,0.282765766573778,72.9024328907252,19.7197104319454,1.51666245561587,30.2136055118155,24.4299945594158,54.6436000712313,80.8575942711045,35.8906136577184,35.550593417928
2022,35,SP,São Paulo,45736978,0.186329532945106,75.9304063761815,21.3635732967364,1.49437503979482,29.9283962625718,25.1562774601338,55.0846737227057,84.0548796515169,36.199143218426,35.961502942284
2023,35,SP,São Paulo,45850570,0.248359216037408,76.8168900249799,22.1625503511521,1.48480969818059,29.6099269116539,26.005278700823,55.6152056124769,87.826217127837,36.5459251433515,36.4063825386758
2024,35,SP,São Paulo,45973194,0.267442694823639,77.0203958404404,22.2824630646735,1.45515357272677,29.2524594551633,26.8986375684918,56.1510970236551,91.9534222745295,36.9061171603609,36.8539319041472
2025,35,SP,São Paulo,46081801,0.236239840112051,77.2214284713454,22.4009635042315,1.43895756895212,28.8694787246799,27.8026876862088,56.6721664108887,96.3047790067676,37.2698725685656,37.2957544139552
2026,35,SP,São Paulo,46179008,0.2109444463769929,77.4201927037102,22.5181967277868,1.42645207046963,28.4305458055503,28.7003792217551,57.1309250273054,100.949096855369,37.6341513442645,37.732001141138
2027,35,SP,São Paulo,46265834,0.188020496239338,77.6167819196975,22.6342543188356,1.41695389914321,27.9348674438269,29.5843549001912,57.5192223440181,105.904762067266,37.9976250941461,38.1610083538254
2028,35,SP,São Paulo,46343257,0.167343789803942,77.8112553976357,22.7491873800567,1.40989450024845,27.4207802453786,30.4603820230759,57.8811622684545,111.085030223418,38.3592804666275,38.5816158454679
2029,35,SP,São Paulo,46412204,0.148774610295521,78.0034718216786,22.8628312742206,1.40480495511057,26.8755018837321,31.32828559619,58.2037874799221,116.568188128063,38.7181528375597,38.9962981843617
2030,35,SP,São Paulo,46473352,0.131749830281702,78.1933142501323,22.975045656297,1.40130132972426,26.2736722746131,32.1839895247503,58.4576617993634,122.495208086492,39.0731759353188,39.4023243618256
2031,35,SP,São Paulo,46525604,0.1124343258046109,78.380842231132,23.0859082141885,1.39907113282359,25.7188250195331,33.0565405301919,58.7753655497251,128.530523867579,39.4241039407033,39.8039489506963
2032,35,SP,São Paulo,46567763,0.0906146215748249,78.5661012708122,23.1954621218242,1.39786125551684,25.2081031239573,33.9506336766741,59.1587368006313,134.681429656673,39.7709488428723,40.2016881582097
2033,35,SP,São Paulo,46600148,0.0695438172540142,78.7491029999166,23.3036964275131,1.39746750731998,24.6771652923357,34.8446678199442,59.5218331122799,141.202068418962,40.1131947477935,40.5953104189721
2034,35,SP,São Paulo,46622954,0.0489397587321028,78.9297460320796,23.4105055722187,1.39772570925997,24.1938234063259,35.7612973068517,59.9551207131776,147.811681958054,40.4502712547987,40.9845789189401
2035,35,SP,São Paulo,46636153,0.0283100894894028,79.1079544826871,23.5158787464273,1.39850422071225,23.822402248768,36.7394874671693,60.5618897159373,154.222429306303,40.7815417794002,41.3680610085074
2036,35,SP,São Paulo,46639530,0.0072411633095015,79.2838010143768,23.6199843366922,1.39969773815115,23.5788780594586,37.8101571060578,61.3890351655164,160.356048369699,41.1065447486285,41.7465154930219
2037,35,SP,São Paulo,46632880,-0.014258291196334,79.4573503942834,23.7229316982365,1.40122219357363,23.4287687511145,38.9817942838356,62.4105630349501,166.384305969904,41.4250978065262,42.1198143286535
2038,35,SP,São Paulo,46616254,-0.0356529555969987,79.6286303157924,23.8247685278433,1.40301058615958,23.3246828784505,40.2486163050138,63.5732991834643,172.558042974292,41.7370131671241,42.4884624708227
2039,35,SP,São Paulo,46589672,-0.0570230289203444,79.797592860071,23.9253885981752,1.40500959502642,23.2733652549661,41.6067233611851,64.8800886161512,178.77398865773,42.0421717499964,42.8523061001447
2040,35,SP,São Paulo,46552935,-0.078852240041527,79.9641998525958,24.0246546902838,1.40717683887773,23.2742756698951,43.0386306769412,66.3129063468363,184.919313010506,42.3406172135011,43.2118519958131
2041,35,SP,São Paulo,46505614,-0.101649874492338,80.1285143474013,24.1225146967808,1.4094786670386,23.3082303318564,44.5080156684646,67.816246000321,190.954075169033,42.6324752104122,43.5678790678041
2042,35,SP,São Paulo,46447414,-0.125146181276092,80.2905994667398,24.2189515283094,1.41188838419758,23.364767478707,45.985965457017,69.350732935724,196.817560880609,42.9179152148277,43.9201006447074
2043,35,SP,São Paulo,46378404,-0.148576624739538,80.4504948328646,24.3139829145537,1.41438482732176,23.4382145358964,47.464138934613,70.9023534705095,202.50748563599,43.1969625129834,44.2691109976495
2044,35,SP,São Paulo,46298636,-0.171993844376361,80.6081666192077,24.4075905792574,1.41695122736102,23.5241204379335,48.9407051068935,72.464825544827,208.044782103627,43.4696706831709,44.6111750510488
2045,35,SP,São Paulo,46207938,-0.195897779796361,80.7635829398077,24.4997559104199,1.4195743004754,23.615183472025,50.3975168209741,74.0127002929991,213.411498075702,43.7362254294922,44.9464071549584
2046,35,SP,São Paulo,46106095,-0.220401524950109,80.9167778058846,24.5905480978226,1.42224352372959,23.7041725334359,51.8129454133599,75.5171179467958,218.581540192029,43.9968751853741,45.2677414512357
2047,35,SP,São Paulo,45993054,-0.245175827621058,81.0677884440842,24.6800345301209,1.42495055869608,23.7854983312273,53.1703680202924,76.9558663515197,223.541114337245,44.2518286348195,45.5791076306215
2048,35,SP,São Paulo,45868914,-0.269910321675959,81.2166534218493,24.7682431217705,1.42768879341755,23.8545589317415,54.4553796900133,78.3099386217548,228.28080722781,44.5012728882136,45.8815779609584
2049,35,SP,São Paulo,45733763,-0.294646173659141,81.3633613584345,24.8551398473056,1.4304529789174,23.908951405565,55.667397936051,79.5763493416161,232.830779534287,44.7454652047766,46.1743041969643
2050,35,SP,São Paulo,45587575,-0.31965005809822,81.5079031109137,24.9407203080544,1.4332389411213,23.9484948656175,56.8210692959628,80.7695641615803,237.263634373699,44.9847425751425,46.4605087379025
2051,35,SP,São Paulo,45430418,-0.344736476989616,81.6503330624518,25.0250516915014,1.43604335284132,23.975565831005,57.9409387453963,81.9165045764013,241.666616562048,45.2193764098759,46.7419761012487
2052,35,SP,São Paulo,45262421,-0.369789685844402,81.7906908456848,25.1082002800249,1.4388635535357,23.9927587159459,59.0468513876722,83.0396101036181,246.102801627513,45.449550787396,47.0194100709133
2053,35,SP,São Paulo,45083662,-0.3949391041190629,81.9290076244669,25.1902038122376,1.44169740702313,23.9990359160876,60.1410812067926,84.1401171228802,250.597904920328,45.6754943287437,47.2876268431734
2054,35,SP,São Paulo,44894205,-0.420234274669173,82.0652778721712,25.2710404543041,1.44454318931285,23.9925877495304,61.2196326202389,85.2122203697693,255.160607348147,45.8974086299111,47.5462153788054
2055,35,SP,São Paulo,44694173,-0.445563074343336,82.1995034004715,25.3506693494085,1.44739950030132,23.9745667575729,62.2895477663667,86.2641145239396,259.815113224898,46.1153727355018,47.7982656961124
2056,35,SP,São Paulo,44483910,-0.470448351287311,82.3317347220168,25.4290941296641,1.45026519435981,23.9477874457712,63.357744352443,87.3055317982142,264.566171283731,46.3292137763969,48.0487254342387
2057,35,SP,São Paulo,44263923,-0.494531618286254,82.4620053842676,25.5063399758385,1.45313932585537,23.9150414812051,64.4282284264374,88.3432699076425,269.404627531471,46.5386013345451,48.3000590469173
2058,35,SP,São Paulo,44034460,-0.518397341329191,82.5903522598279,25.5824410091927,1.45602110646057,23.877805545274,65.5095267705836,89.3873323158576,274.353213264815,46.7434634374987,48.5492219118737
2059,35,SP,São Paulo,43795709,-0.542191274742554,82.7167710187187,25.6573924012809,1.45890987175679,23.8360498016116,66.6002045694482,90.4362543710598,279.409571316406,46.9437405385993,48.7990002323055
2060,35,SP,São Paulo,43548068,-0.565445806574338,82.8412627342116,25.7311911828736,1.46180505515223,23.7867879382682,67.6625934571612,91.4493813954294,284.454520016575,47.1390284179771,49.0542189715037
2061,35,SP,São Paulo,43292186,-0.587585194364992,82.9638757226626,25.8038435753689,1.4647061675482,23.7277792866904,68.6534809429076,92.381260229598,289.337995407844,47.3286399998374,49.317234265616
2062,35,SP,São Paulo,43028697,-0.608629464910826,83.0846257373016,25.8753694824469,1.46761278151424,23.6634923691651,69.5783141187467,93.2418064879118,294.032313714654,47.5118711589152,49.5788788973493
2063,35,SP,São Paulo,42757997,-0.629115029906668,83.203547422556,25.9458031452286,1.47052451899316,23.5982090536318,70.4530383059495,94.0512473595813,298.55247974891,47.6883143520497,49.8393676244746
2064,35,SP,São Paulo,42480420,-0.649181485278649,83.3206492344821,26.0151455919998,1.47344104176388,23.5366462371801,71.2982706416449,94.834916878825,302.924511517777,47.8577061149584,50.1015224312981
2065,35,SP,São Paulo,42196436,-0.668505631535654,83.435935782596,26.0834011304873,1.47636204405355,23.4838932314894,72.1298536240554,95.6137468555448,307.146063529777,48.0196174387808,50.3727293409256
2066,35,SP,São Paulo,41906531,-0.68703669665372,83.5494347434958,26.1506797133152,1.47928724682069,23.4387922736529,72.9184213259993,96.3572135996522,311.101444454395,48.1735107589793,50.6360039556398
2067,35,SP,São Paulo,41611174,-0.704799449995042,83.6611541206642,26.2169226852021,1.48221639333377,23.3994747614754,73.6344551244565,97.0339298859319,314.684222082144,48.3189244552437,50.887099982874
2068,35,SP,São Paulo,41310731,-0.722024809970512,83.7711115123891,26.2821412406844,1.485149245751,23.3784800533526,74.3566148446505,97.7350948980031,318.055813187853,48.4555370370958,51.1240184012365
2069,35,SP,São Paulo,41005580,-0.738672477134328,83.8793309734786,26.3463394320259,1.48808558247134,23.3799667898474,75.1044478902889,98.4844146801363,321.234194066103,48.5832028470272,51.3631183068323
2070,35,SP,São Paulo,40696206,-0.754468050445822,83.985853984952,26.4095595387055,1.49102519607732,23.4021752371656,75.8574987181561,99.2596739553217,324.147212596224,48.7019801796757,51.5931430462946
2000,41,PR,Paraná,9711359,,72.2233425835678,19.6094864596228,2.16482858752334,45.396976766051,13.6721681710329,59.0691449370839,30.1169133827812,28.8646357322389,26.5176863542292
2001,41,PR,Paraná,9818682,1.10512854071196,72.6884588296222,19.7547768158998,1.96882108715077,44.3297849456302,13.8802678974977,58.2100528431279,31.3113810827678,29.1712204346775,26.8665083713851
2002,41,PR,Paraná,9923096,1.06342175049563,72.8654174785654,19.9116075084717,1.92551654817934,43.2688439019339,14.1012065343384,57.3700504362722,32.5897464843246,29.4859352363416,27.2238085343047
2003,41,PR,Paraná,10024500,1.02189881061314,72.989388492592,19.9447577467221,1.79697919513674,42.2273509036399,14.337649380612,56.5650002842519,33.9534663524824,29.8061947229288,27.5910700011419
2004,41,PR,Paraná,10123331,0.9858945583320902,73.1374423651593,20.1034437904311,1.80104509913479,41.2176149773544,14.5963667885577,55.813981765912,35.4129340006139,30.1303904811568,27.9639340125355
2005,41,PR,Paraná,10220308,0.957955439765823,73.3718801191607,20.2523800656278,1.80933880940078,40.2365958632606,14.8840447444298,55.1206406076903,36.9913120757319,30.4582433327841,28.3523904851625
2006,41,PR,Paraná,10316959,0.9456760011537828,73.6812772335962,20.3956296474519,1.76146225760563,39.2941333265448,15.2001605297482,54.4942938562929,38.6830278286857,30.7850925839678,28.7441038547089
2007,41,PR,Paraná,10408676,0.8889925800810159,73.7268947007078,20.411071161665,1.67500033011846,38.3231547506245,15.540769665823,53.8639244164475,40.5519059350659,31.1219070513867,29.1526205065125
2008,41,PR,Paraná,10498615,0.864077237104888,73.7677067247706,20.509396236099,1.71194380798985,37.3751061070657,15.9069347227288,53.2820408297945,42.5602396342671,31.457610837239,29.5686750845344
2009,41,PR,Paraná,10589094,0.8618184398608839,73.884773804529,20.5860922442812,1.67570791115434,36.4788551126789,16.3032286958248,52.7820838085037,44.6922707564864,31.7874916399836,29.9811711895983
2010,41,PR,Paraná,10665196,0.718682825933925,74.0288715660796,20.7079958735568,1.69623322296712,35.6663962561,16.7639258583392,52.4303221144391,47.0020176357797,32.1275406471667,30.4229979010029
2011,41,PR,Paraná,10735283,0.657156230415268,74.2364593020143,20.8176003576106,1.69302149748765,34.940543686066,17.2792329062832,52.2197765923492,49.4532456665062,32.4680473723888,30.8708097228845
2012,41,PR,Paraná,10816975,0.760967363412779,74.4575078329861,20.9245292944627,1.70125104606182,34.246676823414,17.8089821145471,52.0556589379611,52.0020736796608,32.7965737186228,31.3007382229244
2013,41,PR,Paraná,10907043,0.832654230965679,74.8681680326143,21.1431049390378,1.75478544454553,33.6373884687141,18.3675511497323,52.0049396184464,54.6045694564423,33.1109853513918,31.7117705170566
2014,41,PR,Paraná,11003738,0.886537258540199,75.1609688478109,21.2604506849495,1.80261340283389,33.1432764927546,18.9612385505936,52.1045150433482,57.2099096923585,33.4088594257697,32.1040245566166
2015,41,PR,Paraná,11101864,0.8917515120770771,75.3825271702808,21.4393998171089,1.81461867877852,32.7524404376766,19.5967951651648,52.3492356028414,59.8330838963124,33.698769323782,32.4857809250829
2016,41,PR,Paraná,11195664,0.844903162207711,75.7830972012831,21.6358716856269,1.74082691862891,32.3974885280893,20.2794497301276,52.676938258217,62.5957463108442,33.9987416556981,32.8748568559647
2017,41,PR,Paraná,11285193,0.7996756601484251,75.9920099927992,21.7625244242037,1.77450918473612,32.0870647906798,21.0085197558435,53.0955845465233,65.4734856332069,34.3061884719207,33.2699104791401
2018,41,PR,Paraná,11373980,0.7867565933520121,76.4193929727888,22.0121039431948,1.76212574066526,31.8442855616552,21.7854633909011,53.6297489525564,68.4124734050675,34.6135033646973,33.6642317137494
2019,41,PR,Paraná,11468227,0.8286193575160141,76.6292159496216,22.1372944380765,1.73405289815984,31.6106121535765,22.588514839557,54.1991269931335,71.4586441091787,34.9195971617932,34.0471589425773
2020,41,PR,Paraná,11560987,0.808843424532846,75.8177301637613,21.5601570937627,1.65386769048678,31.3595086660598,23.3868434265252,54.746352092585,74.5765620104779,35.2219893509092,34.4150134489451
2021,41,PR,Paraná,11630298,0.599524936754969,71.9092766970933,19.4654546247277,1.60988273320068,31.0979405649338,24.1039588548021,55.2018994197359,77.5098235346874,35.4965208974009,34.7471138642198
2022,41,PR,Paraná,11686692,0.484888693307783,75.3820442636563,21.3078167910895,1.59689684527727,30.9163991724184,24.8575178257669,55.7739169981854,80.4023705578985,35.7768758687232,35.0929959500391
2023,41,PR,Paraná,11753862,0.574756312564761,76.641865286506,22.4095163461765,1.59383883805103,30.7457512504117,25.7777561158277,56.5235073662393,83.8416856556157,36.0997641456059,35.4866771070938
2024,41,PR,Paraná,11824665,0.602380732392471,76.8483144608165,22.5257820019612,1.55338873444719,30.5393188475588,26.7608809592857,57.3001998068445,87.6276288049065,36.4362527817913,35.8851364779767
2025,41,PR,Paraná,11890584,0.557470338483168,77.0522551686446,22.6406707449813,1.5329159147833,30.3114918816101,27.7647154542015,58.0762073358116,91.5979839020933,36.7768341739985,36.2853815918024
2026,41,PR,Paraná,11952524,0.520916382239922,77.2539570663041,22.7542843595306,1.51506599774985,30.0341927671722,28.7666582787922,58.8008510459644,95.7796951687498,37.1180741406585,36.6853661855249
2027,41,PR,Paraná,12010610,0.485972669872914,77.4534954481511,22.8666669471117,1.49957895611648,29.7233722430538,29.7584139631495,59.4817862062033,100.11789281448,37.4592459500392,37.0844789256386
2028,41,PR,Paraná,12064971,0.4526081522920219,77.6508472274839,22.9777878192662,1.4862128070045,29.3393818816322,30.7275027542449,60.0668846358772,104.731254660419,37.7997103349855,37.4844259520451
2029,41,PR,Paraná,12115795,0.421252566624486,77.8459412127399,23.087570820995,1.47474421698573,28.8562234082512,31.6670175466954,60.5232409549466,109.740686085902,38.1386885466451,37.8830934244427
2030,41,PR,Paraná,12163232,0.3915302297538,78.0386922112718,23.1959561965866,1.46496852821437,28.3115521536007,32.5784623133937,60.8900144669944,115.07126891752,38.4752315831845,38.2820458225706
2031,41,PR,Paraná,12207153,0.361096458572852,78.2291471860273,23.3030509900746,1.45669934820403,27.7988613421936,33.477564731387,61.2764260735806,120.427827310229,38.8091283037085,38.6807616579158
2032,41,PR,Paraná,12247384,0.329569064957247,78.4173568742539,23.4089286859775,1.44976782417571,27.3055481416303,34.3582897935726,61.6638379352029,125.828969319204,39.1403954509796,39.0797772003138
2033,41,PR,Paraná,12284035,0.299255743103988,78.6032771848005,23.5135557475777,1.44402170178912,26.782635022614,35.1997339509146,61.9823689735287,131.427448871978,39.4685702214297,39.4796404004405
2034,41,PR,Paraná,12317242,0.270326484742189,78.7868741958997,23.616866061232,1.43932424859137,26.2773919793246,36.0198442256484,62.297236204973,137.075415452147,39.7929898592558,39.8775934869601
2035,41,PR,Paraná,12347065,0.242124007955669,78.9681087466103,23.7187974516035,1.43555310524679,25.8520729218102,36.8587915128288,62.7108644346391,142.575768002467,40.1130171421305,40.2739156613195
2036,41,PR,Paraná,12373480,0.213937482308557,79.1470155467435,23.8194279135739,1.43259911277329,25.525329649782,37.7520950242235,63.2774246740054,147.900518983291,40.4282783824761,40.666532079646
2037,41,PR,Paraná,12396494,0.185994562564451,79.3236564464584,23.9188084872495,1.43036515159065,25.2546047624628,38.7084285756233,63.9630333380861,153.272755363638,40.7385223596285,41.0553666747879
2038,41,PR,Paraná,12416181,0.158811031570694,79.4979984475367,24.0169331132888,1.42876501802745,25.0061661246182,39.7269577661262,64.7331238907444,158.868646909514,41.0434160069026,41.438256220829
2039,41,PR,Paraná,12432618,0.132383701558481,79.6700314213116,24.1137759492549,1.42772235579728,24.8047695065315,40.8083682695033,65.6131377760348,164.518232103539,41.3425354981549,41.8158882320371
2040,41,PR,Paraná,12445823,0.106212545097106,79.839741177111,24.2092615710308,1.42716965357178,24.6570617176469,41.9373630321634,66.5944247498103,170.082565037135,41.6356727072207,42.1872861854077
2041,41,PR,Paraná,12455766,0.079890257156956,80.0071567286512,24.3033827697876,1.42704731487297,24.5401572558902,43.0771706858485,67.6173279417387,175.537467982235,41.9227727142594,42.5522829263349
2042,41,PR,Paraná,12462473,0.0538465478558291,80.1723223605123,24.3961453312739,1.42730280282339,24.4466126626953,44.2026610443354,68.6492737070307,180.813029822275,42.2037689469819,42.9112871140818
2043,41,PR,Paraná,12466036,0.0285898312477827,80.3352285201951,24.4875234687191,1.42788985959642,24.3732336690397,45.3066417923348,69.6798754613745,185.886872491137,42.4784703012249,43.2611619716306
2044,41,PR,Paraná,12466496,0.0036900262441186,80.4958746397046,24.5775243305675,1.42876779849962,24.3179837570447,46.3948515955661,70.7128353526108,190.784121163523,42.7467970149752,43.601860282846
2045,41,PR,Paraná,12463834,-0.0213532334988109,80.654255521039,24.6661591602106,1.4299008653296,24.2778037677766,47.4697828943244,71.747586662101,195.52750054488,43.0087907942291,43.9342034571362
2046,41,PR,Paraná,12458021,-0.0466389395109124,80.8104179741254,24.7535082152155,1.43125766481545,24.2507998278499,48.5375497798956,72.7883496077456,200.148243045388,43.2646994253742,44.2549544019642
2047,41,PR,Paraná,12449082,-0.0717529694323038,80.9644067800931,24.8396475158366,1.43281064750364,24.2358802107836,49.6029270748982,73.8388072856818,204.667322348077,43.5145814767707,44.5664453696411
2048,41,PR,Paraná,12437082,-0.0963926496748924,81.1162104730594,24.9245546961273,1.43453565223791,24.2305868548826,50.6621185769506,74.8927054318332,209.083332898072,43.7585344375795,44.8695349993709
2049,41,PR,Paraná,12422006,-0.121218144256019,81.2658457959878,25.0082276173973,1.43641149937884,24.2310909694034,51.7130681037557,75.9441590731591,213.416177459999,43.9968446320184,45.162978072412
2050,41,PR,Paraná,12403831,-0.146312922405611,81.4133122423813,25.0906505323216,1.4384196300335,24.2357122084271,52.7655033001958,77.0012155086229,217.71798099603,44.2298169815438,45.4477996155316
2051,41,PR,Paraná,12382563,-0.171463155213902,81.5586435139772,25.1718463053173,1.44054378678029,24.2452979022323,53.8329594895418,78.0782573917741,222.034638248703,44.4576452387119,45.7271899865456
2052,41,PR,Paraná,12358269,-0.196195246492992,81.7018756610356,25.25184432456,1.44276973164655,24.2605549308783,54.9254265868916,79.18598151777,226.398063619657,44.680519334868,46.0024724252937
2053,41,PR,Paraná,12330987,-0.2207590723263929,81.8430057955837,25.3306409803205,1.44508499739949,24.2796550311179,56.0458613122611,80.325516343379,230.834668945791,44.8987210837218,46.2535023957141
2054,41,PR,Paraná,12300662,-0.245925163979166,81.9820545595535,25.408250583005,1.44747866852873,24.2984872471676,57.188504671932,81.4869919190995,235.358292432787,45.1126811711435,46.4977190418705
2055,41,PR,Paraná,12267303,-0.271196785994121,82.1190431625536,25.4846725295433,1.44994118861636,24.3136652302464,58.3441842846658,82.6578495149122,239.964578487678,45.3227843153462,46.738734939759
2056,41,PR,Paraná,12231017,-0.295794438272212,82.2540077809414,25.5599076631956,1.45246419110015,24.3240627339398,59.499086746942,83.8231494808818,244.609987228497,45.5290187234635,46.9796388745433
2057,41,PR,Paraná,12191946,-0.319441956461997,82.3869887489672,25.6339760369541,1.45504035073082,24.3286703335082,60.6409912912766,84.9696616247848,249.257318464113,45.731403912058,47.2159434076704
2058,41,PR,Paraná,12150163,-0.342709851241141,82.5180094750995,25.7069031311919,1.45766325330135,24.3255347063254,61.7669852711661,86.0925199774915,253.918304435481,45.9301476037811,47.456051403201
2059,41,PR,Paraná,12105699,-0.365953938231112,82.6470746127839,25.7786919853406,1.46032728148402,24.313417079747,62.8766412202881,87.1900583000351,258.608820858275,46.1255478927735,47.6981665876403
2060,41,PR,Paraná,12058650,-0.388651659024397,82.7741997182704,25.8493648896942,1.46302751484632,24.291046715821,63.9542621963756,88.2453089121965,263.283270352947,46.3175254278049,47.9418541753452
2061,41,PR,Paraná,12009170,-0.410327855937442,82.8994135758603,25.9189419093833,1.4657596423331,24.2590689039563,64.9859049237508,89.2449738277071,267.882931455594,46.5057728385892,48.1969620568369
2062,41,PR,Paraná,11957422,-0.430904050821168,83.0227509713528,25.9874541017392,1.46851988569672,24.2191169441774,65.9693072133695,90.1884241575469,272.385270550624,46.6899222926146,48.4661584885539
2063,41,PR,Paraná,11903496,-0.450983497947965,83.1442287584043,26.0549204694785,1.47130493253283,24.171648852793,66.9050571496678,91.0767060024608,276.791449177192,46.8698944410953,48.7436804339903
2064,41,PR,Paraná,11847454,-0.470802863293274,83.263853491561,26.1213357607609,1.47411187773703,24.1194572692431,67.7995507320165,91.9190080012597,281.098989812154,47.0456215318498,49.0272402634302
2065,41,PR,Paraná,11789419,-0.489852081299491,83.3816256975436,26.1866885880076,1.47693817233822,24.0658880963618,68.6573005228957,92.7231886192575,285.28887131855,47.2167902421655,49.2975210388724
2066,41,PR,Paraná,11729475,-0.508455929846929,83.497548283129,26.2510156251096,1.4797815787897,24.0174877106562,69.5081226647607,93.5256103754169,289.406300534593,47.3829069075982,49.560424183265
2067,41,PR,Paraná,11667695,-0.526707290820772,83.61164117632,26.3143059607816,1.48264013191066,23.9592057381993,70.2338732978535,94.1930790360528,293.139405643469,47.5434623548182,49.8189610102041
2068,41,PR,Paraná,11604153,-0.544597711887396,83.7239039078753,26.3765673874757,1.48551210476861,23.9052994746042,70.9233638696317,94.8286633442359,296.684690961421,47.6980730088616,50.0789603365755
2069,41,PR,Paraná,11538884,-0.5624624218588,83.8343664991181,26.4378077526191,1.48839597888123,23.8663136739715,71.6319790237491,95.4982926977206,300.138429429387,47.8464169498541,50.3300791721214
2070,41,PR,Paraná,11471971,-0.579891434908264,83.9430840115517,26.4980591507176,1.49129041819215,23.8399501505044,72.3290839625082,96.1690341130126,303.394442966056,47.9882718497109,50.5644007328749
2000,42,SC,Santa Catarina,5522167,,73.3938190550063,19.80322910267,1.99342352083768,45.498970140809,12.5406141148949,58.0395842557039,27.5624131185488,28.5737408883143,26.4134980571228
2001,42,SC,Santa Catarina,5607362,1.54278202741787,73.6654879151042,19.983139017465,1.80887445060025,44.0696344957719,12.6809979733035,56.7506324690754,28.7749107030151,28.9119446898559,26.7662016006922
2002,42,SC,Santa Catarina,5690106,1.47563150015997,73.9008723863594,20.2107774586315,1.74585206231902,42.6032409113496,12.8370827263124,55.440323637662,30.131704658395,29.2708056756763,27.1414064182641
2003,42,SC,Santa Catarina,5771181,1.42484164618375,74.0373546555509,20.2743230837852,1.68410253284335,41.1461613955007,13.0161711775966,54.1623325730973,31.6339865886491,29.6430976606001,27.5383603843373
2004,42,SC,Santa Catarina,5851686,1.39494845162542,74.3173299004647,20.4800168847604,1.72177705867706,39.7309473304502,13.2285144073744,52.9594617378246,33.2952403509291,30.0220903855743,27.9446950084945
2005,42,SC,Santa Catarina,5932928,1.38835200658409,74.7121480157642,20.7488113969348,1.69597054660916,38.3728058354239,13.4849984527363,51.8578042881601,35.1420704302201,30.403779887435,28.3673364711562
2006,42,SC,Santa Catarina,6018706,1.44579539815755,74.9400527231687,20.9345681362079,1.6402939605912,37.1502464894871,13.7855308238502,50.9357773133373,37.107508365392,30.7679213771199,28.7771337740128
2007,42,SC,Santa Catarina,6103561,1.40985454348492,75.1156886049413,21.0596724116516,1.57075408863857,35.9171257843021,14.12316479955,50.0402905838521,39.3215339233038,31.1401260673892,29.202808691044
2008,42,SC,Santa Catarina,6189784,1.41266712989352,75.1522311839621,21.1279991217766,1.59354522010443,34.7267068616792,14.4926725665424,49.2193794282215,41.7335067913824,31.507940503255,29.6325083736509
2009,42,SC,Santa Catarina,6279130,1.44344293758878,75.4288895331747,21.264671388676,1.55558515505042,33.6126871654908,14.8929452416034,48.5056324070943,44.307511530627,31.8665405876292,30.0575562849614
2010,42,SC,Santa Catarina,6365736,1.37926750998945,75.5806419887166,21.3475108081922,1.55128266049797,32.5919992154408,15.3433387876003,47.9353380030411,47.0770101771827,32.2289986578143,30.5044351870141
2011,42,SC,Santa Catarina,6454695,1.39746605891291,75.6877619759186,21.4534445647641,1.5990466844121,31.7165295651269,15.8363879716402,47.5529175367671,49.9310239448538,32.5798924658717,30.9457718651212
2012,42,SC,Santa Catarina,6553841,1.53602920045022,76.0761295896844,21.6337343897871,1.59834813195289,30.9663013079097,16.3514789904104,47.3177802983201,52.8041073676233,32.9101787791312,31.3704183571086
2013,42,SC,Santa Catarina,6659762,1.61616676388701,76.4227105323458,21.841744288084,1.60206543010929,30.3174582472984,16.897374110794,47.2148323580923,55.7347979931652,33.2297320835189,31.7831195484864
2014,42,SC,Santa Catarina,6771778,1.68198202878722,76.6832893992662,21.9995286336224,1.63583441216436,29.7887382905732,17.4774510283636,47.2661893189368,58.6713369927938,33.5358205776976,32.1850909337676
2015,42,SC,Santa Catarina,6889914,1.74453444870757,76.8677736212506,22.1518277535066,1.69007751882939,29.4282114660897,18.0970587076539,47.5252701737437,61.4956118842195,33.8229407507844,32.5730409920543
2016,42,SC,Santa Catarina,7011473,1.76430358927557,77.1907769378661,22.2999392145665,1.63980757449093,29.2299408646963,18.7607737718454,47.9907146365417,64.1834133660685,34.1038074310491,32.9551437111605
2017,42,SC,Santa Catarina,7135459,1.7683302781027703,77.2525158205985,22.3787042720948,1.67659595280427,29.1590927884182,19.4640703963994,48.6231631848176,66.7512893409718,34.381687709228,33.3384193832172
2018,42,SC,Santa Catarina,7266127,1.83124869752598,77.5952578639789,22.567779581551,1.68445906060424,29.2195043605814,20.2041470610675,49.4236514216489,69.1460977973463,34.6468896015718,33.7089960731427
2019,42,SC,Santa Catarina,7403723,1.8936635707028,77.8343784525596,22.6755709904116,1.64649493786662,29.3211826291999,20.9702564468995,50.2914390760994,71.5191358823843,34.9062717500371,34.0675060620091
2020,42,SC,Santa Catarina,7541975,1.86733080100376,77.2282718919401,22.1899834558279,1.63224445384573,29.4206896966405,21.7424505867061,51.1631402833466,73.9019064844998,35.1591325879494,34.4130705554696
2021,42,SC,Santa Catarina,7671648,1.71935070057909,74.5213206987426,20.4967626286182,1.59237517281439,29.4367832386033,22.4516536246219,51.8884368632252,76.2707441320522,35.3885130026821,34.7318150501416
2022,42,SC,Santa Catarina,7796817,1.6315790296948,76.9241816236086,21.8825506001541,1.6152763406545,29.5114682977692,23.1853775776154,52.6968458753845,78.5639580642892,35.6177481143908,35.0527526063765
2023,42,SC,Santa Catarina,7927212,1.67241324248086,78.0982652214886,22.9219368146779,1.58437573682115,29.5697789480291,23.9975288858444,53.5673078338736,81.1555910783835,35.8752017733347,35.3970094920048
2024,42,SC,Santa Catarina,8058441,1.65542437870969,78.2686614023803,23.0223935847601,1.57206365232889,29.5689986544382,24.8475560098248,54.416554664263,84.0324567639536,36.148350158548,35.7473317449529
2025,42,SC,Santa Catarina,8186962,1.5948618349380397,78.4371219286252,23.1218450314946,1.56021168895379,29.5518868863734,25.6975971773931,55.2494840637666,86.9575512257475,36.4246784094027,36.098144805752
2026,42,SC,Santa Catarina,8312691,1.53572228623999,78.6037655399519,23.2203387893752,1.54924291452247,29.4542505697359,26.5160717508915,55.9703223206275,90.0246016720474,36.7037115899051,36.44998643327
2027,42,SC,Santa Catarina,8435555,1.47802919656221,78.7687704218639,23.318050381656,1.53911787737887,29.2774773373552,27.2893303446229,56.5668076819781,93.2092954258882,36.9849043720301,36.8034221165969
2028,42,SC,Santa Catarina,8555475,1.42160177961024,78.9323287487971,23.4151604819379,1.52979729671485,29.0540685679896,28.0202446624779,57.0743132304675,96.4417241492618,37.2678424050097,37.1590833979941
2029,42,SC,Santa Catarina,8672401,1.3666804005622,79.0941394322019,23.5113343782329,1.52124230416356,28.7668372293273,28.7108364579548,57.4776736872822,99.8053287160974,37.5520448143484,37.5176343399972
2030,42,SC,Santa Catarina,8786264,1.31293513757031,79.2541043547375,23.606437012959,1.51341464990656,28.3850301520141,29.3592052916879,57.744235443702,103.432003187795,37.8368651340319,37.8776781091255
2031,42,SC,Santa Catarina,8896575,1.25549380259915,79.4123012979848,23.7005843747104,1.50627687600124,27.9748236317243,29.9869302909195,57.9617539226439,107.192562447162,38.12226952507,38.2412280701754
2032,42,SC,Santa Catarina,9002882,1.19492051716532,79.5688174492514,23.7938486726334,1.49979245971711,27.55788994349,30.6067854817577,58.1646754252477,111.063602999067,38.4084157717495,38.6073494713526
2033,42,SC,Santa Catarina,9105158,1.13603621595839,79.723681028868,23.8862440009158,1.4939259296772,27.0938550487283,31.2073013728758,58.301156421604,115.182211304923,38.6948118857465,38.9752578589664
2034,42,SC,Santa Catarina,9203360,1.07853153124855,79.8766722874961,23.9774983135248,1.48864295754834,26.6421158468139,31.8081179541213,58.4502338009352,119.390359748493,38.9808742676588,39.3430308470703
2035,42,SC,Santa Catarina,9297441,1.02224622311851,80.0277312853428,24.067537010705,1.48391042792791,26.2295870897366,32.4359889770455,58.6655760667821,123.661836025385,39.2660909598673,39.7093066004017
2036,42,SC,Santa Catarina,9387376,0.967309176793907,80.1769847231528,24.156533091087,1.47969648894547,25.8649240941084,33.117035978241,58.9819600723494,128.038403893033,39.5498663311238,40.0733941848025
2037,42,SC,Santa Catarina,9473141,0.913620590034947,80.3245341890299,24.2445872286399,1.47597058594582,25.5310199011212,33.8627141153645,59.3937340164856,132.633612940302,39.8315307457157,40.4304589944926
2038,42,SC,Santa Catarina,9554784,0.8618366389774981,80.4704609606661,24.331776153672,1.47270348045459,25.2234668098318,34.678959544692,59.9024263545238,137.486887929198,40.1106318049681,40.7835275867276
2039,42,SC,Santa Catarina,9632270,0.810965480747661,80.6146900131387,24.4180076644375,1.4698672564544,24.9756401969586,35.5718795033967,60.5475197003553,142.426297075374,40.3868665434005,41.1307619750656
2040,42,SC,Santa Catarina,9705548,0.760755252915457,80.7571086937774,24.5031160879962,1.46743531582454,24.7665899033753,36.5301862211969,61.2967761245722,147.497844328655,40.6600266157048,41.4711119373696
2041,42,SC,Santa Catarina,9775189,0.717538051432021,80.8977688460408,24.5871048273563,1.46538236462427,24.5929134025434,37.5382970564508,62.1312104589941,152.638674572686,40.9291777376376,41.8044633257467
2042,42,SC,Santa Catarina,9841857,0.682012388711861,81.0366868630735,24.6699622616585,1.46368439173225,24.4514839820518,38.5823240755665,63.0338080576183,157.791339388183,41.1933095553004,42.1260565878907
2043,42,SC,Santa Catarina,9905616,0.647835057957047,81.1738752552932,24.7516903753153,1.46231864119443,24.3434063973618,39.6630766298921,64.0064830272539,162.931497681403,41.4520829396173,42.4238856362918
2044,42,SC,Santa Catarina,9966509,0.614732087333092,81.3092492747157,24.8322264046483,1.46126357948175,24.2680469803926,40.7831732531978,65.0512202335904,168.052968111314,41.7054405910836,42.7036514774679
2045,42,SC,Santa Catarina,10024514,0.581999173431735,81.442805273042,24.9116092503746,1.46049885871786,24.2219929735883,41.93285328139,66.1548462549783,173.118922654769,41.9533702082714,42.964319533351
2046,42,SC,Santa Catarina,10079580,0.54931341309914,81.5745732066717,24.9899132815996,1.46000527680691,24.1997425366842,43.0979681775873,67.2977107142715,178.092672317713,42.1960674948758,43.202604209938
2047,42,SC,Santa Catarina,10131642,0.516509616472116,81.704611044696,25.0672280919308,1.45976473527143,24.1975827591637,44.2687095727719,68.4662923319355,182.946825777493,42.4337396643111,43.4279500727468
2048,42,SC,Santa Catarina,10180730,0.484501919827007,81.8329689813397,25.143618119423,1.4597601955019,24.2123770405343,45.436400184434,69.6487772249683,187.657742601514,42.6664411098222,43.644102974072
2049,42,SC,Santa Catarina,10226856,0.453071636316849,81.9595804792112,25.2190077517844,1.45997563402036,24.241864365583,46.5996677338496,70.8415320994326,192.228068893945,42.8943843542923,43.8585543692571
2050,42,SC,Santa Catarina,10269934,0.42122427459621,82.0844547786151,25.2933893362988,1.46039599727231,24.2849742824948,47.7670618248757,72.0520361073705,196.6938950366,43.1179289954541,44.089372787389
2051,42,SC,Santa Catarina,10309898,0.389135899023296,82.2076295750388,25.3667818740877,1.4610071563815,24.3410256466285,48.9532401725967,73.2942658192252,201.114122647405,43.3373624064952,44.3035976116696
2052,42,SC,Santa Catarina,10346687,0.356831852264694,82.3291412178663,25.4392147707134,1.46179586223175,24.4077920040089,50.1654758982224,74.5732679022313,205.530577653165,43.5529784558091,44.5133381643606
2053,42,SC,Santa Catarina,10380278,0.324654645491829,82.4490426521972,25.5107505908711,1.46274970117781,24.4820367915951,51.404974249679,75.8870110412741,209.970169913832,43.7652069626652,44.7230612718147
2054,42,SC,Santa Catarina,10410637,0.292468082261377,82.5672707384451,25.5813291082755,1.46385705163187,24.5593944803169,52.66227344975,77.2216679300669,214.428224164713,43.9744495941987,44.9346818294339
2055,42,SC,Santa Catarina,10437712,0.260070541312696,82.6838341301091,25.6509357463497,1.46510704172463,24.6350209191207,53.9214305985912,78.5564515177118,218.881204832831,44.1810454245145,45.1419115224489
2056,42,SC,Santa Catarina,10461472,0.2276360949602819,82.7987819950527,25.7195649365907,1.46648950819788,24.7036369569486,55.1596655357161,79.8633024926646,223.285606211926,44.3851053656694,45.3608274628529
2057,42,SC,Santa Catarina,10481916,0.1954218297386839,82.9121429543179,25.7872350061051,1.46799495664888,24.7607500280353,56.3567445381372,81.1174945661724,227.605159271539,44.5867880452391,45.589169021071
2058,42,SC,Santa Catarina,10499003,0.163014090172053,83.0239359460775,25.8539506310285,1.46961452321602,24.8033259891699,57.5100264501018,82.3133524392717,231.864172067943,44.7862936128316,45.8242223508479
2059,42,SC,Santa Catarina,10512737,0.130812420950832,83.1341356163102,25.9196831128361,1.47133993776802,24.8295788772561,58.6177466213734,83.4473254986296,236.080309340515,44.9836443164135,46.0614678047875
2060,42,SC,Santa Catarina,10523081,0.0983949279811824,83.2427414451207,25.9844415672281,1.47316348863613,24.8355031033991,59.6534971555462,84.4890002589453,240.19443820883,45.1786978547443,46.3071442143264
2061,42,SC,Santa Catarina,10530026,0.0659977814482238,83.3497684361839,26.0482255770265,1.47507798890969,24.8112216823722,60.5438618046605,85.3550834870327,244.018059971934,45.3710895870532,46.5645471534086
2062,42,SC,Santa Catarina,10533611,0.0340454999826267,83.4552441306888,26.1110250310014,1.47707674429893,24.7603877318801,61.2985428790353,86.0589306109155,247.566974890747,45.5604335493308,46.829498350105
2063,42,SC,Santa Catarina,10533841,0.0021834867454328,83.5591918276407,26.172848868129,1.47915352255539,24.6868320643146,61.9425660352755,86.6293980995901,250.913385216465,45.7463983935205,47.0950374946363
2064,42,SC,Santa Catarina,10530711,-0.0297137577831341,83.6616044384319,26.2336775272893,1.48130252442954,24.5976766416847,62.5131750549923,87.110851696677,254.142600399315,45.9285586699701,47.3566860921904
2065,42,SC,Santa Catarina,10524257,-0.0612874097485005,83.7624901995201,26.2935058294715,1.48351835613566,24.5010024946979,63.0469815473614,87.5479840420593,257.324089334732,46.1063205697086,47.6213247923697
2066,42,SC,Santa Catarina,10514541,-0.092320056418238,83.8618603337405,26.3524554052857,1.48579600328735,24.4208883439165,63.6853581294964,88.106246473413,260.782315666093,46.2791657762331,47.8879082771772
2067,42,SC,Santa Catarina,10501611,-0.1229725577179259,83.9597392635773,26.4104598276126,1.4881308062608,24.3306282842375,64.2347440348415,88.5653723190791,264.007748934522,46.4465881472852,48.1472353324111
2068,42,SC,Santa Catarina,10485507,-0.153347900622103,84.0561535260647,26.4675216804345,1.49051843693918,24.2432163014264,64.7703195499226,89.013535851349,267.168839087212,46.6080576742736,48.393077570971
2069,42,SC,Santa Catarina,10466243,-0.183720253107456,84.1511095434804,26.5236416854088,1.49295487678773,24.1655978720184,65.3250487565893,89.4906466286077,270.322501858023,46.7631728023131,48.626942622778
2070,42,SC,Santa Catarina,10443901,-0.2134672393904859,84.2446616830439,26.5788819935197,1.49543639620755,24.0931677052523,65.8531670359597,89.946334741212,273.327143369379,46.911533630968,48.8490534505319
2000,43,RS,Rio Grande do Sul,10269487,,72.8160669673863,19.782231850553,2.11774649887682,40.8769554083864,16.7233820911034,57.6003374994897,40.911515850499,30.9816039496423,29.1998119613141
2001,43,RS,Rio Grande do Sul,10352540,0.808735626229429,73.0435475991566,19.9105597534363,1.91163955156909,39.9526634285506,16.9448679133247,56.8975313418753,42.4123611774421,31.263787534267,29.4917495144882
2002,43,RS,Rio Grande do Sul,10430916,0.75707024556293,73.207717173507,20.0304582462235,1.83349887530265,39.0594808056757,17.1846736596387,56.2441544653144,43.9961650927568,31.5557231982311,29.7910435253468
2003,43,RS,Rio Grande do Sul,10504486,0.705307184910708,73.3376481202176,20.0821270366139,1.7508588814874,38.2127337596019,17.4514372188498,55.6641709784516,45.6691670599586,31.8554163430748,30.0962337679152
2004,43,RS,Rio Grande do Sul,10573529,0.657271569498974,73.5485688070765,20.204201258503,1.80210108933681,37.4155234603,17.7575740142899,55.1730974745899,47.4604452163599,32.1615420925218,30.4075308522009
2005,43,RS,Rio Grande do Sul,10638582,0.615243973889901,73.8884153887104,20.3752088960922,1.73581936506528,36.6532414395083,18.1150951973959,54.7683366369042,49.4229009112133,32.4747485144167,30.7274606741573
2006,43,RS,Rio Grande do Sul,10699033,0.56822422386742,74.0969650339292,20.4659840510466,1.65566754901459,35.8941148623684,18.5233898716054,54.4175047339738,51.6056460582218,32.7960199767587,31.0586750320796
2007,43,RS,Rio Grande do Sul,10751080,0.486464524410768,74.2604336390332,20.5803997521181,1.55603837564352,35.0711847795249,18.9773779126582,54.0485626921831,54.1110259945866,33.1352623178323,31.4212291985191
2008,43,RS,Rio Grande do Sul,10798740,0.443304300591207,74.2984751451481,20.6486323472458,1.58084953494771,34.243816501893,19.4751649397835,53.7189814416765,56.8720631320605,33.4784719328366,31.7947022715961
2009,43,RS,Rio Grande do Sul,10845002,0.428401832065584,74.5588991530297,20.8099754451801,1.55188961855899,33.4541383086303,20.0167947689983,53.4709330776287,59.8335386323028,33.8175128967242,32.1762165097308
2010,43,RS,Rio Grande do Sul,10879460,0.317731614987249,74.7446070589382,20.9046622471008,1.54468775471828,32.7016954512771,20.6257168200909,53.327412271368,63.0723163905114,34.1670710678655,32.5908333333333
2011,43,RS,Rio Grande do Sul,10908380,0.265822016901573,74.8995756186145,21.0516875899803,1.61019495084393,32.0360706023017,21.2973030262607,53.3333736285624,66.4791362544025,34.5121728432636,33.013034561795
2012,43,RS,Rio Grande do Sul,10944672,0.332698347508975,75.0225665242874,21.1237711733805,1.62877591768946,31.4467752559177,21.9997123055013,53.446487561419,69.9585637206515,34.8376449289663,33.4275407520744
2013,43,RS,Rio Grande do Sul,10985031,0.36875476944398,75.2695157297392,21.3270216865884,1.65784128930691,30.9164023816494,22.7383821015131,53.6547844831626,73.5479562622384,35.1506056742125,33.8302804245951
2014,43,RS,Rio Grande do Sul,11027344,0.385187806934728,75.4838197078283,21.4796686401868,1.68401260145332,30.455521676059,23.5220284914511,53.9775501675101,77.2340357247653,35.4536405139805,34.2316918202865
2015,43,RS,Rio Grande do Sul,11070711,0.39326786214342,75.5772778375121,21.5547815826151,1.75572805136006,30.1145662162703,24.3544287407176,54.468994956988,80.8725869262543,35.7418700569458,34.6248447169247
2016,43,RS,Rio Grande do Sul,11109776,0.352868031691922,75.759950014478,21.6820207434111,1.67030350672869,29.8369729985656,25.2362716234528,55.0732446220184,84.5805357824535,36.0312952304349,35.0222983274811
2017,43,RS,Rio Grande do Sul,11141074,0.281715850976649,75.847906046354,21.6956807340095,1.67914159365109,29.5825389993132,26.1655129048028,55.748051904116,88.4491791100496,36.3313021706884,35.4334046837408
2018,43,RS,Rio Grande do Sul,11167531,0.237472617092394,76.1189288614761,21.801832747909,1.67213570001998,29.3864338455846,27.1416997919972,56.5281336375818,92.3613254150448,36.6317532496664,35.8469747089012
2019,43,RS,Rio Grande do Sul,11194346,0.240115742682967,76.4253509472475,21.8934254414149,1.61744471936489,29.1974579482549,28.1465438238836,57.3440017721385,96.4006656804378,36.933845353717,36.2563635942137
2020,43,RS,Rio Grande do Sul,11220286,0.231724122159527,76.2662197172631,21.7121061261716,1.58282951253474,29.0115714605319,29.1638078581837,58.1753793187157,100.524743714276,37.2347415208489,36.6564961998332
2021,43,RS,Rio Grande do Sul,11227789,0.066869953225801,73.2852263861481,19.9812066582239,1.51822477542436,28.857914998434,30.1226897962212,58.9806047946552,104.382765691339,37.5126509769644,37.0290835610862
2022,43,RS,Rio Grande do Sul,11220506,-0.064865843132611,75.4425121700769,21.1072076672859,1.490729691432,28.7917609936878,31.1070541268707,59.8988151205586,108.041512756689,37.7935398813565,37.4107164774022
2023,43,RS,Rio Grande do Sul,11222292,0.0159172857266965,76.9655792371121,22.411516600012,1.50900397490555,28.7510447728653,32.2202429252005,60.9712876980658,112.06633769222,38.1126668242102,37.8334534371345
2024,43,RS,Rio Grande do Sul,11229915,0.0679273004124292,77.1629634591006,22.5247006575405,1.46999305008906,28.6837224407318,33.4050445639231,62.0887670046549,116.459935187794,38.4499922750974,38.2639987430184
2025,43,RS,Rio Grande do Sul,11233263,0.0298132265471374,77.3574470858353,22.6361028166329,1.45517589769557,28.5992098632862,34.5831241487349,63.1823340120211,120.923355274687,38.7905777688994,38.6929252036237
2026,43,RS,Rio Grande do Sul,11233317,0.0004807151759989,77.5497266484182,22.7462746149009,1.44309257749244,28.4263026356258,35.7049753035642,64.13127793919,125.605414679629,39.1303588245573,39.1173147756778
2027,43,RS,Rio Grande do Sul,11230228,-0.0274985563035401,77.740063506041,22.8555132083026,1.4333429056206,28.1456717844976,36.7437539670665,64.8894257515641,130.548505817881,39.4685601218426,39.5328317289369
2028,43,RS,Rio Grande do Sul,11224137,-0.0542375453107423,77.9286492820482,22.9639858387039,1.42557818720261,27.7891486647555,37.699331271928,65.4884799366834,135.662059053077,39.8046608839504,39.9431979489104
2029,43,RS,Rio Grande do Sul,11215207,-0.0795606824827599,78.1153210535984,23.0714947212451,1.41949674473062,27.3579048881032,38.576538086985,65.9344429750882,141.006916446151,40.1379318277407,40.3431245134232
2030,43,RS,Rio Grande do Sul,11203555,-0.103894649470138,78.2998839489459,23.1778099730426,1.41483913168379,26.825025633966,39.3737865402691,66.198812174235,146.780051872211,40.4674143162594,40.7368439441487
2031,43,RS,Rio Grande do Sul,11189162,-0.128468151403727,78.4823723487071,23.2829742465214,1.41138333922392,26.2847848538644,40.1310544802083,66.4158393340726,152.677888380388,40.7926921605032,41.1239595093668
2032,43,RS,Rio Grande do Sul,11172010,-0.15329119374623,78.6627989164731,23.3869552115051,1.40894019790892,25.7951935999007,40.8791811778073,66.674374777708,158.475961886034,41.1135645241993,41.5076947698611
2033,43,RS,Rio Grande do Sul,11152222,-0.177121216325438,78.8411430291057,23.4897142422811,1.40734909687813,25.293817472218,41.5961528676909,66.8899703399088,164.451858298491,41.4296628958785,41.8883586628082
2034,43,RS,Rio Grande do Sul,11129878,-0.2003546916479969,79.0172047324161,23.5910261655162,1.40647408543503,24.8317126550462,42.305004275323,67.1367169303691,170.366840431065,41.7405144962056,42.2679275524924
2035,43,RS,Rio Grande do Sul,11105054,-0.223039282191595,79.1909041367228,23.6908570502383,1.40620038184501,24.4399031138111,43.0455202203165,67.4854233341276,176.128031358648,42.0455001839703,42.6452827775824
2036,43,RS,Rio Grande do Sul,11077764,-0.245743964865008,79.3623920854075,23.7894604695693,1.40643128738136,24.1344844272785,43.858283753079,67.9927681803575,181.724552207576,42.3440831561315,43.0195708650053
2037,43,RS,Rio Grande do Sul,11048022,-0.268483784272711,79.531833275974,23.8870346817892,1.40708548673644,23.9185876904336,44.7707849155234,68.689372605957,187.179884928698,42.6359567350608,43.3911454258635
2038,43,RS,Rio Grande do Sul,11015931,-0.290468284730061,79.6992990167749,23.9837038292453,1.40809470609423,23.7274389186529,45.772439448728,69.499878367381,192.909313161248,42.9210408089884,43.7585736567456
2039,43,RS,Rio Grande do Sul,10981590,-0.311739425383106,79.8646980524155,24.0793227883392,1.40940169528862,23.5707255236154,46.8615666264289,70.4322921500444,198.812576131687,43.1991997515842,44.1221075803119
2040,43,RS,Rio Grande do Sul,10945030,-0.332920824762173,80.0279584730116,24.173750648024,1.410958498935,23.4714476501209,48.031311977629,71.5027596277499,204.637194490991,43.4703204102684,44.480814798076
2041,43,RS,Rio Grande do Sul,10906243,-0.354380024540824,80.1891247902852,24.2669639717213,1.41272498204021,23.4047794048389,49.2448843030822,72.6496637079211,210.405248651482,43.7343939613302,44.834568726593
2042,43,RS,Rio Grande do Sul,10865232,-0.37603233304081,80.3482386129218,24.3589531819194,1.41466757752408,23.3636943698325,50.4767911507562,73.8404855205887,216.047986040823,43.9914657137556,45.1828122152508
2043,43,RS,Rio Grande do Sul,10822129,-0.3967057491271239,80.5053698900801,24.4497866335573,1.41675822573638,23.3460554959791,51.723946595712,75.0700020916911,221.553258127997,44.2414945340238,45.5256645099668
2044,43,RS,Rio Grande do Sul,10777061,-0.416443012276047,80.6604363120931,24.5393870257748,1.41897347902806,23.3492364351309,52.9886792255247,76.3379156606556,226.939666197387,44.484571628573,45.863520853221
2045,43,RS,Rio Grande do Sul,10730094,-0.435805271956802,80.8133910672361,24.6277215138444,1.42129374747439,23.3676863881386,54.253586660213,77.6212730483516,232.173548373843,44.7207848318943,46.1955805555005
2046,43,RS,Rio Grande do Sul,10681274,-0.454982034640139,80.9642501895092,24.7148684162009,1.42370266478589,23.3954269301143,55.4956643344931,78.8910912646075,237.207316200157,44.9503471215138,46.5184242602837
2047,43,RS,Rio Grande do Sul,10630673,-0.473735623671856,81.1130653058604,24.8009022863162,1.42618655618675,23.4278593932625,56.6982683570453,80.1261277503078,242.012159136276,45.1735015271376,46.8329318557137
2048,43,RS,Rio Grande do Sul,10578433,-0.491408210938293,81.2599148675988,24.8858902260762,1.42873399253908,23.4618132880026,57.8480134634775,81.3098267514801,246.562415075814,45.3905089723591,47.1359605607975
2049,43,RS,Rio Grande do Sul,10524642,-0.508496863382313,81.4047256598408,24.9697267525228,1.43133541722738,23.4956557132372,58.947434840899,82.4430905541362,250.886527962225,45.6018022275722,47.4266933688742
2050,43,RS,Rio Grande do Sul,10469314,-0.525699591492046,81.5474575882032,25.0523523426312,1.43398283429103,23.5299727869164,60.0174548035248,83.5474275904412,255.068101213006,45.8077638133692,47.7078591711681
2051,43,RS,Rio Grande do Sul,10412471,-0.542948659291331,81.6881113301897,25.1337747700949,1.43666954801646,23.567357017678,61.0910634120112,84.6584204296892,259.218983979351,46.0088631219237,47.9795132817205
2052,43,RS,Rio Grande do Sul,10354134,-0.560260864111894,81.8267267371636,25.2140310360734,1.43938994569418,23.6103868324159,62.1941774333461,85.8045642657621,263.41871429212,46.2055238033427,48.2378288731933
2053,43,RS,Rio Grande do Sul,10294379,-0.577112484733155,81.9634181481159,25.2932276396364,1.44213931653095,23.6579559934354,63.3318711100091,86.9898271034446,267.697983408129,46.3982793911124,48.4865086430744
2054,43,RS,Rio Grande do Sul,10233271,-0.593605500632921,82.0981184900938,25.3712790644074,1.44491370080753,23.7068783189446,64.4965393042856,88.2034176232302,272.058338666822,46.5878043296225,48.7246605560415
2055,43,RS,Rio Grande do Sul,10170813,-0.610342479936277,82.2308424576322,25.4481658711272,1.44770976431019,23.7553242135959,65.6852245203272,89.4405487339231,276.507379691891,46.7745275623492,48.9494483747687
2056,43,RS,Rio Grande do Sul,10107042,-0.627000024481816,82.3616369713777,25.5238999955267,1.45052469386004,23.800950036574,66.8901480826162,90.6910981191902,281.039823955888,46.9587977372608,49.1379756187662
2057,43,RS,Rio Grande do Sul,10042053,-0.64300712315235,82.4905405634021,25.5985074648989,1.45335611043854,23.8427996176418,68.1018926197254,91.9446922373672,285.628758836422,47.1406455432968,49.3130838817817
2058,43,RS,Rio Grande do Sul,9975898,-0.658779634005113,82.6175940504352,25.672011437837,1.45620199697635,23.8798937379405,69.3218753855215,93.201769123462,290.293902252096,47.3202655039175,49.4866052328452
2059,43,RS,Rio Grande do Sul,9908602,-0.674585886904622,82.7427810770668,25.7443954974494,1.45906063835249,23.9104939470905,70.5448815695842,94.4553755166747,295.037324304914,47.4978424807052,49.6576281361783
2060,43,RS,Rio Grande do Sul,9840218,-0.690147812981079,82.8660705215428,25.8156113895583,1.46193057155384,23.9293694097819,71.731976141775,95.6613455515569,299.76542596418,47.673166590415,49.8278600698506
2061,43,RS,Rio Grande do Sul,9770762,-0.705838021068228,82.9874578594014,25.8855833780159,1.46481054428373,23.935448877155,72.8599962980367,96.7954451751917,304.402046821763,47.8457561447101,50.01259594568
2062,43,RS,Rio Grande do Sul,9700311,-0.721038952744935,83.1069339286798,25.9543139524101,1.46769948059233,23.9296909753646,73.9222564678686,97.8519474432331,308.914379813642,48.0148901411511,50.2193590420004
2063,43,RS,Rio Grande do Sul,9628864,-0.736543395361244,83.2245582961974,26.0218827270917,1.47059645233921,23.9126762820248,74.9154416198206,98.8281179018454,313.287566545341,48.1799723207224,50.4345584868722
2064,43,RS,Rio Grande do Sul,9556419,-0.752373281001784,83.3403607493023,26.0883409885603,1.4735006554974,23.8856709340127,75.8394786808603,99.725149614873,317.510355436013,48.3405579014482,50.6579871383638
2065,43,RS,Rio Grande do Sul,9483000,-0.768268950953277,83.4543308616726,26.1536945067297,1.47641139047469,23.8510535709754,76.6911696287336,100.542223199709,321.54206270393,48.4960271011283,50.8906103001426
2066,43,RS,Rio Grande do Sul,9408657,-0.783960771907621,83.5664695792827,26.2180588734746,1.47932804576632,23.8083555006447,77.4441011565219,101.252456657167,325.281186071104,48.6456515526073,51.1403458717551
2067,43,RS,Rio Grande do Sul,9333403,-0.799837851459562,83.676803164843,26.2813443391744,1.48225008436949,23.7433391311564,77.9716941169961,101.715033248153,328.393970562802,48.7886898272795,51.38567192313
2068,43,RS,Rio Grande do Sul,9257282,-0.8155760551644459,83.7853745963347,26.3436093226972,1.48517703248625,23.6764448418449,78.4086994600603,102.085144301905,331.167537963654,48.9244386203207,51.61906149581
2069,43,RS,Rio Grande do Sul,9180335,-0.8312050988616321,83.8922419281517,26.404896110161,1.48810847012206,23.6228761458066,78.8532637499551,102.476139895762,333.80043675991,49.0524346878409,51.8405731261209
2070,43,RS,Rio Grande do Sul,9102614,-0.846603092370812,83.9974606950477,26.4652527385965,1.49104402325408,23.5777493599869,79.2525021731143,102.830251533101,336.132600966618,49.1723579622293,52.059741926285
2000,50,MS,Mato Grosso do Sul,2162474,,72.594727430625,20.8218707033486,2.23734358412388,49.8521337560729,12.5022241875991,62.3543579436719,25.0786139842531,27.6254082130005,24.7809792198899
2001,50,MS,Mato Grosso do Sul,2194851,1.49722031340029,72.9332531043539,21.1054137437818,2.0746961710794,48.4978717279102,12.6905383691179,61.1884100970281,26.1672067597444,27.9313493262185,25.1241667325376
2002,50,MS,Mato Grosso do Sul,2227484,1.48679796487323,73.1771826954424,21.008961796101,2.04664952589012,47.2291567680169,12.8852207078436,60.1143774758605,27.2823433438248,28.2361713933748,25.4792208454439
2003,50,MS,Mato Grosso do Sul,2260241,1.47058295368228,73.1364688914529,20.954648375874,2.07339829467795,46.0569533579528,13.0830079878334,59.1399613457862,28.406151588345,28.5365069477104,25.8363361145979
2004,50,MS,Mato Grosso do Sul,2293097,1.45365029658342,72.9650796814988,20.8895346189393,2.04817665371982,44.9757195783848,13.2885270521718,58.2642466305566,29.5460021023394,28.8330223274462,26.2029615223653
2005,50,MS,Mato Grosso do Sul,2326157,1.44171833986961,73.327529828621,21.0079740625996,2.02771576483557,43.9716393680126,13.5077901697766,57.4794295377891,30.7193235547248,29.1267988360201,26.5759336594678
2006,50,MS,Mato Grosso do Sul,2359753,1.44427052860148,73.532967504802,21.1074176623138,1.93647058779689,43.0467932426372,13.7448215145928,56.7916147572299,31.9299545429989,29.4159291247855,26.9469278945775
2007,50,MS,Mato Grosso do Sul,2392064,1.36925347695289,73.677715194394,21.1824820902502,1.82179860953218,42.0701169703581,13.9989273802502,56.0690443506083,33.2752280915064,29.7224555864726,27.3434030767799
2008,50,MS,Mato Grosso do Sul,2425369,1.39231224582619,73.9386565926311,21.2818364501273,1.9709756059848,41.2021503418726,14.2764007287469,55.4785510706195,34.6496496185011,30.0159530364246,27.728421221423
2009,50,MS,Mato Grosso do Sul,2459515,1.40786824602772,73.8583226568513,21.2467652646978,1.89656373051849,40.4491761531964,14.5824666238039,55.0316427770004,36.0513315983856,30.2948861869108,28.1016982125283
2010,50,MS,Mato Grosso do Sul,2490254,1.24979924903894,74.2109849154433,21.3273173276056,1.90357362965507,39.7495333256719,14.9443252091105,54.6938585347824,37.5962280781264,30.5872465218407,28.4939986360537
2011,50,MS,Mato Grosso do Sul,2520122,1.19939572429157,74.38592608925,21.3588625892943,1.95645674300734,39.1704939142165,15.3576355888034,54.5281295030199,39.2071532782728,30.8725585507368,28.8807759421669
2012,50,MS,Mato Grosso do Sul,2552390,1.28041420216958,74.6987680056677,21.5581620773048,1.96877988482219,38.6599020526819,15.7944135051839,54.4543155578658,40.8547685497517,31.1433241001571,29.249047532656
2013,50,MS,Mato Grosso do Sul,2585456,1.29549167642875,74.9282380525029,21.6888181386433,1.96496938487382,38.1905368972354,16.2634346774931,54.4539715747285,42.584985702755,31.4117269835573,29.6110183639399
2014,50,MS,Mato Grosso do Sul,2619176,1.30421867554504,75.1059775312612,21.7802600496338,2.03407981078819,37.8037949322612,16.7633605445308,54.567155476792,44.3430628447972,31.6712374426155,29.9616085284394
2015,50,MS,Mato Grosso do Sul,2652939,1.28906953942767,75.0120616987508,21.5654515051186,2.05275609589288,37.519577248145,17.2859223538913,54.8054996020363,46.0717407330221,31.9174311961187,30.2988556140114
2016,50,MS,Mato Grosso do Sul,2684756,1.19931140520004,75.2916311671014,21.6225563680397,1.94913599039556,37.2069253450026,17.8266076735003,55.0335330185029,47.9120688103153,32.1736012509144,30.6431027894536
2017,50,MS,Mato Grosso do Sul,2715557,1.14725509506264,75.4802014393788,21.6739974628263,2.05086596827065,36.9182453605759,18.3949797505089,55.3132251110848,49.8262568300508,32.4323687552867,30.9881458966565
2018,50,MS,Mato Grosso do Sul,2746161,1.12698794390984,75.9592939021514,21.9137050711031,2.03191981347655,36.6955073309261,18.9976465972608,55.6931539281869,51.7710422312382,32.6858876810209,31.325931684016
2019,50,MS,Mato Grosso do Sul,2777028,1.12400547527984,76.0487581093988,21.995712706583,2.00150503781175,36.4453606208019,19.6221596784491,56.067520299251,53.8399383191982,32.9447628903994,31.6599511599512
2020,50,MS,Mato Grosso do Sul,2806866,1.07445801770814,74.7839733804355,20.9997102036446,1.92412734963195,36.1646195643695,20.2300956354486,56.3947151998181,55.9389145500094,33.1999008858991,31.9806593506258
2021,50,MS,Mato Grosso do Sul,2831943,0.8934163583156349,71.3390086057822,19.2451997305193,1.92357924879785,35.8999381501016,20.7685652040659,56.6685033541676,57.8512562256522,33.4259566665007,32.2626467521871
2022,50,MS,Mato Grosso do Sul,2854377,0.7921769611888291,74.5262455780285,21.0404333423943,1.85504119045862,35.7670807196981,21.3607876274018,57.1278683470999,59.7219208210015,33.6646616757352,32.5589310031775
2023,50,MS,Mato Grosso do Sul,2878009,0.8279214693784229,75.1442291393015,21.7011309863656,1.84797882682931,35.5334935420975,22.0475950342949,57.5810885763924,62.0473610571797,33.9474268496033,32.9009307908325
2024,50,MS,Mato Grosso do Sul,2901895,0.8299487597154929,75.3853505683758,21.8338804382001,1.80672343890468,35.2041443985625,22.7580478171361,57.9621922156986,64.6459336136156,34.2415011570026,33.2485222511607
2025,50,MS,Mato Grosso do Sul,2924631,0.783488031096913,75.623718722632,21.9652193862567,1.77547682680072,34.8871526555597,23.4874535240494,58.3746061796092,67.3240770203882,34.5433075146916,33.6027963676514
2026,50,MS,Mato Grosso do Sul,2946317,0.741495251879631,75.8597361364131,22.095238092943,1.74638657589252,34.4779652344855,24.2055770240612,58.6835422585466,70.2059325700878,34.8504977570302,33.9612737625538
2027,50,MS,Mato Grosso do Sul,2967004,0.702130829778325,76.0932830295728,22.2239289787614,1.7193729176824,33.9822005112038,24.9056822021713,58.8878827133751,73.2903750419576,35.1622151503672,34.3250084071292
2028,50,MS,Mato Grosso do Sul,2986726,0.664710933992674,76.3243284866528,22.3512085658203,1.69435100082754,33.4488496734462,25.5934012976951,59.0422509711413,76.5150417654354,35.477581137339,34.6914865106307
2029,50,MS,Mato Grosso do Sul,3005542,0.62998748462364,76.552788892291,22.4769367268588,1.67123233709292,32.8415587220601,26.2652533683005,59.1068120903606,79.9756600793062,35.7956198915204,35.0599182323898
2030,50,MS,Mato Grosso do Sul,3023495,0.597329865960949,76.7785331432655,22.6010526541817,1.64992610237465,32.1516282182406,26.9187385044046,59.0703667226452,83.7243399360186,36.1151379446634,35.4294455962014
2031,50,MS,Mato Grosso do Sul,3040577,0.564975301761694,77.0015748347068,22.7236288462588,1.63034029048759,31.5132786518124,27.5802799096687,59.0935585614811,87.5195507722347,36.4357521615141,35.7993514164085
2032,50,MS,Mato Grosso do Sul,3056770,0.532563391750984,77.2220026591255,22.8447576041792,1.61238272136313,30.8671174922549,28.2388862054032,59.1060036976582,91.4853361752644,36.7569539088646,36.1698554990634
2033,50,MS,Mato Grosso do Sul,3072122,0.502229477520388,77.4398094988908,22.9644353154961,1.5959619084609,30.1506918594509,28.8764032729707,59.0270951324216,95.7736008433226,37.0779861607059,36.5396024123297
2034,50,MS,Mato Grosso do Sul,3086658,0.473158292541775,77.6549145163205,23.082584178736,1.58098779261104,29.4667898037927,29.5190698579991,58.9858596617918,100.177420257023,37.3980615928295,36.9081084709357
2035,50,MS,Mato Grosso do Sul,3100394,0.445012048629945,77.8672077170509,23.1991461916941,1.56737235123998,28.8686006869714,30.1965230730555,59.0651237600269,104.59988483849,37.7164215257803,37.2744509860984
2036,50,MS,Mato Grosso do Sul,3113338,0.4174953247877419,78.0766391924805,23.3141913918028,1.55503009307558,28.3349353129334,30.9254360769216,59.260371389855,109.142426955906,38.0325913858373,37.638597986231
2037,50,MS,Mato Grosso do Sul,3125500,0.390641812742465,78.2832670354501,23.4277609513182,1.54387844906572,27.8681066408777,31.7214894756648,59.5895961165425,113.827214329426,38.3461145416733,38.0002243762341
2038,50,MS,Mato Grosso do Sul,3136904,0.364869620860664,78.4870933277313,23.5398925774239,1.53383807046548,27.47188207668,32.5920434007456,60.0639254774255,118.637825067005,38.6565766756012,38.3580652418448
2039,50,MS,Mato Grosso do Sul,3147565,0.339857388048848,78.6880838420138,23.6505651080779,1.52483304493673,27.125073369912,33.5264514482583,60.6515248181702,123.599486685433,38.9633720034376,38.7136424882102
2040,50,MS,Mato Grosso do Sul,3157479,0.314973638352178,78.8862103382917,23.7596260796191,1.51679104113728,26.8370905801823,34.5152116756989,61.3523022558812,128.610109849935,39.2662969413257,39.0670164479597
2041,50,MS,Mato Grosso do Sul,3166644,0.29026321315202,79.0815206577756,23.8671013354652,1.50964339172278,26.5932996961389,35.5330624950402,62.1263621911791,133.616598545683,39.5650139390471,39.4177166857579
2042,50,MS,Mato Grosso do Sul,3175048,0.265391373327728,79.2740909463879,23.9729482811642,1.50332512400206,26.3866022343295,36.5613824759918,62.9479847103214,138.560403311135,39.8593174024456,39.7649994380128
2043,50,MS,Mato Grosso do Sul,3182709,0.241287690768766,79.4639377640798,24.0771544557062,1.49777494672497,26.2134753043339,37.596117620174,63.8095929245079,143.422866230783,40.1491217073254,40.1088599905505
2044,50,MS,Mato Grosso do Sul,3189633,0.217550520641385,79.6510573596025,24.1797206825901,1.49293520068083,26.0689460728499,38.6374374727932,64.7063835456431,148.212502971238,40.4343308462133,40.4484838236952
2045,50,MS,Mato Grosso do Sul,3195805,0.193501885640135,79.8354272955642,24.280637494277,1.48875177997681,25.9471766093606,39.6794235262168,65.6266001355775,152.923858050522,40.7150361176605,40.7838318201372
2046,50,MS,Mato Grosso do Sul,3201207,0.16903409313147,80.017150558634,24.380000304504,1.48517403007309,25.8447527072722,40.7153556824751,66.5601083897473,157.538190222337,40.9913479509447,41.114517225748
2047,50,MS,Mato Grosso do Sul,3205847,0.144945328433921,80.1962082669889,24.4778764266393,1.48215462789305,25.7574063489111,41.7401876522363,67.4975940011473,162.05120611455,41.2631878564386,41.4417958201911
2048,50,MS,Mato Grosso do Sul,3209727,0.121028857584293,80.3726423844419,24.5742652628332,1.47964944861439,25.6810890287968,42.7468045828877,68.4278936116845,166.452460543845,41.5306501144801,41.7553512102515
2049,50,MS,Mato Grosso do Sul,3212831,0.0967060438473499,80.5464591901428,24.6691698928694,1.47761742308839,25.6111258990246,43.735251252507,69.3463771515316,170.766609109413,41.7941955241343,42.0462815610081
2050,50,MS,Mato Grosso do Sul,3215143,0.0719614570451999,80.7175989094413,24.7625904204268,1.47602038923376,25.5454882440161,44.7120313492904,70.2575195933065,175.029073322816,42.0539450344821,42.3438466947961
2051,50,MS,Mato Grosso do Sul,3216656,0.0470585600702567,80.8860805450794,24.8545876132835,1.47482294021105,25.4851740474922,45.6890298966938,71.174203944186,179.276899626235,42.3100057948379,42.6474975331023
2052,50,MS,Mato Grosso do Sul,3217365,0.0220415238682659,81.0519167016562,24.9452123962554,1.4739922717004,25.4294497725774,46.6748902203723,72.1043399929497,183.546599072331,42.562519950332,42.9558230591745
2053,50,MS,Mato Grosso do Sul,3217259,-0.0032946215303475,81.2151592014568,25.034516363968,1.47349803018094,25.3757690861651,47.6707829820239,73.0465520681889,187.859460811432,42.8118416950578,43.2528337531486
2054,50,MS,Mato Grosso do Sul,3216333,-0.0287822646544811,81.3758313600429,25.1224504652293,1.47331216373719,25.3206869018226,48.6732174503877,73.9939043522103,192.22708151288,43.0582595147953,43.557163448339
2055,50,MS,Mato Grosso do Sul,3214575,-0.0546585195003169,81.5339332801842,25.2089531111013,1.4734087765961,25.2615716831034,49.6769060475221,74.9384777306255,196.650100281564,43.3019982423804,43.8677029244498
2056,50,MS,Mato Grosso do Sul,3212007,-0.0798861435804099,81.6895251973823,25.2939992123341,1.47376398832109,25.1979817171831,50.6766394441235,75.8746211613066,201.11388290105,43.5429813820456,44.187194943656
2057,50,MS,Mato Grosso do Sul,3208634,-0.1050122244440899,81.8426273956167,25.3775612227855,1.47435579835386,25.1279268060863,51.6655692722209,76.7934960783071,205.610155071396,43.7811997254907,44.5072886297376
2058,50,MS,Mato Grosso do Sul,3204455,-0.130242339886688,81.9932976951578,25.4596701152836,1.47516395639549,25.0506142751387,52.6444468473864,77.6950611225251,210.152319097552,44.0167869419293,44.8299494626266
2059,50,MS,Mato Grosso do Sul,3199467,-0.155658294468175,82.1415645230204,25.5403304861706,1.47616983895206,24.9655620474786,53.6131942568435,78.5787563043221,214.748597107022,44.249847552733,45.1602354552282
2060,50,MS,Mato Grosso do Sul,3193683,-0.180780111187273,82.2874526317556,25.6195618919783,1.47735633223205,24.8738183197314,54.5692573499459,79.4430756696773,219.384320688144,44.4801847897866,45.5004002769484
2061,50,MS,Mato Grosso do Sul,3187126,-0.20531154782738,82.4310742753508,25.6973144195841,1.47870772146986,24.7791645875834,55.528324751104,80.3074893386875,224.092804076731,44.7073313072655,45.8395528158901
2062,50,MS,Mato Grosso do Sul,3179822,-0.2291719875524229,82.5723776979417,25.7736561103193,1.48020958665865,24.6823377389945,56.4869647657259,81.1693025047203,228.855813266361,44.930926322291,46.1671791015063
2063,50,MS,Mato Grosso do Sul,3171802,-0.252215375577625,82.7113963259206,25.8486300640732,1.48184870460265,24.5839057821056,57.4405714961257,82.0244772782313,233.651121206038,45.1506197423421,46.4931697921049
2064,50,MS,Mato Grosso do Sul,3163052,-0.275868418016001,82.8481910857519,25.9223426091674,1.48361295714231,24.4855187884289,58.386325596723,82.8718443851519,238.452475118945,45.3661707110727,46.8212371715594
2065,50,MS,Mato Grosso do Sul,3153623,-0.298098165948579,82.9827073065771,25.994797130423,1.48549124536203,24.3880630053359,59.316704336277,83.7047673416129,243.220235749346,45.5772532100381,47.1578507190338
2066,50,MS,Mato Grosso do Sul,3143519,-0.32039340149409,83.1149824754434,26.0662489624856,1.48747340955764,24.2955288736152,60.2438241183581,84.5393529919733,247.962596046972,45.7832177887266,47.4865200659703
2067,50,MS,Mato Grosso do Sul,3132773,-0.341846192117812,83.245002711794,26.1364286681854,1.48955015471811,24.1837788440111,60.9979494351637,85.1817282791747,252.22670877289,45.9837492215363,47.8056907991576
2068,50,MS,Mato Grosso do Sul,3121396,-0.363160688629527,83.3727961018973,26.205411812505,1.49171298126061,24.0896795610118,61.8035249122464,85.8932044732583,256.556027471088,46.1783679481873,48.1083299324355
2069,50,MS,Mato Grosso do Sul,3109417,-0.383770594951749,83.4984244404325,26.2732482127587,1.49395412074894,24.0203422684548,62.6976744744644,86.7180167429191,261.019071975521,46.3667591062891,48.3961667631731
2070,50,MS,Mato Grosso do Sul,3096870,-0.4035161575304921,83.6219064405635,26.339926365555,1.49626647632208,23.9563877828156,63.5350984628927,87.4914862457083,265.211512849478,46.5487327527471,48.6721614324286
2000,51,MT,Mato Grosso,2628097,,70.3102561887949,19.8302975263082,2.28197820781282,53.0673697957769,9.59913594345258,62.6665057392295,18.0885843417408,25.9448338474569,23.2219532276086
2001,51,MT,Mato Grosso,2681943,2.04885892720095,70.4806961481927,19.8647514688152,2.12743533767515,51.5483179973888,9.73576391164908,61.2840819090379,18.8866762095753,26.2476197294275,23.6019368953096
2002,51,MT,Mato Grosso,2733393,1.9183852900676903,70.878256440073,19.9955365089795,2.09160926939271,50.0583961081744,9.88099598716924,59.9393920953436,19.7389384306616,26.5636002579944,23.9972726941039
2003,51,MT,Mato Grosso,2782719,1.80457036364694,71.0545007784458,19.9497054170823,2.07368537224041,48.6177160629324,10.0371448363546,58.654860899287,20.6450356971977,26.8897596199976,24.4149903779819
2004,51,MT,Mato Grosso,2830188,1.70584956655702,71.3916848464357,20.162150851656,2.11008749443133,47.2396334309301,10.2088250952834,57.4484585262134,21.610720392676,27.2234770269678,24.8394795078339
2005,51,MT,Mato Grosso,2876158,1.6242737231590298,71.845308542441,20.4301648325664,2.15646238893464,45.9193678656334,10.4052912664102,56.3246591320436,22.6599183526602,27.5639033043386,25.2747791433761
2006,51,MT,Mato Grosso,2923828,1.65741937682145,72.8290935595075,20.8298190142294,2.03386142792219,44.798046300426,10.6297268318459,55.4277731322718,23.7281035886263,27.8822584639042,25.6899663346406
2007,51,MT,Mato Grosso,2967696,1.50036185439089,73.1272088263608,20.8717608013876,1.91254374718114,43.5717311677646,10.8778401491361,54.4495713169007,24.96536138822,28.2296461632189,26.1312743316896
2008,51,MT,Mato Grosso,3010046,1.4270329575536,73.1987448593311,20.9204983598506,1.93985666858942,42.3463726464067,11.1456448707933,53.4920175172,26.3201879505943,28.5839924041028,26.5793246557253
2009,51,MT,Mato Grosso,3053540,1.44496130623917,73.116031264087,20.8261305143536,1.93405824796826,41.2176696933354,11.4342190709628,52.6518887642983,27.7410614332029,28.9270224067803,27.016252095665
2010,51,MT,Mato Grosso,3093944,1.3231855485764,73.5236668427946,20.9536529813907,1.84115641113116,40.1552309043744,11.7634523384558,51.9186832428303,29.2949438305292,29.2796130117416,27.465902325344
2011,51,MT,Mato Grosso,3133302,1.27209800823802,73.6421552374243,21.0560903717822,1.89694550392744,39.1919388030587,12.1342959709953,51.326234774054,30.9612036086571,29.6326696245686,27.9156924536614
2012,51,MT,Mato Grosso,3176859,1.39013092258582,73.8993049218811,21.2915539416608,1.87896526205514,38.3325925334974,12.5274475836629,50.8600401171603,32.6809296102673,29.9704245608634,28.3493177354913
2013,51,MT,Mato Grosso,3223484,1.46764461375213,73.9563669360083,21.4363579249265,1.92454451909919,37.5772125228579,12.9479353646897,50.5251478875476,34.4568809003955,30.2969011169281,28.7686850132291
2014,51,MT,Mato Grosso,3274085,1.56976116524854,74.224477147713,21.5656946951544,2.03053488401903,37.0044631619178,13.3945846723738,50.3990478342916,36.1972138705649,30.5965468214784,29.1609109403635
2015,51,MT,Mato Grosso,3327512,1.63181469021116,74.5215647746943,21.6257793976029,2.03745078474733,36.5886026612359,13.8683507535707,50.4569534148066,37.9034719690557,30.8760524379777,29.5312054716443
2016,51,MT,Mato Grosso,3380091,1.5801295382255502,75.0344556587012,21.7695898038999,1.88718645289576,36.1945798489834,14.3716989343491,50.5662787833325,39.706770998069,31.1701539988125,29.9101858051557
2017,51,MT,Mato Grosso,3433278,1.57353751718519,75.2218394044895,21.7684432000354,2.01112142830953,35.8852689631789,14.9039054879214,50.7891744511003,41.5320991552661,31.4631072694958,30.2843361428691
2018,51,MT,Mato Grosso,3490648,1.67099780443063,75.6402654069122,21.9061082483344,2.03934329884371,35.7572344481026,15.457806272743,51.2150407208456,43.229870853626,31.728147610415,30.6275144817455
2019,51,MT,Mato Grosso,3551996,1.75749602939053,75.9129048531477,22.1081734744868,2.0391610886347,35.6834726571643,16.0264262540426,51.7098989112069,44.9127426806789,31.9815596639185,30.9488761421997
2020,51,MT,Mato Grosso,3611987,1.6889377127677,73.4304217839083,20.2843341025357,1.96673986855991,35.5901488456929,16.5617424234446,52.1518912691375,46.5346253404301,32.2219927701844,31.2480519265203
2021,51,MT,Mato Grosso,3666669,1.51390356609811,70.9605343553294,19.1399944863994,1.98077388798838,35.3449873473475,17.013267625415,52.3582549727625,48.1348810744214,32.4337653603311,31.5128520284427
2022,51,MT,Mato Grosso,3720967,1.48085360309316,74.9105276448048,21.6141009598627,1.97238959443704,35.2604052025191,17.5433488506559,52.803754053175,49.7536790910234,32.6611227672807,31.7928833011804
2023,51,MT,Mato Grosso,3778389,1.5432010012451,75.4741870271278,22.1689098546032,1.97872911459304,35.1985853405263,18.1856488869421,53.3842342274684,51.6658516557025,32.923414449915,32.1084320682247
2024,51,MT,Mato Grosso,3836399,1.53531041933481,75.7099524326101,22.2926533568639,1.95365461352889,35.0782840502116,18.8496806607782,53.9279647109898,53.736039749825,33.191639868533,32.4264642047556
2025,51,MT,Mato Grosso,3893659,1.49254548340774,75.9425202271227,22.4146768032865,1.93999055603019,34.9921796959428,19.5350838167529,54.5272635126956,55.8269990223499,33.4633692883737,32.7466911064559
2026,51,MT,Mato Grosso,3950330,1.45546900742977,76.1721969319475,22.5351728990125,1.92654775397292,34.89601474615,20.2279700129154,55.1239847590655,57.9664186872432,33.7364356901828,33.067973278163
2027,51,MT,Mato Grosso,4006413,1.4197041766131,76.3991418758819,22.6542331669446,1.91334015636276,34.742928453872,20.9162899267863,55.6592183806583,60.2030135558572,34.0104524920421,33.3903652668416
2028,51,MT,Mato Grosso,4061869,1.38418081211298,76.6234506377678,22.7719825586863,1.90037968629484,34.5453685753464,21.600667659237,56.1460362345833,62.5284040959764,34.2851300718955,33.7115104457256
2029,51,MT,Mato Grosso,4116731,1.35065901928397,76.8451225029671,22.8884247652674,1.88767642457789,34.2158409676896,22.2685755186427,56.4844164863323,65.0826485301682,34.5599923823053,34.0310109205331
2030,51,MT,Mato Grosso,4171009,1.31847332264363,77.0640501370544,23.0034289814142,1.87523878177375,33.7903650617955,22.9248151997241,56.7151802615195,67.8442365384316,34.8341458865229,34.3462537262977
2031,51,MT,Mato Grosso,4224343,1.27868340730024,77.2803113948829,23.1171232679827,1.86307365848521,33.4625875431116,23.6035116890225,57.0660992321341,70.5370188680503,35.1084900066117,34.6584746022972
2032,51,MT,Mato Grosso,4276351,1.23115002735337,77.4939637028284,23.2296050900186,1.85118659396602,33.1483153248811,24.2943641914311,57.4426795163122,73.289891064828,35.3839144635228,34.9695939203193
2033,51,MT,Mato Grosso,4327036,1.18523947168976,77.7050027169252,23.3408967273486,1.83958190331033,32.7168913745622,24.9692702219796,57.6861615965418,76.3192014061383,35.65981101151,35.2779204892966
2034,51,MT,Mato Grosso,4376435,1.14163598361556,77.9133616090081,23.4508643757022,1.82826280361587,32.2685566735033,25.6486374139949,57.9171940874982,79.4849229654446,35.9354296362222,35.5841649982424
2035,51,MT,Mato Grosso,4424535,1.09906807709927,78.1190251877244,23.5593783973248,1.8172315296119,31.8896080392233,26.3616763451521,58.2512843843754,82.6654134874534,36.2101818609187,35.8879211464052
2036,51,MT,Mato Grosso,4471290,1.05672121477172,78.3220048298917,23.6664430508117,1.80648943930901,31.5649772293645,27.1228577999364,58.6878350293009,85.9270627786304,36.4839900789258,36.1881526196247
2037,51,MT,Mato Grosso,4516616,1.01371192653574,78.5223188851321,23.7720744665275,1.79603711026712,31.2525992874956,27.9336175455959,59.1862168330916,89.3801417559925,36.7568236927824,36.4798223565514
2038,51,MT,Mato Grosso,4560545,0.972608696422284,78.7200299535759,23.8763361703884,1.78587442709815,30.957999948856,28.7983936592698,59.7563936081259,93.0240768358616,37.0280668209611,36.7640765502517
2039,51,MT,Mato Grosso,4603091,0.932914816102026,78.9150587447412,23.9790880267944,1.77600066082293,30.6999470983184,29.7158991508548,60.4158462491732,96.7946265695114,37.2971459829927,37.0398598029158
2040,51,MT,Mato Grosso,4644239,0.893921063042202,79.1073688323098,24.0802816331039,1.76641454069409,30.4820267958456,30.6761075581496,61.1581343539953,100.636705569495,37.563876234621,37.3068293904902
2041,51,MT,Mato Grosso,4684079,0.857836989009386,79.2969878449127,24.1799852421806,1.75711431907903,30.2880287095235,31.6552229620871,61.9432516716106,104.513975688797,37.82785644734,37.5687826537176
2042,51,MT,Mato Grosso,4722754,0.82566925109504,79.4838836370777,24.2781874806183,1.74809782997333,30.1125551627815,32.6363105670627,62.7488657298442,108.381073577577,38.0884932816742,37.82578746321
2043,51,MT,Mato Grosso,4760300,0.795002238100895,79.6681257046742,24.3749414979256,1.73936254168687,29.9560067774922,33.6157632014888,63.571769978981,112.217103738762,38.3454057517383,38.0789296927475
2044,51,MT,Mato Grosso,4796692,0.764489633006327,79.849720838752,24.4702440549672,1.73090560421363,29.816723033477,34.5944828735042,64.4112059069812,116.02375899814,38.5984651505663,38.3626482505693
2045,51,MT,Mato Grosso,4831901,0.734026700067458,80.0286601313626,24.5640739684071,1.7227238917639,29.6905241290765,35.5660066644345,65.2565307935109,119.789083243579,38.8476640974225,38.632030072876
2046,51,MT,Mato Grosso,4865883,0.703284276726701,80.2050135868917,24.6564912927753,1.71481404090411,29.5751483947695,36.5233244934233,66.0984728881928,123.493292428864,39.0931469170138,38.8815191953008
2047,51,MT,Mato Grosso,4898611,0.672601457947097,80.3788124678854,24.7475310615455,1.70717248471693,29.4692290522592,37.4621954980482,66.9314245503075,127.123093147821,39.334950662545,39.1211481343976
2048,51,MT,Mato Grosso,4930087,0.642549490049316,80.5500872683331,24.8372065096025,1.69979548336185,29.3698701169672,38.37556553542,67.7454356523872,130.663041350156,39.5729497268507,39.3665657241988
2049,51,MT,Mato Grosso,4960272,0.612261000667935,80.7188020041364,24.9254853048739,1.69267915138561,29.2732210563083,39.2636836137767,68.536904670085,134.128333668001,39.8073637897277,39.6037680442645
2050,51,MT,Mato Grosso,4989125,0.58168181099747,80.8849444843721,25.0123219427548,1.68581948210223,29.178101856361,40.1353863111659,69.3134881675269,137.553109207534,40.0383666474582,39.8313843919921
2051,51,MT,Mato Grosso,5016637,0.551439380652918,81.0485613338002,25.0977634985025,1.6792123693345,29.08846294164,41.004622038498,70.093084980138,140.96524151436,40.2658735324083,40.055215339051
2052,51,MT,Mato Grosso,5042800,0.521524678783813,81.209701979739,25.181808145474,1.67285362678254,29.0073265286758,41.8817521315386,70.8890786602144,144.38335808071,40.4898647576743,40.2865426064782
2053,51,MT,Mato Grosso,5067585,0.491492821448403,81.3683607190746,25.264461637916,1.66673900526077,28.9323585138362,42.7696294348685,71.7019879487048,147.826280441033,40.7104295241224,40.5206576222349
2054,51,MT,Mato Grosso,5090934,0.460752015013077,81.524540556283,25.3457334849519,1.66086420802185,28.8570023697445,43.6614162688571,72.5184186386016,151.302674163531,40.9280556377278,40.7648338037905
2055,51,MT,Mato Grosso,5112806,0.429626469327626,81.6782577223727,25.4256396055015,1.6552249043653,28.7781646977143,44.5495139996312,73.3276786973454,154.803179659228,41.1430011230624,41.0274372697974
2056,51,MT,Mato Grosso,5133213,0.399135034656117,81.829571768059,25.5042125366286,1.64981674170951,28.6955167897785,45.4218992155374,74.1174160053159,158.289183457804,41.3550573490716,41.3085581499211
2057,51,MT,Mato Grosso,5152176,0.36941775063688,81.978542222738,25.5814717858205,1.64463535628786,28.6085228994925,46.2693264479795,74.877849347472,161.73266480948,41.5639644297866,41.5746853307987
2058,51,MT,Mato Grosso,5169662,0.339390579824905,82.1251771282546,25.6574349287208,1.63967638261412,28.5139979741339,47.0903480590205,75.6043460331544,165.14817775374,41.7699613630446,41.8277662852431
2059,51,MT,Mato Grosso,5185637,0.309014399780883,82.2694613622258,25.732108141673,1.63493546184726,28.41034532582,47.886415597882,76.2967609237019,168.552740379265,41.9733294096752,42.0760729722307
2060,51,MT,Mato Grosso,5200094,0.278789278925617,82.4114423412026,25.8055639912137,1.63040824917279,28.2973186157445,48.654509842087,76.9518284578314,171.940354147251,42.1740335847775,42.3486608135141
2061,51,MT,Mato Grosso,5213059,0.249322416094788,82.55114876976,25.8779291041269,1.62609042030549,28.1711384597362,49.3608172711812,77.5319557309173,175.217687214631,42.3716813870704,42.6249655419561
2062,51,MT,Mato Grosso,5224557,0.220561478394932,82.6886324087382,25.9491926072898,1.62197767720781,28.0339976629248,50.0089114198056,78.0429090827303,178.386657590197,42.565949610656,42.8996878646851
2063,51,MT,Mato Grosso,5234598,0.192188543449712,82.8239075634454,26.0193424510401,1.61806575310804,27.887112526018,50.6106900944696,78.4978026204876,181.484153467847,42.7569219260008,43.1596306810197
2064,51,MT,Mato Grosso,5243192,0.164176886171585,82.9569467635943,26.0882939549284,1.61435041689367,27.7352572937635,51.1837809671648,78.9190382609283,184.544100042201,42.9445263495977,43.4093972161673
2065,51,MT,Mato Grosso,5250347,0.136462673882631,83.0877699393366,26.1560069458537,1.61082747694742,27.5829103524076,51.7425698409505,79.3254801933582,187.589232535188,43.1285307428252,43.6545857566427
2066,51,MT,Mato Grosso,5256097,0.109516570999979,83.2163816961378,26.2224438568565,1.60749278448616,27.4626803338847,52.4637415241705,79.9264218580552,191.03649347525,43.3086575457036,43.8969850682289
2067,51,MT,Mato Grosso,5260473,0.0832556933405115,83.3428572673531,26.2877625727269,1.60434223645633,27.3179734309024,53.0345875508953,80.3525609817977,194.138074279339,43.4847396802531,44.1355098134446
2068,51,MT,Mato Grosso,5263493,0.0574092861991725,83.4672103508494,26.3519528981871,1.60137177803424,27.1693712953066,53.5605402229743,80.7299115182809,197.135736564603,43.6566031340785,44.3671506273742
2069,51,MT,Mato Grosso,5265186,0.0321649520575118,83.5894417326627,26.4149936778137,1.59857740477361,27.0345668545759,54.1257679688188,81.1603348233947,200.209488319053,43.8241680350894,44.5914317696143
2070,51,MT,Mato Grosso,5265603,0.0079199481271885,83.7096230972047,26.4769219146437,1.59595516443895,26.8971784194888,54.6239495646233,81.5211279841121,203.084311345626,43.98732092032,44.8083462698808
2000,52,GO,Goiás,5142445,,71.1042031539728,19.7987700754989,2.02176763589571,47.7700863815951,11.7947693196553,59.5648557012504,24.6907012590198,27.5793401776781,25.0227705481974
2001,52,GO,Goiás,5253910,2.16754870494482,71.4124084464431,19.8910086347574,2.00475393063718,46.659339836725,11.9282944624982,58.5876342992232,25.5646447297345,27.8388451648391,25.3485239645303
2002,52,GO,Goiás,5363945,2.09434497355303,71.6357879830931,19.9706415047627,1.97330416772424,45.5514225040102,12.063831894144,57.6152543981542,26.4839849800123,28.1108137760548,25.6894661935777
2003,52,GO,Goiás,5472469,2.02321239311738,71.6849702668015,19.9738969011516,1.9276091473425,44.4624644827907,12.2060105495953,56.668475032386,27.452393140105,28.3930922221761,26.044093292175
2004,52,GO,Goiás,5579832,1.96187497818627,72.1836167421052,20.2494561888374,1.8519562975833,43.3962148277054,12.3652050892529,55.7614199169582,28.4937410747597,28.6858489646283,26.4184700625219
2005,52,GO,Goiás,5686497,1.9116166938359505,72.7125219369974,20.4703079923823,1.84164485192777,42.3405374986858,12.5499346008582,54.890472099544,29.6404706748179,28.9896243680424,26.80392310457
2006,52,GO,Goiás,5793069,1.8741239114344,73.3399426833734,20.7948896905631,1.76180475721421,41.2914487300619,12.7607294747795,54.0521782048415,30.9040488218307,29.3013150715105,27.2012863529562
2007,52,GO,Goiás,5896546,1.78622074068167,73.5426503267802,20.8519166652454,1.67848892848588,40.1713597737022,12.9938347366548,53.165194510357,32.3460166891365,29.6322720114453,27.618356193742
2008,52,GO,Goiás,5998618,1.73104729446696,73.7131168797411,20.9822294773982,1.68635778447998,39.0547271892183,13.2482305301186,52.302957719337,33.9222201346628,29.9683623794681,28.0405776800596
2009,52,GO,Goiás,6099136,1.67568596633425,73.786797093479,20.9951981616998,1.61823122758099,37.9655012850022,13.525819143913,51.4913204289153,35.6266049073774,30.3072841792674,28.468710200806
2010,52,GO,Goiás,6184917,1.40644510960242,73.9564766725222,21.0750449193228,1.63828787756207,36.9751661952375,13.8655044096795,50.840670604917,37.4995053070658,30.6624468848976,28.9221250368418
2011,52,GO,Goiás,6263998,1.27861052945415,73.7881428874388,21.0612970211492,1.69067277127953,36.1221525778938,14.2519342905361,50.3740868684298,39.4548311034433,31.01104023341,29.3768102109346
2012,52,GO,Goiás,6351217,1.3923855020388,73.915516344804,21.2222282149367,1.6692134556811,35.300705825248,14.6424093389814,49.9431151642294,41.4790837652566,31.3441669525699,29.8104121831272
2013,52,GO,Goiás,6441772,1.42578973447136,74.1151574994151,21.3550263523836,1.70484005262495,34.5265633961765,15.0563219698641,49.5828853660406,43.6079368719664,31.6701050580492,30.2338262556585
2014,52,GO,Goiás,6535659,1.45747163979104,74.3473294988556,21.4431415246794,1.78058357311355,33.8761106444738,15.500991366257,49.3771020107308,45.7578838637595,31.9778560968374,30.639916088956
2015,52,GO,Goiás,6630429,1.45004505284012,74.783066008744,21.6461086359172,1.80052168340932,33.3634421952649,15.9891797309845,49.3526219262494,47.9242508533898,32.2736551435812,31.0358986873539
2016,52,GO,Goiás,6720503,1.35849429953929,75.1031201684554,21.8190428735129,1.69203781892824,32.8811735582572,16.5259225253245,49.4070960835817,50.2595276778814,32.5845709763094,31.4449636596836
2017,52,GO,Goiás,6805532,1.26521779694169,75.5645722893633,22.0459318062683,1.72161839887121,32.4314905193119,17.1133617384082,49.54485225772,52.7677311908243,32.9102641792001,31.8680896990047
2018,52,GO,Goiás,6888446,1.21833238018718,75.6976794625684,22.0397521153212,1.74671413994505,32.0877871246189,17.7459230163871,49.833710141006,55.3042905310595,33.2313412923612,32.2890673149353
2019,52,GO,Goiás,6974736,1.25267730922185,76.0191445916298,22.1709112289638,1.70294591704,31.7698266058732,18.392613321495,50.1624399273681,57.8933387004851,33.5463312159772,32.694926752194
2020,52,GO,Goiás,7060290,1.22662707233649,74.4576655823299,20.8627715626871,1.63536550369264,31.4260061098902,19.0050057804897,50.4310118903799,60.4754091691865,33.8510178760363,33.0783618822603
2021,52,GO,Goiás,7133954,1.04335657600467,71.6808560223634,19.5471978532735,1.59749900542054,31.0827178168274,19.5542097950531,50.6369276118804,62.910231693018,34.1317977379725,33.4274193548387
2022,52,GO,Goiás,7201254,0.943375861408691,75.454296142239,21.6325996426762,1.58037264382133,30.8223449283494,20.1752609182662,50.9976058466157,65.4566061250896,34.4320955766871,33.798520809753
2023,52,GO,Goiás,7274463,1.01661460628941,76.5698649800385,22.5241308517067,1.62034236573938,30.6003977683645,20.9261653929858,51.5265631613503,68.3852724771435,34.764848071947,34.2025210011557
2024,52,GO,Goiás,7350483,1.04502559157975,76.7779855058477,22.6395328157932,1.56439913842794,30.3881252175439,21.7215280821495,52.1096532996934,71.4803164941847,35.1033562012183,34.6020369394963
2025,52,GO,Goiás,7423629,0.995118279982421,76.9837309589687,22.7536014918846,1.54761234598578,30.165587612011,22.5414359867642,52.7070235987752,74.725665140993,35.4486101069975,35.0042854312565
2026,52,GO,Goiás,7495033,0.961847635435453,77.1873193138815,22.8663655186361,1.53255031075671,29.8557250828534,23.3614117747107,53.2171368575641,78.2476784934206,35.7944261219397,35.4055362995247
2027,52,GO,Goiás,7564776,0.930522920979793,77.3887379682853,22.9778353136651,1.51908390885403,29.5017076467346,24.182963514199,53.6846711609336,81.9714024821059,36.1400669365491,35.8052624856304
2028,52,GO,Goiás,7632921,0.900819799555208,77.5878500959003,23.0878775600069,1.50708994152965,29.1178793858073,25.0061989495305,54.1240783353377,85.8791899581776,36.4850314840151,36.2041937073154
2029,52,GO,Goiás,7699569,0.8731650700957159,77.7846939298793,23.1965407393427,1.49645158143751,28.6355007752255,25.8192124735782,54.4547132488038,90.1650460952168,36.8286257321676,36.6017187025861
2030,52,GO,Goiás,7764794,0.847125339093657,77.9792221551902,23.3038030979669,1.48705863996587,28.0737210917505,26.626809386756,54.7005304785065,94.8460280692192,37.1699701241269,36.9961462740334
2031,52,GO,Goiás,7828105,0.81535968629689,78.1714627187138,23.4097839179677,1.47880768587921,27.5771195408587,27.4631977290107,55.0403172698693,99.5868973491622,37.5093919920594,37.3901284397536
2032,52,GO,Goiás,7888942,0.777161266998849,78.361414266267,23.5145042138433,1.47160204272277,27.1442482736928,28.3341029459905,55.4783512196833,104.383450447036,37.8473966471043,37.7839185124873
2033,52,GO,Goiás,7947319,0.739985158973155,78.5490824971749,23.6179655935604,1.46535168943682,26.6711048483146,29.2141868555548,55.8852917038695,109.534970604718,38.1836073272005,38.1778443659754
2034,52,GO,Goiás,8003283,0.704187160475134,78.7344416152526,23.7201442664574,1.45997308558063,26.2136542463224,30.1164357218521,56.3300899681745,114.888353370561,38.5174330334189,38.5712512167357
2035,52,GO,Goiás,8056841,0.669200376895329,78.9174534408379,23.8209857693606,1.45538893960714,25.8481790720366,31.0685231387076,56.9167022107442,120.196177270833,38.848293270278,38.9631013141998
2036,52,GO,Goiás,8107945,0.634293267050934,79.0981073313847,23.9205101608123,1.45152793584388,25.5703262915623,32.0804856797921,57.6508119713543,125.45982133352,39.1758354305561,39.3535435137418
2037,52,GO,Goiás,8156542,0.599375057428242,79.2764406000504,24.0187198832626,1.44832443328023,25.3490346965148,33.1519903615394,58.5010250580542,130.782062348502,39.4999623615007,39.7422592843667
2038,52,GO,Goiás,8202616,0.564871731182159,79.452428946741,24.1155851691441,1.44571814696157,25.1211763197065,34.2699107305945,59.391087050301,136.418415660381,39.82027087456,40.1292524218011
2039,52,GO,Goiás,8246208,0.531440213707435,79.6260869761928,24.2111176284572,1.44365382075987,24.9222038603065,35.4385384243506,60.3607422846571,142.196647708164,40.1362779110107,40.5141247988557
2040,52,GO,Goiás,8287291,0.4982047505956769,79.7973835794845,24.3052446988047,1.44208089852084,24.7865439038022,36.6565905428074,61.4431344466096,147.889075157365,40.4477872202147,40.8957103967659
2041,52,GO,Goiás,8325830,0.465037368664856,79.966333910745,24.3979278361005,1.4409531990698,24.6789885642819,37.8956638388982,62.5746524031801,153.554363624711,40.7546189388926,41.2719160404165
2042,52,GO,Goiás,8361856,0.4327016045247099,80.1329744679044,24.4891703976966,1.44022859927037,24.5931299485651,39.1389447812782,63.7320747298433,159.145846271437,41.0567157578413,41.6414434529917
2043,52,GO,Goiás,8395379,0.4009038184824119,80.2973009797588,24.5789692321108,1.43986872825207,24.5267271297279,40.3817611392177,64.9084882689456,164.643904282983,41.353774618156,42.0048602224628
2044,52,GO,Goiás,8426419,0.36972720350088,80.459346519203,24.6673671369041,1.43983867503039,24.477931687155,41.6239326179573,66.1018643051123,170.046771720504,41.645475260606,42.3583680865852
2045,52,GO,Goiás,8454944,0.338518651873354,80.6190969157309,24.754363557552,1.44010671101292,24.4425826821013,42.857685593719,67.3002682758203,175.340250051001,41.9318000213839,42.7053405307992
2046,52,GO,Goiás,8480887,0.306838223884154,80.7765743684702,24.8400266349862,1.44064402829656,24.4163860117009,44.0736836500668,68.4900696617677,180.508629036851,42.2128407087608,43.0453226250344
2047,52,GO,Goiás,8504198,0.274865117292555,80.9318229176466,24.9244005335988,1.44142449419147,24.3964012707594,45.2655754607141,69.6619767314735,185.542018916404,42.4886356126704,43.3768343595387
2048,52,GO,Goiás,8524915,0.243609097530428,81.0847946422502,25.0074294387176,1.44242442204028,24.3802508149151,46.4251230862845,70.8053739011996,190.421023305811,42.7590557794418,43.7020896052498
2049,52,GO,Goiás,8543021,0.212389214437914,81.2355514295752,25.0891732535577,1.44362235811837,24.3657364886457,47.5527385742816,71.9184750629273,195.162328035686,43.0240954575671,44.0209222886422
2050,52,GO,Goiás,8558477,0.180919606776109,81.3840979418352,25.1696548387557,1.4449988841887,24.3522984029348,48.6594359420235,73.0117343449582,199.814551944548,43.2838819336665,44.3337419617558
2051,52,GO,Goiás,8571243,0.149162053014806,81.5304705028198,25.2489539204879,1.44653643513031,24.3415000269142,49.7630023694685,74.1045023963827,204.436876587087,43.5385806936053,44.6325414287461
2052,52,GO,Goiás,8581327,0.117649213772153,81.6747028893882,25.327124319914,1.44821913095118,24.3358499819607,50.8772674900682,75.2131174720289,209.063038799884,43.7881554915691,44.9172528383048
2053,52,GO,Goiás,8588731,0.0862803619999575,81.8168034978339,25.4041740889175,1.45003262242638,24.3340278370903,52.0033572700336,76.3373851071239,213.706327691338,44.0326282194657,45.1924779346283
2054,52,GO,Goiás,8593405,0.0544201465850991,81.9567914938628,25.4801012078117,1.45196394956145,24.3318504726244,53.1365488163789,77.4683992890034,218.382686825083,44.2723301182709,45.4594872479637
2055,52,GO,Goiás,8595328,0.0223776256326857,82.094685580273,25.5548768435284,1.45400141206398,24.3279208210467,54.2766313744795,78.6045521955262,223.10427501689,44.5074132133177,45.7184409173618
2056,52,GO,Goiás,8594509,-0.0095284321901423,82.2305365617692,25.6284895227384,1.45613445100708,24.323259971946,55.422191706391,79.745451678337,227.856758388119,44.7376984537453,45.9697354209292
2057,52,GO,Goiás,8591041,-0.0403513452600923,82.3643687431643,25.7009269144628,1.45835354088276,24.3189932725233,56.5705808125737,80.8895740850971,232.618925375047,44.9629363891989,46.2362593910637
2058,52,GO,Goiás,8584928,-0.0711555211993509,82.4961997461519,25.7722097566724,1.4606500912678,24.3143839941577,57.72480278746,82.0391867816177,237.41009766618,45.1831551761413,46.504712998825
2059,52,GO,Goiás,8576156,-0.102179074769182,82.6260479023906,25.8423591135822,1.46301635735591,24.3071228729874,58.8827755498908,83.1898984228782,242.244941359668,45.3985368269887,46.7737741295171
2060,52,GO,Goiás,8564760,-0.13288004555887,82.7539093933348,25.9113427732179,1.46544535864683,24.2939275618314,60.0200308511261,84.3139584129575,247.057750124458,45.6089363858415,47.0423861852433
2061,52,GO,Goiás,8550848,-0.162433039571452,82.8798313965627,25.9791454864963,1.46793080512192,24.2745337294877,61.1159748709116,85.3905086003993,251.769922965279,45.8139273438143,47.3293971201723
2062,52,GO,Goiás,8534528,-0.19085826341434,83.0038158924409,26.0457707146748,1.47046703027708,24.2507384547571,62.1683342649342,86.4190727196912,256.35645850916,46.0130581327989,47.6244443715453
2063,52,GO,Goiás,8515843,-0.218934192962983,83.1258757055859,26.1112459938285,1.47304893042515,24.2227847009312,63.1786384846348,87.401423185566,260.823184719162,46.2061882775434,47.9229963309546
2064,52,GO,Goiás,8494839,-0.2466461629224479,83.2460313017614,26.1755879826443,1.47567190972119,24.1917092230675,64.151853683877,88.3435629069445,265.181153974463,46.3933404741396,48.202742413526
2065,52,GO,Goiás,8471590,-0.273683821435577,83.3642914141545,26.2388210730581,1.47833183040388,24.1600579039313,65.0908546638132,89.2509125677445,269.415143467937,46.5742319918693,48.4665233123483
2066,52,GO,Goiás,8446205,-0.29964859017021,83.4807141303735,26.3011363980433,1.4810249677853,24.1322695828181,66.0111089124112,90.1433784952293,273.538751445949,46.7485812859148,48.7264476875293
2067,52,GO,Goiás,8418786,-0.324631002917875,83.5952965119769,26.3624232874571,1.48374796955805,24.093919661538,66.8053569254163,90.8992765869543,277.270605463419,46.9161780570263,48.9904439782506
2068,52,GO,Goiás,8389411,-0.348922041729061,83.7080498588168,26.422667933012,1.48649781902396,24.0579486379503,67.5558796799939,91.6138283179441,280.804821294812,47.0769576076318,49.2475261521063
2069,52,GO,Goiás,8358153,-0.372588731199364,83.8189985041198,26.4819158660484,1.48927180188133,24.0268751598945,68.2641622816462,92.2910374415407,284.115857044916,47.2308941939685,49.4838347133871
2070,52,GO,Goiás,8325116,-0.3952667533126061,83.9281841903136,26.5401874396313,1.4920674762387,24.001104920395,68.9223526925367,92.9234576129316,287.16324903013,47.3780652425744,49.69856877426
2000,53,DF,Distrito Federal,2185722,,74.2590422953485,21.3078321857846,2.15689147301271,47.4191537843548,8.80695544773836,56.2261092320932,18.5725698265077,26.2872487901023,24.1286496547843
2001,53,DF,Distrito Federal,2246785,2.79372216594791,74.4468990654678,21.3698694280986,2.05074879301772,46.3285914615899,8.95440380344973,55.2829952650396,19.3280294542813,26.5520621688324,24.4518205947
2002,53,DF,Distrito Federal,2304285,2.55921238569778,74.8643236586311,21.5836056343148,1.95839587225296,45.2781885267375,9.10955953343683,54.3877480601743,20.1190900737062,26.8348094962212,24.8002725500338
2003,53,DF,Distrito Federal,2358214,2.34037890278329,74.9705955440395,21.6084111541114,1.93348134753591,44.2895555493328,9.28189395414504,53.5714495034778,20.9572975818333,27.1331893543164,25.1753809205087
2004,53,DF,Distrito Federal,2408645,2.13852517201578,75.2680982210225,21.7812840639072,1.885593017344,43.3638286382578,9.4814867460598,52.8453153843176,21.8649668255878,27.4451386567967,25.5731266297417
2005,53,DF,Distrito Federal,2455721,1.954459872667,75.6421238359152,21.8890965376207,1.87115762128779,42.4773265607395,9.71521391802732,52.1925404787669,22.8715286592608,27.7695593269757,25.9865654966949
2006,53,DF,Distrito Federal,2499801,1.79499218355832,76.0410496839134,22.0852205821756,1.82113645082115,41.6139625284645,9.98238310233265,51.5963456307971,23.9880619287446,28.1016428907741,26.4164630308416
2007,53,DF,Distrito Federal,2539867,1.6027675802994,76.1872489296851,22.1666641223735,1.76362385614585,40.6942330131598,10.2801077323715,50.9743407455313,25.2618294318192,28.4511716558387,26.8627283419708
2008,53,DF,Distrito Federal,2576812,1.45460372531319,76.2696012294684,22.2794303302286,1.75338291229116,39.7546063104235,10.6076431842477,50.3622494946713,26.6828027459712,28.8111585168029,27.3209881068006
2009,53,DF,Distrito Federal,2612218,1.37402340566561,76.3554013817784,22.3537116120648,1.73564290021858,38.8317290213219,10.9649842130193,49.7967132343412,28.2371774045874,29.1753107895283,27.7823975274119
2010,53,DF,Distrito Federal,2643977,1.21578673755407,76.4632765166403,22.4863963951842,1.74411777586102,37.9715190731386,11.367913658012,49.3394327311505,29.9380007318532,29.5482335890214,28.2554781518955
2011,53,DF,Distrito Federal,2673022,1.09853451826547,76.7416130595576,22.6403444281308,1.71370591616079,37.1501114861683,11.8151374866041,48.9652489727724,31.8037739698388,29.9292602155912,28.7372000298107
2012,53,DF,Distrito Federal,2702947,1.11951940537713,77.0064237197616,22.8776524611143,1.71512101400538,36.3189284822841,12.2862555927335,48.6051840750177,33.8287942573157,30.3123324282718,29.2171201496026
2013,53,DF,Distrito Federal,2733626,1.13502040550555,77.1665435157275,22.9760548683997,1.75637108159202,35.5316941794085,12.7813531863455,48.313047365754,35.971696485423,30.6896239646535,29.690024358466
2014,53,DF,Distrito Federal,2764386,1.12524537006891,77.4813021826466,23.0685625176198,1.76497823228431,34.799095053168,13.2960004371517,48.0950954903197,38.2078913742938,31.060427161764,30.1574028436019
2015,53,DF,Distrito Federal,2794821,1.10096780985001,77.6129148512373,23.085106708912,1.82531653739178,34.1647514853687,13.8330985691742,47.997850054543,40.489387359069,31.4228356663987,30.6165237948797
2016,53,DF,Distrito Federal,2823570,1.02865264000807,78.1480889507503,23.3359200707072,1.73317857291505,33.5755379773039,14.3974371202505,47.9729750975544,42.8807339735936,31.7934044489777,31.0837645786669
2017,53,DF,Distrito Federal,2850314,0.947169717768648,78.5573391157558,23.6321178212533,1.77760610786025,33.015302951072,14.9985953210951,48.0138982721671,45.4292221498699,32.1782659735033,31.5606206611733
2018,53,DF,Distrito Federal,2875413,0.8805696495193251,78.8390273546657,23.7135463334228,1.76434528701872,32.5259825819181,15.6432946671359,48.169277249054,48.0947643249135,32.5674284007202,32.0465072621282
2019,53,DF,Distrito Federal,2899708,0.844922103363932,79.0624810869805,23.6983979533662,1.70419381938837,32.0232378374037,16.3189227432967,48.3421605807004,50.9596275871764,32.9647592102377,32.5309329299042
2020,53,DF,Distrito Federal,2921417,0.748661589373834,76.686469073099,21.7824734711956,1.59250274660703,31.4546338583537,16.9731755410034,48.4278093993571,53.9608110443658,33.3614773241889,33.0087486851687
2021,53,DF,Distrito Federal,2938025,0.568491249280734,74.9516166957002,20.9022319112698,1.55047073678375,30.8266168243184,17.5903413611508,48.4169581854691,57.0621857773058,33.7493955973826,33.4643079154579
2022,53,DF,Distrito Federal,2952426,0.490159205588792,78.7814072540497,23.6298511825653,1.47778931598302,30.2142751142557,18.3081849119533,48.522460026209,60.5944866879003,34.1708249419291,33.9536527886881
2023,53,DF,Distrito Federal,2967543,0.512019606926639,79.5950667762747,24.2850351448387,1.47402965008054,29.5960162553944,19.1599407892197,48.7559570446141,64.7382425522473,34.6334253623284,34.4758289498903
2024,53,DF,Distrito Federal,2982818,0.514735591025972,79.7497011538369,24.3772840631246,1.44415192538687,28.983585259213,20.0641599000625,49.0477451592755,69.2259419275422,35.0993895705336,34.9974008533865
2025,53,DF,Distrito Federal,2996899,0.4720703710384019,79.8932832821468,24.4580083241347,1.42677725987798,28.3671693388571,21.0039753900627,49.3711447289199,74.0432545072152,35.5669073265399,35.5129693943998
2026,53,DF,Distrito Federal,3009996,0.437018398017419,80.0299834329335,24.5317980977546,1.41410822218589,27.7576429857636,21.9680750519813,49.7257180377449,79.1424367812796,36.0328472197305,36.0267760038283
2027,53,DF,Distrito Federal,3022201,0.405482266421608,80.1645125193913,24.6038984947106,1.40509270529853,27.1691833896285,22.950079475462,50.1192628650904,84.4709947529115,36.4955669725475,36.5355549236625
2028,53,DF,Distrito Federal,3033601,0.377208531133433,80.2988282650806,24.6764627335863,1.39889633386804,26.5517877730176,23.9390833632635,50.4908711362811,90.1599680138706,36.9541511886369,37.0398864458426
2029,53,DF,Distrito Federal,3044254,0.35116681462064,80.4340368718218,24.7507247052469,1.39486450537795,25.90450009142,24.9386198015122,50.8431198929321,96.2713803142347,37.4075694735065,37.5408968668693
2030,53,DF,Distrito Federal,3054218,0.327305146022638,80.5695383835306,24.8260534313678,1.392487955475,25.2156753273365,25.9534507557422,51.1691260830787,102.925860278689,37.854957308221,38.0358121287834
2031,53,DF,Distrito Federal,3063518,0.304496928510023,80.7040234767055,24.9010946140516,1.39137310602571,24.5731468062272,27.0102933630742,51.5834401693014,109.917926165767,38.2958928264825,38.5279711884754
2032,53,DF,Distrito Federal,3072159,0.282061342548001,80.8365305993061,24.9748116610277,1.39121739274435,24.0009348788545,28.1228197095042,52.1237545883587,117.173851149779,38.7302382461324,39.0154386502396
2033,53,DF,Distrito Federal,3080129,0.25942667680936,80.9666918767289,25.0467682945325,1.3917892188914,23.43329357135,29.2749833664022,52.7082769377522,124.929017243203,39.1577969623999,39.4999890796313
2034,53,DF,Distrito Federal,3087432,0.237100459104145,81.0937486375078,25.1161129739943,1.39291194340198,22.9361386003314,30.4838737729234,53.4200123732549,132.90761057959,39.5783171904677,39.9794281729428
2035,53,DF,Distrito Federal,3094049,0.2143205097310699,81.2176938304442,25.1828736980009,1.39445125101351,22.5887119307069,31.786462699078,54.3751746297849,140.718349928876,39.9914697537111,40.4559250923235
2036,53,DF,Distrito Federal,3099934,0.190203839693548,81.3394697099766,25.2481393300717,1.39630528327208,22.3775135794898,33.2005036820078,55.5780172614976,148.365472169517,40.397203940471,40.9272743146499
2037,53,DF,Distrito Federal,3105046,0.164906736724069,81.4600394999766,25.3129556527889,1.39839698189559,22.2735009197804,34.7336682095785,57.0071691293589,155.941665096449,40.7956175206422,41.3951676442266
2038,53,DF,Distrito Federal,3109385,0.139740280820311,81.5790723994713,25.3769842321187,1.40066818135227,22.2487237596515,36.3889974459887,58.6377212056402,163.555437332459,41.186944685203,41.8582795228193
2039,53,DF,Distrito Federal,3112919,0.113655915880462,81.6963602772316,25.4399668482073,1.40307507086653,22.2685964148323,38.150214249457,60.4188106642893,171.318450156322,41.5710473031903,42.3171526360824
2040,53,DF,Distrito Federal,3115617,0.0866710633974144,81.8116642344933,25.5016339960595,1.40558472059758,22.3392870168711,39.9949980721737,62.3342850890447,179.034353432894,41.9480764163246,42.7719707421764
2041,53,DF,Distrito Federal,3117386,0.0567784807953053,81.9249914294905,25.5619228958534,1.40817243011175,22.4379182771396,41.8757053094085,64.3136235865481,186.629190784034,42.3185531082773,43.2232852064774
2042,53,DF,Distrito Federal,3118159,0.0247964159715952,82.0367046214719,25.6212065807523,1.41081970946523,22.5484763361026,43.7544900311309,66.3029663672335,194.046326585159,42.683122316726,43.6717487905786
2043,53,DF,Distrito Federal,3117914,-0.0078572003544441,82.1469803638908,25.6796753467696,1.4135127452876,22.662597183205,45.6172364753092,68.2798336585142,201.28865242822,43.0417776115698,44.1169144410823
2044,53,DF,Distrito Federal,3116662,-0.040155052384383,82.2558363158364,25.7373346094732,1.41624123766262,22.774554539486,47.4602387369033,70.2347932763893,208.391512793885,43.394426472938,44.5563926337122
2045,53,DF,Distrito Federal,3114389,-0.0729305904843103,82.3632443623281,25.7941199664863,1.41899751984143,22.877000127681,49.2650606871446,72.1420608148256,215.347556113943,43.7410413406932,44.9910338375175
2046,53,DF,Distrito Federal,3111067,-0.106666187171867,82.4693638382292,25.8501716595489,1.42177589326712,22.9626299245799,51.0101781127796,73.9728080373595,222.14432005533,44.0816324431457,45.4158911874317
2047,53,DF,Distrito Federal,3106713,-0.139951984319209,82.5741357102253,25.9053718274144,1.42457212622348,23.0277349507436,52.6819841026552,75.7097190533987,228.776230989901,44.4163931460679,45.8346996386631
2048,53,DF,Distrito Federal,3101324,-0.173463078179414,82.6774809357346,25.9595813714912,1.42738307662952,23.0683726523114,54.2615047964407,77.3298774487521,235.220340915569,44.7451810903988,46.2447215370341
2049,53,DF,Distrito Federal,3094891,-0.207427537400151,82.7793103177119,26.012693065807,1.43020640888089,23.0836924986407,55.7463078538315,78.8300003524722,241.496493063726,45.067856347768,46.6470298954688
2050,53,DF,Distrito Federal,3087388,-0.2424318013138469,82.8796105983794,26.0647170582417,1.43304038182664,23.0758812571549,57.159136218249,80.235017475404,247.700772860088,45.3843365330176,47.0425014900738
2051,53,DF,Distrito Federal,3078816,-0.277645699212403,82.978481452055,26.1157819153641,1.43588369046503,23.0511527611237,58.5415915883148,81.5927443494386,253.963835106097,45.6945062647459,47.4293875474142
2052,53,DF,Distrito Federal,3069173,-0.31320481639695,83.0761020439212,26.1660968270832,1.43873534813616,23.0166975726439,59.9260044740649,82.9427020467089,260.358829866578,45.9979994610926,47.8098463475483
2053,53,DF,Distrito Federal,3058470,-0.348725861983012,83.1722887357408,26.2154917917745,1.44159459918577,22.9743238707679,61.320039022462,84.2943628932299,266.906827671584,46.2945685260931,48.182606460057
2054,53,DF,Distrito Federal,3046699,-0.384865635432097,83.2672009028651,26.2641497986527,1.44446085450756,22.9228892552879,62.7158331901452,85.6387224454332,273.594800776162,46.5843974084739,48.5515367535351
2055,53,DF,Distrito Federal,3033867,-0.421177149432883,83.360899423359,26.3121226850764,1.44733364422174,22.8648538378241,64.1169100186312,86.9817638564553,280.416881181047,46.8672084175081,48.9141193073096
2056,53,DF,Distrito Federal,3020003,-0.456974547664746,83.4534044348699,26.3594133303091,1.45021258315232,22.8022563920924,65.5216129486874,88.3238693407798,287.347058212229,47.1427432356855,49.2600474797372
2057,53,DF,Distrito Federal,3005159,-0.491522690540369,83.5448066339927,26.4061271362345,1.45309734583237,22.7386216324362,66.9266510734928,89.665272705929,294.330290355082,47.4103739602464,49.5954570893253
2058,53,DF,Distrito Federal,2989362,-0.525662702040064,83.6350358686103,26.4521970452068,1.45598764857467,22.6765480946429,68.3423687311336,91.0189168257766,301.379065481658,47.6698248656402,49.921600353019
2059,53,DF,Distrito Federal,2972623,-0.55995225737131,83.7240195834018,26.4975618150076,1.45888323675731,22.6179057530629,69.7736701421924,92.3915758952553,308.488641273711,47.920966769079,50.2391870958224
2060,53,DF,Distrito Federal,2954991,-0.593146187727134,83.8117339900075,26.542223002764,1.46178387593723,22.5614253876522,71.1903080563593,93.7517334440115,315.539939667649,48.1633284162287,50.548956243964
2061,53,DF,Distrito Federal,2936530,-0.624739635416827,83.8983048529517,26.5863296019246,1.46468934575417,22.5075861849063,72.5629879205616,95.0705741054679,322.393469137187,48.3960524837138,50.8504121908569
2062,53,DF,Distrito Federal,2917294,-0.655058861990176,83.9837364591207,26.6298773632029,1.46759943585214,22.4592909073043,73.8875585043876,96.3468494116919,328.984378043554,48.6183908786704,51.1419797959542
2063,53,DF,Distrito Federal,2897313,-0.684915541594366,84.0680769388232,26.6729079052209,1.4705139432438,22.4201096348551,75.1703923149213,97.5905019497764,335.281109411074,48.8296659698141,51.4204447268107
2064,53,DF,Distrito Federal,2876631,-0.713833817747689,84.1512831108568,26.7153428957934,1.47343267069354,22.3926624171422,76.4197698953699,98.8124323125121,341.271477557168,49.029564097724,51.6933880126183
2065,53,DF,Distrito Federal,2855286,-0.742013834933986,84.2333316460891,26.7571380004326,1.47635542580667,22.3807615679703,77.6426363735712,100.023397941542,346.916864905471,49.2177105901125,51.9639918981771
2066,53,DF,Distrito Federal,2833335,-0.768784633133068,84.3142134901583,26.7983352420781,1.47928202059682,22.3919699369899,78.8806643413771,101.272634278367,352.27210720336,49.3938016507049,52.2365641308711
2067,53,DF,Distrito Federal,2810837,-0.794046591737296,84.3939591725026,26.8389081522492,1.48221227136603,22.4132715893787,80.0193009873751,102.432572576754,357.017495943319,49.5575410456031,52.5118177327735
2068,53,DF,Distrito Federal,2787832,-0.818439489732059,84.4726350058158,26.8789134002623,1.4851459987791,22.4500420195371,81.1006271169487,103.550669136486,361.249333281297,49.7089767245659,52.7824361325328
2069,53,DF,Distrito Federal,2764372,-0.841514122802234,84.5502808066056,26.9183971508197,1.4880830280482,22.5097715178856,82.1661931765596,104.675964694445,365.024554386403,49.8482501631474,53.0403538841559
2070,53,DF,Distrito Federal,2740519,-0.862872290704719,84.6269454989485,26.9573861896042,1.49102318916932,22.5926660238097,83.2206080705581,105.813274094368,368.352313900689,49.9758137053602,53.2773095121131
